review_id,written_at,rating,likes,reviewer,reviewer_id,body,book_id,title,author,translator,publisher,published_year,pages,category,subcategory,cover_url,book_url,review_url,description,subtitle,english_title,second_author,editor,isbn,danacode,series,series_number,language,format,avg_rating,rating_count,simania_review_count,view_count,owners_count,currently_reading,book_fetched
137935,2026-10-07T18:19:37.000Z,5,1,ליליאן די,325886,"כשניגשים ליומן שבי, הנטייה הטבעית היא לצפות לכרוניקה עובדתית מוכרת שכבר נטחנה עד דק בדיווחים ובמהדורות. אלא ש""מפגש עם עצמי בגיהינום"" של עומר שם טוב מתנער לחלוטין מכללי הטקס של הז'אנר. זהו אינו ספר על שוביו, וגם לא עוד מסמך קר ויבש של הישרדות פיזית; זהו בראש ובראשונה מסע תודעתי צלול, חשוף ונטול פילטרים אל תוך נבכי הנפש של בחור צעיר, שנזרק למעמקי האופל ונאלץ לפגוש שם את האדם היחיד שלא יכול היה לברוח ממנו – את עצמו.
הספר נכתב כולו על ידי עומר בעצמו, ללא תיווך מתייפייף של סופר צללים, והאותנטיות הזו מכה בקורא מהרגע הראשון. הכניסה לסגנון דורשת התכווננות מסוימת: מקצב המשפטים קצר וקצוץ, שלוש או ארבע מילים בכל פעם, כמו הד של קוצר נשימה ומחנק בתוך תא בטון זעיר. אך ברגע שמתמסרים לזרם התודעה הזה, מתגלה כתיבה חיה וכנה באופן מכאיב, זיכרון פנומנלי לפרטי פרטים, והומור שחור מושחז שמפציע דווקא בתהומות האפלים ביותר. הפאנצ'ים שנוחתים בסופי הפסקאות – מהשוואת התעללות סדיסטית ל""ניסוי דחיסה במכון ויצמן"", דרך המחשבה על ""לינוק מעז"" בעיצומו של התקף קוצר נשימה, ועד להיחלצות זמנית מתא חנוק ""כמו חתן שמרימים אותו בסוף חתונה"" – אינם רק אתנחתא קומית שנונה, אלא נשק הישרדותי מבריק של נפש בריאה שמסרבת להיכנע.
לצד האירוניה המפוכחת, פועם בטקסט עומק רוחני ופסיכולוגי נדיר. הקשר של עומר עם הקב""ה מתקלף מכל מעטפת של טקסים חיצוניים והופך לדיאלוג אינטימי, טהור ומלא חמלה. בתוך החושך המוחלט, הוא לא מתחנן להצלה אישית אלא שואל לשלומו של אלוקים מתוך דאגה של בן לאב, שומר שבת בעצם ההחלטה שלא להדליק את הפנס, ועושה קידוש מתוך שפע פנימי. השירים של אביתר בנאי ושולי רנד הופכים לסידור התפילה שלו. ומעל לכל אלה זוהרת התובנה המטלטלת ביותר בספר: ההבנה שהמנהרות הן למעשה בית ספר של הנפש, שיעור עמוק שזימן לו הקב""ה כדי להבין שלא הכל סובב סביבו ולבטל לחלוטין את האגו. ברגע שעומר מבין שהאגו הוא נקודת התורפה שדרכה רודפיו יכולים לשבור אותו, הוא מפרק אותו ביוזמתו; הוא מביט בכעס מבחוץ כמו באורח זר, מתמסר להשגחה, ומשתמש בכישרון המשחק שלו כדי ללבוש תפקיד מחושב שמגן על הנשמה הפנימית הבלתי חדירה.
ההחלטה של עומר לסיים את הספר ברגע השיא של אותה ""הצגת יחיד"", במחווה תיאטרלית מבריקה שמורידה את המסך בפני רודפיו ומותירה אותם המומים ומובסים, היא סגירת מעגל נפשית וספרותית מושלמת. היעדר התיעוד הלוגיסטי של מהלך השחרור עצמו אינו גורע במאומה – להפך, הוא מדגיש כי הניצחון האמיתי, הניצחון על התודעה והחירות הפנימית, הוכרע עוד בטרם יצא לאור העולם. ""מפגש עם עצמי בגיהינום"" הוא יצירה אנושית מעוררת השתאות, מסמך בעל עוצמות נפש פנומנליות, ומורה דרך עמוק על היכולת של אמונה וכנות עצמית להתעלות מעל הרוע המוחלט.",1028445,מפגש עם עצמי בגיהנום (בגיהינום),עומר שם טוב,,סלע מאיר,2026,252,ספרות,סיפורי חיים,https://cdn.simania.co.il/bookimages/covers102/1028445.jpg?v=1786930193494,https://simania.co.il/bookdetails.php?item_id=1028445,https://simania.co.il/showReview.php?reviewId=137935,"""הגוף נעשה קל. הישות שלי, האגו, הצרכים שלי והרגשות שלי מונחים כאן לידי, לא בי. הרעב, הלכלוך, הנה הם מתמוססים לתוך החושך. עד עכשיו לא ידעתי שהאגו הוא שמכביד על הגוף, אבל עכשיו, כשהגוף מוציא מתוך עצמו את הכעס, את השנאה, את כל מה שיושב עליו, פתאום קל לו. אני מבין שזה מה שהיה כל המשקל הזה. אף פעם לא הרגשתי חופשי כל כך.""

במהלך השבי התגלגלתי לתא קטנטן שבו שהיתי חמישים יום. לא יכולתי לעמוד, לא שמעתי דבר, הייתי בחשכה מוחלטת, בבדידות ובהרעבה קיצונית. בתוך החושך התגלגל אליי יום אחד פנס. פנס קטן, באיכות נמוכה, כזה שקונים בחנות של הכל בדולר. בכל יום הייתי מדליק את האור הקטן לרגע קצר, לבדוק שהעין עוד רואה. כשיצאתי, הבנתי שאני צריך לכתוב את הספר הזה. ספר שיהיה פנס. לא תמיד תהיה לנו את הזכות לבחור את הדרך שנלך בה. החיים יזמנו לנו חוויות שונות וקשות, אבל יש הרבה דרכים להגיע אל האור. זו הדרך שלי.

עומר שם טוב נולד ב-2002 וגדל בהרצליה. ב-7 באוקטובר 2023 השתתף בפסטיבל נובה, ממנו נחטף לעזה. במשך 505 ימים היה בשבי חמאס, עד ששוחרר בפברואר 2025.",,,,,,,,,he,Paperback,4.7,3,2,56,2,0,1
137934,2026-10-07T12:29:30.000Z,4,5,לי יניני,94544,"שבע גופות נמצאות על יאכטה סמוך לאי מבודד — וישראל פיק הוא שמגלה אותן.
ישראל פיק חוזר לבית אביו שבאי ""נקודת הגאולה"", מול חופי מיין, לאחר שריצה עונש מאסר בגין הריגת אביו.
ישראל אמנם יצא מן הכלא, אך הכלא לא יצא מתוכו. ריח האלכוהול, ערפל הסמים וזיכרון הדם הוסיפו להיצמד אליו כצל שאינו מתפוגג, מזכירים לו שוב ושוב שאין שחרור אמיתי מן העבר. הוא שב אל המצלמה ונאחז בה כאילו העדשה תוכל להרחיק ממנו את מה שהיה — אך בכל תמונה נדמה היה שהעבר מביט בו בחזרה. וכאשר נחשף מבעד לעדשה דבר־מה אפל, לא היה ברור אם נקלע לסכנה חדשה, או שהעבר פשוט מצא סוף־סוף את דרכו אליו.
באחד הימים הוא חוצה את התעלה בסירת המשוטים הקטנה שלו ונתקל ביאכטה גדולה ונטולת קברניט. היא מעוררת את חשדו, וכשאיש אינו משיב לקריאותיו הוא עולה אל סיפונה. דלת פתוחה מובילה אותו אל הסלון, ושם, לצד שולחן האוכל, מוטלת גופתו של גבר שנורה בראשו מטווח קצר. כמה צעדים נוספים חושפים גופות נוספות - שבע בסך הכול. מי רצח אותם? וכיצד הגיע מוות רב כל כך אל אי קטן ומבודד?
הצליל הראשון שקורע את הדממה הוא צפירתה של סירת משמר החופים. החשוד המיידי הוא ישראל פיק. אך האם הוא באמת רצח את האנשים שעל היאכטה? בין שבעת ההרוגים נמצאים שני מועמדים בולטים שהתמודדו על מושב בסנאט, ואחד מהם היה האיש ששלח את ישראל לכלא. אם לא די בכך, סגן השריף של האי הוא אחיו של האב שישראל הרג — והוא אינו ממהר להעניק לו את חזקת החפות.
במקביל אנו פוגשים את לימן רנקין, ילד בן שתים־עשרה שנמלט מאביו האלים, קורי רנקין, ומסתתר בבית נטוש באי. אלא שלהפתעתו הוא אינו לבד: בבית מחכה אישה צרפתייה מסתורית המכונה גרזן, ובידה גרזן של ממש. היא מאיימת עליו שאם יפתח את פיו, היא תהרוג אותו. מאין הגיעה? ומה היא עושה באי? בהמשך מתברר שהיא עתידה להפוך לחלק מרכזי בפאזל שמרכיב את העלילה.
העלילה מותחת וקצבית, ובמרכזה גיבור פגום הנושא עמו מטען כבד. כתיבתו של מייקל קוריטה הדוקה, והוא שוזר את תעלומת הרצח בשאלות של אשמה, צדק והישרדות. ככל שהסיפור מתקדם, נחשפת רשת סבוכה של פשעים, סודות וקשרים אפלים. קוריטה אינו נרתע מעיסוק באלימות במשפחה, בהתעללות ובסחר בבני אדם. חשוב לדעת שזהו מותחן קשוח, רווי מראות קשים ואווירה קודרת.
למרות שישראל פיק הוא גיבור פגום, קשה שלא לחוש כלפיו אהדה. את לימן אהבתי במיוחד; הוא עורר בי חמלה עמוקה. בתוך מציאות אכזרית הוא שומר על לב טוב, מגלה אומץ אמיתי ונאחז בתקווה לעתיד טוב יותר.
המותחן של מייקל קוריטה גדוש סודות וסכנות האורבות מכל עבר. העלילה נעה לסירוגין בין ישראל ללימן, בפרקים ובתתי־פרקים קצרים השומרים על תנופה. הדמויות מעוררות רגש, והסיפור הולך ומהדק את אחיזתו בקורא.
לדעתי, המותחן יתאים לקוראים שאינם נרתעים מתכנים קשים ומתיאורים עזים.
בשורה התחתונה: *מותחן קשוח וקודר, שבמרכזו תעלומה מטרידה שאינה מרפה*.
לי יניני",1027789,אדם ישר,מייקל קוריטה,מעין זיגדון,סלע ספרים,2026,352,ספרות,מתח ריגול והרפתקאות,https://cdn.simania.co.il/bookimages/covers102/1027789.jpg?v=1781630915186,https://simania.co.il/bookdetails.php?item_id=1027789,https://simania.co.il/showReview.php?reviewId=137934,"""ספר חדש של מייקל קוריטה הוא חובת קריאה אוטומטית בשבילי, והספר הזה הוא כנראה המותחן הכי טוב שתקראו השנה"" (לי צ'יילד)

""אדם ישר הוא הספר הכי טוב של מייקל קוריטה עד כה. הוא תפס אותי מהמילה הראשונה ועד האחרונה"" (סטיבן קינג)

חמישה דברים שצריך לדעת על ישראל פייק, לפני שנסחפים לתוך ספרו החדש של מייקל קוריטה:

הוא היה אלכוהוליסט ומכור לסמים.

הוא חזר לאי נקודת הגאולה אחרי שריצה חמש-עשרה שנות מאסר בגין הריגת אביו, ויש לו מספיק סיבות טובות לחזור למקום שהוא מאוד לא אוהב.

הוא צלם חובב, והתחביב הזה עלול לסבך אותו יותר משדמיין.

הוא מוצא שבע גופות על סיפונה של יאכטה, שבעה גברים שכולם נורו למוות בדם קר. שניים מהם היו אנשים חשובים מאוד שהתמודדו זה מול זה על מושב בסנאט.

הוא החשוד המיידי ברצח, וסגן השריף של האי – שהוא גם אחיו של האב שישראל הרג – אינו מסתיר לרגע את רצונו לראות את אחיינו חוזר לכלא. 

זאת רק ההתחלה של המותחן הווירטואוזי של מייקל קוריטה ומכאן הדברים הולכים ומסתבכים בקצב מסחרר, כי בצד אחר של האי לימן רנקין בן ה-12, שנמלט מאימת אביו האלכוהוליסט והאלים, מוצא מחסה בבית נטוש ומגלה שהוא לא לבד. את פניו מקדמת אישה מסתורית עם גרזן בידה, והבטחה שאם ישמיע קול - היא תהרוג אותו.

רק אדם ישר יוכל להציל את המצב - ואת עצמו – אבל השעון מתקתק והזמן נגדו.

אדם ישר הוא ספרו החמישי של מייקל קוריטה שרואה אור בעברית בסלע ספרים. קדמו לו רבי המכר הנביא, עד במנוסה, מילים אחרונות ואיך זה קרה?",,An Honest Man / Michael Koryta,,,,,,,he,Paperback,4.5,2,2,74,1,0,1
137933,2026-10-07T10:45:29.000Z,0,2,saigateau,338098,ספר קצר ומעולה שקראתי כבר מספר פעמים בהזדמנויות שונות . קצר וכמעט נכנס לכיס .,408416,הזקן והים (2000),ארנסט המינגוויי,אברהם יבין,עם עובד,2000,120,ספרות,ספרות קלאסית,https://cdn.simania.co.il/bookimages/covers40/408416.jpg,https://simania.co.il/bookdetails.php?item_id=408416,https://simania.co.il/showReview.php?reviewId=137933,"דייג זקן, שהוא התגלמות האנושי שבאדם, ודג ענק, המגלם את 
החייתי שבעולם החי, באים לידי עימות גורלי ומחוללים דרמה 
עזה ורבת-הוד. סיפור מופת המעניק לקורא חוויה לא-נשכחת.

הטובה והידועה ביצירותיו של ארנסט המינגווי, חתן פרס נובל.
בתרגום חדש.",,The Old Man and the Sea,,,,32-11182,,,he,Paperback,4.1,31,6,4011,68,0,1
137932,2026-10-07T07:18:43.000Z,4,5,roeilamar,278705,"שני סיפורים די מעניינים של יוזף רות. 
הסיפור הראשון עוסק בהומלס אלכוהוליסט שמקבל מזר מסתורי 200 פרנק, ובהיותו, במילותיו ""אדם הגון ואיש של כבוד"" הוא מתעקש להחזיר את הכסף, והזר אומר לו להביא אותו לכנסייה של הקדושה תרזה. מכאן מתחיל מסע של הגיבור שלנו ברחובות פריז, בין ברים, נשים, חברים ונסיונות חוזרים ונשנים למלא את המילה שלו ולהחזיר את הכסף לקדושה תרז.
זה סיפור מצחיק ודי מרגש, עם דמות הגיבור כאדם באמת טוב, אבל כזה שנשחק עד דק וחצי נכנע - חצי אימץ את המצב שלו.
מאוד הזכיר לי את הסרט ""barfly"" שנכתב ע""י צ'ארלס בוקובסקי ומבוסס על חייו - גם באלמנט האוטוביוגרפי (רות עצמו היה אלכוהוליסט עני שנפטר בפריז מעט לאחר כתיבת הנובלה הזו, ובוקובסקי היה, ובכן, בוקובסקי..), גם במסקנה העלילתית, וגם בתיאורי הגיבור שמקבל הזדמנויות שונות, חיי הזוהמה והשכרות..
בקיצור, הנובלה הקצרה הזו היא סיפור נוגע ללב ודי מחוספס. אם לעשות עוד הקבלה - אז זה מרגיש קצת כמו שיר של טום וייטס מתוח לאורך של נובלה. ואני מאוד אוהב את טום וייטס.

הסיפור השני, ""מנהל התחנה פלמראייר"", הוא מעניין כי הוא בגדול עוסק באותה התבנית הרעיונית של הסיפור הראשון, אבל בנסיבות קצת אחרות.
בשני המקרים יש לנו גיבורים שמנהלים שגרה קבועה של מעין אנשים שהפסידו בחיים אבל השלימו עם זה, מקבלים פתאום זיק שכזה של תקווה והזדמנות, והמאבק שלהם מול התשוקה שלהם להזדמנות הזו מצד אחד, אבל מצד שני תבנית האופי והזהות שלהם, עד לאנטי קליימקס.
בסיפור הראשון זה היה נוגע ללב בגלל הדמות הראשית הסימפטית יחסית והעושר התיאורי שהתלווה לה. כמו כן, האנטי קליימקס נעשה באופן שבכל זאת סיפק אותי באופן מסוים.
עם ""פלמראייר"" יש לנו מנהל תחנת רכבת שפוגש במקרה, בתאונת רכבת נוראית, ברוזנת רוסית, ומתאהב בה מיידית. משם החיים שלו די מוגדרים לאור התשוקה אליה.
משהו בפלמראייר היה לי יותר קשה לפיענוח וקליטה מאשר ""השתיין הקדוש"" מהסיפור הקודם. אולי זה כי פלמראייר, כפקיד של אימפריה שנכחדה שחי במעמד הבורגני של עולם עם אצולה, הוא רחוק ממני יותר מאשר הדמות של האלכוהוליסט הלוזר בשולי החברה, שקיימת עד היום ושכפי שכבר הבנתם, צרכתי לא מעט יצירות אמנות קודמות על הארכיטיפ הזה.
בנוסף, זו נובלה יותר צנומה ומהירה, שגם מכסה פרק זמן יותר גדול, והכי חשוב - האנטי קליימקס שלה לא בא באופן מובן ומספק חלקית, אלא באופן ממש פתאומי ומקומם. אני פשוט הסתכלתי על הדף דקה אחרי שקראתי את סוף הסיפור והייתי כזה ""זהו זה?"".. 
מבחינה ספרותית, ""פלמראייר"" די מתסכל. בעיקר כשאני מבין מה הוא רוצה לעשות שם, אבל הוא עשה את זה יותר טוב בנובלה שקדמה לו.
חוץ מזה, דמות הרוזנת בפלמראייר למען האמת עניינה אותי יותר מאשר פלמראייר עצמו. אנחנו לא מקבלים דברים מהפרספקטיבה שלה, ושוב ושוב בסיפור הייתי סקרן בנוגע לאיך הרוזנת רואה את הדברים או חווה אותם. היא הייתה שם בעמדה יותר טרגית ומורכבת.
יש משהו נלעג בפלמראייר. זה מכוון, אבל קשה לבלות עם גיבור נלעג.

לא יודע, אולי בקריאה שנייה אני יותר אתחבר ל""פלמראייר"", אבל בכל מקרה הכישורים הספרותיים של יוזף רות נהדרים, הרעיונות שלו מעניינים, ונהניתי מהקריאה הזו. לשמחתי תורגמו עוד לא מעט ספרים שלו לעברית, כולל מספר סיפורים קצרים ונובלות ע""י ""תשע נשמות"" בשנים האחרונות, אז אני מניח ומקווה שאחזור לרות בקרוב.",961414,אגדת השתיין הקדוש,יוזף רות (רוט),אהוד אלכסנדר אבנר,סמטאות,2012,144,ספרות,ספרות מתורגמת,https://cdn.simania.co.il/bookimages/covers96/961414.jpg,https://simania.co.il/bookdetails.php?item_id=961414,https://simania.co.il/showReview.php?reviewId=137932,"אַנדרֵאַס, קלושָר הישן על גדות נהר הסֶן, הוא שתיין – וקדוש לא-שגרתי. ערב אחד נעשה לו נס, ראשון בשורה של נסים – וכאן מתחילה הרפתקה פרועה ורווּית אלכוהול במסבאותיה של פריז, במלונותיה, בכנסיותיה, בבתי הקולנוע ובבתי הבושת שלה. אגדת השתיין הקדוש, שאת כתיבתה השלים יוֹזֶף רוֹת שבועות אחדים לפני מותו, היא הנובלה המפורסמת ביותר שלו ומפסגות יצירתו – ""הצוואה שלי"", כך כינה אותה. רוֹת, האלכוהוליסט הגולה בפריז, חותם את האגדה הקסומה הזו – ובתוך כך את מכלול יצירתו – בנימה אישית מאוד.

הנובלה השנייה, מנהל התחנה פַלמֶראייר, היא סיפורו הלא-רגיל של איש רגיל שברגילים: פקיד אוסטרי אפרורי, מנהל תחנת רכבת נידחת, המתאהב ברוזנת רוסייה שמזדמנת לביתו לימים אחדים. עם פרוץ מלחמת העולם הראשונה הוא נסחף הרחק-הרחק מאשתו ומבנותיו למסע חובק יבשות בעקבות הרוזנת, נתינה של מדינת אויב.

יוֹזֶף רוֹת במיטבו: בהומור המושחז ובחמלה האופייניים לו הוא מגולל שתי אודיסיאות נוגות, מפתיעות בעכשוויוּת שלהן – סיפוריהם של אנשים פשוטים שהגורל מזמן להם הרפתקאות מיוחדות במינן.",,,,,,,נודדים,4,he,Paperback,4.1,16,4,2225,24,0,1
137931,2026-10-07T06:51:50.000Z,0,4,ליאור,78791,"את הביקורת הזו אני כותב היום, 7 באוקטובר, ואולי, רק אולי, ניתן למתוח מהספר הזה כמה קווים אל אותו יום קשה, אך בל נקדים את המאוחר.
כי הספר הזה, למרות שהוא מתאר מהלך שנמשך שנים רבות, שייך דווקא ליום קשה אחר - 6 באוקטובר. 
עולם כלי-הטיס הבלתי מאויישים בישראל בכלל, ומערכת ""זיק"" (הרמס-450) בפרט, כל כולו הוא תולדה של מלחמת יום הכיפורים.
העובדה של ההפתעה המודיעינית המרה, בצירוף המראות של ארמיות שריון מצריות ודיביזיות שריון הסוריות השוטפות את מערכי ההגנה של צה""ל בגזרות השונות, חברו להן יחד כדי ליצור את הצורך המבצעי בכלים ובמערך אשר יוכלו לענות על כל הפערים המבצעיים אשר נתגלו באותו יום מר ונמהר.
""זיק"",  המייצג נאמנה של מערך הכלים האוויריים הבלתי מאויישים של צה""ל, בא לענות בדיוק על אותם אתגרים שנותרו חסרי מענה, או קיבלו מענה חלקי עם פתיחת מלחמת יום הכיפורים.
היכולת להציב כלי איסוף מודיעין בשמי החזית, בשמי האויב ובשמי כל נקודה אחרת, היא יכולת שנעדרה מהארסנל הצה""לי בפרוץ המלחמה. הדוגמה הטובה ביותר היא גיחת הצילום בבוקר תחילת המלחמה שנועדה לצלם את סוללות הטילים הסוריות בגזרת הגולן. תוצרי אותה גיחה שימשו כבסיס המודיעיני למבצע ""דוגמן-5"" הרה האסון, במסגרתו ניסה ונכשל מערך ""קורנס"" (פאנטום) של חיל-האוויר, בייחוד טייסת ""האחת"" (201) להשמיד את אותו מערך טילים סורי, אך מכיוון שרוב הסוללות בקו המגע הסורי היו סוללות ניידות מדגם SA-6,  הרי שבעת המראת המטוסים להשמדתן, נעו כבר רובן ככולן עם הכוחות הסוריים המתקדמים לתוך רמת הגולן והפכו את צילומי האוויר לבלתי-רלוונטיים - התוצאה הייתה הרת אסון.
כך שבראש ובראשונה, הביא עימו ""זיק"" את היכולת לאיסוף מודיעין רציף ולכן רלוונטי כל העת לשדה הקרב הדינמי.
היכולת השנייה של הכלי, היא לא פחות חשובה - ולעיתים יותר. 
החימוש בו עושה ""זיק"" שימוש הוא גם תולדה ישירה של 6 באוקטובר: כאשר ניסו טייסות הקרב של צה""ל לתקוף את טורי השריון המצריים והסוריים, הם ספגו אבידות כבדות בנפש ובמטוסים. חיל-האוויר איבד 102 כלי-טיס באותה מלחמה, רובם המכריע היו מטוסי קרב. לכן, כלי קטן המסוגל להתקרב אל טורי השריון המתקדמים של האויב ולפגוע בהם בדייקנות, הפך מוצר חיוני וחסר תחליף וחשוב מכל - לכל ""זיק"" אשר יופל בידי האויב - אין אמא ואבא שיתאבלו עליו במשך כל חייהם.
כאמור, הפיתוח נמשך שנים לא מעטות, במהלכן הלך ונוצר כלי שהפך אט אט בשנים שלאחר מכן, למערך, אחד מהמערכים היעילים, החשובים והחיוניים של חיל-האוויר כיום - וגם של מדינת ישראל. הספר הזה מתאר את התהליך הארוך ואת תוצאותיו
ואיך זה קשור ל-7 באוקטובר?
מחברי הספר, נוגעים בדפיו לא פעם, בסביבה בה נבט הרעיון ופותח במשך שנים - סביבה דמוקרטית.
היכולת הקיימת רק בדמוקרטיה לנסות, לטעות, לשגות, ליפול ומכל אלה - לצמוח - היא נשמת אפה של מערכת היוצרת רעיון כזה והופכת אותו למציאות.
לא לחינם הם מדגישים - סביבה דמוקרטית.",1027724,זיק של חדשנות ישראלית,עמירם דגן,,המכון למחשבה ישראלית,2026,271,עיון,צבא ובטחון,https://cdn.simania.co.il/bookimages/covers102/1027724.jpg?v=1781212043430,https://simania.co.il/bookdetails.php?item_id=1027724,https://simania.co.il/showReview.php?reviewId=137931,"זיק של חדשנות ישראלית, סיפור המ”לטים הישראלי מתאר את צמיחתו של תחום הטיס הבלתי מאויש בישראל, מיוזמות מאולתרות בשלהי שנות ה־60 ועד להפיכתו למרכיב מרכזי בעליונות הצבאית.

דרך סיפור כרונולוגי המשלב טכנולוגיה, מבצעים ואנשים, נחשף תהליך של חדשנות מתמשכת שנולד מתוך צורך מבצעי דוחק, ונבנה באמצעות חברות של יזמות, פתיחות ושיתוף פעולה בין צה”ל, התעשיות הביטחוניות והמערכת האזרחית.

במבט רחב יותר, הספר קושר בין העליונות הטכנולוגית הצבאית של ישראל לבין תנאי העומק שאפשרו אותה. לא רק אילוצים ביטחוניים, אלא גם סביבה דמוקרטית פתוחה, המעודדת חשיבה עצמאית, ביקורת וזרימה חופשית של רעיונות בין מערכות שונות. במובן זה, הדמוקרטיה אינה רק ערך אזרחי, אלא גם מרכיב חיוני ביכולת לאלתר, שכן היא מאפשרת את אותה חדשנות ישראלית שמעצבת יתרון טכנולוגי מתמשך ותורמת לחיזוק הביטחון.

על המחברים:

אל”מ (מיל’) עמירם דגן שירת במערך הטכני בחיל האוויר והקים את מנהלת “זיק” במפא”ת (המינהל למחקר, פיתוח אמצעי לחימה ותשתית טכנולוגית). בהמשך שימש כמנכ”ל חברת “חץ הכסף”.

אל”מ (מיל’) ישי דפנה, טייס קרב ומהנדס. בנה והוביל במשך 25 שנה את הנדבך המבצעי בתחום הפיקוד והשליטה על הכטב״ם, (כלי הטיס המאוישים מרחוק) במסגרת שירותו הסדיר ובמילואים.

השניים פעלו במשותף מראשית מימוש מערך “זיק”. ישי במסגרת חיל האוויר ועמירם במסגרת מפא”ת, ובהמשך לאורך שנים בתפקידי ניהול במפא”ת, בתחומים טכנו־מבצעיים, עד לאמצע תקופת חרבות ברזל.","סיפור המל""טים הישראלי",,ישי דפנה,,,,,,he,Paperback,,,1,35,0,1,1
137930,2026-10-07T05:00:08.000Z,4,7,דן סתיו,93712,"Cannery row, ""סמטת השימורים"", הוא רובע בעיירה מונטריי שבקליפורניה, שזכה להנצחה בשניים מספריו של ג'ון סטיינבק. אזור זה זכה לפריחה כאזור תעשייתי המתמחה בשימורי דגים, בעיקר סרדינים. שיאי הפעילות היו בזמן מלחמות העולם עם דעיכה מסוימת, בלתי נמנעת, בתקופת השפל הגדול. עם העלמות הסרדינים ממפרץ מונטריי לאחר מלחמת העולם השנייה, דעך האזור. מפעל השימורים האחרון נסגר ב-1973. כיום, האזור זוכה לחיים חדשים, יש בו מסעדות דגים משובחות. קרבתו לים והחוף היפה הופכים לשילוב מנצח בכל הקשור לעתידו של האזור (על פי אתרים שונים באינטרנט).

שני הספרים של סטיינבק ""סמטת השימורים"" ו""יום חמישי המתוק"" עוסקים בדיירים הקבועים באזור זה. הם כוללים חבורת מובטלים מבחירה ומאונס, המתגוררים במה שמכונה ""הארמון"", עובדות בית הבושת ""דגל הדוב"", הקרוי כך לכבודו של הדגל ההיסטורי של קליפורניה ועוד. במרכז הסיפורים עומדת דמותו של הביולוג הימי, דוק, הנערץ על כולם. כמעט כל הדמויות מופיעות בשני הספרים. הראשון, ""סמטת השימורים"" (יצא לאור ב-1945, אך נכתב ב-1944. לדברי סטיינבק הוא נכתב  לבקשת חיילים מעבר לים שביקשו משהו משעשע שלא קשור למלחמות), עוסק באזור במהלך שנות השפל הכלכלי הגדול ואילו השני, ""יום חמישי המתוק"" (1954), עוסק באותו אזור לאחר מלחמת העולם השנייה. עם זאת, נראה כי מבחינת הסיפורים, למצבו הכלכלי של האזור אין כמעט השפעה על העלילה וגם אלו המגיעים לעבוד בו (ב""סמטת השימורים"") אינם משפיעים כמעט על תכני הסיפורים. העדרם בספר השני (""יום חמישי המתוק"") אינו משמעותי כלל.

שתי דמויות מרכזיות משתנות בין שני הספרים: האחת היא של דורה, המדאם של ""דגל הדוב"". היא צולחת בהצלחה את הספר הראשון, אך בתחילת הספר השני אנו מתבשרים על מותה ועל כך שאחותה פאונה, שניהלה מיסיון, ירשה את המוסד המפואר שלה. השנייה, הוא לי צ'ונג, הבעלים של חנות הכולבו שבשכונה. בזכות פקחותו וערנותו הוא משתלב היטב במרקם האנושי של השכונה. הוא מוחלף בספר השני בבחור מקסיקני בשם ג'וזף מרי ריווה. צ'ונג אינו ""מומת"" על ידי סטיינבק, אלא אנו מתבשרים על החלטתו לצאת לעולם הגדול. בעיני, הדמות של פאונה ב""יום חמישי המתוק"" מעניינת הרבה יותר מדמותה של פלורה ב""סימטת השימורים"" ואילו דמותו לי צ'ונג ב""סימטת השימורים"" מרתקת ועשירה יותר מזו של ריווה ב""יום חמישי המתוק"".

שני הספרים דומים למדי במבנה הסיפורים ובתוכן שלהם. הם כוללים אנקדוטות מחיי התושבים, מאופי החיים שם ובכלל זה פירוט רב של הפעילות האוקיינוגרפית של דוק. הם מתמקדים במעמדו הנישא של דוק וברצון המשותף לכול לשמח אותו. זה נעשה באמצעות ניסיונות לארגן לכבודו מסיבות. ההבדל העיקרי ביניהם הוא, ש""סימטת השימורים"" הוא מקבץ של תמונות מחיי המקום, בעוד שב""יום חמישי המתוק"" ישנה תוספת והיא סוג של עלילה המקשרת בין האנקדוטות – הניסיון ""לשדך"" לדוק את סוזי, עובדת חדשה ב""דגל הדוב"".

שני הספרים כוללים תיאורים נפלאים של תחושת התעלות פלאית, המכשפת את המקום ותושביו שנראה כי אין לה הסבר ממשי. תכונה זו נתנה לספר ""יום חמישי המתוק"" את שמו.

במקרה קראתי את הספרים בסדר הפוך. את ""יום חמישי המתוק"" מצאתי זרוק במכולת אשפה יחד עם עוד מאות ספרים מעיזבונה של שכנתי, מאדי סינטוב ז''ל. התחלתי לקרוא אותו והרגשתי שחסר לי רקע על הדמויות השונות. רק לאחר שיטוט באינטרנט הבנתי שהתחלתי מהספר השני...אך לקח לי זמן רב עד שהשגתי את הספר הראשון ""סמטת השימורים"", ולכן המשכתי עם ""יום חמישי המתוק""...

שני הספרים, בצד הסיפורים המרכיבים אותם ותיאור הדמויות והמצבים השונים, כוללים גם את הגיגיו של סטיינבק על טבע האדם. כך ב""סימטת השימורים"" הוא שם בפי דוק את הדברים הבאים: ""תמיד נראה לי מוזר' אמר דוק. 'הדברים שאנו מעריצים באנשים, טוב הלב והנדיבות, הפתיחות, היושר, ההבנה וההתחשבות הם בני לוויה של הכשלון בחברה שלנו. והתכונות שאנו מתעבים, התוקפנות, החמדנות, הרכושנות, גסות הרוח. האגואיזם, הדאגה לעצמך – אלה הם סימניה של ההצלחה. ובעוד בני אדם מעריכים את סגולותיהן של התכונות הראשונות, הם אוהבים את תוצאותן של האחרונות"".

דוק הוא הדמות המעניינת ביותר. זו נבנתה בהשראת אד ריקטס, ביולוג ימי, שהיה חברו הקרוב של סטיינבק. הוא מתואר כאיש טוב לב, ישר, חובב תרבות אמיתי המסור לעבודתו. ניתן לומר שחלק מהתכונות החיוביות שציינתי בציטוט לעיל מאפיינות אותו. לא בכדי הוא זוכה לאהבת הכול. חבורת הדיירים של ""הארמון"" הם בסך הכול אנשים חיוביים, בעלי כוונות טובות. הם לא חלילה גונבים אלא ""סוחבים"" (נשמע מוכר מהפולקלור הישראלי, לא?), הם נוטלים הלוואות שלא יחזירו לעולם, אבל יש להם קסם משלהם. ומשהקדיחו את תבשילם, וזה קורה לא אחת,  הם מצרים על כך באמת ובתמים.

שני קטעים  בספר ""סמטת השימורים"", הנוגעים לדוק, שבו את ליבי במיוחד. הראשון -  במהלך חיפוש אחר יצורים ימיים הוא נתקל באקראי בגופה של צעירה יפיפייה שטבעה ויופייה נשמר בין גלי האוקיאנוס והאצות. השני, שעורר בי אסוציאציה לסצנה הראשונה, הוא החלק בו דוק מקריא שיר אהבה בשם ""ציפורני-חתול שחורים"", שנכתב במקור בסנסקריט. אחד משירי הערגה היפים שקראתי.

שני הספרים מהנים מאד וכוללים הערות הומוריסטיות ומצבים קומיים. אילו התבקשתי לציין אלו מהשניים גרם לי הנאה רבה יותר, הייתי בוחר ב""סמטת השימורים"". אפיון הדמויות הוא בבחינת ערך מוסף חשוב, גם השילוב של אנקדוטות עם הגיגים אודות הטבע האנושי הרשים אותי יותר ב""סימטת השימורים"" מאשר ב""יום חמישי המתוק"". ולבסוף שתי הסצנות שציינתי בפסקה הקודמת מטות את הכף לזכותו של הספר ""סמטת השימורים"".

שני הספרים מתאימים להעלאה על בימת התיאטרון. הם אינם נחשבים ליצירות המופת שלו. ""יום חמישי המתוק"" הועלה על בימת התיאטרון אך נחשב לכישלון ואילו ""סמטת השימורים"" היה בסיס לסרט שהוקרן בשנות ה-90'.

השורה התחתונה: הקריאה  של הספר ""סמטת השימורים"" הייתה מהנה ומעוררת מחשבות, גם מבלי שיהיה יצירת מופת. על הספר השני ""יום חמישי המתוק"" כתבתי בנפרד.

 

7 ביוני 2026

דן סתיו",18814,סימטת השימורים,ג'ון סטיינבק,משה זינגר,זמורה ביתן,1993,185,ספרות,ספרות מתורגמת,https://cdn.simania.co.il/bookimages/covers1/18814.jpg,https://simania.co.il/bookdetails.php?item_id=18814,https://simania.co.il/showReview.php?reviewId=137930,"סימטת השימורים  – רחוב של צחנה ורעש אך גם רחוב של אור, געגוע וחלום. 
כל כולו פחים, ברזל חלוד וקרשים מחוספסים, קברטים זולים, מסעדות עלובות ובתי זונות. 
שוכניו אינם אלא ""זונות, סרסורים, מהמרים ובני זונות"", 
אך אפשר גם שאינם אלא ""קדושים, מלאכים"".  

בסימטת השימורים מצוי ביתו של דוק האניגמטי, הנרי הצייר, 
המרחרח כמו כלב בערימת הגרוטאות ומחפש חתיכת עץ או מתכת, 
והבחורות של דורה, בעלת בית העינוגים. 
וכאשר מחליטים לערוך מסיבה לכבוד דוק התוצאה בתחילה משעשעת ואחריתה תוהו ובוהו.  
   

ג'ון סטיינבק הוא חתן פרס נובל לספרות, 1962.",,Cannery Row,,,,,,,he,Paperback,3.9,14,2,3451,12,0,1
137929,2026-10-06T18:23:45.000Z,0,7,נצחיה,86526,"לא הבנתי את הדימוי שעל העטיפה, ורק עכשיו באתר בצפייה בקטן ומרחוק אני מבינה שיש כאן מראה מטושטש של חלק מפנים של אישה ובהם עין עצומה. זה אומר שהספר שייך על פני לשתי רשימות שלי - לרשימה ""עין"" ולרשימה ""נשים חתוכות"". הרשימה הראשונה היא סתמית וטכנית ונפתחה רק כי מייצרי האימג'ים לכריכות מרבים להשתמש בעין כמוטיב יחיד או בולט בכריכה. הרשימה השנייה היא רשימה של בחירה עיצובית שאני מסתייגת ממנה - להציג בכריכה חלק מפנים או חלק מדמות שאינו כולל את הפנים, וזה בדרך כלל מראה על נטייה להחפצה מצד המעצב שיצר את הדימוי או ההוצאה שבחרה אותו. 

כמו חלק ממשתמשי האתר אני לא נוטה לבחירה מודעת של ספרים, ונעזרת במה שהעולם או היקום או הקב""ה מגלגלים לעברי בספריות של חברים, ספריות רחוב וכדומה. כך הגיע אליי גם הספר הזה, וליקטתי אותו על אף שאת הספר ""החברה הגאונה"" מאת המחברת קראתי ולא חיבבתי. עם זאת, גורל הוא גורל, ותמיד טוב לתת סיכוי ליותר מספר אחד. 

אלנה פרנטה, שם עט של דמות שמסרבת לחשוף את זהותה בפומבי, גם לא בפרסים שהיא מקבלת ובהפקות קולנועיות על בסיס הספרים שלה. אפילו לא ברור שהיא אישה בכלל, למרות שכנראה המוצא הוא דרום איטליה, באיזורים של נפולי, ובהם מתרחשות עלילות הספרים שהיא כותבת, עלילות שנחשבות אוטנטיות מאוד. בחברה הגאונה לא מאוד התרשמתי, כי אולי זה אותנטי-נפוליטני, אבל העלילה לא החזיקה מעמד. כאן יש יותר עלילה. הגיבורה נחשפת לשלושה דורות של בגידות ומשולשים רומנטיים, וכולם סובבים סביב הדודה ויטוריה, אחות של אביה, שאיתה נותקו הקשרים המשפחתיים, וסביב צמיד זהב נתון במחלוקת שעובר בירושה. אפשר לומר שזה סוג של רומן התבגרות, וגם השם שלו רומז על זה. וכמו החברה הגאונה, גם הוא ספר בסדר כזה, שאפשר לקרוא, אבל שלא משאיר הרבה מאוד התרשמות אחרי הקריאה. רק שכאן לפחות אין עוד שלושה ספרי המשך לסדרה, ואני מניחה שגם זה משהו.",999164,חיי השקר של המבוגרים,אלנה פרנטה,אלון אלטרס,הקיבוץ המאוחד,2019,314,ספרות,ספרות מתורגמת,https://cdn.simania.co.il/bookimages/covers99/999164.jpg,https://simania.co.il/bookdetails.php?item_id=999164,https://simania.co.il/showReview.php?reviewId=137929,"""שנתיים לפני שעזב את הבית אמר אבי לאמי שאני מכוערת מאוד"" – כך, במשפט מצליף, נפתח הרומאן העז של אלנה פרנטה, מחברת 'החברה הגאונה'. מכאן מתחיל להתגלגל כדור־השלג המחולל את כל הספר, ומוליך אותנו מן המשפט האגבי הנפלט לאב – משפט שהופך את כל עולמה של בתו בת ה־12 – ועד לצונאמי העתידי של התפרקות המשפחה ושל השנים הכואבות שבעקבותיה, שנים שבהן תהפוך ג'ובנה, המספרת, מילדה חבוקה בחיק משפחתה לנערה בוגרת מפוכחת, ובהן יתחלפו תדיר תשובותיה לשאלה: מה אני ואיזה אדם אני יכולה להיות.

 
עד לאותו רגע היתה ג'ובנה ילדת שמנת, בת להורים אינטלקטואלים ממרומי נפולי העילית המעודנת, המעריצה את אביה, שהעניק לה רק אישורים וחיזוקים. האמירה הטראומטית שלו מציתה בה אובססיה לפגוש את דודתה המוחרמת ויטוריה, שאליה השווה אותה האב.
 
בהשראת דודתה, שמתגוררת בתחתית התחתיות של נפולי, נסחפת ג'ובנה לחשוף את הצביעויות, השקרים והבגידות בחיי המבוגרים. מבטה החדש מסעיר בה מערבולת של שקרים ופנטזיות ודוחף אותה לפעולות מערערות־סדרים. לאורך השנים הללו מלווה את אירועי הספר צמיד ממיט־אסונות שעובר במשפחה בדרכים עקלקלות, האם תוכל ג'ובנה לשמוט את הצמיד הזה מחייה?
 
פרנטה הצליחה לברוא כאן לא רק סיפור מהפנט וממכר, אלא עולם שלם שלתוכו היא יוצקת, באינטליגנציה רגשית עילאית, מצבים נפשיים גועשים.",,,,,,31-6887,,,he,Paperback,4,34,8,5235,91,2,1
137928,2026-10-06T17:44:08.000Z,4,5,Tamas,155044,"יודעים מה משמעות המונח – גזלייטינג?
נדמה לכם שאתם יודעים
אתם שוב מתבלבלים
אף פעם לא אמרתי את זה
המצאתם את זה לחלוטין
אתם לא זוכרים, הזיכרון שלכם פגום
אין לכם שמץ של מושג על מה מדובר

ובכן, כך מייצרים ""גזלייטינג"" - מניפולציה פסיכולוגית אכזרית ושיטתית, שנועדה לערער את תפיסת המציאות של הצד השני ולגרום לו לפקפק לחלוטין בעצמו, בזיכרונו ובשפיותו. 
בשנים האחרונות המונח הזה תפס תאוצה אדירה והפך לפופולרי, עד שהשימוש בו התרחב גם לתיאור של שקרים רגילים, ויכוחים או אינטראקציות לא נעימות – תופעה שמעקרת מתוכן את משמעותו האמיתית והעמוקה. בעוד שהגזלייטינג הקלאסי מתרחש בתוך מערכות יחסים אישיות, זוגיות, משפחתיות ומקצועיות, המונח כבר מזמן גלש לחזיתות רחבות יותר כמו פוליטיקה ותקשורת, שם הוא משרת תעמולה, דיסאינפורמציה, פייק ניוז וספינים תקשורתיים.

מעניין לגלות שמאחורי המונח הזה עומד סיפור היסטורי הקשור, פשוטו כמשמעו, לאורות גז.  מקור הביטוי הוא במחזה בריטי משנת 1938 בשם ""Gas Light"", שעלילתו מתרחשת בלונדון של המאה ה-19. באותה תקופה הבתים הוארו באמצעות תאורת גז, כך שאם הדליקו אור בחדר אחד, לחץ הגז בצינורות המשותפים ירד, וכתוצאה מכך האורות בחדרים האחרים נחלשו והתעמעמו. המחזה, שעובד בהמשך לסרט הוליוודי מצליח בשנות ה-40, מתאר בעל מניפולטיבי המעמעם בחשאי את אורות הגז בבית. כשאשתו מעירה על כך שהאור נחלש, הוא מתעקש בפניה בביטחון מוחלט שהיא טועה, משקרת או פשוט מדמיינת – הכל כדי לבודד אותה ולערער לחלוטין את שפיותה.

בדיוק אל תוך המלכודת הפסיכולוגית הזו לוקחת אותנו עלילת הספר.  במרכז הסיפור עומדת אליסון, עורכת דין שמנהלת מערכות יחסים כפולות ומורכבות עם בעלה ועם המאהב שלה. ברומן סודי, אובססיבי והרסני,  היא חווה תלות רגשית חזקה בצורך שלה לריגוש  ואישור מהמאהב. במקביל, אליסון חיה תחת משקל כבד של סודות, הסתרות ואשמה תמידית – היא מרגישה שהיא נכשלת בג'אגלינג המתיש שבין הקריירה לבית, שהיא אמא לא מספיק טובה ובת זוג לא ראויה, ומוצאת מפלט באלכוהול, שמערפל עוד יותר את חייה. יש פער גדול בין מי שהיא בעבודה למי שהיא בבית: בעוד שבתור אשת מקצוע היא נחשבת חדה וקשוחה המנהלת ביד רמה תיקים מורכבים, בחייה האישיים היא מתגלה כאישה אבודה הלכודה בתוך התנהגות הרסנית ונאלצת להתגונן ללא הרף ממניפולציות. 

המפנה הדרמטי חל כאשר היא מקבלת לידיה את תיק הרצח הראשון בקריירה שלה, ודרך הטיפול בלקוחה היא נחשפת לתופעה הקשה של הגזלייטינג. תופעה זו היא רק חלק מפאזל רחב ומפותל בהרבה, המלווה בתפניות עלילתיות.   באמצעות התיק הזה, טייס מניחה מראה נוקבת מול הגיבורה ומאתגרת במקביל את תפיסת המציאות של הקורא. הספר מעביר בצורה מרשימה את המניפולציות המתוחכמות הללו, שגורמות לאדם לפקפק בעצמו ולהישאב למערכת יחסים פוגענית מבלי להבין זאת כלל. לאורך כל העלילה נזרעים רמזים שמובילים אותנו תחילה לחשוב שאליסון היא הבעייתית בסיפור – בעוד שבפועל היא קורבן שנשאב למערבולת הזו ללא ידיעתה, עד לגילוי האמת המורכבת על חייה.

כל אחת מהדמויות בסיפור דפוקה בפני עצמה, אבל השלם במקרה זה גדול מסך חלקיו וזה מה שמניע את העלילה. זהו מותחן פסיכולוגי שכתוב היטב, כמשחק פינג-פונג בראש. אומנם את התמונה הגדולה והחשד לגבי האשם אפשר להבין די מהר, אך הסיבה האמיתית והתפנית של הסוף הן הפתעה - למרות שהרגשתי שדווקא ברגע השיא הסופרת בחרה בטוויסט קיצוני ומאולץ, שמתח את גבולות ההיגיון והלך רחוק מדי בשביל לייצר הפתעה.

אז שלא יגזלייטו אתכם!",1008419,תפוז דם,הארייט טייס,גיא הרלינג,תכלת,2023,368,ספרות,מתח ריגול והרפתקאות,https://cdn.simania.co.il/bookimages/covers100/1008419.jpg,https://simania.co.il/bookdetails.php?item_id=1008419,https://simania.co.il/showReview.php?reviewId=137928,"אליסון יודעת שהיא חיה בשקר. היא לא מצליחה להשתחרר מהרומן שהיא מנהלת מאחורי גבו של בעלה, היא שותה יותר מדי וגם לבת שלה מגיע לבלות איתה יותר. היא כבר לא מסוגלת להמשיך ככה. משהו חייב להשתנות.

רק עוד לילה אחד. ואז אסיים את זה.

ואז היא מקבלת לייצוג משפטי את תיק הרצח הראשון שלה. עורך הדין שיעבוד לצדה הוא הגבר שעמו היא מנהלת רומן. אליסון מאמינה שתוכל להתמודד עם זה. היא כבר עברה דברים קשים יותר בחיים שלה.

עשיתי את זה. הרגתי אותו. אני אמורה להיות בכלא עכשיו. 

תיק הרצח נראה ברור. האישה אינה מכחישה שדקרה את בעלה למוות, אבל משהו בכל זאת מטריד את אליסון. האם יתכן שיש כאן סיפור אחר לגמרי? אליסון נחושה לנסות ולהציל את הנאשמת מהגורל הצפוי לה, אבל גם אז לא לגמרי ברור למי באמת היא מנסה לעזור – לרוצחת או אולי בכלל לעצמה.  

אני רואה אותך. אני יודע מה את עושה. 

אבל מישהו מכיר את הסודות של אליסון. מישהו שמאמין שעליה לשלם על כל מה שעשתה. ומרגע זה, זה משחק של חיים ומוות. משחק שאי אפשר להפסיק לשחק.",,Blood Orange / Harriet Tyce,,,,,,,he,Paperback,4.1,8,4,708,7,0,1
137927,2026-10-06T10:14:17.000Z,2,11,ירון אבטליון מדע בדיוני 3.141592,301798,"בניגוד לדיעה המקובלת, אותי לא ממש עניין או ריתק. הדמויות סתמיות, לא קורה הרבה מלבד סקס, סמים, גראס ואלכוהול. די משעמם אם אתם לא מתעניינים באף אחד מהדברים האלה. 
פמיניסטיות יזדעזעו מהיחס לנשים באותה תקופה בהיסטוריה בחברה האמריקאית. זה מתואר בכנות בספר
מה כן מעניין: לראות כמה העולם השתנה מאז, תחושת ההרפתקנות ורוח החברות הגדולה שניתן למצוא בספר הזה. 
הספר נחשב לאחד מהמעטים הנתפסים כמשני-חיים. הספר  הוא תיאור אוטוביוגרפי של מסעות ברחבי ארה""ב שלאחר המלחמה, ומסעם של גברים בחיפוש אחר  החיים.
קרואק יצא למסעות ברחבי ארה""ב בחיפוש אחר החיים. מסעות אלו סיפקו לו את החומרים, העובדות והסיפורים לכתיבת ""בדרכים"". בשל דרישות צנזורה מצד העורכים, שונו שמותיהן של כל הדמויות האמיתיות המופיעות בספר, כולל שמו של המחבר עצמו
אנשי הביט היו קבוצה של סטודנטים שפרשו מלימודיהם באוניברסיטה קולומביה. הם נפגשו במהלך הלימודים, התנסו בסמים ובמעשים פליליים ומרדו בממסד. הם גיבשו רעיונות משלהם וביקרו את החברה על ""הכלא"" שבנתה סביב כל היבט בחיים.  בין אם מדובר במיניות, בסמים או באופן שבו אנשים התנהלו. מוטיב נוסף באידיאולוגיה שלהם היה החיפוש אחר ""זה"" – דבר מה לא-מוגדר שניתן היה למצוא באנשים ובנופים נפלאים. הסיבה לכך שניל זכה לכינוי ""התגלמות ה-Beat"" (הביט) הייתה שהוא עשה כל מה שרצה, מבלי לצנזר את עצמו ותמיד תוך היענות לדחפים העמוקים ביותר שלו.
זהו ספר שלא נהנתי ממנו, בשל סגנונו הלא-שגרתי והעיסוק העודף בסמים.",936869,בדרכים,ג'ק קרואק,עודד פלד,זמורה ביתן,1988,252,ספרות,ספרות מתורגמת,https://cdn.simania.co.il/bookimages/covers93/936869.jpg,https://simania.co.il/bookdetails.php?item_id=936869,https://simania.co.il/showReview.php?reviewId=137927,"ג'ק קרואק, צאצא מעורב למשפחה קנדית ולמשפחה אינדיאנית, נולד במסאצ'וסטס, ארצות הברית, שם חי חיי נווד על שפת הנהרות ובשדות הנרחבים. את חינוכו קיבל מפי נזירים ישועיים בעיר לואל. כשהיה בן אחת-עשרה כתב את ספרו הראשון ובעקבות ג'ק לונדון החליט מאוחר יותר להיות אף הוא סופר-נווד. אף שהושפע בתחילת דרכו הספרותית מיצירותיהם של המינגוויי ושל סארויאן, הוא הצליח לפתח צורת כתיבה ייחודית משלו אותה כינה ""פרוזה ספונטאנית"" – צורת כתיבה שנודעה לה השפעה רבה על מספרים ומשוררים אמריקנים אחרים ובמיוחד על חברו אלן גינזברג. באמצעות צורה חדשה זו סיפר על חיי הנוודים בארצות הברית ובמיוחד – על אורחות חייו של דור הביטניקים בשנות החמישים. 

קרואק נפטר בשנת 1969 בהיותו בן ארבעים ושבע. 

בדרכים הוא הרומן החשוב והמובהק ביותר של קרואק ובו מגיעים לכלל שלמות של היסודות שהוזכרו כאן. אם אלן גינזברג היה המשורר של דור הביטניקים, ג'ק קרואק היה הסופר שנתן לדור זה את הביטוי החריף והמבריק מכולם. גיבור המעשה, סאל, יוצא למסע נדודים ללא מגמה ברורה, אך המסע האמיתי הוא המסע שלו אל תוך עצמו, וכך הוא ""בדרכים"" מדנוור לסן פרנסיסקו, מלוס אנג'לס לטכסס ולמכסיקו – לפעמים בגפו, לפעמים בחברת ביטניקים אחרים, שונים זה מזה, שמאחד אותם החיפוש אחר העצמיות, חיפוש המסתיים לעתים גם במוות – החיפוש אחר אמונה המביא עד לאבדון.",[כריכה קשה],,,,,2-0070366,מבחר,,he,Paperback,4,20,4,5116,41,1,1
137926,2026-10-06T06:47:23.000Z,5,3,mzsrtgzr2,181843,קראתי פעם ראשונה. ספר קצר אבל כל מילה חשובה וכואבת צריך לעצור כל כמה עמודים ולהכיל. נקרע הלב. קצטניק מעביר מדהים את עוצמת האהבה שהייתה בין הארי וסאניה מול הזוועות הבלתי אפשריות בגטו ובאושוויץ.,11860,סלמנדרה,ק. צטניק,,הקיבוץ המאוחד,1987,184,עיון,שואה,https://cdn.simania.co.il/bookimages/covers1/11860.jpg,https://simania.co.il/bookdetails.php?item_id=11860,https://simania.co.il/showReview.php?reviewId=137926,,,,,,,249-1963,סלמנדרה: כרוניקה של משפחה יהודית במאה העשרים,1,hebrew,Paperback,4.7,113,25,16094,220,1,1
137925,2026-10-06T06:23:39.000Z,0,2,פרל,81926,"הסקירה המלאה פה:
https://wp.me/p4kTCp-92T

בראשית נובמבר 1985, כתב השר והח""כ לשעבר, אל""ם (בדימוס) עמר בר-לב בספרו, ""פרות קדושות"" (הוצאת ידיעות ספרים, 2026), ""החלו להתרחש אירועים מעברו השני של הגבול, שבתחילה נתפסו במערך המודיעין כאירועים ספורדיים ואקראיים. אירוע אחד וכעבור זמן קצר עוד אחד ועוד אחד, כמו טיפת גשם אחת ועוד אחת, עד שהתברר לנו שאנו שרויים בעיצומו של מבול. בתוך כמה שבועות התחושה שמדובר באירועים אקראיים נהפכה למבוכה גדולה במערך המ""מ; התברר שמשהו אחר לגמרי מתרחש שם מעבר לגבול"" (עמ׳ 164). מדינת אויב פשוט ""סגרה פרצות"" בכדי לסכל את יכולתו של המודיעין הישראלי לאסוף עליה ומשטחה מודיעין.
בר-לב לא ציין באיזו מדינת אויב מדובר (הקורא יכול רק לנחש), אבל לדבריו כעבור שבועות רבים התברר למערך המבצעים המיוחדים (מערך המ""מ) של אגף המודיעין, כי ""האויב פתח במבצע רחב, מתקפה מודיעינית מתוזמנת ורחבה. השיטה שלו היתה פשוטה: ""ברוט פורס"" או כפי שאנחנו כינינו זאת ""מבצע הגִרבּוץ"". בסופו הביא הגִרבּוץ לפגיעה קשה בהתרעה"" (עמ׳ 164).
בר-לב, אז מפקד סיירת מטכ""ל שהיה בעיצומה של עונת המבצעים השנייה של כהונתו, תהה האם תוך כדי האירועים הבלתי מובנים שמעברו השני של הגבול נכון להוציא לפועל את שני המבצעים הגדולים שתוכננו לאותה עונה? ""אנחנו בשעה קשה למערך המ""מ. אני זוכר שתי תקופות כאלו בעבר, ערב מלחמת יום הכיפורים ופעם נוספת כחמש שנים מאוחר יותר"" (עמ׳ 166), אמר אז לאנשיו. האבסורד, טען, הוא כי ""בשעה קשה זו לחיל המודיעין/לצה""ל, זו דווקא שעתה היפה של היחידה"" (עמ׳ 168). הסיפור הזה, שלמעשה תיאר אירוע דרמטי עבור המודיעין הישראלי, במסגרתו נפגעה יכולתו לאסוף מודיעין לגבי כוונותיה ויכולותיה של מדינת אויב, נחשף בספרו של בר-לב לראשונה, לצד רמיזות על מבצעים עלומים נוספים שבוצעו במהלך כהונתו. 
הספר, שכתוב היטב ומרתק לקריאה, בנוי באופן חריג. תחילה חשף המחבר טפח מההיסטוריה הקרבית שלו, אף שלב הספר עסק בתקופת הפיקוד שלו על היחידה, החלק הזה יוצא דופן בסוגת הספרים הזו (אולי רק ספרו של דורון אביטל, שעבר ליחידה מהצנחנים כמ""פ בימי בר-לב ולבסוף פיקד עליה, דומה לו במעט) ובו פירט את אסטרטגיה שגיבש כדי להוביל את היחידה כך שתהיה מובילה ורלוונטית בתחומה נוכח אתגרי התקופה ותייצר פוטנציאלים שישמרו אותה ככזו בעתיד, וכיצד מימש אותה. זהו תיאור שמזכיר ספרי ניהול למיניהם הרבה יותר מאשר ספרי זיכרונות של מפקדי כוחות מיוחדים. בר-לב תיאר כיצד הגיב לשינויים ולהתפתחויות במהלך כהונתו וכיצד התמודדה היחידה בפיקודו עם המשברים עד להצלחה. בסוף הספר כלל נספח לספר, ""כמו קוסם"" קרא לו (ללא שמץ של צניעות או מודעות עצמית) שבו שב ותיאר את המבצעים המיוחדים שבהם השתתף ועליהם פיקד.
ב־15 באפריל 1984 קיבל בר-לב את הפיקוד על היחידה, מיד לאחר שלוחמיה השתלטו על מחבלים שחטפו אוטובוס לדיר אל־בלח (מה שהפך לפרשת ""קו 300""). בפעולת ההשתלטות, עליה פיקד קודמו, שי אביטל, השתתף בכוח הפורץ. בנאום הכניסה של בר-לב לתפקידו הוא דימה את היחידה ללהקת ג׳ז. ""בדימוי הזה ביטאתי את תפיסת הפיקוד והניהול שלי – כאותו נגן ג׳ז שמה שמייחד אותו זו יכולת האלתור תוך פריצת המסגרת. כך גם היחידה. היא צריכה לפעול על בסיס מוצק של מסגרת התחלתית ברורה, שממנו היא תצא לא פעם תוך אלתור פורץ גבולות ומסגרות, ולבסוף תחזור ותתכנס אל המסגרת המוכרת"" (עמ׳ 58). בחודשים הראשונים שלו בפיקוד התמקד ""בכתיבת התווים"".
בר-לב הסביר כי ""הלילה הוא ידידו הקרוב והטוב של מבצע חשאי. לצד הידידות, הוא גם המגבלה העיקרית – מספר שעות החשיכה קצוב. למעשה, אורך הלילה – או מספר שעות החשיכה – משפיע דרמטית על מסגרת היכולת המבצעית. מבצע פשוט וקצר ניתן לעשות בחודשי הקיץ שבהם שעות החושך מועטות. מבצע מורכב יותר ניתן לעשות רק בחודשי החורף הארוכים, ואילו מבצע מורכב עוד יותר כבר לא ניתן לבצע בלילה אחד"" (עמ׳ 66).
אבל יש גם מורכבויות נוספות. ""חשוב להפנים כי מבצעי מודיעין הם מסוכנים מעצם טבעם. לא פעם אי־אפשר להימנע מסיכון חיי לוחמים למען הסתרת ציוד, שיטות פעולה, מטרות ויעדים, שערכם לטווח הבינוני והרחוק הוא רב הרבה מעבר לאותו מבצע שהסתבך. כל מי שאינו מבין זאת, אסור שייקח חלק, לא בביצוע בפועל, ויותר מכך – גם לא בשליחת לוחמים למבצע"" (עמ׳ 73). חשיפה של מבצע כזה, במהלכו או לאחריו, טומנת בחובה יותר מאשר סיכונים לכוח אלא גם למצבה הגיאופוליטי של ישראל ויכולה במצבי קיצון להוביל להסלמה חמורה, לימי קרב ואף למלחמה.
בשל סיכונים אלו, הסביר, נוהל הקרב למבצע מודיעין של היחידה הוא אירוע סדור שכולל תכנון פרטני ויסודי (מבצע אנטבה, שכלל נוהל קרב חפוז שנמשך פחות מ־48 שעות היה חריג מאוד עבור היחידה). במבצע מיוחד, אמר פעם ראש אמ""ן לשעבר, אלוף (מיל׳) אורי שגיא, קורה מה שתוכנן שיקרה (בהנחה ולא אירעו תקלות לא צפויות). הבעיה היא שבסוף שדה הקרב הוא, כמאמר קלאוזביץ (למשל פה השבירה נדרשת), ממלכת אי־הוודאות. לא כל תרחיש אפשר לצפות מראש. יתרה מכך, היה מי שניסה להחיל תפיסה של תכנון מבצעי מ""מ (""תכנון דינאמי מתפתח"") על ניהול המלחמה האחרונה. בעוד שלתפיסה יש רלוונטיות גדולה למבצעים מיוחדים, הרי שלעולם המלחמה היא פחות מתאימה והניסיון לעשות כן יצר מתחים, קשיים ומורכבויות היכן שמוטב היה בלעדיהם.
מבצעי היחידה מתקיימים במרחב שבין ""המעז מנצח"", סיסמתה המוכרת של היחידה (שהגה מקימה ומפקדה של יחידת SAS הבריטית דייויד סטרלינג), לבין הגישה שניתן לתמצת במשפט: ""גבול ההצלחה הוא הכישלון"" (עמ׳ 153). לאור זאת ובהתאם לעצה שקיבל מאביו, הרמטכ""ל והשר לשעבר חיים בר-לב, שמהפכות עושים בהתחלה, הוא ""שחט"" שורה של שורה של ""פרות קדושות"" שלא נוגעים בהן, ומכאן שם הספר. אמנם היו אלה ""פרות"" שהיו מועילות מאוד בעבר, אבל הרלוונטיות שלהן לאתגרי ההווה פחותה. 
""על סמך ניסיוני המבצעי, עוד לפני שמוניתי למפקד היחידה, זיהיתי כמה נקודות תורפה בהוויה המבצעית הקיימת. חלקן בתפיסה המבצעית ובאופן מימושה, וחלקן בתחום האמל""ח (אמצעי לחימה). כמה חודשים לאחר כניסתי לתפקיד, ועוד לפני המבצע הראשון, התברר לי כי גם נושא ההסתערבות אינו ברמה שהניחה את הדעת, וכי חייב לבוא שינוי גם בעניין זה"" (עמ׳ 65). בר-לב מיסד ומיקצע את תחום הסיערוב ביחידה והאריך את משך שירותם של הלוחמים ביחידה באמצעות שירות קבע, כדי לשמר קאדר לוחמים מנוסה.
""בשנה הראשונה לפיקוד ביצענו שני מבצעי סיכול ממוקד של מחבלים, התאמַנו לחיסולו של אבו ג׳יהאד בביתו באחת מבירות ערב, והתכונַנו לביצוע חמישה מבצעי מודיעין. הראשון מבצע רגלי, ולאחריו ארבעה מבצעים רכובים. נדמה לי כי מאותה שנה ועד היום לא היתה עונה מבצעית עמוסה כל כך, ובצדק"" (עמ׳ 104). 
בדצמבר 1984 ביצעה היחידה בפיקודו מבצע מודיעיני בסוריה, ""עמוד האש"" שמו. בר-לב פיקד מהחפ""ק ואילו על הכוח הרכוב בשטח פיקד מפקד הפלגה, סרן שחר ארגמן (לימים מפקד היחידה ותא""ל). במהלך הנסיעה ליעד התהפך אחד מכלי הרכב. אחד הלוחמים, ברק שרעבי, נהרג ומספר חיילים אחרים נפצעו. אף שבר-לב תיאר בספר את האירוע בפרטי פרטים, והסביר כיצד הכוח בפיקוד ארגמן גילה תושייה וחילץ עצמו בהצלחה (תיאור האירוע דרמטי וכמו קופץ מבין הדפים), הרי שעל המבצע נכתב רבות ואין מה להרחיב עליו כאן.
את משבר ""מבצע הגִרבּוץ"" ירש ראש אמ""ן החדש, אלוף (לימים רמטכ""ל) אמנון ליפקין־שחק, שהחליף את ברק. עם האחרון, שהיה מפקד היחידה כשהתגייס אליה ובהמשך מינה אותו למפקדה, היה לבר-לב קשר קרוב שהיה מבוסס על אמון הדדי. עם ראש אמ""ן החדש, שאותו הכיר פחות, החלו היחסים מנקודה שונה. ""ליפקין־שחק היה לוחם, מפקד ומנהיג משכמו ומעלה, אך את חיל המודיעין ספק אם הוא הכיר, ודאי שלא את מערך המ""מ"" (עמ׳ 160). כאן להערכתי הגזים המחבר. ליפקין־שחק, שפיקד בין היתר על כוח הצנחנים במבצע ""אביב נעורים"" בביירות ב־1973 (שבוצע בשיתוף סיירת מטכ""ל והמוסד) וכיהן קודם כאלוף פיקוד המרכז הכיר היטב את האגף שבראשו עמד.
הפעילות המבצעית של היחידה באותה מדינת אויב נדחתה שוב ושוב ולבסוף, בינואר 1987, כתב בר-לב מכתב חריף לראש אמ""ן דאז, ליפקין־שחק, ""כדי להתגבר על משבר כזה בתוך מערך המ""מ ומסביבו יש צורך במנהיגותו של ראש אמ""ן"" (עמ׳ 203). מי שכותב מכתב חריף כזה או שמבקש להחיש את פיטוריו או שנהנה מיחסי אמון קרובים עם מפקדו. בר-לב זכה באפשרות השנייה וראש אמ""ן תמך בביצוע ""שמש חדשה"", מבצע להשגת מודיעין באותה מדינת אויב עלומה, עוד באותו החודש.
על המבצע פיקד רס""ן עמוס בן־אברהם, קצין יוצא היחידה שהיה אז סטודנט לרפואה שאותו הצליח בר-לב להחזיר לשירות קבע (לימים פיקד בן־אברהם על היחידה, על בה""ד 1 ועל אוגדה 720). ""בסוף ינואר 1987, שלושה שבועות לאחר הקריאה לראש אמ""ן להפגין מנהיגות, לאחר ארבע דחיות, ולאור הנחישות והדבקות במטרה שאותה הפגַנו, בוצע מבצע שמש חדשה ובהצלחה. עם עלות השחר חצה הכוח את קו הגבול – ולחיצות הידיים בחפ""ק החלו"" (עמ׳ 209). אמנם, לא הכל עבר חלק. ""תקלה בדרך שיבשה את תנועת הכוח. עמוס, בדרכו היצירתית, מצא לה פתרון מבצעי שאִפשר לכוח לפנות לציר תנועה אלטרנטיבי שתוכנן מראש"" (עמ׳ 209).
לדברי בר-לב, ""היתה זו הוכחה מבצעית ראשונה לתקפותו וליעילותו של הקונספט המבצעי שאותו תכנַנו, שלאורו התאמַנו, ולבסוף גם ביצענו. ומעבר לכול, הוכחנו כי למרות התובנות הדרמטיות והעירנות של האויב, סיירת מטכ""ל מסוגלת וממשיכה לספק מודיעין איכותי למדינת ישראל"" (עמ׳ 209). היחידה קיבלה צל""ש רמטכ""ל על המבצע.
במשך שנים נחשבה כהונת בר-לב ביחידה לפחות מוצלחת. הספר הסביר למה, הבהיר שהיו גם נסיבות שלא בשליטתו ובשליטת היחידה ותיאר כיצד שורה של שינויים ומהלכים שיזם סייעו ""להוציא את העגלה מהבוץ"" ולהפוך את היחידה לרלוונטית לאתגרים של זמנה ולעתיד. מחליפו היה משה ""בוגי"" יעלון. בספרים אחרים על היחידה נכתב כי ראש אמ""ן דאז, ליפקין־שחק, חש שנוכח התקופה הסוערת שעברה היחידה דרוש לו קצין יוצא דופן באיכותו. יעלון, פקוד ותיק שלו מהצנחנים ומי ששירת קודם ביחידה כמפקד פלגה וסגן, היה הבחירה הטבעית. כשסיים בר-לב את הפיקוד על היחידה הוא השאיר ליעלון במשרד המפקד מתנת פרידה וברכה קצרה: ""החומר בידך, הרוח היא שלך"" (עמ׳ 216). קשה לתמצת טוב יותר את האתגר שעמד לפתחו.
תחת הפיקוד של יעלון חוותה היחידה רצף הצלחות מרשים (שנשען לא מעט על שינויים ותכנונים שיזם בר-לב בכהונתו). בספרו האוטוביוגרפי ""דרך ארוכה קצרה"" (המהדורה המעודכנת והמורחבת מ־2018), סיפר השר והרמטכ""ל לשעבר, כי אמנם השתחרר כסמל ""בנח""ל המוצנח"" (עמ׳ 47) אך שב לקבע ב־1973, לאחר המלחמה. ""באתי לפקד על סיירת מטכ""ל לאחר שעשיתי תפקידי מ""מ ומ""פ בצנחנים, ושרתי כמפקד סיירת הצנחנים, כמג""ד וכסמח""ט. בניגוד אלי, רוב קציניה ומפקדיה של ""היחידה"" הוכשרו, התחנכו וגדלו בתוכה, ומעולם לא יצאו אל יחידות שמחוצה לה"" (עמ׳ 61). זה נתן לו יתרון משמעותי על פקודיו וגם ניסיון קרבי שלרוב לא רווח ביחידה.
המבצע הבולט ביותר בכהונתו היה מבצע ""הצגת תכלית"", חיסולו בביתו בתוניס של רב־המחבלים אבו ג׳יהאד, שהיה אחראי לשורה של פיגועים ולרציחתם של ישראלים רבים, בליל ה־16 באפריל 1988. ברובם המכריע של המבצעים, כתב יעלון, ""מפקד היחידה מפקד על המבצע מהחפ""ק, משום ששם מרוכזת תמונת המצב המדויקת ביותר לצורך קבלת החלטות. במקרה זה, בגלל ההתפתחויות השונות שהיו עשויות להתרחש תוך כדי הפעולה, היה לי ברור כי עדיף שאצטרף לכוח ואפקד על המבצע מהשטח. החלטה כזו מחייבת אישור ראש אמ""ן ורמטכ""ל, והאישור אכן ניתן"" (עמ׳ 65).
לאחר נוהל קרב יסודי, סיפר תוך שהוא מקמץ בפרטים, ""בלוח זמנים קצר יחסית, המבצע בוצע בהצלחה"" (עמ׳ 65). כוח היחידה, בפיקוד יעלון, נחת מן הים בחוף תוניס, בסיוע שייטת 13, התגנב לביתו של אבו ג׳יהאד והרג אותו ואת שומריו מבלי לפגוע במשפחתו. אין עוררין שכהונת יעלון היתה מוצלחת מאוד, אבל ספק אם היתה כזו לולא המסילות שעליהם הניח בר-לב את היחידה.",1027882,פרות קדושות,עֹמר בר-לב,,ידיעות ספרים,2026,250,עיון,ביוגראפיות,https://cdn.simania.co.il/bookimages/covers102/1027882.jpg?v=1782506648021,https://simania.co.il/bookdetails.php?item_id=1027882,https://simania.co.il/showReview.php?reviewId=137925,"""העוצמה האנושית שמגיעה לידיך כמפקד סיירת מטכ""ל היא זיקוק של כלל היכולות במדינת ישראל. עוצמות טכנולוגיות כמעט אין-סופיות משרתות אותך, ומערכתית אתה עצמאי לחלוטין. בתמורה לכך, מצופה מהיחידה וממך לפרוץ כל מסגרת"". 

עֹמר בר-לב קיבל את הפיקוד על סיירת מטכ""ל ב-1984 למשך שלוש שנים, שבהן עורר את הצורך לאתגר את המערכת ללא הרף. להבין מראש את מה שהוא מכנה ""הסכנה שבהרגל ובהצלחה"", או במילה אחת - ""הקונספציה"". 

בספרו פרות קדושות הוא מתאר את האתגרים שנערמו בתקופתו בפני סיירת מטכ""ל וחיל המודיעין; את הדילמה שבין קריאת תיגר ושינוי לבין היצמדות למוכר ולידוע; את הקשיים החיצוניים, הלחצים, המאבקים הפנימיים ואת האחריות והבדידות של מי שניצב בראש הפירמידה המבצעית.
 
בר-לב מעניק לכל אלה, בדיעבד, תובנות, שביכולתן לשמש לא רק מפקדים, אלא גם מנהלים בכלל, ולמעשה כל אדם, שיוכל להשליך מהן על חייו, על הקריירה שלו, על הדרך לשבור קונבנציות וקונספציות, כאלה שהוא מעולם לא חשב שאפשר וצריך לשבור אותן. 
 
לסיירת מטכ""ל, כמו לרבים בצה""ל ומחוצה לו, היו פרות קדושות. מסורת, תרגולות, ושיטות שנחקקו בסלע ולפעמים בדם, ובמילה אחת - ""קונספציות"". בר-לב, בסכין קצבים מטפורי, ניסה לשחוט כמעט את כולן. בלא מעט מקרים הוא גם הצליח. בלא מעט מקרים היה לכך מחיר. 

עֹמר ישראל בר-לב כיהן כשר לביטחון הפנים מטעם מפלגת העבודה וכחבר כנסת. יזם היי-טק, מקים תנועת ""אחריי!"" ואגרונום. בעל תואר שני ביחסים בינלאומיים ובאסטרטגיה. אל""מ (במיל') בר-לב, מלבד פיקודו על סיירת מטכ""ל ועל חטיבה, היה גם חלק מצוות המשא ומתן עם הפלסטינים על הסכם אוסלו, ולאחר מכן חבר בצוות הסכם השלום עם ירדן.","סיפורו של מפקד סיירת מטכ""ל",,,,,,,,he,Paperback,,,1,38,0,1,1
137924,2026-10-06T02:04:48.000Z,5,3,ליליאן די,325886,"יש ספרים שנבלעים בנשימה אחת, וישנם כאלה שמאלצים אותך לעצור, להאט את הדופק ולהקשיב לכל מילה. ""אבנים מן הנהר"" שייך לזן הנדיר והמדויק הזה, שבו העלילה אינה רוכבת על גבי השפה, אלא צומחת מתוכה ממש. זהו ספר שאינו מאפשר ריפרוף חפוז; דילוג של כמה משפטים שקול לאובדן של חוט שלם ברקמה הדקה, משום שכל פסקה של אורסולה הגי נושאת משקל סגולי גבוה, דחיסות פסיכולוגית ויופי שקט. במובן הכי עמוק ומחמיא, השפה שלו פשוט ""לא זורמת"" – היא תובעת שהות מלאה ונוכחות טוטאלית.
במרכז היצירה עומדת טרודי מונטאג, גמדה הנולדת בעיירה הגרמנית בורגדורף ערב מלחמת העולם הראשונה וצומחת אל תוך המאה העשרים לצד אביה לואי, מנהל ספריית ההשאלה המקומית והעוגן השפוי של חייה. הגי מבצעת כאן הישג ספרותי מופלא: למרות שהרומן כתוב בגוף שלישי, הוא מייצר אינטימיות כה חודרת וצלולה, עד שנדמה לרגעים כי הוא נמסר מגוף ראשון. הבחירה הזו מונעת כל גלישה למלכודת של קורבנות או סחיטה רגשית זולה, ומעניקה לטרודי הדרת כבוד ואצילות. אנחנו יושבים בדיוק מאחורי הרשתית שלה, מביטים בעולם מגובה עיניה הייחודי, ורואים מבעד לסדקים את מה שהסביבה מתאמצת להסתיר.
טרודי רחוקה מלהיות קדושה מעונה, וזה בדיוק מה שהופך אותה לדמות בשר ודם. בתחילת דרכה, הדחייה החברתית הקשה והפגיעות שחוותה מלמדות אותה לבנות חומות של הימנעות – ההבנה שכל התערבות של אביה רק תחריף את הלעג היא לקח כואב שכל אשת חינוך תזהה מיד גם בין כותלי הכיתה המודרנית. מתוך השקיפות הזו, שבה אנשים דיברו לידה בחופשיות פשוט כי לא ספרו אותה כנוכחת, צומחת טרודי כ""אוספת הסודות"" של העיירה. היא אינה מהססת להשיב מלחמה כשהיא נפגעת, כמו בחשיפת הכתם של אווה שדחתה אותה, ובהמשך, כשהעיירה כולה הופכת אותה למעין תא וידוי מהלך. זוהי אירוניה חדה: האנשים מעריכים אותה ומפקידים בידיה את חולשותיהם, אך טרודי נותרת כלואה בעיוורון עמוק כלפי האהבה שרוחשים לה, כמהה לקשר אנושי פשוט ושוויוני ולא רק למעמד תועלתני של שומרת סף.
המורכבות הזו מתפרצת בשיאה במערכת היחסים המפעימה שלה עם מקס. הניסיון הראשוני שלה לחבל בפגישה ביניהם, מתוך שכנוע פנימי עמוק שאף אחד אינו רואה אותה באמת, מתנפץ מול היכולת הנדירה שלו לפרק את השריון שבנתה. בדיאלוגים חדים ורוויי סאבטקסט, מקס מעמיד מולה מראה צלולה, מטיח בה את האופן שבו היא משתמשת בגופה כמגן וככלי נשק כדי להדוף אינטימיות, ובוחר בה – במכלול השלם והפגום שלה – באפס קיטש. זוהי כתיבה פסיכולוגית כירורגית במיטבה, שמצליחה לגעת בפצעי הטראומה בלי שמץ של זיוף.
כשהרוע הנאצי מתחיל לחלחל אל בורגדורף, הרומן גובה מחיר רגשי כבד דווקא משום שהגי נמנעת מתיאורים גרפיים ישירים. הזוועה חודרת עמוק מתחת לעור מפני שהמפלצות התורניות אינן דמויות מופשטות, אלא אותם ילדים שהכרנו בחציו הראשון של הספר; לראות את הילד שהחזקת בזרועותייך ואמו חלקה עמך אגסים הופך לקנאי שמוסר את אמו שלו למולך – זו קריסה מוסרית מצמררת שחונקת את הגרון. הלב נקרע מול ההתעללות ביהודים שנלקחו ברכבות ולא חזרו מעולם, והדיוק שבו הגי מתארת את שריפת הספרים, את חילול המרחב המוגן של הספרייה ואת האמנזיה המוסרית המהירה שמשתלטת על העיירה מיד עם תום המלחמה, חושף את עליבותו המוחלטת של הקונפורמיזם האנושי מול פני האסון.
החלקים המאוחרים של חייה של טרודי שוברים לב בעוצמת בדידותם. ההיאחזות הנואשת בתינוקת חנה, כמיהתה להורות שלעולם לא תתממש, וההתרוקנות ההדרגתית של חייה מאנשים אהובים שנעלמו בעשן ההפצצות או נשחקו תחת הזמן, משרטטים דיוקן אצילי ומכאיב של אישה שמשאה האישי כבד מנשוא.
על רקע העוצמה הפנומנלית הזו, סיומו של הרומן מותיר תחושת החמצה קלה. אין מדובר בעלילה – היה ברור לחלוטין שהטקסט מחייב פרידה של ""קול דממה דקה"" ולא זיקוקין די-נור – אלא בעומק הכתיבה באקורד הסיום. ההתכנסות הפתאומית אל זיכרון בודד ותובנה כמעט שגרתית על אודות טבעם של סיפורים מרגישה צנועה ומינורית מדי ביחס למשא הנפשי הכביר שהספר דרש לכל אורכו. במקום מכת מחץ פילוסופית שתמשיך להדהד בתודעה, נרשמת נחיתה מעט רכה וסולידית.
ועדיין, מדובר ביצירה ספרותית גדולה, עמוקה ומטלטלת. ""אבנים מן הנהר"" הוא רומן שלא שוכחים בקלות, כזה שמביט באומץ אל מעמקי הטבע האנושי, חושף את מחיר השונות ומזכיר כיצד בתוך עולם מרוסק ומלא שכחה, דווקא מי שנדחקה אל השוליים היא זו שנשארת המצפון הער והפועם של כולנו.",16933,אבנים מן הנהר,אורסולה הגי,עדי גרינצבורג-הירש,מודן,1999,444,ספרות,ספרות מתורגמת,https://cdn.simania.co.il/bookimages/covers1/16933.jpg,https://simania.co.il/bookdetails.php?item_id=16933,https://simania.co.il/showReview.php?reviewId=137924,"טרודי מונטג היא גמדה, חריגה, לא רצויה  -  והיא קולם של אלה המנסים להשתלב. טרודי נולדה בעיירה קטנה בגרמניה בימי מלחמת העולם הראשונה, והתבגרה בתקופה שבה היחס לחריגים מכל סוג שהוא הפך עויין יותר ויותר. במלחמת העולם השניה טרודי היא צעירה, המקצינה את שונותה עוד יותר בהתנגדות למשטר בדרכה השקטה  -  היא נותנת מסתור ליהודית במרתף ביתה. אורסולה הגי מביאה דרך עיניה של טרודי את סיפורה של גרמניה בימי המלחמות, על הכיעור, הדחייה, האכזריות ונקודות האור -  והגחמה  -  המעטות שבה. אורסולה הגי מתארת את סיפורהן המתרקים של טרודי ושל העיירה, השזורים יחד למארג של עוצמת רגשות, אנושיות ואמת. ``רומן בלתי נשכח... שאי אפשר להניחו מן היד``. לורנה שפירו, ``ניוזוויק`` אורסולה הגי חייתה עד גיל 18 בגרמניה. בנוסף על ``לצוף בכף ידה של אמי`` חיברה את ``פלישות`` ואת ``הנאות שאין ראויים להן וסיפורים אחרים``. היא מכהנת כפרופסור לכתיבה יוצרת באוניברסיטת איסטרן וושינגטון, ומתגוררת ליד ספוקן שבמדינת וושינגטון בארצות הברית.",,Stones from the River / Ursula Hegi,,,,20-49118,,,he,Paperback,4.3,23,7,5700,41,1,1
137923,2026-10-05T17:12:35.000Z,0,6,המורה יעלה,59080,"זה ספר ראשון של נעה ידלין שאני קוראת, לאחר ששמעתי את השם הזה רבות.
אין ספק שהיא יודעת לכתוב טוב, אבל אולי זו חלק מהבעיה של הספר הזה - 
סופרת כמו נעה ידלין לא צריכה ממש עלילה, כי נראה שהיא יודעת לכתוב גם לספר מתכונים עלילה וזה יישמע ממש טוב ויגרום לך להיכנס לסיפור...
רק שאין פה באמת סיפור. 
זה מסע בין אוסף של זיכרונות של המורה ששכחתי את שמה מתלמידים. הזיכרונות אחרי שלושים שנה כמובן לא אובייקטיביים ונשענים בעיקר על ספר המחזור.
לא פלא שרבים מהתלמידים שהיא טורחת וקובעת איתם פגישה לא מבינים מה היא רוצה מחייהם ולמה זה מה שהיא זוכרת מהם...
כי מי מאיתנו נשאר עם אותם תחומי עניין, אותן התנהגויות ואותן בעיות וחברים מגיל 17? וגם אם כן - עד כמה אפשר, אם באמת יש פה איזושהי חקירה עצמאית של פשע עד כדי פנייה למשטרה - להסיק מסקנות לגבי זהות התלמיד נוטר הטינה, ולהאמין שעד כדי כך קלעו לעומק האישיות של כל תלמיד החברים לכיתה שכתבו עליו חמשיר לא ממש מוצלח?...
גיבורת הספר כן מאוד תואמת לדמות טיפוסית מעולם ההוראה - אבל קלישאה לא ממש מחמיאה של מורה. כזאת שבעצמה לא עושה שיעורי בית, כי היא את הבגרות שלה כבר עשתה.
בדיוק כמו רשימת מתכונים שמפרקים לרכיביה במקום פשוט... לא יודעת -  לבשל על פי המתכון???
בכל אופן, הנושא המקשר בין התלמידים, שהם פשוט סתם אנשים גנריים בני חמישים (ומה שמדגים עד כמה שמערכת החינוך לא פתוחה הם הסיפורים ה""עמוקים"" שלא ידענו עליהם בנעוריהם כיציאה מהארון או חזרה בתשובה) הוא פשע שעומד להתרחש, לכאורה.
יש פה איזושהי חקירת פשע עצמאית, עם איומים מרומזים כלפי מורה שעומדת לקבל פרס חשוב מאוד, אבל יש מישהו שתפקודה החינוכי לא הטיב עימו (רק אחד?).
ונראה שסיפור כזה לא היה מתרחש במציאות, מה שהפחית את מידת העניין שלי בספר.
הוא פשוט יותר מדי מסונן ו""מרופד"" מילולית - כמו שגיבורת הסיפור אוהבת לטעון שכולם חייבים לעשות... לרפד את המילים שלהם. 
אני חושבת שאם זה היה ספר נוער שלא מתרחש בעבר הרחוק זה היה הרבה יותר מעניין, לפחות לתלמידים של היום שמסתקרנים לדעת איך המורים רואים אותם...
וזה פחות רלוונטי לאנשים בני חמישים שהמורים שלהם הם זיכרון עמום.",1028576,הטעויות,נעה ידלין,,כנרת זמורה דביר,2026,320,ספרות,ספרות מקורית,https://cdn.simania.co.il/bookimages/covers102/1028576.jpg?v=1788533183113,https://simania.co.il/bookdetails.php?item_id=1028576,https://simania.co.il/showReview.php?reviewId=137923,"עבור דפנה שמיר, מחנכת ומורה ותיקה ומוערכת, הזכייה בתחרות ""המורה של ישראל"" מגיעה בדיוק ברגע הנכון: בעלה זה ארבעים שנה עזב את הבית, בנותיה מרוחקות ממנה – האחת פיזית והשנייה רגשית – וקרנו של המקצוע שלו הקדישה את חייה נמצאת בירידה מתמדת. 

אבל בעודה נהנית מהתהילה הרגעית ומנסה לבחור שמלה לטקס, דפנה מקבלת מסר מאיים, ואז עוד אחד, ועוד ועוד: הכותב, שאינו מזדהה בשמו, טוען שהרסה את חייו ושעליה לוותר על הפרס. אם היא לא תעשה זאת – ידאג לכך בעצמו.

לרשותה של דפנה עומדים שבועות ספורים כדי לברר במי מדובר, ליישר את ההדורים ולוודא שאיש לא יחבל בערב הגדול של חייה. היא יוצאת למסע אל עברה ובין תלמידיה הראשונים – אז נערות ונערים בני שמונה־עשרה והיום אנשים בני חמישים; ובתוך כך נאלצת להישיר מבט אל השגיאות שעשתה ולבחון מחדש את חייה.

הטעויות הוא רומן מתוחכם ומתעתע, המעוצב כעלילה בלשית מרובת חשודים ותפניות. בסגנונה הריאליסטי החד־פעמי טווה נעה ידלין יצירה מעוררת מחשבה ונוגעת ללב על הדרך הארוכה בין התבגרות לבגרות; על ההחלטות שמשנות את חיינו לבלי שוב; על הדברים שאנחנו מבקשים לזכור ועל אלה שאנחנו מנסים לשכוח.

נעה ידלין היא כלת פרס ספיר ופרס היצירה לסופרים ולמשוררים. ספריה, ובהם בעלת הבית, שטוקהולם, אנשים כמונו והספר הלא נכון, היו לרבי־מכר, תורגמו לשפות זרות ועובדו לטלוויזיה ולתיאטרון.",,,,,,,,,he,Paperback,,,1,90,1,0,1
137922,2026-10-05T15:17:05.000Z,0,5,ליאור,78791,"לאורך כל הספר הזה, ריחף בתודעתי ""רגטיים"", הספר  של דוקטורוב, אותו קראתי לפני עשרות שנים.
המשותף לשני הספרים הוא מאבקו של היחיד (פה בספר - שני יחידים שהם כמו ישות אחת) במה שנתפס כחוסר צדק - ממסדי, מדינתי, עירוני או אפילו קוסמי.
גם כאן, כמו ברגטיים, דוקטורוב מתאר את החברה האמריקאית, את ההזדמנויות שמציעה אמריקה לאדם ומולן את הפרט הנדרס תחת גלגלים שאין בהם שמץ אנושיות - בירוקרטיה, אטימות, חוסר אמפטיה וכאמור - לא פעם חוסר צדק.
הרעיון המנחה הוא חזרתה של ההיסטוריה על עצמה ובעיקר חזרת הפרטים המרכיבים אותה על עצמם ומכאן הרעיון של לנגלי להוציא עיתון המדווח על כל האירועים שהתרחשו, מתרחשים ויתרחשו, כאילו מעולם לא היה בהם חידוש.
מי כמונו, שחיים במקום בו ההיסטוריה חוזרת על עצמה (לרוב- לצערנו) מכירים את התהליך הזה.",934812,הומר ולנגלי,אדגר לורנס דוקטורוב,ניצה פלד,ידיעות ספרים,2010,183,ספרות,ספרות מתורגמת,https://cdn.simania.co.il/bookimages/covers93/934812.jpg,https://simania.co.il/bookdetails.php?item_id=934812,https://simania.co.il/showReview.php?reviewId=137922,"האחים הומר ולנגלי קולייר חיים בבדידות בניו יורק, בבית בעל עבר מפואר בשדרה החמישית. הומר, המספר, הוא עיוור בעל אינטואיציות חזקות, פסנתרן שהמוזיקה משמשת לו עוגן כמעט יחיד בחייו; לנגלי לקה בשיגעון - או שמא בגדלות - כתוצאה מפגיעת גז חרדל במלחמת העולם הראשונה. האחים - שדוקטורוב יצר בהשראת דמויות אמיתיות אשר על שמן קרויה תסמונת הצברנות הכפייתית, תסמונת קולייר - מלקטים מרחובות העיר חפצים שעשויים לדעתם להיות להם למועיל, ואוגרים עיתונים יומיים לצורך תחקיר עבור העיתון הנבואי ל עת שלנגלי שואף להוציא לאור. ועם זאת משתקפים אירועי המאה העשרים בחייהם. כי אף ששני האחים אינם רוצים אלא לעצור את העולם על סף דלתם, ההיסטוריה כמו חודרת לביתם הכאוטי בדמויותיהם של מהגרים, זונות, נשות חברה, סוכנים של הממשלה, גנגסטרים ונגני ג'ז. וכך נטענים חיי ההסתגרות שלהם בביתם בתלאות מאבקם לשרוד ולהקנות משמעות ואהבה לחייהם.

""במובן מסויים אני רואה בהומר ולנגלי רומן מסע: שני אנשים שעושים דרכם יחד ועוברים הרפתקאות משותפות, אף שבעצם אינם יוצאים כמעט מהבית. בזכות האספנות שלהם הם בעיני אוצרים של חייהם ושל זמנם, וביתם הוא מוזיאון החיים של כולנו. שני אחים שבחרו להתנתק מן הציוויליזציה וגררו בעקבותיהם את העולם""
 - א.ל. דוקטורוב",,,,,,362-4086,פרוזה,,he,Paperback,4.3,8,4,2110,18,0,1
137921,2026-10-05T14:40:08.000Z,0,5,פרל,81926,"""בכל פעם שאתם שומעים שהצבא לא רצה משהו, זה לא בגלל שהצבא לא רצה, אלא בגלל שהדרג המדיני אומר לך לקנות, ולא אומר על חשבון מה. הוא לא נותן לך תקציב"" (מתוך עדות הרמטכ""ל לשעבר גבי אשכנזי לוועדת החקירה הממלכתית לפרשת הצוללות, עמ׳ 51).

 הספר ""שחיתות במצולות"" מאת עו""ד סא""ל (מיל׳) ד""ר אליעד שרגא (הוצאת כנרת־זמורה־דביר, 2026) חושף לראשונה, בשורת גילויים חדשים, את פרשת השחיתות החמורה ביותר שהתרחשה אי פעם במדינת ישראל, ואשר פגעה אנושות בליבת קודש־הקודשים של הביטחון הלאומי: כלי־הנשק הימיים האסטרטגיים של צה""ל. שרגא, סגן אלוף (מיל׳) בצנחנים, מומחה למשפט מנהלי וחוקתי, כתב שבעה ספרים בנושאים אלה ובמקביל הוא הקים ומשמש כיו""ר התנועה לאיכות השלטון בישראל ועשה זה כארבעה עשורים במאבק בשחיתות בישראל. 

הספר נפתח בפרק ובו סיפור אישי של המחבר מימי מלחמת המפרץ (1991). שרגא, יוצא גדוד הצנחנים 202 שימש, כמפקד פלגה ביחידת מילואים מובחרת ""באוגדה 98, שייעודה הוא הנחתת כוחות קומנדו של צה""ל מאחורי קווי האויב"" (עמ׳ 16). בעת ששליט עיראק סדאם חוסיין איים לשגר טילי סקאד לעבר ישראל נערך צה""ל לפעולה בעומק עיראק. ""האימונים המשיכו ביתר שאת גם בשלב שבו טילים בליסטיים כבר נחתו מדי יום בערי גוש דן. במקביל לאימונים עקבנו אני וחבריי בדריכות אחר החדשות והדיווחים על היקף הנזק, כדי להבין אילו דגמי טילים נחתו ואם היו נפגעים. כדי להיערך, קיבל קבינט המלחמה, בראשות ראש הממשלה דאז יצחק שמיר, החלטה שלפיה ינחית צה""ל כוחות מיוחדים בלב עיראק, שיפעלו יחד עם טייסי חיל האוויר כדי לפגוע במשגרי הטילים שם"" (עמ׳ 11). שרגא, שכקצין מילואים לחם (כמו אבי) בשורות גדוד הסיר של הצנחנים, שעליו פיקד דורון אלמוג, במלחמת לבנון הראשונה, היה מפקד מנוסה. ""הכוח שעליו פיקדתי מנה חמישה צוותים, שתודרכו כיצד להגיע למקומות מבודדים בעיראק. כל צוות תרגל כיצד לפעול בנפרד, בנקודה המרוחקת עשרות קילומטרים מהצוות הקרוב אליו. בכל צוות היו 16 לוחמים, ובהם רופא, שיונחתו במדבר במסוקי תובלה גדולים. בכל מסוק היו שני ג'יפים. מיד לאחר הנחיתה, בחסות החשכה, היה עלינו לצאת לעבר היעדים שנקבעו, לחפור במהירות בקרקע ולהיעלם מתחת לפני האדמה עם כלי הרכב, הנשקים והציוד. ברגע הנכון היינו אמורים לשלוף מהמסתור אמצעי תצפית ומכשור שיאפשרו יצירת קשר עם מטוסי חיל האוויר שלנו, וכן ציוד לראיית לילה, כדי לאתר את כוחות האויב ולפגוע בהם. הכוונה הייתה לוודא שמשמרות הרפובליקה לא יוכלו לשגר טילים הנושאים ראשי קרב כימיים או ביולוגיים, ולפגוע בכוחות העיראקיים כדי שלא יוכלו לקדם גייסות לעבר ישראל "" (עמ׳ 11).

""זו הייתה אופרציה יומרנית. תחילתה בבטן מסוקי התובלה, שיתדלקו באוויר כדי לעבור מרחקים ארוכים במסלול מפותל ויקרבו אותנו אל היעד. עם ההנחתה הייתה אמורה להתחיל הפעולה היבשתית. הצוות שלי היה אמור לנווט במדבר אל הנקודה המרוחקת ביותר, שבה נהר החידקל מתקרב לנהר הפרת, להסתתר במיקום שממנו ניתן לתצפת על הגשרים"" (עמ׳ 11) שעל הנהרות ואז לארוב לכוחות משמר הרפובליקה העיראקי. ""אז היה עלינו ליצור קשר עם הטייסים, כדי שיכוונו את החימוש שישוגר ממטוסי הקרב"" (עמ׳ 12). ""בלילה הראשון היינו אמורים לנווט 150 קילומטרים ולקוות שאף בדואי מקומי לא יבחין בנו. קיבלנו תדריך מפורט שלא חסך בתיאורים על אכזריותם של העיראקים. לימים התברר שיחידת הקומנדו הבריטית SAS נשלחה למשימה דומה, אך לוחמיה נחשפו על ידי מקומיים ונלכדו"" (עמ׳ 12). אמנם, כתב, היה ברור ""שלא מדובר בפתרון צבאי מושלם. למרות זאת, היינו להוטים לבצע את המשימה, בידיעה שהעורף חשוף ושאין דרך אחרת להגן על האזרחים. כל טיל בליסטי שנחת בישראל רק הגביר את המוטיבציה שלנו"" (עמ׳ 12). אבל, כתב, ""זמן קצר לאחר מכן האמריקנים התחרטו, ומישהו בפנטגון החליט שלא לתת לישראל את מה שהיה חיוני יותר מכול: לעדכן את טייסי חיל האוויר בקודים של ""עמית טורף"". למעשה, היה בכך משום הטלת וטו על ממשלת ישראל, שבלי דרך אחרת לפעול מול אויב כה מרוחק נתפסה בחוסר אונים"" (עמ׳ 15). בישיבת הקבינט, סיפר המחבר, ""שר הביטחון משה ארנס, הרמטכ""ל דן שומרון, סגן הרמטכ""ל אהוד ברק ומפקד חיל האוויר אביהו בן־נון תמכו במהלך התקיפה בדיון שנמשך שעות ארוכות. בסופו של דבר, היה זה ראש הממשלה יצחק שמיר שהוביל את ההחלטה שלא לתקוף, ורק לימים הבנתי שפעל בשיקול דעת ובהיגיון. ללא קוד ""עמית טורף"" לא ניתן היה לזהות את כוחותינו ככוחות ידידותיים, והקואליציה הבין־לאומית, שנהנתה מעליונות אווירית בעיראק, הייתה מפילה את מטוסי ה־F-16 הישראליים, ואולי גם את מסוקי התובלה ובהם צוותי הסיירת. לכל מי שהיה מעורב בתוכנית ובאימונים היה ברור שבעתיד תצטרך ישראל למצוא דרכים יעילות יותר להתמודד עם איומים מסוג זה"" (עמ׳ 15). 

לאורך השנים במאבקיו הציבוריים, ""מה שעלול להיראות לאחרים כ""אי־סדרים"" בתחום הביטחוני מעורר אצלי חשש לפגיעה קטלנית בחיי לוחמים. אירוע צה""לי שלאחרים נראה ""בלתי תקין"" מדליק אצלי נורות אזהרה בנושאים של דיני נפשות. בכל הנוגע לסוגיות האלה, כנראה מדובר במשהו חזק ממני, ואני מתגייס למאבק יותר מאשר במקרים של שחיתות ""סטנדרטית"", שגם היא כמובן תופעה הרסנית, אך כזו שנזקיה מחייבים מאבק מסוג אחר, בין היתר מול מבול של תגובות פוליטיות, שחלקן רעילות וארסיות. לפני כמה שנים אמר לי אחד הפוליטיקאים, בבדיחות הדעת, שההחלטה של יצחק שמיר לא לשלוח אותנו לעיראק הייתה טעות נוראה. ""היינו נפטרים ממך כבר אז"", אמר לי בחצי חיוך, ""ולא סובלים מהצרות שאתה עושה לנו כל השנים"""" (עמ׳ 16). סיפור זה הופיע בפרק הראשון של הספר והשאיר אותי פעור פה. כמה יומרנות, יוהרה וטעויות עובדתיות בפרק אחד? ההכנות לפעולה בעיראק היו בבחינת רעיון ללא בשלות מבצעית ומפקדים באוגדה 98 גם סיפרו לי בשעתו שטוב עשה יצחק שמיר שביטל את המבצע. יתרה מכך, זה מן המפורסמות שהרמטכ""ל דאז, דן שומרון (בעצמו צנחן עם ניסיון עשיר בפעולות בעומק האויב וביעדים מרוחקים) התנגד לפעולה. בכל האמור בצנחנותו (ובצנחנים אני מבין משהו) ניכר כי האיש מלא מעצמו וחבל. מדוע חבל, כי ניכר שבתחום המאבקים הציבוריים כוחו רב, ותרומתו לחברה הישראלית רבה וחשובה ולא היה צורך לעטוף אותו בנוצות מיותרות. במיוחד בשל הכתיבה הקולחת, השליטה בפרטים והעובדה שהם מהווים אוסף מטריד של פרשות, לא ברור לי מדוע כרך בראשית הספר את הפרק הראשון המיותר והנפוח. מה גם שיש בו לפחות כמה טעויות עובדתיות שמטילות צל מיותר על היסודיות והקפדנות שבהם מוצגים פרטי הסיפור שלפנינו. מוטב היה ללא פרק זה (או, אם מוכרחים אצטלה של קצין רב מעללים, להביא פרק אחר מחייו). 

שרגא פירט בספר איך בוטל מכרז בין־לאומי, כדי לרכוש ארבע ספינות־שטח דווקא מתאגיד טיסנקרופ, אחרי שצה""ל התנגד לכך; כיצד נעשה ניסיון שלא ייאמן להעביר את מספנות חיל הים בחיפה לידיים פרטיות בעבור בצע כסף; ואת הדרמה שהתחוללה בברלין, כשנשיא המדינה רובי ריבלין נשלח על ידי שר הביטחון, לבצע משימת איסוף מודיעין. והחמור מכל: הספר מראה כיצד, מאחורי גבה של מערכת הביטחון, קיבלו הגרמנים אישור לבנות למצרים ארבע צוללות תקיפה מתקדמות, על אף שהאחים המוסלמים היו כבר בדרכם לשלטון, בעסקה שהוסתרה מצה""ל – עד שהיה מאוחר מדיי. במרכז הספר ניצבת דמותו של ראש ממשלת ישראל, בנימין נתניהו, שהוביל וקידם, בניגוד לכל הנהלים, עסקאות הנגועות בשחיתות, כאשר בני משפחתו הקרובים עשויים להרוויח מהן הון עתק. על חלקו בפרשה כבר נקבע בדו""ח־הביניים של ועדת החקירה הממלכתית, כי נתניהו ""פגע בביטחון הלאומי וביחסי החוץ של מדינת ישראל"" (עמ׳ 281).
 
שרגא תיאר בספר תיאור מטלטל של קנוניה שנרקמה כדי לרכוש לחיל הים במיליארדי דולרים צי ובו תשע צוללות וספינות-נגד-צוללות (נצ""ל), שאין בהן צורך. כדי להמחיש זאת הביא בין היתר את עדותו של הרמטכ""ל לשעבר, גבי אשכנזי, בפני ועדת החקירה הממלכתית בראשות נשיא בית המשפט העליון לשעבר, השופט אשר גרוניס. אשכנזי תיאר בעדותו כיצד מגבש הצבא את התוכנית הרב־שנתית (תר""ש). ""כל הדבר הזה מגיע לשולחן המטה הכללי ועושים דיון עמוק למה אנחנו צריכים להיערך. אנחנו מסתכלים בטווח התכנון על עשר שנים, מתקצבים חמש שנים ובונים כל שנה מחדש. מנסים להגדיר בפני אילו אתגרים ואיומים, בשפה המקצועית, הצבא יצטרך לעמוד. זה דיון מאוד עמוק וקריטי, מפני שאם אנחנו נטעה, נבנה לא נכון את הכוח"" (עמ׳ 53). לדבריו, השאלות שבהן עוסקת התר""ש הן קריטיות. ""למשל, תרחיש הייחוס והמענה: האם נערכים למלחמה בו־זמנית בשתי חזיתות, או באופן מדורג? זו שאלה קריטית, כי אם צריך להיערך לשתי חזיתות, זה משפיע על גודל הכוח. ויש גם את שאלת משך המלחמה"" (עמ׳ 53). זהו דיון שעוסק בניסיון לתכנון עשור קדימה. מדוע עשור? ""אל""ף, בשל מגבלות התחזית, ובי""ת – לפלטפורמות המרכזיות בצה""ל לוקח בערך עשור עד שהן נקלטות"" (עמ׳ 54). בנוגע לשאלת עצם הגדלת צי הצוללות הישראלי לשש השיב אשכנזי כי היה רוצה שמונה. השאלה מאיפה המימון. אבל אם מקורות המימון הם תקציב צה""ל הרי שאפילו אם הצוללת השישית תינתן בחינם הרי שעלויות האחזקה עצומות.

 ""קל לטעות בהערכת דמותו של הרמטכ""ל לשעבר. בעיני רבים הוא מצטייר בעיקר כקצין מחוספס, גולנצ׳יק שכישרונותיו ויתרונותיו מוגבלים ללחימה עם סכין בין השיניים. כל זה נכון, אך אשכנזי הוא גם אחד האנשים המנוסים ביותר בכל הנוגע לכלכלה צבאית ולתקצוב מערכות נשק"" ( עמ׳ 52). כרמטכ""ל, כתב שרגא, אשכנזי התנגד לרכש הצוללת השישית. ""לא יהיה כסף לנגמ""שים לגולני בשג׳עייה"" (עמ׳ 44) הזהיר את ראש הממשלה נתניהו. מנכ""ל משרד הביטחון דאז, אלוף (מיל׳) אודי שני, קצין שריון עתיר ניסיון, אף העיד לימים כי ""אנחנו לא מסוגלים לההחזיק שש צוללות"" (עמ׳ 44). אבל יותר מכל, סיפר שרגא, לאו דווקא סיפור השחיתות האפשרית ברכש הצוללות הטריד אותו כמי שבנה את הקריירה שלו על המאבק בשחיתות. ""הייתי נרעש ונסער, לאחר שהתחוור לי שאכן הוסתר מידע קריטי מצה""ל ומהצמרת הביטחונית של מדינת ישראל, לגבי מתן היתר בסתר לגרמנים למכור צוללות תקיפה למצרים. למדתי לדעת שגם למפקד חיל הים, גם לרמטכ""ל, גם לשר הביטחון וגם לראש המוסד ולנשיא המדינה לא היה מושג על השכמת מי בממשלת ישראל לתת אישור לגרמנים למכור ולספק שתי צוללות תקיפה למצרים בשנת 2014"" (עמ׳ 171). לקרוא ולא (לרצות) להאמין.

שרגא כתב ספר קריא מאוד ומטלטל (שחסר בו מאוד הקרדיט ללוחם אחר בשחיתות ולחושף הפרשה, העיתונאי רביב דרוקר), שמסדר את הפרשה ומנגיש אותה לקורא ומאפשר לו למצוא בה את ידיו ורגליו. קריאת חובה.",1028756,שחיתות במצולות,אליעד שרגא,,כנרת זמורה דביר,2026,288,עיון,פוליטיקה - ישראל,https://cdn.simania.co.il/bookimages/covers102/1028756.jpg?v=1790018323179,https://simania.co.il/bookdetails.php?item_id=1028756,https://simania.co.il/showReview.php?reviewId=137921,"הספר שחיתות במצולות חושף לראשונה, בשורת גילויים חדשים, את פרשת השחיתות החמורה ביותר שהתרחשה אי פעם במדינת ישראל, ואשר פגעה אנושות בליבת קודש־הקודשים של הביטחון הלאומי: כלי־הנשק הימיים האסטרטגיים של צה""ל.

הספר חושף סודות מטלטלים על הקנוניה שנרקמה כדי לרכוש לחיל הים במיליארדי דולרים צי ובו תשע צוללות וספינות-נגד-צוללות, שאין בהן צורך. הוא קורע את המסכה מעל מנגנון השקרים שנועד להסתיר כיצד כל זה התרחש: איך בוטל מכרז בין־לאומי, כדי לרכוש ארבע ספינות־שטח דווקא מתאגיד טיסנקרופ, אחרי שצה""ל התנגד לכך; כיצד נעשה ניסיון שלא ייאמן להעביר את מספנות חיל הים בחיפה לידיים פרטיות בעבור בצע כסף; ואת הדרמה שהתחוללה בברלין, כשנשיא המדינה רובי ריבלין נשלח על ידי שר הביטחון, לבצע משימת איסוף מודיעין. והחמור מכל: הספר מראה כיצד, מאחורי גבה של מערכת הביטחון, קיבלו הגרמנים אישור לבנות למצרים ארבע צוללות תקיפה מתקדמות, על אף שהאחים המוסלמים היו כבר בדרכם לשלטון, בעסקה שהוסתרה מצה""ל – עד שהיה מאוחר מדיי. 

במרכז הספר ניצבת דמותו של ראש ממשלת ישראל, בנימין נתניהו, שהוביל וקידם, בניגוד לכל הנהלים, עסקאות הנגועות בשחיתות, כאשר בני משפחתו הקרובים עשויים להרוויח מהן הון עתק. על חלקו בפרשה כבר נקבע בדו""ח־הביניים של ועדת החקירה הממלכתית, כי נתניהו ""פגע בביטחון הלאומי וביחסי החוץ של מדינת ישראל"".

היקפה וחומרתה של פרשת הצוללות וכלי השיט נחשפים במלואם בספר שחיתות במצולות, שמוציא לאור את האמת כולה, אמת שהציבור בישראל חייב לדעת, ובהקדם האפשרי.

עו""ד ד""ר אליעד שרגא, מומחה למשפט מנהלי וחוקתי, כתב שבעה ספרים בנושאים אלה. זהו ספרו השמיני. הוא מייסד ויו""ר התנועה לאיכות השלטון בישראל, סגן אלוף (מיל') בצנחנים, ומזה ארבעה עשורים לוחם בשחיתות בישראל. בספר זה הוא מגיש באופן חד, נוקב ובלתי אמצעי את פירות התחקיר הארוך והמאבק המשפטי והציבורי שהוביל וניהל, שבמהלכם טווה מארג נדיר של עדויות ממקור ראשון, המובאות בפני הקוראים כסרט מתח.","פרשת הצוללות: השקרים, הסודות - והאמת",,,,,,,,he,Paperback,,,1,48,2,0,1
137920,2026-10-05T12:19:22.000Z,5,1,סמני,253256,"בספר המקסים והמשעשע הזה תקבלו כרטיס כניסה חופשי אל העולם הסודי של הטיפולים הרגשיים. בכתיבה קולחת, בהירה וקריאה לכל נפש, המחבר לוקח אותנו למסע שבו הפסיכולוג הוא לא רק דמות מקשיבה – אלא אדם בשר ודם. הוא משתף בלי פילטרים בחייו האישיים, חושף את החששות הגדולים שלו כמטפל וכאדם, ומזכיר לנו שבסופו של דבר, כולנו מחפשים את אותן התשובות. ספר שלא תרצו להניח מהיד.",1014631,ואיפה זה פוגש אותך?,ג'ושוע פלטשר,אלה נובאק,תכלת,2025,408,ספרות,ספרות מתורגמת,https://cdn.simania.co.il/bookimages/covers101/1014631.jpg,https://simania.co.il/bookdetails.php?item_id=1014631,https://simania.co.il/showReview.php?reviewId=137920,"פסיכולוג אחד.
ארבעה מטופלים.
חמישה עולמות פנימיים סוערים, שונים כל כך משלנו אבל בעצם די דומים.
הדרמות המתרחשות מאחורי הדלת של קליניקת הטיפול העסיקו סופרים – וקוראים – מאז ומעולם, אבל איש לא כתב עליהן בגילוי לב ובשנינות כמו הפסיכולוג הבריטי המצליח ג'ושוע פלטשר. בספר המפתיע הזה, פלטשר מאפשר לנו להיות זבוב על הקיר בפגישותיו, ומכניס אותנו באומץ אל תוך נבכי מוחו ומחשבותיו, בעזרת הקולות הפנימיים המשעשעים שמלווים אותו בכל פגישה.
דרך סיפוריהם של ארבעה ממטופליו – ביניהם שחקנית מפורסמת שנאבקת בחרדות ובמשבר זהות, ושומר במועדון לילה שנקלע לכת מתעללת – וסיפורו האישי שלו, פלטשר לוקח את קוראיו למסע מטלטל, מרגש ומלא בהומור אל נפש האדם.
בין לבין, הוא משלב הסברים מעשיים ומאירי עיניים למונחים מעולם הפסיכותרפיה, ומשתף בסיבות שבזכותן, לדעתו, טיפול רגשי נכון ומותאם הוא הדרך הטובה ביותר לרווחה הנפשית המיוחלת.
ואיפה זה פוגש אותך הפך לרב־מכר בבריטניה ובעולם, כיכב ברשימות ספרי העיון של השנה באתר אמזון, וזכה לשבחי הביקורות והקוראים.",,And How Does That Make You Feel,,,,,,,he,Paperback,4.6,5,1,754,13,0,1
137919,2026-10-05T12:07:49.000Z,0,0,סמני,253256,״כל ילד צריך מבוגר אחד שיאמין בו״,21875,דיבס: הילד המחפש את זהותו [מהדורת 2010],וירג'יניה אקסליין,יואב הלוי,ספרית פועלים,2010,183,פסיכולוגיה,פסיכולוגיה  -  כללי,https://cdn.simania.co.il/bookimages/covers2/21875.jpg,https://simania.co.il/bookdetails.php?item_id=21875,https://simania.co.il/showReview.php?reviewId=137919,"זהו סיפור צמיחתה של אישיות בריאה וחזקה בילד מופרע ביותר. בראשית הסיפור כבר ביקר דיבס כשנתיים בבית הספר, בתחילה לא דיבר כלל. פעמים ישב כל שעות - הבוקר אילם וללא - תנועה, או שהיה זוחל על רצפת - הכיתה, מתעלם מן הילדים והמורה. פעמים היה נתקף התפרצויות - זעם קשות. המורים, הפסיכולוג ורופא - הילדים של בית - הספר היו תוהים: האם היה מפגר בשכלו? האם סבל ממחלת - נפש קשה? האם מוחו נפגע בלידה? על - כך לא היתה תשובה. ספר זה הוא דו""ח על דבר, שהמחברת מכנה אותו ""החיפוש אחר האני"" אצל יצור אנושי קטן, חולה עד לעורר - רחמים. ובסופו  -  כתוצאה מן העזרה הקלינית הנכונה והמקצועית לעילא של ד""ר אקסליין, הוא מתגלה כאישיות מבריקה ומוכשרת  -  מנהיג אמיתי. המחברת ידועה בעולם הפסיכולוגיה בשל תרומותיה לתיאוריה ולמעשה של ריפוי - ילדים במשחק. ספרה ""ריפוי במשחק: כוחות - מניע פנימיים של הילדות"", זכה לשבחים רבים ולתפוצה גדולה. ""דיבס"" הוא ספר מרתק ומעניין עבור כל קורא. ההורים, המתעניינים בהתפתחות הנפשית של ילדיהם, יקראו בו בהנאה ויפיקו ממנו תועלת רבה. גם לאנשי - המקצוע, החוקרים את גיל - הילדות ואת חיי - הנפש הנורמליים והבלתי נורמליים של הילד, יהיה הספר לעזר רב.",,Dibs in Search of Self,,,,,,,hebrew,Paperback,4.4,43,8,14399,48,2,1
137918,2026-10-05T12:05:03.000Z,5,0,סמני,253256,"סיפור גבורה קפוא, מרתק מאוד.",967085,אנדיורנס [מהדורת 2013],אלפרד לנסינג,מרינה גרוסלרנר,ידיעות ספרים,2013,284,ספרות,ספרות מתורגמת,https://cdn.simania.co.il/bookimages/covers96/967085.jpg,https://simania.co.il/bookdetails.php?item_id=967085,https://simania.co.il/showReview.php?reviewId=137918,"“הם היו לבדם, לכודים בלב הים האנטארקטי הקפוא. כמעט שנה חלפה מאז יצרו קשר כלשהו עם הציביליזציה. איש בעולם החיצון לא ידע על מצוקתם, וּודאי שלא נודע לאיש מקומם. לא היה להם משדר שבעזרתו יכלו להודיע היכן הם. ואפילו יכלו לשדר אותות מצוקה, ספק אם צוות חילוץ כלשהו היה יכול להגיע אליהם. חומרת מצבם הייתה בהירה כאור היום: אם יש בדעתם להיחלץ, יהיה עליהם לעשות זאת בכוחות עצמם.”

באוגוסט 1914 יצאה המשלחת הטראנס-אנטארקטית המלכותית הבריטית, בראשות חוקר הקוטב ארנסט שקלטון, במטרה לחצות את יבשת אנטארקטיקה במסע רגלי ממערב למזרח. בינואר 1915 , לאחר חצייה מתישה של אלפי קילומטרים של ים קפוא, ובמרחק של יום אחד בלבד מיעדה, נלכדה ספינתם, האנדיורנס, בתוך שדה קרח. במשך עשרה חודשים נסחפה האנדיורנס הלכודה לכיוון צפון-מערב, עד שנמחצה ורוסקה לבסוף על ידי הקרח. אבל עבור שקלטון ואנשי משלחתו הייתה זו רק תחילתו של מסע הישרדות, אחד הקיצוניים והמסעירים בתולדות האנושות.

אנדיורנס, רב-המכר שהפך לקלאסיקה, הוא מסמך היסטורי מרתק ומסעיר המתאר אודיסיאה העולה על כל דמיון. בהתבסס על יומנים ועל ראיונות עם אנשי המשלחת משחזר אלפרד לנסינג את המסע הנורא בְּספר הנקרא בלב פועם. במרכזו ניצבת דמותו של ארנסט שקלטון, חוקר שעמידותו ומנהיגותו הגדירה מחדש את המושג “גבורה”, ושכנגד כל הסיכויים שרד את המסע והחזיר הביתה את כל עשרים ושבעת אנשי צוותו.",,Endurance: Shackleton`s Incredible Voyage,,,,362-4880,,,he,Paperback,4.5,67,28,11678,112,3,1
137917,2026-10-05T06:11:36.000Z,5,10,ארנון,53692,"ספר מעולה.

עלי להזהיר שזה אינו ספר שאי-אפשר להניח מהיד. התפתחות העלילה היא איטית, ויש גם תיאורים רבים. ובכל זאת, הספר לא שעמם אותי לרגע. 

עלילת הספר מתרחשת בקיסרות ההבסבורגית בימיו של פרנץ-יוזף, החל מקרב סולפרינו (סמוך לעלייתו לשלטון) ועד למותו, אבל עיקרה הוא בשנים שקדמו למלחמת העולם הראשונהדרך קורותיהם של אב ובן (כאשר דמותו ומעשיו של הסב נמצאים ברקע כל הזמן) מתוארת היטב תקופה זו של שינויים גדולים בעולם ושקיעתה של הקיסרות. 

מצאתי דמיון רב בין תיאור התקופה בספר ובין ימינו אנו. ההרגשה שקיבלתי היא שמצד אחד העולם  השתנה מאז ללא הכר, ומצד שני בעצם כמעט שום דבר מהותי לא השתנה.

מומלץ לשוחרי ספרות טובה אמיתית (כלומר: לא מהסוג שעליו ממליצים מבקרי ספרות המתלהבים מספרות פוסט מודרנית. ואם אני מזכיר מבקרי ספרות,  אז אני ממליץ מאוד על ביקורתו של אריק גלסנר על הספר, אותה ניתן למצוא ב: https://arikglasner.com/2026/05/29/ 
והיא במקרה זה מפורטת יותר וטובה יותר משלי).",1027283,מארש רדצקי [מהדורת 2026],יוזף רות (רוט),אילנה המרמן,עם עובד,2026,351,ספרות,ספרות מתורגמת,https://cdn.simania.co.il/bookimages/covers102/1027283.webp?v=1777669968194,https://simania.co.il/bookdetails.php?item_id=1027283,https://simania.co.il/showReview.php?reviewId=137917,"על רקע הדרהּ הדועך של האימפריה האוסטרו־הונגרית, מארש רדצקי, הרומן האפי הנודע ופסגת יצירתו של הסופר יוזף רוט, מביא את סיפורה של משפחת טרוטה, על פני שלושה דורות: אבי המשפחה, חייל נוקשה ומוגבל שזכה בתואר אצולה על מעשה גבורה שספק אם ביצע; הבן, שר מחוז, פקיד קפדן שמקדש את הסדר הקיים והשמרנות; והנכד, קצין רגיש ופגיע, שסולד מהשירות הצבאי ומפנה את גבו לשיעור הקומה של אבותיו.

מארש רדצקי הוא דיוקן מופתי פסיכולוגי וחברתי של עידן שאבד, דיוקן חומל שמצליח לעורר חיבה אפילו כלפי החולשות והשגיאות של הקיסרות המתפוררת, ולצד זה חושף את הנוקשות חסרת התוחלת של חברה שמקדשת את הצבא. זהו סיפור סוחף של חובה וגבורה, תשוקה ופשרה, טרגדיה ושברון לב, סיפור שנמשך עד חשכת ערב מלחמת העולם הראשונה, שאז דרך חיים שלמה עומדת לקרוס.

הרומן מובא כעת בתרגום שערכה מחדש אילנה המרמן ואף הוסיפה אחרית דבר על מלאכת התרגום.

הערה: הספר יצא לאור בסיוע קרן יהושע רבינוביץ לאמנויות, תל אביב (ע""ר) בתמיכת משרד התרבות והספורט מינהל התרבות
________________________
""הרומן הפוליטי הטוב ביותר שנכתב מעולם"", מריו ורגס יוסה, חתן פרס נובל לספרות.

""אחד הרומנים הקריאים והנפלאים ביותר שנכתבו בגרמנית במאה ה־20: עומד בשורה אחת עם מיטב יצירותיהם של תומס מאן, אלפרד דבלין ורוברט מוסיל"", הרולד בלום.

""הוא באמת היה סופר גדול, אבל ההיטלריזם הרס את גופו. אנחנו לא מגיעים לגיל הזִקנה, אנחנו הגולים! אהבתי אותו כאח"", שטפן צוויג ,עם מותו של יוזף רוט ב־1939.

""אחד הרומנים הגדולים שנכתבו אי־פעם"" פיליפ סנדס.",,Radetzky Marsch / Joseph Roth,,,,,ספריה לעם,872,he,Paperback,4.5,2,1,103,5,0,1
137916,2026-10-05T04:29:44.000Z,4,4,לי יניני,94544,"""כל מה שחשוב הוא הסיפור שאנחנו מספרים לעצמנו"". עמוד 294

במרכז ספרה של קלסי קוקס ניצבת מסיבת יום הולדתה ה־16 של סופי — חגיגה ראוותנית ויוקרתית, שבתוך רגע הופכת לזירת פשע.

לקראת סוף הערב, כשהאורחים מתקבצים לשיר ""יום הולדת שמח"", נשמעת לפתע צרחה, אחריה חבטה — וגופה צוללת מן הצוק. מי נפל, ומי עומד מאחורי המעשה?

מארגן האירוע הוא איתן, אביה של סופי — פסיכיאטר מצליח, נאה ואהוד.

האירוע נערך באחוזה מפוארת על שפת צוק בטקסס. לצד בני המשפחה והחברים מגיעים גם תושבי העיירה וסקרנים המבקשים להציץ לבית המרשים. אלא שמעל האחוזה מרחפת אגדה מקומית: במשך שנים היא עמדה נטושה ונחשבה למקוללת, עד שאיתן רכש ושיפץ אותה.

החשד נופל כמעט על כל אחת מן הדמויות המרכזיות:
– דני, אמה החורגת של סופי, היא קונדיטורית בת 27 הנשואה לאיתן. השניים הורים לשרלוט, תינוקת בת חצי שנה. דני מתמודדת עם קשיים נפשיים ומטופלת בקליניקה של איתן.

– אורלה, מטפלת בת 70 שהגיעה בהמלצת השכנה ורה, היא דמות מסתורית הנוטה להאמין באמונות תפלות.

– קים, אמה של סופי והאקסית של איתן, היא וטרינרית ממורמרת המתמודדת עם התמכרות לאלכוהול.

– מיקיילה, חברתה הטובה של סופי, מתגלה כפחות תמימה מכפי שנדמה — וגם היא מסתירה סודות משלה.

העלילה מסופרת בגוף ראשון מפי ארבע נשים — דני, אורלה, מיקיילה וקים. המבנה הרב־קולי מאפשר לבחון את אותו אירוע מזוויות שונות, ובכל פרק נחשף פרט נוסף שמערער את מה שחשבנו שאנחנו יודעים.

החשדות משתנים ללא הרף, הסודות מצטברים, והתחושה שאיש אינו מספר את מלוא האמת נשמרת היטב לאורך הספר.

לאחר פתיחה איטית יחסית, המותחן צובר תאוצה בשליש השני ומוביל לסיום מפתיע ומספק.

עם זאת, המעברים התכופים בין נקודות המבט עלולים לעיתים לבלבל, ולא כל הדמויות מעוררות חיבה או הזדהות. הריחוק הזה עשוי להקשות על חלק מהקוראים להתחבר אליהן, אך הוא גם מעמיק את תחושת החשד והאי־אמון שמלווה את העלילה.

בסיכומו של דבר, זהו מותחן קצבי, אפל ומלא תפניות, המשלב היטב סודות משפחתיים, אווירה מאיימת וריבוי חשודים. הוא יתאים במיוחד לקוראים שנהנים מתעלומות בסגנון ""מי עשה את זה"" ומעלילה המסופרת מכמה נקודות מבט. מומלץ.
 
לי יניני",1028557,מסיבה של שקרנים,קלסי קוקס,שרון פרמינגר,ידיעות ספרים,2026,320,ספרות,מתח ריגול והרפתקאות,https://cdn.simania.co.il/bookimages/covers102/1028557.jpg?v=1788399892269,https://simania.co.il/bookdetails.php?item_id=1028557,https://simania.co.il/showReview.php?reviewId=137916,"זהו יום הולדתה השישה־עשר של סופי מתיוס. אביה לא חסך בהוצאות: נשף יוקרתי ומוגזם, אחוזה מפוארת על שפת צוק ורשימת המוזמנים הכי שווה שאפשר לדמיין. אבל רגע אחרי שמכבים את הנרות על העוגה והאורות שבים ונדלקים, נשמעת צרחה. שנמשכת כאורך הזמן שבו גוף צולל מטה באוויר.

רשימת האורחים קטלנית:

דני – האם החורגת הצעירה והיפהפייה, שמאז לידת בתה אכולת ספקות עצמיים. 

אורלה – המטפלת האירית, הנוטה להאמין באמונות טפלות וחשה שסכנה מרחפת מעל הבית. 

מיקיילה – חברתה הטובה ביותר של כלת השמחה, ואולי לא תמימה כמו שכולם חושבים. 

קים – האקסית הערמומית של אבא, שמעולם לא התגברה על הכעס שלה. 

כולם מוזמנים למסיבה. לא כולם יֵצאו ממנה בחיים. 

מסיבת סוויט סיקסטין נוצצת וגדולה מהחיים – מהסוג שיודעים להפיק רק בטקסס – נהפכת לזירת פשע קטלנית במותחן אפל, מסחרר ומלא תפניות, המעניק ניחוח רענן לתעלומות בנוסח ""מי עשה את זה?"". 

הסופרת קלסי קוקס גרה באזור הגבעות של טקסס, מגדלת שתי בנות וצופה במותחנים בריטיים – כל החומרים הדרושים ליצירת ספר מתח שחייבים לקרוא עד הסוף. לקוקס, בוגרת תואר שני בכתיבה יוצרת, יש חיבה מיוחדת לדמויות מורכבות, לטוויסטים מפתיעים ולמסיבות שכולם מדברים עליהן. מסיבה של שקרנים הוא ספר הביכורים שלה, ואם יהיה לכם מזל – היא תזמין אתכם גם לאירוע הבא.",,,,,,,,,he,Paperback,4.5,2,2,67,2,1,1
137915,2026-10-04T16:51:10.000Z,5,2,עופי,337946,"""דיאה וסודות היער"" הזכיר לי ספרות ילדים קלאסית, במובן הטוב של המילה: בלי פירוטכניקה ובלי ציניות, עם עלילה שנשענת על מסתורין, מערכות יחסים ודמויות קסומות.

מהרגע שדיאה נכנסת ליער, נשאבים איתה למסע מסקרן, כשהסודות של היער ושל חייה מתגלים בהדרגה. אהבתי במיוחד את דיאה: ילדה סקרנית, טובת לב ונדיבה, שמראה שאפשר להיות טובה בלי להיות פסיבית או ותרנית - לכעוס, לדרוש תשובות ולעמוד על מה שחשוב לך.

ספר מקסים לילדים סקרנים ואוהבי קסם בגילאי 8–12, וגם למבוגרים שמתגעגעים לפנטזיית הילדות הקלאסית.",1028650,דיאה וסודות היער,רעות לביא-פלג,,התחנה,2026,188,ילדים,ילדים 12-9,https://cdn.simania.co.il/bookimages/covers102/1028650.jpg?v=1788924271711,https://simania.co.il/bookdetails.php?item_id=1028650,https://simania.co.il/showReview.php?reviewId=137915,"""במשך כל הנסיעה האף שלי היה דבוק לחלון הכרכרה. לא יכולתי לשבוע מהמראות שחלפו על פניי. ככל שהדרך נכנסה עמוק יותר לתוך היער, גזעי העצים נראו רחבים ועתיקים יותר, והמים בנחל נצצו, בוהקים יותר. אפילו הערפל שנראה מרחוק במעבה היער נראה לי מסתורי ומרגש. הרגשתי כאילו היער קורא לי להיכנס ולחקור אותו. לא היה דבר שרציתי יותר מזה.""

דיאה ריין גדלה בטירה, בין שורות של ספרים וחדרים מלאי מלומדים. היא תמיד ידעה שאין קסם אמיתי בעולם, אפילו שמדי פעם היה נדמה לה שאולי בכל זאת היא ראתה משהו... לא רגיל.

אבל הכול משתנה ביום הולדתה העשירי, כשבנסיעה השנתית לכפר היער דיאה פוגשת יצור שלא ראתה כמוהו מעולם, ומוצאת את עצמה בתוך הרפתקה מסעירה. לראשונה בחייה היא נכנסת ליער ומגלה שהוא לא כפי שהיא ציפתה. יחד עם חברה חדשה ולא תמיד נחמדה היא מנסה לחזור הביתה, אבל נדמה שחלק מהיצורים ביער עושים ככל יכולתם כדי להפריע לה. היא תצטרך להבין מי מנסה לעזור, מי מנסה להזיק, ומה מסתתר בעומק היער. כי אולי הקסם היה שם כל הזמן. היא פשוט הייתה צריכה להיכנס ולחפש אותו.

רעות לביא־פלג, קוראת ספרים נלהבת וחובבת פנטזיה מושבעת. מוצאת קסם אמיתי בתוך הספרים. דיאה וסודות היער הוא ספרה הראשון.

״דיאה וסודות היער הוא סיפור מקסים של הרפתקאות ותגליות. הוא מותח ומצחיק ומלא במתיקות וטוב לב. ספר שכיף לקרוא לבד, וכיף לקרוא גם ביחד.״ מאירה ברנע־גולדברג",,,,,,,,,he,Paperback,5,1,1,22,0,0,1
137914,2026-10-04T16:33:40.000Z,0,4,אסתו'ש,223398,"אני אוהבת רומנים היסטוריים כי הם אורגים וטומנים בתוכם היסטוריה מרתקת ומעניינת בתוך סיפור אישי ואנושי יפה ומרגש בהם דמויות ועלילה הופכים להם בערבוביה של היסטוריה של זהות ושורשים במסע חובק עולם כך קראתי ונהניתי בספר ביכוריה שער אל הים שכתבה מירב  שרון גרידינגר . 
התקופה היא תחילת המאה ה־16 בפורטוגל.
תקופתה של מסעות  בימיים גדולים, גילויים ועושר, אבל גם פחד , רדיפות , ואינקוויזיציה בה נאלצו יהודים להמיר את דתם היהודית.
בכתיבה מרתקת מסקרנת ונוגעת מביאה מירב את סיפורה של לאונור מהיותה נערה בת שש־עשרה .
לאונור בת יחידה , למשפחת רוקחים יהודית שהמירה את דתה לאור הנסיבות , ונאלצה לחיות בזהות  כמשפחה נוצרית .
אביה ואמה היו רוקחי מרקחות ותרופות לתושבי העיירה ומילדותה לימדו את לאונור את רזי המרכיבים של הכנת התרופות ומכירתן בשוק .￼￼￼
אביה נאלץ לצאת למסע אל הודו הרחוקה , והותיר את לאונור ואמן בגפן .
לאונור נאלצת להתבגר טרם זמנה , ולדאוג לאמה .
חיי שתיהן מקבלות תפניות הדי גורל כאשר עובר זמן רב ואב המשפחה אינו שב הביתה .
לאונור מחליטה על דעת עצמה כשהיא  רואה שהמצב משפיע לרעה על אמה שחלתה ,  לצאת למסע אחר אביה .
במסע האמיץ ומכושף אותו לאונור עוברת , ומירב מיטיבה לתאר דרך מנעד של רגשות בהם מתגלים אמונה וזהות , סודות ושקרים כשמדע מול תגלית ,בעולם שבו הכל נמדד באמונה עלול להפוך לחטא קטלני והאמת המתגלה בסופו של דבר היא הסכנה הגדולה מכולן …..
שער אל הים ספר מקסים , רומן היסטורי של מסע בים סוער וסוחף במיוחד , בו סודות עבר משפיעים על בחירות הווה ….כי הים הוא לא רק מקום שמפליגים בו אל מחוזות קסומים אלא ,השער דרכו ניתן להגיע אל עצמנו אבל באמת ובספר הוא של נערה אחת מופלאה 
אהבתי וממש ממליצה 📖💘",1025629,שער אל הים,מירב שרון גרידינגר,,מירב שרון גרידינגר,2025,216,ספרות,ספרות מקורית,https://cdn.simania.co.il/bookimages/covers102/1025629.jpg,https://simania.co.il/bookdetails.php?item_id=1025629,https://simania.co.il/showReview.php?reviewId=137914,"בעולם שבו הכוח נמדד באמונה, האמת היא הסכנה הגדולה מכולן.

פורטוגל, ראשית המאה ה־16. הממלכה כובשת את הימים ומציפה את העולם בתשוקתה לגלות, לסחור ולשלוט. בליסבון הרועשת משווקים, סוחרים וניחוחות התבלינים, בין צלילי הנמל ורוחה הכבדה של האינקוויזיציה, חיה לאונור, בת למשפחת רוקחים עתיקה. חייה נשזרים ברשת עדינה של סודות, נאמנויות ותשוקות – על קו התפר שבין חכמה לאמונה, בין כוח הידע לסכנת האמת.

כשגורלה מתהפך היא יוצאת למסע לגילוי האמת – מסע שייקח אותה מן הכאב אל החופש ואל האמונה בעצמה. כל תגלית עלולה להפוך לחטא וכל סוד עלול לגבות מחיר, זהו מסע של גוף ונפש אל חופש, אל אמונה מחודשת ואל אהבה שאין בה תנאים.

בדרכה תפגוש אנשי מדע ונזירים, מגלי עולם ובוגדים, ותמצא את עצמה בלב תקופה שבה תגלית אחת יכולה לשנות את פני ההיסטוריה ואת גורלה שלה.

מירב שרון גרידינגר היא יוצרת ואשת חינוך לשעבר, בעלת M.A במדיניות וניהול אנרגיה. את השראתה היא שואבת ממסעותיה העצמאיים בטבע ובניווטים רגליים ברחבי העולם, שבהם למדה על חופש, פחד ואומץ. שער אל הים הוא ספר הביכורים שלה.",,,,,,,,,he,Paperback,,,1,35,1,0,1
137913,2026-10-04T15:44:49.000Z,5,3,ליאת,337943,"קראתי את הספר ביום וחצי בערך ופשוט לא יכולתי להניח אותו! נהניתי מכל רגע ❤️
נהנתי כל כך מהספר. גלית כותבת בצורה כה אמיתית, ישירה וסוחפת. 
מרתק לראות איך שתי דמויות מסתכלות ומפרשות את המציאות בצורה כה שונה. וגלית שמצליחה בכישרון רב ממש לדבר אותן ולגרום לקורא להזדהות עם כל אחת מהדמויות.
הייתי מרותקת לאורך כל הספר ונהניתי ממנו כל כך.
ממליצה בחום ❤️",1028455,אל תוציאו אותי מהמשחק,גלית יתום,,קינמון,2026,250,ספרות,ספרות מקורית,https://cdn.simania.co.il/bookimages/covers102/1028455.jpg?v=1787154502647,https://simania.co.il/bookdetails.php?item_id=1028455,https://simania.co.il/showReview.php?reviewId=137913,"אהבה אמיתית לא נולדת מרגעי שלמות, אלא מטעויות שאנחנו בוחרים לתקן יחד.

גם התסריט המדויק ביותר לא יכול היה להכין את נועה וארז לכך שלא כל מה שקורה על הסט נשאר בו.

במציאות אין מי שיכתוב איך זה אמור להיגמר.

נועה היא מפיקה שלא משאירה מקום לטעויות ושולטת בכל רגע על סט הצילומים. ארז הוא במאי כריזמטי וחד, כזה שמכיר את הסיפור עד לפרט האחרון, ולא מפחד לפרק אותו כדי להגיע לאמת.

כשהם נאלצים לעבוד יחד על סדרה חדשה, המתח ביניהם בלתי נמנע.

אבל כששחקן ראשי נפצע וההפקה כולה עומדת בסכנה, הגבולות מתחילים להיטשטש. בין דרישות תקציב, לחצים מהפקה בינלאומית, והעולם שמחוץ לפריים שחודר פנימה — הלב מתאהב מאחורי המצלמה, ואין דרך להתכונן לרגע שבו יצטרכו לבחור בין מה שנכון לבין מה שהם מרגישים.

אל תוציאו אותי מהמשחק הוא רומן על אהבה שמתפתחת בדיוק במקום שבו הכול נראה מבוים.

גלית יתום היא מפיקה שחיה ונושמת את עולם הטלוויזיה וההפקות. מתוך היכרות קרובה עם מאחורי הקלעים נולד רומן הביכורים שלה.",,,,,,,,,he,Paperback,5,1,2,76,1,0,1
137912,2026-10-04T12:03:48.000Z,3,5,אוהבת לקרוא,29349,"עוד רומן היסטורי מבית לורנה קוק
אין חדש תחת השמש אצלה
אותו רעיון..אותה מלחמה... אותה שיטת כתיבה על שני צירי זמן מקבילים
מי שאוהב יאהב גם את זה אבל מי שמחפש משהו חדש או שונה יכול לוותר.

סיפורה של בחורה שמגיעה הביתה לאחוזה משפחתית מתפוררת לאחר שנים שלא היתה בה על מנת להתרחק מהחיים הקודמים שלה ועל הדרך גם לעזור לאחותה לשקם את הבית ולפתוח עסק חדש בו.
היא מתוודעת במהלך האירגונים ליומן ישן שהיה בעליית הגג (כמובן...) ובו סיפורה של בחורה צעירה במהלך מלחמת העולם השניה כאשר יפן פלשה לסינגפור וזה בעצם הסיפור השני שמסופר לנו.
בשני צירי הזמן יש כמובן סיפורי אהבה כנגד כל הסיכויים והכל באמת מאוד צפוי 

אני אישית לא בטוחה שיש  בספר הזה איזו בשורה ולא התרגשתי ממנו.",1026848,הבת המרוחקת,לורנה קוק,דנה טל,תכלת,2026,368,ספרות,ספרות מתורגמת,https://cdn.simania.co.il/bookimages/covers102/1026848.jpg?v=1775322537493,https://simania.co.il/bookdetails.php?item_id=1026848,https://simania.co.il/showReview.php?reviewId=137912,"לורנה קוק, מחברת רבי המכר האהובים ההבטחה האסורה, סודה של תופרת השמלות ורבים אחרים, חוזרת ברומן היסטורי מרתק ונוגע ללב.

סינגפור, 1941 : כשהפצצות היפניות הראשונות נופלות איסי מבינה שהחיים הנוחים שבנתה לעצמה באי לא יוכלו להימשך. היא יודעת שעליה לעזוב. היא שמה את מבטחה באלכס, גבר מסתורי ויפה תואר. הוא נשבע שיביא אותה למקום מבטחים.

אנגליה, 2025 : למורנה שבורת הלב חוזרת לטרלנה – בית משפחתה העתיק בקורנוול. שם היא מוצאת יומן עור מרופט.
זהו היומן שבו איסי תיארה את חייה, בסינגפור בשנות הארבעים. בין דפי היומן מתגלה הסיפור המרתק – של התקופה, של המלחמה, ושל איסי עצמה.

מוקסמת מקווי הדמיון לחייה שלה, למורנה חייבת לדעת: האם איסי שרדה את זוועות המתקפה היפנית על סינגפור? והאם סיפורה, סיפור על אהבה, כוח רצון והקרבה, יכול לעורר השראה בלמורנה לאמץ חיים חדשים – ולתת הזדמנות לאהבה חדשה – בטרלנה?

הבת המרוחקת הוא ספר ראשון בסדרת הרומנים ההיסטוריים בית טרלנה. ספריה של לורנה קוק היו רבי מכר במדינות רבות וזכו לאהבת הקוראות והקוראים.",סודות בית טרלנה - 1,The Distant Daughter / Lorraine Cook,,,,,סודות בית טרלנה,1,he,Paperback,3.4,5,2,146,4,0,1
137911,2026-10-04T11:38:25.000Z,5,10,dina,131284,"הרבה זמן חיכיתי לספר השני של אורנה ורכובסקי. ואם לדייק: חמש שנים. חמש שנים בעולם הספרים זה כמו חצי מאה. אלפי ספרים באו והלכו. חלקם התבלטו מאחרים, הרבה נעלמו כלעומת שבאו. אבל  חווית הקריאה מהספר הקודם של ורכובסקי נשארה בי חיה ובועטת כאילו הוא נקרא אתמול ולא עברו חמש שנים. 
ומתי הבנתי שהספר השני לא נופל מהספר הראשון?
אה, זה קל.
די בהתחלה, כשהגיבור הראשי הצליח ממש מתחילת הסיפור לעשות לי עקצוצי אי נוחות בגוף, ופיתחתי כלפיו , המממ... מה בדיוק? משטמה זו המילה המדויקת. הוא עצבן אותי הוא הגעיל אותי, את כל הרגשות השליליים הוא הצליח לעורר בי. וזו רק דמות מספר, כן?

אז זהו, כשדמות מספר כתובה כך, כשאני ממש מרגישה שאני רואה מולי את האדם, הבנתי שאיכות הכתיבה של ורכובסקי לא היתה חד פעמית בספר הביכורים, ההפך, היא נשמרה וחזרה עם ספר נוסף שמצליח לחדור ללב, לכווץ אותו, וגרם לי לרצות שלא ייגמר. לכן משכתי  את הקריאה איתו. 

יעל ועמית הם הורים לטילי בת הארבע. ילדה חייכנית ומתוקה, חכמה, ופעלתנית, מלאה בקסם, כולם אוהבים אותה.
למסתכל מהצד על התא המשפחתי הקטן והמהודק הזה יתקבל הרושם שהם יחידה מאוחדת ומשפחתית, כשהילדה במרכז והכל סובב סביבה באהבה אינסופית. ובמיוחד עמית. תמיד הוא שם, נדיר לתפוס את הילדה ללא דמותו של אביה לידה. מרגע שנולדה הוא כך. בצמידות, בגוננות מתמדת, ואהבה כמובן.  זה גם מה שחוותה יעל עד לאותו היום בו עברה תאונה ושברה את רגלה.
נראה שמאותו הרגע בו נשברה הרגל, נשבר ביעל משהו נוסף. כל עולמה: מה שידעה והרגישה, או מה שחשבה שהיא יודעת, התנפץ לאלפי רסיסים ומשהו אחר נגלה תחתיו. 

 עמית הוא לא אדם רע. אבל יש לו נפש חולה, שלא לומר רקובה. הצורך התמידי  שלו בשליטה, הטוטאליות בה הוא מתמסר לאדם העומד מולו היא דבר מאוד מתעתע ומסוכן. עם הקסם האישי שלו וחלקלקות הלשון שלו שעטופים בנחמדות  הוא כובש לעצמו כל חלקת אוטונומיה של הקרובים אליו, ולא משאיר מרווח נשימה. 
כשיעל התחילה לראות את עמית באור אחר, נקי מכל רעשי הרקע, היא הרגישה שמשהו רע קורה אצלה בבית. היא לא ממש ידעה מה, אבל התחושה שלה אמרה לה שעמית מתהלך על סף גבול מבלי לדעת היכן הוא מתחיל, כל שכן - היכן הוא מסתיים. 
וההרגשה הזו,  החמקמקות  הזו,  כמו להחזיק ג'לי בין הידיים. תופסת ולא תופסת, ולא ממש יודעת מה עדיף.
הוודאות או חוסר הוודאות המעניקה לה עוד כמה רגעי חסד נוספים להמשיך ולחיות בבועה הבטוחה?

ורכובסקי לא פוחדת להכניס את הקוראים שלה אל לב לבו של הפצע המדמם. המשפחות עליהן היא כותבת הן כאלו  שעברו משהו, והמילים בהן היא כותבת הן כמו הפולידין אותו מורחים כדי לטשטש את גבולות הכאב והמצוקה. 

ספר נפלא, כתיבה משובחת.",1028637,הכלוב של הדובים,אורנה ורכובסקי,,התחנה,2026,254,ספרות,ספרות מקורית,https://cdn.simania.co.il/bookimages/covers102/1028637.jpg?v=1788724326731,https://simania.co.il/bookdetails.php?item_id=1028637,https://simania.co.il/showReview.php?reviewId=137911,"יעל נמצאת במערכת נישואים אוהבת עם בעלה עמית. כשלזוג נולדת בת, טילי, כולם מתפעלים מעמית, שנכנס בטבעיות לתפקידו החדש כאבא, מכרכר סביב טילי, מפנק אותה, נושא אותה על כפיים, וגם יעל שמחה לגלות שבעלה הוא אבא מסור.

הילדה גדלה, ועמית וטילי מבלים ביחד כל הזמן, הוא מרעיף עליה אהבה והיא משיבה לו בהערצה. כשיעל עוברת תאונת דרכים ובעקבותיה שיקום ממושך, היא מתחילה להרגיש שהגבולות בבית מיטשטשים ומוצאת את עצמה מודרת ונדחקת הצידה. האם משום כך היא מתחילה לחשוב כי יש דבר מה לא בריא ביחסים שבין בעלה לבתה? האם בעלה הוא נרקיסיסט, מתעלל רגשית, אולי אפילו מתהלך בפאתי האזור המסוכן של גילוי עריות, או שהיא זו שפסיווית, חלשה, ובקצרה אם לא טובה דייה – שפשוט מקנאה?

הכלוב של הדובים הוא ספרה השני של אורנה ורכובסקי, מחברת כל העומרים שהיו לה, שראה אור בהוצאת כנרת וזכה בפרס שר התרבות להוצאת ספר ביכורים. גם הפעם היא הוציאה תחת ידיה ספר כתוב להפליא, דק אבחנה והופך קרביים, אשר גורם לקורא לתהות ולחפש אחר האמת החמקמקה.",,,,,,,,,he,Paperback,4.7,3,2,102,0,0,1
137910,2026-10-04T05:19:39.000Z,5,14,בר,163000,"את פרנטה אני מעריצה מספריה הקודמים שקראתי.
""חיי השקר של המבוגרים"" ו""הבת האפלה"" הם מהספרים הטובים שקראתי אשר השאירו אותי נפעמת. אני מאוד מתחברת לכתיבתה ומעריצה אותה על היכולת לרדת לפרטים מדוקדקים, הן תיאוריים והן פסיכולוגיים. העולם שפרנטה יוצרת הוא תמיד מפורט, מנומק ויש בו הרבה מעבר למה שרק נכתב על הדף. סגנון כתיבה מרגש ועמוק שאני אישית מאוד מתחברת אליו. 

גם הפעם פרנטה לא אכזבה אותי, עם סיפור סוחף ועוצר נשימה על שתי חברות החיות בנאפולי. אלנה ולילה גדלו כל חייהן בשכונה קשה וענייה. אלנה, תלמידה מצטיינת שהוריה יכולים להרשות לעצמם לשלוח אותה ללימודים בגימנסיה ואילו לילה, עובדת עם אביה ואחיה בסנדלריה ואף על פי שהיא מחוננת אין למשפחתה יכולת לתמוך בה.
 
הספר עמוק בהרבה מהתקציר הקטנטן שעשיתי פה והוא מלווה את חברותן של השתיים הנפרשת על גבי שנים. הפירוט האפל של עולמן הרגשי של הדמויות נותן נפח עצום לסיפור והצצה לחברות עמוקה, מורכבת, לא תמיד הכי שמחה או מאושרת אלא מלאה בתהפוכות, קנאה, עצב והשוואה. 

בתקופת הקורונה צפיתי בסדרה המופלאה שיצאה בעקבות סדרת הספרים. חששתי שלא אצליח לתאר עולם אחר מלבד הזיכרון שיש לי מאותה הסדרה. למרבה ההפתעה היה לי תענוג צרוף לדמיין את השחקניות שזכרתי, לדמיין את השכונה של נאפולי כפי שהיא מתוארת בסדרה. היו פרטים שזכרתי יותר, היו כאלו שפחות. בכל אופן הדבר לא פגם בהנאתי אלא להפך.

כשצפיתי בסדרה חשבתי לעצמי ש""החברה הגאונה"" פתוחה לפרשנות וזו יכולה להיות אחת מהשתיים. גם בספר המחשבה הזו עלתה לי לא פעם. פרנטה הצליחה לתת דו משמעות לחברה הגאונה ולהפוך כל פעם את הקערה על פיה. 

מרתק, מרגש ופותח את הקורא אל עבר עולם עשיר ועמוק. זוהי כתיבה במיטבה.",977861,החברה הגאונה,אלנה פרנטה,אלון אלטרס,הקיבוץ המאוחד,2015,342,ספרות,ספרות מתורגמת,https://cdn.simania.co.il/bookimages/covers97/977861.jpg,https://simania.co.il/bookdetails.php?item_id=977861,https://simania.co.il/showReview.php?reviewId=137910,"לִילָה צֶ'רוּלוֹ, ילידת 1944, בתו של הסנדלר שלא יצאה כל חייה מתחומי נאפולי, נעלמת בגיל 66, ונעלמים כל חפציה ומסמכיה, לאחר שאף גזרה את עצמה מכל התצלומים שבהם הופיעה עם בנה. 
היא הגשימה בהגזמה אופיינית את רצונה להתנדף ולמחוק את כל החיים שהותירה מאחוריה – והמעשה הרגיז מאוד את אֶלֶנה גְרֶקוֹ, בתו של השוער בעירייה, בת-גילה וחברת-הנפש שלה כמעט 60 שנה. 
כמין נקמה מתיישבת אֶלנה, שהיא כבר סופרת, לכתוב כל פרט מסיפורן של השתיים, זו מול זו, לאורך כל השנים.
 
התוצאה המהפנטת היא מסע בן למעלה מ-1,800 עמודים, טֶטרלוגיית הרומאנים הנפוליטניים של אֶלֶנה פרנטה (שם בדוי), ארבעה רומאנים שזכו לאהדה גורפת של הביקורת והקוראים באירופה ובארה""ב. 
""שום דבר דומה לזה לא נדפס מעולם קודם לכן"", כתב ה'גרדיאן' הבריטי; ""פרנטה היא אחת מכותבי הרומאנים הגדולים של זמננו"", כתב ה'ניו-יורק טיימס'; מחזור הרומאנים הנפוליטניים שלה הוא ""הרומאן האיטלקי הגדול של דורהּ, ארצהּ, זמנהּ"", כתב 'איל מניפסטו' האיטלקי.
 
ב'החבֵרה הגאונה', הרומאן הראשון במחזור, העלילות המותנות זו בזו של לִילה ואֶלנה, מגיל שש עד למעלה משש-עשרה, נטועות בַּסגירות של השכונה הנפוליטנית הנידחת, כלא של נחשלוּת, גסות, איסורים ואלימות, שהשתיים ישאפו, לאורך כל חייהן, לחרוג ממנו ולהינתק מן העבר החשוך שלו. 
שתיהן חיות בבועה, שכל מה שמתחולל בשנות ה-50 באיטליה ובעולם בקושי חודר אליה, אף שמדובר בילדות מחוננות שקוראות את 'אַינֵאִיס' במקור, ואת דוסטוייבסקי וטולסטוי.
 
מי משתי החברות היא ""הגאונה""? 
האם זו לִילה, שאינה לומדת מעבר לחמש שנות לימוד, אך מתוך תחרות עם אֶלנה כמו ממשיכה בבית-ספר חשאי ומלמדת את עצמה לטינית ויוונית ואנגלית, קוראת את מחצית הספרייה המקומית, ובגיל 12 מעצבת נעליים מסוגים שלא ראתה מעולם? 
לִילה הנחושה והנועזת, חסרת הרסן, שחריפותה היא כמו הכשת-נחש? 
ושמא זו אֶלנה השקדנית והמלומדת, האחת מן השתיים שתגיע רחוק ותהפוך להיות סופרת, מי שבעיני לִילה-עצמה היא החברה הגאונה שלה?
 
בסיפור הנערוּת, הסובב סביב התהפוכות של פרשת נעליים מסועפת (סיפור סינדרלה מהופך), מעוצב ב'החברה הגאונה' קשר ייחודי בין שתי ילדות-נערות בהיקף ובעומק רגשי חסרי תקדים. 
כל אחת מן השתיים פינתה מקום בתוכה לחברתה, והיא חווה את עצמה לעומת האחרת, שואלת 'מה אני לגביה', ומגבשת את זהותה – מתוך תחרות, קנאה והיקסמות – לנוכח מבטה המדומיין של החבֵרה.
 
'החברה הגאונה' מגיע לסיום זמני שבו התפלגו חיי השתיים, כי לִילה כביכול כלאה את עצמה במעֵין כלוב המטיל עליה את צלו. אבל ברור שבקרוב היא תשבור שוב את הכל.",,,,,,31-5166,הרומאנים הנפוליטניים,1,he,Paperback,4.3,250,66,27008,253,4,1
137909,2026-10-03T23:12:34.000Z,3,3,ללא שם,268999,"לקחתי את הספר מתוך עניין גדול במבצע הביפרים, מודה שלא כל כך הייתי מודעת לזה שזה רומן. 
אני לא לגמרי יודעת מה מכל העלילה אמיתי ומה הומצא כדי להשלים את הפרטים החסרים לכדי סיפור שלם והגיוני. אבל בכל מקרה יש בעיה גדולה בספר- אם החלטת לכתוב אותו כרומן אז שיהיה כתוב בצורה טובה. במקרה הזה זה מבוצע פחות טוב, ניכר שהכותב לא מנוסה בתחום. הנגיעה בחיים האישיים של הדמויות גם היא בעייתית- או שתעשה את זה בצורה איכותית וטובה, או שתוותר. נראה שהוא הכניס את זה קצת בכוח כדי לנסות לפלפל את הסיפור.
בגדול העלילה עצמה סביב הביפרים היא טובה ומעניינת, חלק מזה כי זה פשוט סיפור טוב שבאמת קרה. אבל כספר זה לא מספיק מהודק.",1026486,הודעה גורלית,אדם פיין,,תכלת,2026,304,ספרות,מתח ריגול והרפתקאות,https://cdn.simania.co.il/bookimages/covers102/1026486.jpg,https://simania.co.il/bookdetails.php?item_id=1026486,https://simania.co.il/showReview.php?reviewId=137909,"ספטמבר 2024. בצהרי יום בהיר, אלפי ביפרים מתפוצצים בו־זמנית ברחבי לבנון. מה שנראה כסצנה מסרט הוא למעשה שיאו של מבצע הריגול המתוחכם, הנועז והקטלני ביותר בתולדות המוסד.

עוז, בכיר בארגון, ועינת, מפקדת מבצע ומפעילת סוכנים נחושה, תכננו וביצעו לאורך שנים שורת מהלכים יצירתיים שחצו יבשות – מטייוואן והונגריה ועד לרובע הדאחייה בביירות.

זהו סיפורו של המבצע, אך יותר מזה, זהו סיפורם של האנשים שמאחוריו. סיפורם של מי שהפכו מבלי דעת לכלים על לוח השחמט, וסיפורם של אלה המשחקים במשחק מוחות מול אויבים אכזריים ומתוחכמים, ובדרך משלמים מחירים אישיים ומשפחתיים כבדים. סיפורם של החיים בצללים.

הודעה גורלית הוא רומן ריגול אקטואלי וסוחף, שמספק הצצה נדירה אל מאחורי הקלעים של מבצע הביפרים, ואל הדרמה האנושית שמאחוריו, באופן שרק מי שהיה שם יכול לספר.

אדם פיין הוא שם העט של בכיר לשעבר במערכת הבטחון ששמו האמיתי נאסר לפרסום על ידי הצנזורה.",,,,,,,,,he,Paperback,3.5,6,2,161,7,0,1
137908,2026-10-03T21:13:30.000Z,4,11,משה,76795,"עצים וצמחים הלהיבו אותי מאז ומתמיד, אין כמו לזרוע, לגדל ולבסוף לראות עץ בוגר, סיפוק אדיר. היו שנים בהם הייתי אוסף זרעים מעצים מכל מקום שהייתי מגיע אליו וזורע, אלונים, ברושים, אורנים ועוד. מכיוון שאלו עצים גדולים מאוד לא ניתן לגדל את רובם בגינה הממוצעת, כך שהם היו גדלים בדליים וכשהיו מגיעים לגובה של כמטר הייתי שותל אותם באיזור מגוריי כתרומה צנועה לאזור ירוק יותר. השנים האחרונות הביאו להתייקרות כזו במחירי המים שהחלטתי להפסיק עם הכמויות ולהתמקד במספר מינים בודדים ומיוחדים. חוויה מאתגרת ומהנה מאוד.
אני מאמין שלעצים יש אנרגיה אדירה ושניתן להתחבר ולהרגיש אותה, אולי שמעתם על מחבקי עצים למיניהם שטוענים להרגשה מיוחדת מאוד בחיבור אל העץ. אני כמובן הייתי סקפטי בעניין, אבל זה עובד, משהו קורה שם. עומדים מול גזע עץ בקוטר של 25ס""מ לפחות, חשוב להיות יחפים ולעמוד על האדמה ואז מניחים על הגזע את שתי הידיים, עוצמים עיניים ומתבוננים פנימה. מי שיש לו נסיון במדיטציה ויכול להתנתק במהירות מהסביבה ולהתרכז רק במגע עם העץ ירגיש מיד שמשהו קורה, מין הרגשה שאנרגיה מגיעה מן העץ זורמת דרכנו ומגיעה לאדמה דרך כפות הרגליים. מי שלא מאמין ואין לו נסיון בהתבוננות פנימה כנראה לא ירגיש כלום.. זה דורש תרגול, אבל שווה, החוויה מאוד מוזרה. הרבה יגידו הוא בטח הוזה.. אולי, אבל אין ספק שמשהו קורה שם, עדיין לא התנסיתי מספיק כדי לגבש דעה מדוייקתעל החוויה.

הספר הזה נכתב על ידי יערן שעבד וחי באחד מיערות גרמניה, הוא חי ונשם עצים יום יום למשך שנים רבות והוא מביא תובנות ורעיונות מאוד מעניינים. כמובן שאצל יערן גרמני הנתונים והמסקנות מבוססים על מדע ובוטניקה בנוסף להתנסותו האישית, לא תמצאו בספר תיאורים אזוטריים מסוג אלו שתיארתי למעלה. 
תוכלו להבין המון דברים על עצים מהספר שהמחבר מדבר עליהם ומוכיח באריכות, לדוגמא שיש תקשורת בין העצים ביער ובמיוחד בין אלו מאותו המין, שנבטים צעירים יכולים להשאר קטנים במשך שנים רבות ורק כשהעץ הבוגר שגדלו לידו מתחיל למות הם מתחילים בתנופת גדילה, בנוסף הם גם נותנים אנרגיה וחיות לעץ הזקן כדי להאריך את חייו בעוד כמה שנים, תמיכה הדדית..
לא ספר שמתאים לכל אחד, אך מי שמתעניין בחיי העצים ימצא כאן אוצר של ידע.",989797,החיים הנסתרים של העצים,פטר וולבן,ניב סבריאגו,אסיה,2018,265,מדע וטבע,"מדע, מדע פופלארי",https://cdn.simania.co.il/bookimages/covers98/989797.jpg,https://simania.co.il/bookdetails.php?item_id=989797,https://simania.co.il/showReview.php?reviewId=137908,"עצים מתַקשרים זה עם זה? מגדלים באהבה את צאצאיהם? סועדים את שכניהם הזקנים והחולים? מהגרים מיער ליער? יכולים ללמוד ולזכור?
אכן, מה שמתרחש ביער אינו פנטזיה. לעצים יש תחושות, רגשות, זיכרונות. הם חשים כאב, מקבלים מכות שמש ומפתחים קמטים. היער הוא רשת חברתית פעילה. עצים הם יצורים סוציאליים – הם חולקים חומרי מזון עם עצים חולים ואף מזהירים זה את זה מפני סכנה קרֵבה.
 
היערן הגרמני פטר ווֹלֶבֶּן מאיר את הסבך הנסתר של היער - ומעניק לנו הצצה נדירה ואינטימית, המרחיבה את גבולות הדמיון, לעולם של סודות נעלמים מתחת לאפנו ממש. על סמך גילויים מדעיים עדכניים וכן ניסיונו האישי רב-השנים, הוא חושף בפנינו את עולמם של העצים ואת העושר המופלא, אך הסמוי מן העין, של חייהם.
 
פטר וולבן, יליד 1964, נמשך לטבע מאז ילדותו והקדיש את כל חייו לעצים. הוא למד יערנות ועבד כ-20 שנה בשירות היערות הלאומי של גרמניה. וולבן מנהל היום יער בגישה ידידותית לסביבה בהרי האייפל שבמערב גרמניה, ופועל להשבתו של היער הראשוני.",,,,,,500-170,,,he,Paperback,4.3,12,3,7175,19,0,1
137907,2026-10-03T21:11:00.000Z,0,10,נצחיה,86526,"נתחיל עם רישום כוזב במסמכי תאגיד:
===
על הספר
נערת-קרקס נחלצת לעזרת עלמה שאולצה להינשא לגבר אלים בעיר-תעשייה קטנה.
הספר - זמנים קשים באנגלית, תורגם ע""י אסתר כספי - ימים קשים.

===
אם תיכנסו לאתר, זה המידע שתקבלו על הספר בדף שלו. זה לא מה שכתוב על הכריכה האחורית של הספר, וגם לא ממש תקציר עלילתי שלו. זה סתם חירטוט לא קשור שיכול להטעות את מי שרוצה לקרוא את הספר. 

נמשיך עם ציטוט:
""תומס גרדגריינד. סר. איש המציאות. איש העובדות המחשב דרכו. אדם הפועל על פי העיקרון ששתיים ועוד שתיים הן ארבע, ולא יותר, ושאין טעם לנסות לדבר על ליבו כי ייאות לוותר. תומס גרדקריינד, סר - בפירוש כך, תומד - תומס גרדגריינד. בסרגל ובמאזניים בידו, ולוח הכפל אינו מש מכיסו, סר, נכון תמיד לשקול ולמוד כל חלקיק של טבע האדם ולומר לך בדיוק לכמה הוא עולה. שאלה של מספרים גרידא, של חשבון פשוט. אתה יכול לקוות להחדיר אמונת הבל אחרת כלשהי למוחו של ג'ורג' גרדגריינד, או אוגוסטוס גרדגריינד, או ג'ון גרדגריינד, או ג'וזף גרדגריינד (כולם דמויות משוערות שאין להן קיום במציאות) אבל למוחו של תומס גרדגריינד - לא ולא, סר!""

אנחנו בעיירה בשם קוקטאון, עיירה תעשייתית והגיונית, יש בה מפעלי תעשייה ובנק. סמוך אליה נמצאת נווה אבן ובה מתגורר תומס גרדגריינד הנ""ל, בתחילה מורה ולאחר מכן חבר פרלמנט, עם בני משפחתו. באווירת המעשיות הקפיטליסטית של המאה התשע עשרה שבה נכתב הסיפור, תומס מחנך את תלמידיו ואת ילדיו בחינוך הנצמד לעובדות בלבד ובלי שום מקום לרגשות או ליצירה. העלילה מתמקדת בעיקר בשניים מילדיו של תומס - לואיזה המכונה לו, וטום ג'וניור. לו נישאת שלא מתוך אהבה לחברו בן החמישים של אביה, וטום הוא פרחח שמסתבך בהימורים ומסתמך על נדיבותה של אחותו. במהלך העלילה רואים איך ההיגיון הישר של גרדגריינד והחינוך שלו, וכן של כלל אנשי העיר מובילים את הדמויות לבחירות שגויות, לסבל ולאומללות ואין בהן הבטחה לחיים טובים

זה סיפור פחות מוכר של דיקנס, אבל אני חיבבתי אותו יותר מהמפורסמים שאותם קראתי. כמו כל הסיפורים הוא פורסם לראשונה במודל סיפור בהמשכים בעיתון, ועל כן העלילה נוטה להתפתל, לחזור על עצמה  ולפנות למקומות לא ברורים שמוכחים בתור דרכים ללא מוצא, אבל יחסית לספרים אחרים היא כן לכידה . כמו תמיד אצל דיקנס העניים הם טובים מאין כמותם והעשירים רעים וקשי לב, אבל כאן יש מקום לשינוי - והעיקר, הציניות הדיקנסית הנפלאה כאן מגיעה בצורה מעודנת ולא נדחפת עם כף פרשנות ללועו של הקורא. אז שווה לקרוא, בעיקר בשביל הציטוטים והקטעים הציניים שנמצאים למכביר.",21108,ימים קשים,צ'ארלס (צ'רלס) דיקנס,אסתר כספי,עם עובד,1970,267,ספרות,ספרות מתורגמת,https://cdn.simania.co.il/bookimages/covers2/21108.jpg,https://simania.co.il/bookdetails.php?item_id=21108,https://simania.co.il/showReview.php?reviewId=137907,"""הסאטירה שלי מכוונת נגד אלו הרואים רק מספרים וממוצעים, ותו לא,"" הכריז צ'ארלס דיקנס בבואו להסביר את הנושא המרכזי של רומן קלאסי זה. העלילה, שפורסמה לראשונה ב-1854, עוסקת בתומאס גראדגריינד – אדם ה""אובססיבי לעובדות מוכחות"" – המגדל את ילדיו, טום ולואיזה, באווירה חונקת ויבשה של פרקטיות קודרת.

בהיעדר מצפן מוסרי שינחה אותם, הילדים שוקעים לחיי ייאוש ומצוקה, על רקע העיר העגומה ""קוקטאון"" (Coketown) – יישוב עלוב המצוי בצילה של מפלצת תעשייתית אדירה. 

רומן זה, הנחשב לכתב-האישום החריף ביותר של דיקנס נגד הפרקטיקות התעשייתיות של אמצע המאה ה-19 והשפעותיהן המבטלות את האנושיות, מציע תמונה מרתקת של החיים בתקופה הוויקטוריאנית; הוא עשיר בפרטים, מתאפיין בבניית דמויות מבריקה ומפגין את הדאגה החברתית הלהוטה המאפיינת את יצירותיו הטובות ביותר של הסופר.

על יצירתו של דיקנס אמר המבקר הוויקטוריאני הדגול ג'ון ראסקין את הדברים הבאים: ""הוא צודק לחלוטין בכיוון הכללי ובמטרה של כל ספר שכתב; וראוי שכל ספריו – ובמיוחד 'זמנים קשים' (Hard Times) – ייקראו וייבחנו בקפידה וברצינות על ידי כל מי שמתעניין בסוגיות חברתיות.""",,Hard Times,,,,,ספריה לעם,146,he,Paperback,4.1,22,3,4737,86,0,1
137906,2026-10-03T20:31:57.000Z,0,3,אהרון,225643,"קן פולט יודע לרתק בכל ספר שהוא כותב, אי אפשר להניח את הספר .
הספר מספר על תקופה של 2500 שנה לפני הספירה, התיאורים כל כך חיים כאילו הוא חי את התקופה.
אני אהבתי מאוד.",1027384,מעגל הימים,קן פולט,ניצה פלד,מודן,2026,568,ספרות,ספרות מתורגמת,https://cdn.simania.co.il/bookimages/covers102/1027384.jpg?v=1778776070923,https://simania.co.il/bookdetails.php?item_id=1027384,https://simania.co.il/showReview.php?reviewId=137906,"כורה עם כישרון מיוחד, כוהנת המאמינה בבלתי אפשרי, מונומנט שלא נראה כמותו: תעלומת אתר סטונהֶנג‘ כפי שרק קן פולט מסוגל לספר.

סֶפְט, כורה סלעים מוכשר המתמחה בכריית אבני צוֹר, צועד בחום מעיק באזור “המישור הגדול“ בבריטניה כדי לחזות בפולחן אמצע הקיץ. הוא רוצה למכור את סלעיו ביריד הסמוך ולמצוא את נִין, הנערה שהוא אוהב. משפחתה המבוססת מציעה לו נתיב מילוט מאביו ואֶחיו האכזריים.

ג‘ויה, אחותה של נין, היא כוהנת שניחנה בחזון וביכולת מנהיגות יוצאי דופן. היא צופה מרותקת בפולחן אמצע הקיץ וחולמת על מבנה עצום, חדש ומופלא, שייבנה מהאבנים הגדולות בעולם. חזונה של ג‘ויה מעורר השראה בספט והופך למפעל חייהם של השניים. אך הם חיים בשנת 2500 לפני הספירה, הגלגל עדיין לא הומצא, וכל מה שעומד לרשותם הוא מאמץ אנושי וחבלים. שבטי המישור המפולגים, והספקנים הרבים אשר אינם מאמינים שהחזון יכול להתגשם, הופכים את האתגר לגדול מכפי שדמיינו.

כאשר בצורת אכזרית מגבירה את המתח בין הרועים, החקלאים ושוכני היער המאכלסים את המישור הגדול, מעשה של אלימות חריגה מוביל למלחמה - שעתידה לשנות את עתיד האזור כולו.

במעגל הימים, אפוס היסטורי מרתק, יש כל מה שהופך סיפור לעל־זמני: אהבה, נקמה, משפחה וקרבות עקובים מדם. קן פולט, מחבר הרומנים ההיסטוריים המוביל בתחומו, מתחקה אחר הסיפור האנושי החבוי מאחורי אחת התעלומות הגדולות בעולם: בניית אתר סטונהֶנג‘.

“תיאור דרמטי ועשיר.“ קירקוס ריוויוז 

“סיפור מרתק, מלא בדמויות מורכבות ומפותחות.“ פבלישרז ויקלי

“השילוב הייחודי בכתיבתו של פולט - תיאור מאורעות היסטוריים יוצאי דופן יחד עם תכונות האנוש המוכרות לכולנו - עובד באופן מושלם בספר המופלא הזה.“ לי צ‘יילד",,Circle Of Days,,,,,,,he,Paperback,,,1,112,9,0,1
137905,2026-10-03T19:58:58.000Z,5,3,דויד,196645,ספר מעולה . הסופר כותב סיפור קולח מאוד שבקלות מכניס אותנו לסימטאותיה של שכונת נחלאות שבירושלים.מנגיש את האמירות העירקיות.וגם מכניס אותנו לעולמה של הגמרא ואת הכול בחינניות . מקווה מאוד שנראה לראות עוד מספריו.,1024658,שלום במרומיו,דוד מנחם,,בית - יצירה עברית,2025,172,יהדות,,https://cdn.simania.co.il/bookimages/covers102/1024658.jpg,https://simania.co.il/bookdetails.php?item_id=1024658,https://simania.co.il/showReview.php?reviewId=137905,"כשמסורת עתיקה של זקנה בבלית מתנגשת עם הלכה נוקשה של רב צעיר, מתפתח מאבק מרתק על אמת, אמונה וסמכות בירושלים שבין שמיים לארץ.",,,,,,,,,he,Paperback,4,2,2,111,3,0,1
137904,2026-10-03T19:33:28.000Z,4,5,פלפל ירוק,133706,"ספר מצוין. חריג מאוד בנוף הרומנטזי. 
למרבה הצער יש עמודי סצנות נועזות מיותרים לחלוטין. לפחות 4 או 5 סצנות כאלו, כל סצנה מקבלת לפחות 3-5 עמודים. אז תעשו את החשבון. דילגתי על העמודים- שוב, מיותר לחלוטין! לא רק שמיותר, אלא פוגע בספר, כי הספר טוב, והעמודים האלו דוחפים אותו הרחק מקוראים שיכלו להנות ממנו אלמלא העמודים האלו.
זה ספר פנטזיה רומנטית, אבל לדעתי הוא מקיים הבטחות שהז'נאר הזה מבטיח תמיד וכמעט אף פעם לא מקיים. הפנטזיה טובה, בניית העולם טובה- גם אם לא מורכבת בטירוף, אבל כתובה ברור, וזה מרגיש עולם בנוי ומאוכלס. שאלות שהתעוררו בי במהלך הקריאה קיבלו מענה- כמו למה נחטפים ילדים מהעיר הבירה, המרוחקת מאוד מהגבול (זה בדיוק העניין, דווקא בערי הגבול אין חטיפות, ויש לזה סיבה). אמנם הרבה חלקים היו צפויים עבורי- כמו זהותו של לי, הזיווג של אנאסה, זהות החוטפים וכדומה, אבל לא מצאתי שזה לא מפריע לי, להפך, נהניתי לנחש ולגלות שצדקתי. זה לא ספר מהפכני או גאוני בטירוף, אבל הוא יותר מעונה על הציפיות. 
אם אהבתם את סדרת האחרים של אן בישופ או את סדרת דרקונים בשמי סיאטל של לינדזי בורוקר- לדעתי לא תתאכזבו מאיכות הכתיבה ובניית העולם של ספר זה. הוא שונה אבל טוב בצורה דיי דומה.
וזה עוד דבר- הכתיבה והתרגום, גם מוצלחים במידה חריגה. היו לפעמים מילים גבוהות מאולצות כמו ""פדחת"" בהתייחס לראש אבל ניחא, בכללי היה מצוין.
והיו גם קטעים משעשעים- לדוגמא:
מרין נחשפת לעושר של עולם החבורים, האמבטיות והסבונים הריחניים ו""פאק, אני לא יכולה להשתמש בזה. זה כמו נזם זהב באף חזיר. רגע, קראתי לעצמי עכשיו חזירה?""
ועוד אחד:
'ונה מגכחת ""שתדעי שאת יותר כבדה ממה שאת נראית"" היא אומרת בנחרה. ""זה הכל מהשרירים"" אני מתפארת. ""כן, וגם מהצניעות"" משיבה איזבל'
בקיצור, ספר פנטזיה רומנטית איכותי. אם זה הז'אנר שלכם, ממליצה בחום.",1027035,כבלי בלהות,סייבל סורנסן,נועה שביט,אהבות,2026,638,ספרות,ספרות קלה - רומנים,https://cdn.simania.co.il/bookimages/covers102/1027035.jpg?v=1776418605345,https://simania.co.il/bookdetails.php?item_id=1027035,https://simania.co.il/showReview.php?reviewId=137904,"""שילוב מחשמל בין 'האגף הרביעי' ל'משחקי הרעב' בפנטזיה רומנטית סוחפת שאי אפשר להניח מהיד.""

רק הראויים שורדים את מבחני החבירה. היא תסכן את חייה - ואת ליבה - כדי להיות אחת מהם.

מרין קופר תמיד תיעבה את ה""חבורים"" - לוחמי העלית הקשורים בנפשם לזאבי בלהות עצומים ואכזריים. בזמן שהם חיים חיי פאר, מרין נאבקת להציל את משפחתה מחיי עוני בצל הטירה. אבל כשסיילה, אחותה הקטנה, נחטפת אל מעבר לגבול על ידי המפלצות בנות-האלמוות שנלחמות בארצה מזה מאות שנים - עולמה של מרין קורס.

מתוך רצון נואש להגיע לחזית ולהציל את אחותה, מרין מתגייסת לצבא ומושלכת היישר אל תוך מבחני החבירה הקטלניים, שם כל טעות תעלה לה בחייה.

כעת, על מרין לשרוד ארבעה חודשי אימונים מפרכים בטירה. היא כבולה לזאבת בלהות פראית שמסרבת לתקשר איתה; הטירונים האחרים צמאים לדמה; והמדריך הקר והיפהפה שלה, סטארק תריון, רק מחכה להעניש אותה על כל סימן של חולשה.

במקום שבו כל חיוך מסתיר סכין והמסדרונות צופנים סודות אפלים, כולם רוצים לפגוע בה - כולם, מלבד נסיך הכתר הנאה בצורה מסוכנת, שתשומת הלב שלו רק הופכת אותה למטרה גדולה יותר.

קשר דם או מוות. קרב או חידלון. הכישלון הוא גזר דין מוות.

הספר כולל תוכן למבוגרים, וכן תיאורי אלימות גרפיים, ומומלץ לקוראים מגיל 17 ומעלה.",,Dire Bound,,,,,זאבי החורבן,1,he,Paperback,4,1,1,51,1,0,1
137903,2026-10-03T19:26:27.000Z,4,7,טל,334664,"איזה יופי של ספר. 
ככל שאני קוראת את הספרים של יואב בלום, אני מגלה סופר שיש לו דברים מאוד מעניינים להגיד. בכל ספר זה מולבש על עלילה אחרת, והבנתי כבר שאני צריכה לבוא בראש פתוח ולהתמסר לסיפור. כך גם בספר הזה, שפורש בפני הקורא עלילה מתפתחת ומסתעפת.
הספר עוסק בעולם שבו בני אדם יכולים להתחלף. מה הכוונה להתחלף? שהנפש יכולה לעבור לגוף אחר, ואח""כ לחזור. מן רעיון שכזה. ורק הדמות הראשית בסיפור, דן ארבל, לא יכול להתחלף. היחיד בכל העולם. הקבוע היחידי. אז זה הקולב העלילתי שעליו מולבש הספר, וזאת הקרקע לתרחישים שונים, שחלקם ממש מרתקים.
הנקודה הכי חזקה מבחינתי היא שהספר פשוט אינטליגנטי. בכל המובנים. גם מבחינת העלילה המותחת שמתפתחת סביב לאותו הרעיון של ההתחלפות, וגם מבחינת המחשבות והרעיונות על נושאים מגוונים של רגש ונפש: השתייכות חברתית וקבלה חברתית, זהות עצמית ואותנטיות, רגשות רומנטיים והכמיהה לאהבה.
יש לדעתי בספר היבט נוסף, שמצד אחד אפשר להגדיר אותו ביקורת חברתית, אבל אולי זה מושג מרחיק לכת. אולי נכון יותר לומר שיש בספר מידה מסוימת של שיקוף שלנו כחברה, בתקופה הנוכחית. איזשהו תיעוד של הלכי רוח מסוימים. אבל את זה אני משאירה כבר להתרשמותו של כל קורא.",983225,הקבוע היחידי,יואב בלום,,כתר,2016,376,ספרות,ספרות מקורית,https://cdn.simania.co.il/bookimages/covers98/983225.jpg,https://simania.co.il/bookdetails.php?item_id=983225,https://simania.co.il/showReview.php?reviewId=137903,"מאז הומצא צמיד ההתחלפות, החיים השתנו. עכשיו כולם יכולים להתחלף - לנדוד בלחיצת כפתור אל גופו של מישהו אחר, בזמן שהוא עובר לגופך, למשך דקות, שבועות או שנים. במקום לטוס עד תאילנד, אפשר לקפוץ אל תוך מישהו שנמצא שם על חוף הים. במקום להסביר לרופא מה בדיוק אתם מרגישים, הרופא מתחלף איתכם לרגע ופשוט יודע. ועוד לא דיברנו על מאמני הכושר, שיריצו את הגוף שלכם בזמן שאתם שותים בירה על המרפסת שלהם. ממערכות יחסים ועד תחבורה, מעסקים ועד אחריות פלילית - הכול פועל אחרת עכשיו, כשהחלפת גוף היא פעולה פשוטה כמו שיחת טלפון...

אלא אם כן קוראים לך דן ארבל. במקרה הזה אתה האדם היחיד בעולם שאינו מסוגל להתחלף, שנשאר קבוע, תמיד בתוך גופו שלו. העניינים מסתבכים כאשר אישה שדן אינו מכיר נפגעת לנגד עיניו מכדור של צלף, רגע אחרי שסיפרה לו שהיא בעצם אהובת ילדותו בגוף אחר. דן מוצא את עצמו במרכזה של תעלומה ויוצא לגלות מי ירה בה, ובעיקר למה. הקבוע היחידי מתרחש בעולם שהמצאה אחת קטנה וגאונית שינתה אותו כליל והציתה מחדש שאלות ישנות על גוף ונפש, על זהות ועל אהבה. בסגנונו הייחודי סוחף אותנו יואב בלום, מחבר רבי־המכר ״מצרפי המקרים״ ו״המדריך לימים הקרובים״, אל סיפור מעורר מחשבה ואל האפשרויות הגלומות בו.",,,,,,,,,he,Paperback,4.1,105,25,8663,79,2,1
137902,2026-10-03T18:33:58.000Z,5,5,א.ל,255407,"את עשהאל קראתי בטרק בנאפל, באוהל בעזרת פנס. 
ספר נפלא, ככ אהבתי אותו. לא יכולתי להפסיק.
אמו של הגיבור הזכירה לי לי את אבי, המושבה את הקיבוץ שרק עזבתי, הגיבור את עצמי, ואיה את הנשים שקיוויתי לפגוש.
אהרון מגד כתב עוד הרבה ספרים טובים (במיוחד מסע באב ופויגלמן) אבל עשהאל הוא הטוב והמרגש מכולם",4909,עשהאל [מהדורת 2004],אהרן מגד,,עם עובד,2004,231,ספרות,ספרות מקורית,https://cdn.simania.co.il/bookimages/covers0/4909.jpg,https://simania.co.il/bookdetails.php?item_id=4909,https://simania.co.il/showReview.php?reviewId=137902,"יומנו של איש תמהוני, יליד מושבה ותיקה בגליל, שבמרכזו פרשיות יחסים  עגומות וקומיות כאחד, בינו ובין אמנית תל -  אביבית, ובינו ובין אמו, אשה בעלת שרשים עמוקים בתרבות הארצישראלית. סיפור על בדידות ועל כמימה למגע אנושי בהוויה של ניגודי ערכים.",,Asahel / Aharon Megged,,,,32-11701,ספריה לעם - קלאסיקה,241,he,Paperback,4.2,54,11,5741,73,0,1
137901,2026-10-03T18:05:34.000Z,3,4,סדן,52184,"במקרה ולא חשוב כיצד נחת אצלי בבית,   הספר הראשון בסדרה הזאת. הספר הרי נכתב כספר ילדים אבל שמעתי 
שהוא נועד ""לכל המשפחה"" אז למרות שהוא לא נועד לאנשים מבוגרים הוא הרי כל כך הצליח שבכל זאת כדאי לנסות לקרוא אותו.
ילדים מתים על קסמים ופנטזיות ואני זוכר כיצד בילדותי קראתי את ""יותם הקסם""  של ינוש קורצ'ק (שבתרגום מודרני יותר נקרא ""קייטוש המכשף)
אני זוכר עד כמה שהתלהבתי ואהבתי אז את אותו ""יותם"" הפולני שעבר בארץ-ישראל גיור כהלכה...
אלא שהיום כאדם מבוגר שקרא אין-ספור ספרים קשה הרבה יותר להרשים אותי... אמנם יש בספר הזה קטעים ממש יפים והוא מכיל כל מיני יצורים אגדתיים בכמות מסחרית
אבל לי היה קשה להתעלם מדמותו של הקוסם הרע שנגנבה גניבה ספרותית לדעתי מדמותו של האיש המיתולוגי הרע בסידרת ""מלחמת הכוכבים"" (אפילו שמותיהם דומים)
והדמיון של רולינגס משתולל לכל הכיוונים...  אהבתי במיוחד את הקטעים של ההתחלה עם המשפחה שגידלה את הארי פוטר
אבל בינינו... הדמויות הן סטריאוטיפיות, שטחיות ופלקטיות לחלוטין ועם זאת עצם הרעיון של ""בית ספר לקוסמים"" הוא רעיון נחמד ומקורי!
ועם הצלחה הרי לא מתווכחים! אז בסך הכל זהו אכן ספר נחמד לילדים רק שלצערי אני אישית כנראה שעברתי כבר מזמן את הגיל שאני מסוגל ליהנות מספר כזה
וזה כמובן רק אני שרואה את השיטחיות והכלומניקיות של הפנטזיה כאן... אמנם אני בהחלט ממליץ עליו לילדים ונוער! אבל למבוגרים ממש לא ובצדק! 
הוא הרי לא נועד לי ושכמותי...",795,הארי פוטר ואבן החכמים,ג'יי. קיי. רולינג,גילי בר- הלל,ידיעות אחרונות,1998,316,ספרות,מדע בדיוני ופנטזיה,https://cdn.simania.co.il/bookimages/covers0/795.jpg,https://simania.co.il/bookdetails.php?item_id=795,https://simania.co.il/showReview.php?reviewId=137901,"הארי פוטר מעולם לא היה כוכב של נבחרת קווידיץ' שמזכה את קבוצתו בנקודות תוך כדי רכיבה על מטאטא גבוה מעל האדמה. הוא לא מכיר לחשי קסם, מעולם לא גידל דרקון מביצה, ומעולם לא עטה גלימת היעלמות. הוא מכיר רק את חייו האומללים עם משפחת דרסלי האיומים - דודו ורנון, דודתו פטוניה ובנם הדוחה דאדלי - בריון מפונק, מגודל ושמן. 

 החדר של הארי הוא ארון פיצפון בתחתית המדרגות, והוריו המאמצים מעולם לא חגגו את יום הולדתו. אך כל זה עומד להשתנות לאחר שמכתב מסתורי מגיע אליו בדואר ינשופים ומזמין אותו למקום מופלא שהארי - וכל מי שיקרא עליו - לא יוכל לשכוח לעולם - הוגוורטס, בית הספר לכישוף ולקוסמות. 

בהוגוורטס הארי מגלה לא רק חברים, ספורט אווירי (קווידיץ') וקסמים בכל דבר, החל בשיעורים וכלה בארוחות, אלא גם גורל גדול שמחכה לו... בתנאי שהוא יצליח לשרוד!      

פרס הספרים הבריטי לספר השנה לילדים, 1997      
פרס מדליית הזהב של סמרטיז - נסטלה, 1997      
הספר הטוב ביותר לשנת 1998 של הספרייה הציבורית בניו-יורק 
     
ספר השנה 1998 PARENTING      
הספר הטוב ביותר לשנת 1998   SCHOOL LIBRARY JOURNAL      
הספר הטוב ביותר לשנת 1998   PUBLISHER'S WEEKLY",,Harry Potter and the Philosopher's Stone,,,965,362-1503 (ברקוד כריכה קשה שיתורגם לכריכה רכה: 0036200021392),הארי פוטר,1,he,Paperback,4.5,1677,234,58158,1377,23,1
137900,2026-10-03T17:13:34.000Z,5,5,יפעתי,42322,"505 ימים בשבי, מתוכם 50 ימים לבד בחושך. 
עומר שם טוב מספר על השבי שלו, על המסיבה וניסיון ההימלטות ממנה עם מיה ואיתי, את רגעי הירי והפציעה של מיה ואיתי. 
מספר על השהות בדירה עם איתי עד שזה השתחרר והוא נשאר לבד וירד ל50 ימים ולילות במנהרה חשוכה. 
עומר שרד וחזר בשביל לספר מה עבר עליו עליו לבד המחבלים עד שהשתחרר. 
עוד גיבור ששרד ולא שכח להודות לגיבור אחר שלא הצליח לשרוד, אורי דנינו ז""ל הי""ד.",1028445,מפגש עם עצמי בגיהנום (בגיהינום),עומר שם טוב,,סלע מאיר,2026,252,ספרות,סיפורי חיים,https://cdn.simania.co.il/bookimages/covers102/1028445.jpg?v=1786930193494,https://simania.co.il/bookdetails.php?item_id=1028445,https://simania.co.il/showReview.php?reviewId=137900,"""הגוף נעשה קל. הישות שלי, האגו, הצרכים שלי והרגשות שלי מונחים כאן לידי, לא בי. הרעב, הלכלוך, הנה הם מתמוססים לתוך החושך. עד עכשיו לא ידעתי שהאגו הוא שמכביד על הגוף, אבל עכשיו, כשהגוף מוציא מתוך עצמו את הכעס, את השנאה, את כל מה שיושב עליו, פתאום קל לו. אני מבין שזה מה שהיה כל המשקל הזה. אף פעם לא הרגשתי חופשי כל כך.""

במהלך השבי התגלגלתי לתא קטנטן שבו שהיתי חמישים יום. לא יכולתי לעמוד, לא שמעתי דבר, הייתי בחשכה מוחלטת, בבדידות ובהרעבה קיצונית. בתוך החושך התגלגל אליי יום אחד פנס. פנס קטן, באיכות נמוכה, כזה שקונים בחנות של הכל בדולר. בכל יום הייתי מדליק את האור הקטן לרגע קצר, לבדוק שהעין עוד רואה. כשיצאתי, הבנתי שאני צריך לכתוב את הספר הזה. ספר שיהיה פנס. לא תמיד תהיה לנו את הזכות לבחור את הדרך שנלך בה. החיים יזמנו לנו חוויות שונות וקשות, אבל יש הרבה דרכים להגיע אל האור. זו הדרך שלי.

עומר שם טוב נולד ב-2002 וגדל בהרצליה. ב-7 באוקטובר 2023 השתתף בפסטיבל נובה, ממנו נחטף לעזה. במשך 505 ימים היה בשבי חמאס, עד ששוחרר בפברואר 2025.",,,,,,,,,he,Paperback,4.7,3,2,56,2,0,1
137899,2026-10-03T17:05:48.000Z,4,6,מורי,1554,"אני עוד לא בעמוד עשרים וכבר אני צריך להתחיל את הסקירה. קינג כנראה הביע דעה ואני חייב לומר שהוא בחור כלבבי. אז ככה: בילי סאמרס הוא מתנקש מתוחכם וכשהוא מקבל משימה, משימת התנקשות, הוא מראה צד דבילי שבו. באותה עת מצוי במזוודתו העתק של ספר משל סופר שהוא (ואני) באמת אוהב: אמיל זולא. שאפו קינג! בהמשך הספר תבינו את הקטע של הצד הדבילי.
ועכשיו לסיום הספר וגם פה העניק קינג אבק כוכבים אותו זרה גם מעל הסיום של הנובלה הגופה. אני מדבר על הסיום הנוגע ללב של הסרט אני והחבר'ה, הנפלא בסרטים, שנוצר עפ""י הנובלה. גם שם וגם פה סיום עצוב כל כך, שום האפי אנד, אף לא צלו של כזה.
גם התחלנו וגם סיימנו ועתה למהות הספר. בילי סאמרס הוא רוצח שכיר כבן 40, לא חידוש ספרותי ואף לא חידוש בחיים. רוצים לסדר את הגינה? מזמינים גנן. החמות מטריפה אתכם? נו, הבנתם.
בילי סאמרס (גארט הדלונד, בסדרה) הוא נחת בוגר עיראק. משהחליט שדי לו בהרג כצלף מיומן, פרש מהצבא. די מהר החלו לזרום עבודות הדורשות צלף עם יכולת של אפס החטאה, חמיקה שקטה והותרת שטח נקי. זה בילי. עד לעבודה הנוכחית הוא הרג 17 אנשים שהמכנה המשותף שלהם  זה שהם אנשים רעים.
קינג הוא כותב מיומן, קינג בתחומו. הספר כבן 500 עמודים וכבר בשליש הספר נסתיימה עבודתו של בילי, נקי וחלק. כמה חודשים נכח בילי בעיר הקטנה כהכנה לרצח, הפך לסופר מוכר, דמות הכיסוי שלו, בא והלך בשעות הנוחות לסופר והתחבב על כולם. העבודה בוצעה, כאמור, רק כדי לגלות שמצייד הפך בילי עצמו לניצוד ע""י מישהו רע באמת. הוא מבין זאת כששאר 75% מהשכר אינם מועברים לחשבונו ורצונו להעלם לאחר החיסול לא עובר חלק אצל המזמין, המציע שירותו העלמה משל עצמו.
כאן נכנסת עלילת משנה מפתיעה ואף שלישית. בילי אכן הופך לסופר, כותב את סיפור חייו מילדותו בה אחותו הקטנה נפגעת מידי בן זוגה של אמו, המשך בפלוג'ה בעיראק וסיום כשעלילה שתיים ושלוש מתחברות וסוגרות  מעגל עצוב.
קינג כותב בלתי נלאה והפעם העמודים נבלעו בקלילות. זה לא הסגנון הרגיל של קינג, אבל הוא ניסה והצליח, כי, כאמור, הוא מיומן ונדמה שבמקום להקליד הוא פשוט מדבר והטקסט פשוט נערם.
התרגום של אינגה מיכאלי שוטף ושוצף.",1004486,בילי סאמרס,סטיבן קינג,אינגה מיכאלי,מודן,2022,495,ספרות,מתח ריגול והרפתקאות,https://cdn.simania.co.il/bookimages/covers100/1004486.jpg,https://simania.co.il/bookdetails.php?item_id=1004486,https://simania.co.il/showReview.php?reviewId=137899,"בילי סאמרס עומד לבד בחדר עם רובה. הוא רוצח שכיר עבור המאפיה, גיבור מלחמת עיראק, והוא נחשב הטוב ביותר בתחומו. אבל הוא תמיד מבצע את הג'וב רק אם הקורבן המיועד הוא איש רע.
אחרי שנים של עבודה, בילי מחליט שהגיע הזמן לצאת לגמלאות. אבל קודם מחכה לו עוד חיסול אחרון. במסגרת המשימה הוא נדרש להעמיד פנים שהוא סופר שעסוק בכתיבת ספר, והכתיבה הופכת בשבילו לאמצעי התמודדות עם כאבי העבר. כשהוא מתחיל לחשוד שמי שנתן לו את המשימה מתכוון לחסל אותו אחרי שיבצע אותה, הוא נמלט ומסתתר.
ואז הוא פוגש את אליס, אישה צעירה שהייתה קורבן למעשה אלימות שפל. בניגוד לכל האינסטינקטים שלו, בילי מאפשר לקשר בינו לבין אליס לצמוח. יחד הם יוצאים למסע ברחבי ארצות הברית, כדי לברר מי באמת שכר את בילי למשימה ומדוע החליט לרצוח אותו.
מספר הסיפורים האגדי סטיבן קינג מביא את סיפורו המרתק של בחור טוב בעסק רע מאוד. בילי סאמרס הוא שילוב יוצא דופן של ספר מתח עם סיפור אהבה מרגש לעיירות הקטנות של אמריקה ולאנשים שחיים בה. זהו  סיפור על טוב ורע, על מזל וגורל, ועל גיבור מורכב שאי אפשר לשכוח.",,Billy Summers / Stephen King,,,,20-53797,,,he,Paperback,4.2,19,5,1951,27,0,1
137898,2026-10-03T16:10:54.000Z,4,2,7ספרים,106152,"בררר....קודם כל אוהב את לי ברדוגו. צל ועצם היא סידרת מופת בעיני. הבית התשיעי הוא סיפור פנטזיה מוצלח. קצת קשה לי עם כל הדם, הגועל, המוות והקיא , שמפוזרים ברחבי הספר אבל מה לעשות כשזה הבון טון העכשווי.  לא ציפיתי למצוא בספר את המקבילה של הבחורה מ'קעקוע של דרקון'.  בתקופה שבא עריפת ראשים, עקירת עיניים, זריקות רעל ושאר מרעין בישין חזרו לאופנה - ואולי אף פעם לא יצאו ממנה - הסיפור הזה נכנס לקטגוריה של ג'ק המרטש בקטנה. הבעיה היא שמרגע שהתחלתי אז התקשיתי להפסיק (ולא לפני השינה, כמובן).  
בקיצור, שווה ואני רץ להשיג את החלק השני.",1011926,בית תשיעי,לי ברדוגו,טל ארצי,כתר,2024,408,ספרות,מדע בדיוני ופנטזיה,https://cdn.simania.co.il/bookimages/covers101/1011926.jpg,https://simania.co.il/bookdetails.php?item_id=1011926,https://simania.co.il/showReview.php?reviewId=137898,"""זה מה שקסם עושה.
הוא חושף את הלב של מי שהיינו לפני שהחיים גזלו מאיתנו את האמון באפשרי.""

גלקסי ""אלקס"" סטרן יודעת שהחיים הם לא משחק ילדים. ככה זה כשגדלים בשולי החברה. בגיל עשרים היא השורדת היחידה של סדרת רציחות מחרידות, והמשך חייה לא משדר אופטימיות.

הכול משתנה כשהיא מקבלת הצעה שלא ניתן לסרב לה: להשאיר את עברהּ מאחור ולהתחיל ללמוד באחת האוניברסיטאות היוקרתיות בעולם. בתמורה יהיה עליה לפקח על פעילויותיהן של האחוות הסודיות באוניברסיטה, שאותן פוקדת צמרת החברה וההון. עד מהרה אלקס מגלה שמאחורי הזוהר והיוקרה מסתתרת פעילות מיסטית אפלה: קסם אסור. מתים שקמים לתחייה. וגם ציד של החיים...",,Ninth House,,,,,בית תשיעי,1,he,Paperback,3.8,6,3,838,7,0,1
137897,2026-10-03T13:45:50.000Z,5,3,DRefaeli1,85290,"זה אחד הספרים האהובים עלי. קראתי אותו במקור באנגלית – מקינרני הוא אחד האשפים של השפה האנגלית – לפחות בגרסתה המלוטשת והמעודנת ""א לה"" חוף המזרחי. צפו לתצוגת תכלית מרהיבה של מילים נוצצות והכרות עמוקה עם מושאי הכתיבה, בין אם זה אופנה, אוכל, סמים, סמורים או החוג הספרותי של ניו יורק. 
הסיפור כתוב בגוף שני, אבל למרות הבחירה הלא שגרתית מצליח להיות בדיוק באמצע: מרענן בדיוק ברמה הנכונה, מרגש ברמה הנכונה, משעשע, סימבולי, עמוק. 
זהו אוטופיקשן שמתאר פחות או יותר את נישואיו הראשונים של מקינרני ופיטוריו מהמגזין הנחשק ""הניו-יורקר"". העלילה מתרחשת בשבוע אחד של תחילת שנות ה-80 בתפוח הגדול, שבמהלכו הגיבור עובר מסע מעגלי מהדחקה להשלמה. הבחירה בגוף שני כנראה נועדה לחזק את ההדחקה – להרחיק את הכותב ולקרב את הקורא. שם הספר לקוח משיר בלוז מוכר שהפך לסיפור אזהרה (cautionary tale) על כוח המשיכה המפתה, ובסופו של דבר הרסני, של החיים בעיר הגדולה. 
פעלול האירוניה אינו נעלם מעיניו של קורא חד עין: גיבור שתפקידו הוא לבדוק עובדות במגזין, אבל בחייו הפרטיים נמנע מעובדות, ואף מתנהג כפתי שמאמין לכל מראית עין (שעון מזויף, סמים מזויפים, מכונית יוקרה במצב רעוע; ובסופו של דבר, מסתבר, גם אישה). כמאמר השורה מהשיר של טוקינג-הדס (שמצוטטת בספר מספר פעמים): ""Facts don't do what I want them to"".
עוד שני פעלולים סימבוליים חמודים: לאורך הספר יש התייחסות ל""אדם הנעדר"" וגם ל-""תינוק הקומה"". מה שמתחיל כאנקדוטות משעשעות וצבעוניות, מקבל בהדרגה משמעויות עמוקות יותר לגבי האדם הנעדר מחייו של הגיבור, ומצב הקומה של חייו בעקבות זאת.  
זהו ספר שקנה לסופרו את עולמו – הסופר הפך לסופרסטאר, והספר הפך לסרט בכיכובו של מייקל ג'יי פוקס – ואם תקראו אותו תבינו היטב למה. מומלץ!",216627,אורות בוהקים עיר גדולה,ג'יי מקינרני,קטיה בנוביץ',זמורה,2007,190,ספרות,ספרות מתורגמת,https://cdn.simania.co.il/bookimages/covers21/216627.jpg,https://simania.co.il/bookdetails.php?item_id=216627,https://simania.co.il/showReview.php?reviewId=137897,"בחור צעיר חי במנהטן כאילו היא שלו. יש לו הכול: אישה דוגמנית-על; עבודה במגזין יוקרתי; חברים צעירים ושנונים, נהנתנים יוצאי דופן.

	ואז האורות כבים.

	במהלך סופשבוע מטורף הוא מנסה לגבור על לבטים מוסריים ועל השחר המתקרב כשהוא חמוש רק ברצון טוב, סמים ותבונה. אירועים קומיים ואכזריים כאחד קושרים קשר נגדו. תוך כדי מנוסתו הבלתי נלאית אל לב חיי הלילה של ניו יורק - בין מועדוני לילה, תצוגות אופנה, מערכות עיתונים ומסיבות בעליות גג - הוא נמלט מן העצמי השנוא עליו כל כך בדרכו לגלות, בסופו של דבר, מי הוא.

	 

	אורות בוהקים עיר גדולה הוא ספרו הראשון של הסופר הניו-יורקי ג'יי מקינרני. הספר ראה אור ב-1984 והפך בן לילה לקלאסיקה מודרנית. עד היום הוא נמכר ביותר ממיליון עותקים ותורגם ל-20 שפות. הוא מוגש כאן לקורא העברי בתרגום חדש.

	 

	 

	""צנוע בצורה מלבבת, מצחיק ומאוזן להפליא.""     

	ניו יורקר

	 

	""קצר, ערמומי ומצחיק מאוד... אבל מתחת לפני השטח נמתחת זעקת שברלקיום שפוי, מתוק, שקול ומאופק יותר.""     

	שיקגו טריביון

	 

	""מקינרני הוא סופר צעיר מחונן. מענג לצפות בתחילתה של קריירה כזאת. מעורר ציפייה לבאות.""    

	וושינגטון פוסט

	 

	""חכם, תמציתי ויפהפה... הספר המדליק ביותר לעשור המדליק ביותר, 'התפסן בשדה השיפון' של שנות ה-80.""                            פלייבוי",,"Bright Lights, Big City",,,965,3-13685,,,he,Paperback,3.9,10,2,2070,25,0,1
137896,2026-10-03T13:40:22.000Z,5,8,rea,165045,"עלילת הספר מתרחשת באנגליה בתקופתנו. 
אודרי, מורה צעירה מתאהבת בסיימון, תלמיד תיכון דיכאוני שלומד אצלה בכיתה. אודרי נקלעת למצוקה רגשית, כאשר מצד אחד היא מאוד נמשכת לסיימון, אך מצד שני אסור לה לקיים עמו מערכת יחסים רומנטית, מכיוון שהוא קטין. 
'תנסי לא לדפוק הכול' אומרת לעצמה בראש אודרי. ועדיין יש לה פחד שהיא תדפוק הכול, שהיא תשכב עם סיימון ותפוטר מבית הספר התיכון האנגלי המדכא הזה, בו כמעט כל התלמידים לוקחים תרופות פסיכיאטריות בשביל לקום מהמיטה.
מה תעשה אודרי? ובכלל למה כל הגברים שהיא פוגשת, שוכבים אתה ואחר כך היא מנתקת קשר ומאבדת בהם עניין. אבסורד נוסף סיימון הוא הומו ונמשך לגברים וגם יש לו חבר בו אודרי מקנאה. 
הספר הזה קצר מאוד 103 עמודים ולמרות שכתבה אותו סופרת ישראלית נדמה כאילו נכתב באנגליה. האווירה המלנכולית, המוזיקה, הסמים הכול משנות ה90 שכבר חלפו. 
לאודרי יש הבחנות מעניינות בקשר לגברים ובכלל הסופרת מעלה נקודות חכמות מאוד בקשרים בין גברים לנשים ובכלל בקשר לחיים. 
הספר יצא בהוצאת פטל של אביבית משמרי. 
ספר חדש. עורך הספר: רון דהן.
לסיכום: ספר מעולה, המעלה שאלות מוסריות ובוחן את תפקידה של התשוקה בבית ספר תיכון ואת תפקידה של הסופרת לתת לקוראים להחליט לבד מה מותר ומה אסור.",1028837,התלמיד,מאיה בנבנישתי,,פטל,2026,103,ספרות,ספרות מקורית,https://cdn.simania.co.il/bookimages/covers102/1028837.jpg?v=1790977938597,https://simania.co.il/bookdetails.php?item_id=1028837,https://simania.co.il/showReview.php?reviewId=137896,"""בבוקר, כשאני מגיעה לבית הספר, נהמה שעולה מתחתית הבטן שלי מספרת לי שסיימון נמצא בתוך הבניין. אני יכולה להרגיש את זה באוויר. מהריח הדקיק של מרכך הכביסה שלו שנישא במסדרון. אני לא יודעת באיזה חדר הוא נמצא, אבל נוכחותו בבניין מורגשת.""

אודרי לא תכננה להתאהב בתלמיד החדש שלה, אבל זה מה שקרה, ומאותו הרגע היא נזרקת אל רכבת הרים של השתוקקות וחרדה. הקשר עם סיימון, נער שנון, נאה ומלנכולי, מערער את המורה הצעירה והאידיאליסטית וגורם לה לבחון מחדש את גבולותיה המוסריים. מה עושים עם האהבה הזו? 

התלמיד הוא סיפור סוחף הבוחן שאלות מטרידות הנוגעות לתשוקה ואיסורים, ולמערכות היחסים הרוחשות מתחת לפני השטח בין מורים לתלמידים.  

מאיה בנבנישתי היא מורה בשנתה התשיעית למקצוע ומתגוררת בירושלים. פעילה חברתית בשדות הפמיניזם, חינוך מיני, זכויות נשים, זכויות פליטים וזכויות אדם. סיימה תואר בספרות כללית והשוואתית באוניברסיטת תל אביב. זה ספרה השני, לאחר הספר על אמיל (2025, פטל) שזכה לשבחי הקוראים.",,,,,,,,,he,Paperback,5,1,1,44,0,0,1
137895,2026-10-03T10:16:34.000Z,3,3,חזיר פג,334367,"בגילוי נאות שאני רואה שיש כאן כמה ששותפים אליו; לא הצלחתי לקרוא כמעט מחצית מהספר. אולי עד עמוד 230 קראתי. 
לא הפסקתי מסיבות אידיאולוגיות, על אף שמאראי לא חסך מהקורא סיבות אידאולוגיות בגינן לא ירצה להמשיך לקרוא (שמתי לב שכשמחבר נוקט בעמדות אידיאולוגיות מובהקות בספר שלו, אולי אפילו תוכחניות אפשר להגיד, אני נוקטת בשם המחבר. על אף שלא הכרתי את הסופר הזה לפני)
הפסקתי משום שהיו יותר מדי התרברביות, בעיניי חסרות טעם. משפטים על גבי משפטים שנועדו למלא חלל חסר.

כדי שאוכל לנקוט בסיבות יותר ספציפיות אאלץ לרשום בקצרה ובגסות את הרקע: 
מדובר בשלושה אנשים המספרים סיפור אחד, וכל אחד מהפרספקטיבה שלו לחלוטין.
הראשונה היא אילונקה, שמספרת על בעלה ועל אהבתו ""האמיתית"" עליה גילתה באמצע שנות הנישואים שלהם. מובן שיש יותר לכך, אבל זה בקצרה. המספר השני הוא פטר, הבעל של אילונקה, הוא מספר על אהבתו הראשונה; זאת האמיתית שהגיעה לפני שנשא לאישה את אילונקה, ולאחר מכן ממשיך ומספר את כל מה שחווה עד לציר זמן הנוכחי. לבסוף האישה האחרונה, אהבתו האמיתית של פטר מספרת את הסיפור, מהפרספקטיבה שלה כמובן. בסיפור האחרון שלה לא נגעתי. 
אתחיל בזה שנשאבתי לסיפור הראשון של אילונקה. לא כי היא ""האישה האחרת"" בסיפור והסכמתי איתה רגשית, אלא כי כל דבר שנרשם בחלק הזה עניין אותי, שאב אותי. המילים שנרשמו בין לבין היו מוצדקות, גם אם מוארכות. היה להן טעם ברור גם כשלא הסכמתי איתן מהותית. בהמשך, בחלקו של פטר, לא אגיד שהסיפור בפני עצמו לא היה מעניין ומורכב, היה בהחלט, אבל מאראי האריך בניסיון שלו להגדיר ולשפצר כל מיני עמדות והגדרות. המילים כבר נעשו מטושטשות וחסרות הצדקה. 
הדמויות עצמן מורכבות, והמורכבות שלהן כתובה היטב. מאראי הצליח לתת שמות לתחושות וסודות שנמצאים בתת מודע. 

וכן ארשום, לגבי העמדה שהוא נוקט כלפי נשים לאורך כל הספר, שהיא מלאה בטעויות, אך אני תוהה אם הטעויות נובעות מחוסר הסבר שהיה פעם, אפשר אפילו להגיד שיתכן ונשים בתקופה המסופרת באמת מלאו את המשבצת שהוא בנה להן בספר, אך כיום אנחנו יודעים שהכל זה הבדל תרבותי של חינוך. וכיום נשים הן שונות. או שמא הטעיות שלו הן למעשה תירוצים להתנהג או לחשוב בצורה מסוימת.

אני לא יודעת האם אני ממליצה על הספר או לא",688224,האמיתית,שאנדור מאראי,מרים אלגזי,כתר,2009,367,ספרות,ספרות מתורגמת,https://cdn.simania.co.il/bookimages/covers68/688224.jpg,https://simania.co.il/bookdetails.php?item_id=688224,https://simania.co.il/showReview.php?reviewId=137895,"בהעדר תחומי עניין משותפים, אילונקה ופטר - זוג נשוי - מנהלים מערכת יחסים חיוורת ועלובה למדי. כאשר נחשפת אהובתו האמיתית של פטר, הנערה המשרתת יהודית אלדוזו, נופלות המחיצות והאיבה פורצת החוצה. שלוש הדמויות מספרות, כל אחת בתורה, את קורותיה במשולש הרומנטי הבלתי-אפשרי. עירוב זוויות הראייה יוצר תיאור מהפנט של יחסי אהבה ושנאה, שהם חלק מקיום אבסורדי וחסר חמלה.
 
שאנדור מאראי משרטט ביד בוטחת את הגיחוך שבחיי הבורגנות. האומללות שבבדידות מפנה את מקומה לאומללות שבזוגיות, והאהבה היא רק הכמיהה אל מה שאי אפשר להשיגו. ""האמיתית"", אם כן, היא השאיפה לקיום טוב יותר.
 
כתיבתו של מאראי מגיעה לשיא בספר זה. בשפה עשירה וחכמה הוא לועג לבני האדם הכלואים בכבלי מעמדם החברתי. הוא כותב על ההבל שבאהבה ומציע התבוננות מעמיקה בנפש בסגנון הפרוזה של נטליה גינצבורג והדרמה של אדוארד אלבי.
 
האמיתית מזמן לקוראים היכרות נוספת עם יצירתו של אחד מגדולי הספרות ההונגרית במאה העשרים. זהו ספרו הרביעי של שאנדור מאראי המתורגם לעברית ורואה אור בהוצאת כתר. קדמו לו רבי המכר ""הנרות בערו עד כלות"" (2002), ""גירושין בבודה"" (2006) ו""הירושה"" (2007), שזכו לאהדת הקהל והביקורת.",,,,,,10-277335,כתר - סדרה לספרות יפה,,he,Paperback,3.3,49,16,11001,138,4,1
137894,2026-10-03T07:35:12.000Z,5,2,א.ל,255407,"קריאה מחודשת בהתגנבות יחידים, הספר הטוב ביותר שנכתב ע""י סופר ישראלי, מלווה גם בתחושה של תסכול.
לא היה, וכנראה גם לא יהיה, סופר נפלא כמו קנז. ישראל של שנות 2000 תשתקף ביצירות של עשרות סופרים טובים, אבל נקודת ההתיחסות שלו, לא תהיה שם.
אני קורא את הביקורות בסימניה, והמום ממיעוט התגובות לספרים כמו בדרך לחתולים, מחזיר אהובות קודמות, מומונט מוזיקלי וכמובן התגנבות יחידים.
זה מחזיר אותי לידיעה על מותו של קנז בתקופת ימי הקורונה. מספר מאמרים בהארץ, כמה ידיעות קצרות, כמעט אפס התייחסות של התקשורת הפופולרית, למוות של סופר נפלא.
עצוב.",4862,התגנבות יחידים,יהושע קנז,,עם עובד,1987,597,ספרות,ספרות מקורית,https://cdn.simania.co.il/bookimages/covers0/4862.jpg?v=1791016460644,https://simania.co.il/bookdetails.php?item_id=4862,https://simania.co.il/showReview.php?reviewId=137894,"חבורת טירונים בבה""ד 4, באמצע שנות החמישים, הם גיבורי ספרו החדש, הרביעי, של יהושוע קנז. חייהם של צעירים אלה, בני שכבות ועדות שונות, במסגרת הצבאית, המחמירה והלוחצת, ומחוצה לה מצטרפים לרומן רחב יריעה, דרמטי והומוריסטי כאחד, המצייר ביד אמן אנשים בראשית חייהם ומדינה בראשית עיצובה.",כריכה רכה,,,,,32-11323,ספריה לעם,326,he,Paperback,4.4,136,16,10325,177,2,1
137893,2026-10-02T14:13:08.000Z,5,3,ליליאן די,325886,"יש רגעים נדירים שבהם מספיקים עמודים ספורים בלבד כדי להבין שנחתת בידיים של אמן. הפתיחה של ""להגן על ג'ייקוב"" היא בדיוק כזו: חדה, מושחזת, נטולת גרם של שומן מיותר, ומכניסה אותך מיד אל תוך דופק עלילתי ופסיכולוגי מהפנט. ויליאם לאנדיי, המכיר את המסדרונות המשפטיים מבפנים, מניח תשתית לעלילה שנראית בתחילה כמו עוד דרמת פרברים מוכרת – הבועה הבורגנית המוגנת שמתנפצת באחת עם רציחתו של נער בן ארבע-עשרה ביער, כאשר אנדי ברבר, סגן התובע המחוזי המוערך, מוצא את עצמו בעין הסערה כשהחשד נופל על בנו שלו.
התפאורה הזו מעלה באופן כמעט בלתי נמנע הדים ליצירותיה המוכרות של ג'ודי פיקו, וסביב אמצע הספר הקצב אכן מתכנס מפתיחה מהירה אל מהלך מדוד, פרוצדורלי ויומיומי יותר. אלא שבשונה מהמלודרמה המוכרת ומריבוי הקולות אצל פיקו, כוחו של לאנדיי טמון דווקא בבחירה לנעול אותנו בתוך תודעה אחת יחידה, מבודדת ומאופקת: קולו של אנדי. אנדי אינו רק משפטן מבריק שמזהה כל סדק ופגם בניהול המשפט של עמיתיו; הוא קודם כול אבא. הפיצול הזה בנפשו מייצר חוויית קריאה עמוקה ורוויית סאבטקסט. המוח המשפטי שלו קולט כל פרט, אך הלב האבהי מגייס את מלוא כוחו למנגנון הדחקה נואש ונוגע ללב, המבקש לשמר את חזות התא המשפחתי המוגן בכל מחיר.
הכתיבה מצטיינת בדיוק כירורגי שמצליח להעביר את האנקדוטות המורכבות ביותר של ההווה ללא שמץ של מניירה. ההסברים המשפטיים שזורים בטבעיות מופתית בתוך זרם המחשבה בלי לעצור את הדופק, והדיאלוגים – בייחוד אלו של בני הנוער – לוכדים בצורה אותנטית ומשכנעת את המוזיקה החמקמקה של גיל ההתבגרות, על שתיקותיה, חספוסה ומטעניה הסמויים. רגעים שקטים כמו מפגש מקרי בין מדפי הסופרמרקט, שבו שכול פעור של הורים שאיבדו את עולמם מתייצב מול משפחה שעדיין אוחזת בילדה החי, נושאים עוצמה מצמררת ומאופקת שחודרת עמוק מתחת לעור.
אלא שהטרגדיה האמיתית אינה נשענת על הפרוצדורה המשפטית ואף לא על מעטה הביטחון של אנדי, אלא על לורי. בעוד הגברים בבית נאחזים בהכחשה או באטימות מטלטלת, לורי היא זו שנושאת על כתפיה את מלוא המשא המוסרי של הספק. הפחד המשתק מפני ""גן הרצח"" והאימה מפני האפשרות שרוע שקט פועם בתוך ביתה שלה, מכרסמים בה ומפוררים אותה לרסיסים, עד לנקודת שבר דרמטית שבה הקו המפריד בין קורבן למבצע, ובין רצון לגונן לבין חורבן מוחלט, מתפוגג באבחה חדה.
מעבר למתח המשפטי המעולה, הרומן מציב במרכזו את אחת השאלות הקיומיות והפילוסופיות הנוקבות ביותר: האם האדם הוא אך ורק סך המטען הגנטי שירש והסביבה שבה עוצב, או שמא נתונה לו בחירה חופשית מוסרית על חייו? הדטרמיניזם הביולוגי הוא רעיון מסוכן ומייאש; אם נסיר מהאדם את היכולת לבחור ולהתעלות מעל נתוני הפתיחה שלו, עולמנו מאבד את המצפן המוסרי שלו. אדם שנולד למציאות נטולת אמצעים, למשפחה קשת-יום או למטען מורכב, אינו נידון להישאר כבול לגורלו. עם כוח הרצון, השכל והכישרונות שהעניק לו הבורא, נתונה לו הזכות והחובה להאמין ביכולתו לפרוץ קדימה, להתאמץ, לצמוח ולהביא את עצמו ואת העולם כולו למקום מתוקן ושלם יותר.
""להגן על ג'ייקוב"" הוא רומן פסיכולוגי אינטליגנטי, מהודק ורב-עוצמה, שמצליח להחזיק מים לכל אורכו, אינו מתמסר לפתרונות קלים, ומותיר את הקורא מטולטל מול המחיר הכבד של האמת ומול כובד משקלה של הבחירה האנושית.",971021,להגן על ג'ייקוב,ויליאם לאנדיי,מרב זקס-פורטל,מטר,2014,429,ספרות,ספרות מתורגמת,https://cdn.simania.co.il/bookimages/covers97/971021.jpg,https://simania.co.il/bookdetails.php?item_id=971021,https://simania.co.il/showReview.php?reviewId=137893,"אנדי בארבר מכהן בפרקליטות המחוז במשך שני עשורים. עמיתיו מכבדים אותו ורואים בו תובע אמיץ ומבריק, הוא אהוד על מכריו, ונוסף על כך הוא איש משפחה למופת, בעל ללורי ואב לג'ייקוב.
כאשר מעשה רצח מחריד מטלטל את הפרוור השקט שבו חי אנדי עם משפחתו, עולמו חרב עליו – ג'ייקוב בן הארבע-עשרה, בנו הביישן והמוזר, מואשם ברצח של חברו ללימודים.
אנדי מאמין בחפותו של ג'ייקוב. איזה אב לא יאמין בחפותו של בנו? אבל ככל שהעדויות המרשיעות נערמות זו על-גבי זו הספקות מתחילים לכרסם בו. נישואיו מתערערים, השכנים מתנכרים לו והמשפחה שלו עומדת בפני משפט רצח מאיים.
אנדי מגייס את כל חושיו האבהיים כדי להגן על ג'ייקוב, שטוען בתוקף שהוא זכאי. אבל כשתגליות מרעישות צצות, כשחיי הנישואים שלו הולכים ומתפוררים וככל שהמשפט נעשה טעון יותר, מבין אנדי כמה מעט הוא יודע על בנו, והוא נקרע בין נאמנות לצדק, בין אמת להאשמות לא מוכחות, בין עבר שאותו הוא מנסה לקבור לבין עתיד שאותו הוא לא יכול להעלות בדעתו.
""...לכאורה, מדובר ברומן מתח משובח, אך למעשה זהו סיפור אהבה... רומן המתאר את הקו הדק המפריד בין אהבה לטירוף, ואת השקרים שאנחנו מספרים לעצמנו לפעמים... להגן על ג'ייקוב הוא רומן מדהים. תעשו לעצמכם טובה ותקראו אותו. הוא באמת משובח.""    – ניקולס ספרקס
""הספר להגן על ג'ייקוב הוא רומן מתוחכם, שנון ומותח, המצליח ללכוד הן את המורכבות והן את השבירות הרבה של חיי משפחה.""   – לי צ'יילדס",מותחן משפטי,Defending Jacob,,,,,,,he,Paperback,4.4,30,18,5384,24,1,1
137892,2026-10-02T13:18:50.000Z,5,4,מיזה,36201,"טעימה מהרעיונות הנפלאים שבספר:
-אין דבר ביקום שכוחו להשפיע עליך, אלא אם תיתן בידו את הכוח. ע""י אי צמידות אתה מרחיק ומשתלט על כל כוח שמנסה לפעול עליך וכך, גורל טוב או רע לא משפיע על הכרתך.
-חיים מושלמים הם סתירה במונחים. כל פעולה מובילה לתוצאות טובות ולא טובות. החיים הם מאבק מתמשך בינינו לבין כל מה שבחוץ.
-הידע גלום בהכרה כמו שאש גלומה באבן צור. כל חיכוך (למשל התעוררות מחשבה או רגש) מוציא ניצוץ של ידע זה.
התדע לשים לב?
זה ספר שמתאים למי שמגיע עם קצת רקע ביוגה.",15610,קרמה יוגה,סוומי ויויקננדה,,אסטרולוג,,,עידן חדש,,https://cdn.simania.co.il/bookimages/covers1/15610.jpg,https://simania.co.il/bookdetails.php?item_id=15610,https://simania.co.il/showReview.php?reviewId=137892,,,,,,,,,,he,Paperback,3,2,1,1177,7,2,1
137891,2026-10-02T12:48:28.000Z,5,5,אריאלה,125670,מתפלאת שעד כה לא פגשתי את הספר ורק עכשיו במהדורה החדשה הגעתי אליו. בעיני הספר הוא לא פחות ממעולה. קראתי אותו בנשימה אחת ואהבתי אותו מאד. לא אחזור על הסיפור שנפרש פה כבר. אבל הכתיבה והסיפור לא פחות ממדהימים.,905556,בית-הספר לקסם אישי [מהדורת 2015],נלסון דה-מיל,חיה ואיזי מן,כתר,2015,676,ספרות,מתח ריגול והרפתקאות,https://cdn.simania.co.il/bookimages/covers90/905556.jpg,https://simania.co.il/bookdetails.php?item_id=905556,https://simania.co.il/showReview.php?reviewId=137891,"""סיפור יוצא מן הכלל... מסמר שיער... העלילה כל כך טובה ומרתקת עד שכמעט לא ניתן להניח את הספר מהיד"", בוסטון הראלד
 
בית-הספר לקסם אישי הוא רומן ריגול מסעיר שאי אפשר להניחו מן היד עד לסיומו הבלתי צפוי. עלילתו הסוחפת מתרחשת בימי המלחמה הקרה, ואף על פי שהקורא יעדיף להניח שכל פרטיה בדויים, לא מן הנמנע שהיא מבוססת על אמת מפתיעה ואיומה.
 
גרגורי פישר, תייר אמריקני המטייל ברוסיה, נרצח – או לדברי שלטונות רוסיה, ""נהרג בתאונת דרכים"" – זמן קצר לאחר שדיווח לשגרירות ארצות הברית על פגישה מסתורית: לדבריו, פגש גבר שטען כי הוא טייס אמריקני שנחשב נעדר זה עשרים שנה לאחר שמטוסו הופל בווייטנאם. הוא סיפר כי הצליח לברוח מאחד מבתי הכלא הנוראים והשמורים בעולם הקרוי בית-הספר לקסם אישי, שבו מאלץ הקג""ב שבויים אמריקנים ללמד סוכנים רוסים כיצד להתחזות לאזרחי ארצות הברית על מנת שיוכלו לתקוף אותה מבפנים.
איש צבא אמריקני, נספחת העיתונות בשגרירות וראש תחנת מוסקבה של הסי-אַיי-אֵיי חומקים במשימה סודית אל מעבר לקווי האויב כדי לחשוף את קיומה של תוכנית הריגול המזעזעת. לא רק מערכת היחסים השברירית שבין וושינגטון למוסקבה נתונה כעת בידיהם, אלא גם גורלו של העולם כולו.
נלסון דה-מיל, שכל ספריו הפכו בן לילה לרבי-מכר מבוקשים, התנסה לראשונה בנבכי סודות הריגול כאשר שימש קצין מודיעין בצבא ארצות הברית בווייטנאם. ספר זה והבאים בעקבותיו סללו את דרכו של דה-מיל אל השורה הראשונה של סופרי המתח והריגול, והוכתרו על 
ידי הביקורת כ""מתח מהפנט"" (פבלישרס ויקלי) ו""מרד על הבאונטי של שנות השמונים"" (טיים).",,,,,,,,,he,Paperback,4.1,29,9,4568,71,1,1
137890,2026-10-02T08:32:39.000Z,4,16,יוסף,4805,"לא קראתי ספרים רבים של אוסטר, אני חושב שזה הרביעי או החמישי. את רובם קראתי לפני זמן רב ואני לא זוכר מהם הרבה. קראתי את מר ורטיגו אהוב הקהל, שלמיטב הבנתי הוא שונה למדי מן הספרים האחרים שלו. קראתי גם את יומן חורף שאיני זוכר ממנו כמעט דבר מלבד הנימה האישית והמלנכולית. כמו כן קראתי את המחברת האדומה האנקדוטלי, ואת בארץ הדברים האחרונים הדיסטופי. אחרי הקריאות האלה נותרה בי התחושה שאת הטובים ביותר שלו עדיין לא קראתי. את הספר הנוכחי, לווייתן, מצאתי בספריית רחוב, וכדרכם של מקרים, הוא התקדם לראש התור פשוט מפני שהיה שם בזמן וברגע הנכון. לאחר קריאתו נדמה לי שהפעם הגעתי לאחד מהם.

העלילה מתמקדת בסיפורו של בנג׳מין סאקס, סופר ניו־יורקי כריזמטי ואידיאליסט, שרצף של אירועים מקריים ומטלטלים מסיט את חייו ממסלולם. הוא נעלם מחייו הקודמים ומגיח בדמות אחרת לגמרי. את סיפורו מספר בגוף ראשון חברו הסופר פיטר אירון, המנסה לשחזר את הדרך שהובילה את סאקס מן הכתיבה והחיים הבורגניים אל פעילות מחתרתית בשם אידיאלים פוליטיים.

הספר בנוי במסגרת של סיפור בלשי, ועוסק בחיפוש אחר זהות, במקריות וביחס שבין החיים עצמם לבין הסיפור שאנחנו מספרים לעצמנו עליהם. אחת הנקודות המשמעותיות בו היא הפער בין הבטחת החירות האמריקאית לבין מימושה, פער שמקבל ביטוי מוחשי ביחסו של סאקס לפסל החירות ולהעתקיו. אמריקה, שכנראה ניתן לזהות עם שם הספר ״הלווייתן״, מבטיחה לאדם אפשרות לעצב את חייו ולממש את עצמו, אבל החירות הזאת עלולה להתגלות גם כבדידות וכחוסר ביטחון קיומי. בעיניו של סאקס, החברה ממשיכה לחגוג את הבטחת החירות וההזדמנות, בעוד בפועל היא סוגדת לכוחו של הכסף.

יש בספר איזון מוצלח בין עלילה זורמת וחשיפה הדרגתית של תעלומה סמי-בלשית לבין עיסוק בחברות, בקנאות פוליטית ובאחריותו של המספר כלפי האדם שעליו הוא כותב. אירון מבקש להסביר כיצד הגיע חברו אל סופו, אבל גם לאחר שהאירועים מתבהרים, משהו בדמותו של סאקס נשאר חמקמק. הקרבה ביניהם מאפשרת לו להבין את חברו, אך גם קושרת את הסיפור שהוא מספר לנקודת מבטו ולמעורבותו שלו. בסופו של דבר, זו הייתה חוויית הקריאה המוצלחת ביותר שלי באוסטר עד כה, והיא עוררה בי את הרצון להמשיך לפחות לעוד שני ספרים שסימנתי לי בעבר: ״המצאת הבדידות״ ו״הטרילוגיה הניו־יורקית״.",11060,לווייתן,פול אוסטר,משה רון,עם עובד,1994,248,ספרות,ספרות מתורגמת,https://cdn.simania.co.il/bookimages/covers1/11060.jpg?v=1790438569529,https://simania.co.il/bookdetails.php?item_id=11060,https://simania.co.il/showReview.php?reviewId=137890,"כשעינו של פיטר אירון צדה בעיתון את הידיעה על מותו המסתורי של גבר אלמוני, שפוצץ את עצמו ליד מכוניתו החונה, בצד איזה כביש נידח בוויסקונסין, הוא יודע מיד כי האיש הוא בנג'מין סאקס, בטוב בחבריו, שנעלם מביתו כשנתיים וחצי לפני כן. 
וכשאנשי ה""אף - בי - איי"" מקישים על דלתו כעבור יומיים, הוא יודע, כי החסד האחרון שיוכל לעשות עם חברו הוא לשבת ולכתוב את סיפורו האמיתי, לפני שהחוקרים יגלו את זהותו ויחברו לו סיפור משלהם. 

הכל התחיל כשידידתם האמנית של שני החברים הסופרים מצאה ברחוב פנקס טלפונים ויצאה להשתעשע במשחק זהויות. 
או שהכל התחיל ברצח לא מתוכנן על דרך עפר צרה ביערות ורמונט. ואולי זה קרה כשאירון שכב עם אשת חברו. 
או שמא נקודת המפנה היתה נפילתו של סאקס ממדרגות החירום לאור הזיקוקים המאירים את פסל החירות. 

האמנית המושגית מריה טרנר מחפשת זהות. 
המספר, אירון, מבקש את האמת, ואילו הגיבור, סאקס, מתחיל את מסעו ברדיפת אידיאלים שאבדו, ממשיכו בחיפוש כפרה וגאולה לנפשו ומסיימו בבקשת מוות. 
והמחבר, פול אוסטר, מעלה באמצעות החיפושים הללו שאלות על חירות ודטרמיניזם, שרירותיות וגורליות, בעולם אקראי.",,Leviathan / Paul Auster,,,,32-20006,ספריה לעם,406,he,Paperback,3.9,209,11,8199,194,0,1
137889,2026-10-02T07:18:38.000Z,0,3,ג'רום,333518,"ספר קליל וזורם, אחד הספרים שאני נהנה לחזור אליהם מדי כך וכך שנים.
אם אני מרגיש קצת מנותק מעצמי והעולם, תמיד אפשר לקחת את הספר לידיים ולהתחבר לדברים החשובים באמת בחיים.",8232,נדודים,הרמן הסה,יהודה עמיחי,שוקן,1978,86,ספרות,ספרות מתורגמת,https://cdn.simania.co.il/bookimages/covers0/8232.jpg,https://simania.co.il/bookdetails.php?item_id=8232,https://simania.co.il/showReview.php?reviewId=137889,"ספר זה הוא מעין יומן מסע בפרוזה, בשירה ובציור, ודרכו מגיע הרמן הסה אל הנושאים שהעסיקו אותו תמיד: המלחמה, האהבה, האמונה והמוות. פרקי ההתבוננות וההרהורים מצטרפים יחד למסכת מגובשת אחת – מסעו של האדם אל עצמו. יהודה עמיחי תרגם ביד אמן את היצירה הזאת, היוצאת דופן שביצירותיו של הסופר הגדול.",,,,,965,40-12207,,,he,Paperback,4.6,52,12,13035,61,1,1
137888,2026-10-02T06:35:13.000Z,0,1,יריב,53891,לא קראתי את הספר אבל רציתי לציין שהספר לא שייך לסדרת החרמש של ניל שוסטרמן...,1027953,רוקסי,ניל שוסטרמן,יעל אכמון,ידיעות ספרים,2026,360,ספרות,מדע בדיוני ופנטזיה,https://cdn.simania.co.il/bookimages/covers102/1027953.jpg?v=1782842705249,https://simania.co.il/bookdetails.php?item_id=1027953,https://simania.co.il/showReview.php?reviewId=137888,"זהו סיפור על החלטות גרועות. על קורבנות של צמד אלי הנרקוטיקה — רוקסי המפתה הקטלנית וטוני החכם והשאפתן. 

תכירו את אייווי ואייזק ריימי. אייווי הבכורה לא ממוקדת בלימודים, נוטה לבחור בבני זוג מפוקפקים וקל מאוד להסיט אותה מהדרך. אייזק הוא הכוכב — בספורט ובלימודים. עתידו נראה מזהיר. הוריו, שעסוקים בעבודה במשך רוב שעות היממה, נותנים בו אמון ומשבחים אותו, בעוד שמאייווי הם מצפים לגרוע ביותר. 

כשאייזק נפצע ואייווי מבינה שהיא תצטרך עזרה נוספת על מנת להצליח, האחים מוצאים את עצמם נסחפים למשחק שליטה מסוכן. 

ניל שוסטרמן הוא מחבר סדרת להב החרמש. ספריו זוכים להצלחה מסחררת בעולם ומיד עם צאתם לאור מככבים בטבלאות רבי–המכר.",,Roxy / Neal Shusterman,ג'רוד שוסטרמן,,,,להב החרמש,5,he,Paperback,,,1,58,3,0,1
137887,2026-10-02T01:42:00.000Z,5,9,רץ,43497,"על שנאת חינם - מבט מפוקח

כבר זמן רב אני מבקש לקרוא ספר היסטוריה העוסק במלחמת האחים האולטימטיבית שלנו – המרד הגדול ברומאים; זאת המשמשת תבנית מחשבתית ופסיכולוגית לכל הפחדים הקדומים שלנו, ולאופן שבו יהודים יכולים להילחם זה בזה על אף העובדה שבחוץ קיימת סכנה מוחשית – האויב שממתין בשער.

בשנים האחרונות אני נוטה לקבל את מסקנות חז""ל לחורבן, שסיכמו את סיבותיו בשתי מילים: שנאת חינם, מסקנה המבוססת על אגדה. ספר היסטוריה, וכך הספר הזה שבחרתי לקרוא – יהודה נגד רומי ספרו של בארי שטראוס – מבטא גישה שונה לאופן שבו הוא מבקש לבחון את הסיבות למרד הגדול, באמצעות מאות עובדות שדרכן הוא משרטט תהליכים בהירים המַבְנים תמונה גדולה. זו השאירה אותי בסוף עם מחשבה נוקבת: האם אנחנו מסוגלים ללמוד מההיסטוריה ולהפיק ממנה לקחים?

ההיסטוריון שטראוס בחר בגישה ייחודית; הוא אינו מתמקד רק במרד הגדול, אלא בוחן את יחסי יהודה רומא: החל מסיום מדינת החשמונאים ב-63 לפני הספירה שבה הארץ נכבשה על ידי הרומאים בהזמנת הורקנוס השני, אחד מיורשי החשמונאים שנלחם באחיו אריסטובולוס השני על המלכות – ללמדך שמלחמת אחים בישראל היא דבר שכיח. מנקודת זמן זו, שטראוס מנתח את יחסי הגומלין עם האימפריה הרומית תוך התייחסות לארבע מרידות: המרד הגדול, מרד בר כוכבא, מרד התפוצות ומרד גאלוס שהתרחש ב-351 לספירה תחת האימפריה הביזנטית, רצועת זמן של כ-400 שנים – תקופה המעניקה פרספקטיבה מעניינת לבחינת תהליכים היסטוריים, שהתובנה העולה מהם היא רצף של מרידות החוזרות על עצמן למרות כישלון קודם ותוצאות הרסניות ליהודים. השאלה העיקרית שהספר מנסה לענות עליה היא: מדוע היהודים חזרו ומרדו סדרתית על אף ניסיונות כושלים קודמים?

הספר מציג גישה המנתחת את מערך היחסים הבין-לאומיים בין יהודה, העולם הרומאי והגבול המזרחי שתמיד היה סוער. במזרח, באזור עיראק של היום, שכנה ממלכת הפרתים, שאיתה ניהלה האימפריה הרומית מאבקים מתמשכים וקשים. למורדים היה גם נימוק רציונלי – הפרתים היו עשויים לסייע ליהודה ובכך להחליש את האימפריה הרומית, דבר שלא קרה בפועל.

אחד ההיבטים המופיעים בספר בצורה מעניינת הוא סיפורן של הנשים שהיו מעורבות במכלול יחסי הגומלין בין יהודה לאימפריה הרומית: בראש ובראשונה קלאופטרה מלכת מצרים, שחשקה בנתחים מיהודה משום שחשבה שזהו אזור השפעה מצרי מסורתי. האישה השנייה, היא הלני מלכת חדייב (ששכנה מצפון לעיראק של היום), שהתגיירה עם בניה, קבעה את מושבה בירושלים, בנתה בה מתחם מגורים וארמונות, ואף נקברה בעיר. האישה השלישית היא ברניקי, אחותו של אגריפס השני, שהייתה נשואה לשלושה בעלים (משניים מהם התאלמנה ואת השלישי נטשה). היא הייתה בעלת קסם רב, ולבסוף הפכה למאהבת של טיטוס על אף העובדה שהייתה מבוגרת ממנו ב-12 שנים – סיפור אהבה בצל מלחמה.

נקודה נוספת שהספר חידש לי ממש היא העובדה שלצד טיטוס הצעיר עמד גנרל יהודי שהיה ראש המטה הכללי שלו– טיבריוס יוליוס אלכסנדר, יהודי ממוצא מצרי ואיש צבא בעל ניסיון רב, שלזכותו אפשר לזקוף את ניצחונו של טיטוס על היהודים. אליו אפשר להוסיף את אגריפס השני, אשר תמך ברומאים, ניסה לבלום את ההתקוממות ואף נשא נאום מפורסם בפני תושבי ירושלים שבו ניסה לשכנעם שלא לצאת למלחמה אבודה מראש נגד האימפריה. כשלא הצליח לשכנע את היהודים, שלח כוחות צבא (אלפי פרשים ורגלים) לעזרת הצבא הרומאי, נלחם לצדם וסייע להם בדיכוי המרד.

אז מה למדתי מהספר? אנחנו אמנם אוהבים לדבר על מלחמת אחים ועל סולידריות, אבל ממש כמו אז, לא מפיקים לקחים מההיסטוריה. הציונות עצמה ניסתה לחבר חיבור לא אפשרי בין תפיסה דתית לתפיסה לאומית – סתירה המתקיימת עד היום, אך באופן קיצוני יותר.",1028000,יהודה נגד רומא,בארי שטראוס,אלחנן שפייזר,סלע מאיר,2026,350,עיון,היסטוריה יהודית,https://cdn.simania.co.il/bookimages/covers102/1028000.png?v=1783157572605,https://simania.co.il/bookdetails.php?item_id=1028000,https://simania.co.il/showReview.php?reviewId=137887,"""ישנה אש קדושה הבוערת בליבם של לוחמים, המובילה לתהילה או לאבדון. במשך מאתיים שנה היא בערה בליבה של האומה העומדת במרכזו של ספר זה – העם היהודי""

רומא, האימפריה הגדולה בעולם בזמנה, כבשה את כל העמים שמסביב לים התיכון ואיחדה אותם תחת שלטון אחד, בפעם הראשונה והיחידה בהיסטוריה. ובכל זאת, במהלך שבעים שנה בלבד, היהודים מרדו לא פעם אחת, אלא שלוש. לשום עם אחר באימפריה לא היה רקורד כזה. שתיים מן המרידות התרחשו במולדת היהודית, והשלישית ברחבי התפוצות.  אותה אש רוחנית שדחפה אנשים למאבק חסר סיכוי נגד אימפריה בלתי מתפשרת, היא זו שהעניקה השראה לכוח העמידה היהודי לאורך אלפי השנים ששיאן בהקמת מדינת ישראל.

 

בספרו יהודה נגד רומא מחפש בארי שטראוס, היסטוריון יהודי של יוון ורומא הקלאסיות, אחר המפתחות לתופעה ההיסטורית הייחודית של מאבק היהודים ברומא. מן המצאי המצומצם של העדויות שנותרו מהימים ההם, הנגועות בגוזמאות ובאינטרסים, הוא רוקם סיפור חי, ססגוני ומסעיר המאיר את התקופה באור חדש ומפתיע.

●        מדוע חשבו המורדים במרד הגדול, במרד התפוצות ובמרד בר-כוכבא שיש להם סיכוי?

●        מהו חלקה של ממלכת-החסות המגוירת חדייב בחשבונות המורדים?

●        למה אכזבה האימפריה הפרתית, המתחרה לרומא, ולא חברה למורדים היהודים?

●        איך הגיעו יהודים רמי-יחס לתפקידים בכירים במנגנון הרומי של דיכוי המרד? 

בארי שטראוס הוא עמית בכיר במכון הובר של אוניברסיטת סטנפורד ופרופסור אמריטוס באוניברסיטת קורנל. הוא נחשב לאחד ההיסטוריונים הצבאיים המובילים בעולם העוסקים ביוון, רומא והמזרח הקדום. עורך הסדרה ׳נקודות מפנה בהיסטוריה העתיקה׳ של אוניברסיטת פרינסטון. ספריו לציבור הרחב משלבים מחקר מדעי קפדני עם סגנון קולח ונגיש, והם תורגמו לשפות רבות. ביניהם 'עשרה קיסרים' (תורגם לעברית), 'המלחמה שהקימה את האימפריה הרומית', 'קרב סלמיס', 'מלחמת ספרטקוס' ו'מותו של קיסר'.",מאתיים שנות מרד נגד האימפריה החזקה בעולם,Jews vs. Rome: Two Centuries of Rebellion Against the World's Mightiest Empire / Barry Strauss,,,,,,,he,Paperback,5,1,1,200,2,0,1
137886,2026-10-01T20:00:18.000Z,5,10,פאוסט,20161,"טוב, הפעם אני בהלם טוטאלי מהחוויה. מעין טריפ פסיכדלי של תודעה אחרת מכל מה שאפשר לחשוב עליה גם של הסופר וגם של וירגיל עצמו על פי הספר. 
היו רגעים שכבר לא הבנתי מה מונח לפני, זה הזוי, זה אינטנסיבי, זה ממכר וזה קשה. כל כך קשה שיוליסס טיול בפארק לידו. 

אני מנסה עדיין לעכל את הסוף, תארו לעצמכם את הטריפ בסוף סרטו של קובריק האודיסאה כתוב במילים ולא בתמונות. 

טוב, רגע, מהתחלה: הספר יצא לאור לראשונה בשנת 1945 במקביל בגרמנית ובתרגום לאנגלית ונחשב בעיני מבקרים רבים ולא מעט חובבי ספרות מושבעים לאחת מיצירות המופת הגדולות ביותר של המאה העשרים. הטרגדיה הקטנה של הספר הזה היא שהוא סובל מסטיגמה שגם בצדק ניתן לטעון אותה שהטקסט בלתי נגיש, הן בשל מבנהו הצורני והן בשל הנושא ההיסטורי שלו, אך מי שמעז לצלול לתוכו מגלה פנינה ספרותית שאין שנייה לה. אין שנייה לה! 
כדי להבין את גודל ההישג של ברוך, ראוי לרענן תחילה את הזיכרון לגבי דמותו של ורגיליוס עצמו. ורגיליוס נחשב, ובצדק מוחלט, לגדול משורריה של רומא. בתקופה שבה הרומאים נשאו את עיניהם אל התרבות היוונית ברגשי נחיתות גלויים, ורגיליוס היה התשובה שלהם להומרוס וממשיך דרכו לכיוון רומא. כשם שהומרוס הגדיר את הזהות והרוח היוונית באמצעות האיליאדה והאודיסיאה, ורגיליוס הגדיר מחדש את משמעות ההוויה הרומית באיניאדה שלו. ספר עצום בפני עצמו מן הסתם. אותו וירגיליוס גם מלווה את דנטה בקומדיה האלוהית ולא נבחר סתם כך. כל התרבות המערבית מושתת על וירגיליוס בגדול. 

יצירת המופת הבלתי מעורערת שהעניקה לו מעמד נצחי: האיניאדה היא האפוס הלטיני הגדול בכל הזמנים. האיניאדה מגוללת את סיפורו של איניאס, לוחם טרויאני שנמלט מחורבן עירו ומפליג לאורך הים התיכון בסדרת הרפתקאות, פוגש את ציקלופים, נוחת בקרתגו, הופך למאהבה של המלכה דידו, ונאלץ לעזוב אותה בהוראת האלים לטובת ייעודו הגדול. בסופו של דבר מגיע איניאס לחופי איטליה ומניח את התשתית לשושלת שתצמיח את רמוס ורומולוס, מייסדי רומא.

ורגיליוס חי בין השנים 70 ל-19 לפני הספירה מה שאומר שנפטר בגיל 51 סך הכל. מדובר בתקופה סוערת שבה הרפובליקה הרומית קרסה לתוך עצמה במלחמות אזרחים עקובות מדם, ומתוך ההריסות צמח שלטון שהביא את הנצרות לדת ממוסדת לראשונה. שלטונו של הקיסר הראשון, אוקטביאנוס (ידוע גם כאוגוסטוס) היווה אבן דרך בהיסטוריה של כולנו בעצם. ורגיליוס, שהיה אדם גבוה, גוץ קמעא, ביישן ומתבודד מילדותו בכפר, משך את תשומת לבו של אוגוסטוס והפך למשורר החצר המוביל בתקופת תור הזהב של הספרות הלטינית, לצד הורטיוס, ליוויוס וקיקרו.

לפני שהשלים את ""האינאיס"", יצא ורגיליוס למסע ליוון, יש שאומרים כדי להשלים מחקר היסטורי ויש שטוענים כבריחה מהלחץ הבלתי פוסק שהפעיל עליו אוגוסטוס לסיים את האפוס הלאומי. ביוון פגש אותו אוגוסטוס ושכנע אותו לחזור עמו לאיטליה. במהלך ההפלגה במים האדריאטיים, כשהצי הקיסרי עשה את דרכו לנמל ברונדיזיום, חלה ורגיליוס בקדחת קשה. כשלושה ימים לאחר הגעתו לחוף, ב-21 בספטמבר שנת 19 לפני הספירה, נפטר המשורר. ברגעיו האחרונים, כשהוא אוחז בתיבת המגילות של היצירה הבלתי גמורה, דרש ורגיליוס מידידיו הקרובים לשרוף את האיניאדה שכן כאמן טוטאלי לא היה מוכן להותיר אחריו יצירה שלא הגיעה לדרגת שלמות ולדידו לא סיים אותה כראוי. אוגוסטוס התערב, אסר על השמדת הטקסט, והציל עבור האנושות את אחד מנכסי הצאן וברזל של התרבות המערבית.
שמו ויוקרתו של ורגיליוס רק הלכו וגדלו במאות שעברו. בתקופת ימי הביניים הוא נתפס כמעט כדמות מיתית ועל-טבעית, ומשם הפך למדריכו הרוחני של דאנטה אליגיירי בסיורו בתופת ובתטהר ב""קומדיה האלוהית"" כאמור וזה פרט חשוב מאוד לחלק הרביעי של הספר הזה.

הרמן ברוך נולד ב-1886 למשפחה יהודית אמידה באוסטריה (ומאוחר יותר המיר את דתו לקתוליות), היה מחבריו הקרובים של ג'יימס ג'ויס. כשאוסטריה סופחה על ידי הנאצים ב-1938, ברוך נעצר על ידי הגסטפו. בזכות התערבותם של ידידיו הספרותיים בחו""ל הוא חולץ מאירופה, הגיע לאנגליה ולאחר מכן לניו יורק, שם השלים את ""מות ורגיליוס"". הספר מתמקד ב-18 השעות האחרונות בחייו של המשורר הגוסס. ברוך משתמש בטכניקה של זרם תודעה, אך עושה זאת בווירטואוזיות שאין לה אח ורע: הוא מצליח לחדור אל תוך נבכי נפשו של משורר רומי שחי לפני אלפיים שנה, תוך מעברים צורניים מרהיבים בין פרוזה לשירה. ככל שהקדחת של ורגיליוס מגבירה את אחיזתה, הטקסט מחליק בהדרגה מתיאור ריאליסטי צלול אל תוך הזיות, דימויים סוריאליסטיים וחלומות ביעותים.

ישנם שלושה אלמנטים מרכזיים ברומן של ברוך שלוכדים את הלב והמחשבה:
הראשון הוא תיאור ההגעה לברונדיסיומי בחלקו הראשון של הספר, זהו עדיין פרק או חלק קל לקריאה והמעבר ממי הים לים האנשים ותגובותיהם לא פחות ממופלא. ורגיליוס מובל באפריון דרך סמטאות העיר החשוכות, לאחר חגיגה אדירה לכבוד הגעתו של הקיסר גם כן. ברוך משרטט ביד אמן את הרחובות הצרים, את ההמון השיכור פיזית או רגשית, את הניגוד בין ההמולה לצללים, עד שהקורא מרגיש כאילו הוא עצמו מתהלך בברינדיזיום העתיקה. החלק השני קשה לקריאה ממש, מדובר בהזיות ותובנות ופרשנויות של גאון מסואב נפשית שנתון ברגעיו האחרונים והקריאה כאן הייתה הקשה ביותר בספר. אין לי ספק שברוך קרא את עימנואל קאנט המסואב, את ספרי הקבלה של האר״י הקדוש (לוריה) ואולי אף את בעל הסולם שכן הדברים כתובים בסגנון קבלי מובהק בחלקים מסויימים בחלק השני, חלק ההזיות.  

האלמנט השני, והדרמטי ביותר, הוא הוויכוח הפוליטי והפילוסופי הניטש בחלקו השלישי של הספר, חלק מופלא בספר, לקרוא ולא להאמין שאלו יסודות התרבות המערבית והממשל שחי עד היום במובנים רבים רק באופן אחר לחלוטין ממה שאוגוסטוס יחל לעצמו. 
ורגיליוס, הנמצא על ערש דווי, מנסה לשכנע את אוגוסטוס להשמיד את האיניאדה. הקיסר מופיע בחדרו ספק כדמות ממשית ספק כהזיה ומנסה למנוע זאת ממנו בויכוח על זמני ממש. בשיחה הזו מצייר ברוך את אוגוסטוס כפרוטו-פאשיסט: שליט המאמין שהמדינה היא הכל והפרט אינו נחשב. ברוך, שחווה על בשרו את קריסת אירופה ואת אכזריות השלטון הטוטליטרי הנאצי, משקיע בוויכוח הזה את תובנותיו העמוקות ביותר על סכנות הפאשיזם, מול הגנתו הנלהבת של ורגיליוס הגוסס על חירותו, ערכו וקדושתו של האדם הבודד אך ללא הועיל.

האלמנט השלישי נוגע למשורר כנביא. באחת מהאקלוגות המפורסמות שלו (האקלוגה הרביעית), ניבא ורגיליוס את בואו של ילד פלא אלוהי שיביא עמו עידן זהב חדש של שלום. מאות שנים מאוחר יותר ראו הנוצרים המוקדמים ואנשי ימי הביניים בטקסט הזה נבואה פגאנית מוקדמת לבואו של ישו. ברוך נוגע בנקודה הזו ברגישות מופלאה לקראת סוף הספר: הילד ואימו נראים לוירגיליוס בבירור למרות שהוא לא יודע את שמו של הילד. וכך, בתוך ערפול החום והדליריום, ורגיליוס חוזה בדמות זוהרת המגיעה מרחוק ומבשרת את קצו של עולם האלימות, הכוח והפגאניות, ובואו של עידן חדש של חסד.

לאורך הספר מופיעות דמויות בהזיותיו של וירגיליוס המלוות אותנו לאורך כל הספר. דמות נער שדומה לו באופן עיקש ולבסוף נודה לקורא שהוא.... (בלי ספויילרים) ודמות אהובתו שלא בשלה לאהבה שלמה. 

החלק האחרון מדבר על מותו של המשורר, הזיותיו דרך הכתיבה של ברוך הן מהרגעים הגדולים ביותר שחוויתי אי פעם מספר. שמעתי ברקע את John Coltrane - A Love Supreme ולא יכולתי להפסיק, קראתי בטירוף שאני לא זוכר כמותו מעולם. אי אפשר היה להרים את העיניים פשוט. התאורים של התודעה האחרונה של המשורר הגאון אם היו או לא היו לא משנים כלל, זה ברוך וברוך היה גאון בעיני. אני ממש ממש לא נוטה לחלק את התואר הזה לבני אדם, בודדים גאונים בעיני וברוך לפחות בספר הזה אחד מהם. היכולת לקחת דף ולכתוב את היצירה הזו בעיני עולה כמעט על כל ספר שקראתי בחיי. 356 עמודים בלבד, כל עמוד כמו פרק של סופר טבעי אחר. יצירה אלמותית שמובן לי מדוע לא תזכה לחסד הקהל. מזל שהייתה חנה ארדנט שאמרה על הספר: 
״מדובר בפריצת דרך ספרותית ותפיסת הזמן עד כדי כך שמדובר בספר המקורי האמיתי היחיד שצמח מתוך המסורת הספרותית הגדולה של המאה, כזה ששינה לחלוטין את מבנה הפרוזה הקלאסי״. היא אף ציינה כי ברוך הצליח להחדיר לשפה את הלוגיקה והסימולטניות של המוזיקה ובכך ערער באופן רדיקלי את מבנה הזמן וההתקדמות הליניארית המקובלים בסיפורת ואני מסכים איתה, זו אפילו לא פוליפוניה, זו קקופוניה שנשמעת הרמונית באופן בלתי מוסבר. ארדנט תיארה את התוכן הפילוסופי של היצירה כמשקף מעין קוסמוס ולוגוס שפינוזיסטי. בעיניה, הספר מצליח להראות כיצד כל הדברים שנראים לנו נפרדים וייחודיים בעולם, הם למעשה היבטים משתנים של ""אחד"" נצחי וכולל, שבו הריבוי הוא רק התגלמות זמנית וחולפת.

לסיכום כי אני מוצף ברעיונות ואי אפשר באמת לכתוב כאן הכל: מות ורגיליוס הוא ניצחון כביר של הדמיון והרוח האנושית. למרות היותו רומן זרם תודעה, בעיני הוא נגיש מרגש וסוחף בצורה בלתי רגילה. מי שמוכן להעמיק ולצלול אל יצירת המופת הזו ויצליח להתחבר מובטחת חוויה אחרת לחלוטין או לפחות אני לא מכיר משהו דומה. מכאן אני רץ לקרוא את הסהרורים של ברוך, הטרילוגיה בזכותה התפרסם בכלל. 

הציון שלי 9.7 מתוך 10 אני לא יכול לתת 10 לאף אחד חוץ מ... אך מדובר באמת בעיני בפסגה ספרותית.",22036,מות וירגיל [מהדורת 1984],הרמן ברוך,עזריאל אוכמני | יעקב גוטשלק,ספרית פועלים,1984,356,ספרות,ספרות מתורגמת,https://cdn.simania.co.il/bookimages/covers2/22036.jpg?v=1790937101218,https://simania.co.il/bookdetails.php?item_id=22036,https://simania.co.il/showReview.php?reviewId=137886,"מות וירגיל היה אמור להיות חיבור הפרישה מן הספרות. ערמה של זו! משורר בא לפרוש ממנה, לומר כמה דברי פרידה, והיא נעשית לו בסתר אדונית עריצה וכובשת אותו וכמניעה בקסמיה. ספר אדירים! וסך הכל של הסיפור: שמונה-עשרה השעות האחרונות בחייו של המשורר, משעת-כניסתו עם הערב-יום אל נמל ברונדיסיו ועד שעת מותו למחרת היום, אחר-הצהריים, בהיכל הקיסר, שמונה-עשרה השעות האחרונות בחיי יוצרה של 'אינאיס', החוזר חולה, מעונה בשיעול קשה באחת הספינות שבשייטת הקיסר אוגוסטוס מאתונה לאיטליה. ביקש המשורר להשתקע באתונה, ולהשלים שם תחת השמיים 'הזכים בקדושה של הומירוס', את האפוס שלו ולפרוש סוף-סוף מן השירה, אלא שאכפה עליו מצוותו של השליט, ועכשיו, רתוק ליצוע חוליו, טרף למחלת ים ומלאת ייסורים, קודח את חייו, שתמיד היה רק אורחם. משמע, לא רק חייו שלו לעצמם עולים לפניו בקדחתו-חזיונותיו, אלא ריקמת התקופה, מארג הזמן, זמן אימים של 'לא עוד ועוד לא'. רק בייסורים יגיע להשגה, שחרף הכל הזמן גם זו של לא עוד ובכל זאת כבר. 

הרמן ברוך: 1951-1886. סופר יהודי אוסטרי. חיבר בעיקר רומנים פילוסופיים שסגנונם לירי. הושפע מג'ויס. ב-1938 הצילו אותו ג'ויס ועוד אנשי שם מידי הנאצים. השתקע בארה""ב ושם סיים את המפורסמת שביצירותיו-מותו של וירגיליוס-1945.",,Der Tod des Vergil,,,,350000639,,,he,Paperback,4.6,5,1,3476,20,0,1
137885,2026-10-01T19:06:16.000Z,5,4,DR.Nofar Sarori,50237,"יש משהו כמעט אכזרי ברעיון של אהבה ראשונה: היא מתרחשת לפני שאנחנו באמת יודעים מי נהיה, ובכל זאת היא לעיתים זו שנשארת איתנו גם אחרי שהשתנינו לחלוטין.
זה בדיוק המקום שממנו יוצאת הסופרת, מדובר ברומן מוזיקלי על אהבה, תהילה, בחירות ועל המחיר שמשלמים לפעמים כדי להגשים חלום.
במרכז הספר עומד וינס ג'נינגס, גיטריסט בלהקת רוק מצליחה בצורה כמעט בלתי נתפסת. מבחוץ נדמה שיש לו הכול: קריירה שאומנים אחרים יכולים רק לחלום עליה, במות ענק, מעריצות, כסף וחיים שמתנהלים בקצב של הופעה אחר הופעה אבל ברומברג לוקחת דווקא את הפנטזיה הזאת ומתחילה לפרק אותה.
כי אחת השאלות המעניינות בספר היא מה נשאר מאדם אחרי שהעולם הופך אותו לדמות.
הקהל מכיר את וינס ג'נינגס הכוכב. הוא מכיר את השירים, את הגיטרה, את הבמה ואת הגרסה המצולמת היטב של חייו. אבל האדם שמאחורי כל אלה הוא כבר סיפור אחר. ההצלחה לא הצליחה למחוק את העבר שלו, ובוודאי שלא את בריסטול מתיוס. בריסטול הייתה שם לפני התהילה. לפני שהשם שלו היה מוכר. לפני המעריצות. לפני שהמוזיקה הפכה מחלום של בחור צעיר לחיים שלמים.
וינס בחר ללכת בעקבות החלום שלו, ובכך איבד אותה.
לכאורה זה בסיס מוכר מאוד לרומן הזדמנות שנייה: שני אנשים שאהבו זה את זו, נפרדו, בנו חיים נפרדים ואז הגורל מכריח אותם להיפגש שוב. אלא שהחלק המעניין יותר הוא שהמפגש המחודש שלהם אינו באמת מפגש בין אותם שני אנשים שנפרדו. שנים עברו.
וינס השתנה. בריסטול השתנתה. וכל אחד מהם מגיע למפגש הזה כשהוא נושא איתו דברים שהאחר אינו יודע.
בריסטול נמצאת בדרך להגשים את החלום שלה ולהפוך לעורכת דין, ואז היא מקבלת לקוח חדש: וינס.
יש משהו יפה באירוניה הזאת. פעם היא הייתה האדם שהכיר אותו בלי צורך בהסברים. עכשיו היא אמורה לפגוש אותו במסגרת מקצועית ולהעמיד פנים שהעבר ביניהם יכול להישאר מחוץ לחדר.
כמובן שהוא לא נשאר שם וזה המקום שבו הספר עובד טוב בעיניי ,לא משום שקשה לנחש שתהיה ביניהם משיכה שברור שתהיה. אלא משום שהמתח האמיתי נמצא בכל הדברים שהם אינם אומרים.
שניהם מחזיקים בסודות. שניהם בטוחים, במידה מסוימת, שהם מגינים על עצמם. ושניהם מגלים שאפשר לעבור שנים בניסיון להתגבר על אדם מסוים, רק כדי להבין שמספיק מפגש אחד איתו כדי שהזמן יתכווץ.
הסופרת גם משחקת היטב עם הפער בין תהילה לבין אינטימיות.
אנחנו חיים בתקופה שבה נדמה לנו שאנחנו יודעים הכול על אנשים מפורסמים. אנחנו רואים הופעות, ראיונות, תמונות, סרטונים ורגעים מאחורי הקלעים. לפעמים אנחנו אפילו יודעים באיזה מלון הם נמצאים או מה אכלו לארוחת ערב ועדיין, אנחנו לא באמת מכירים אותם.
וזה אולי החלק שהכי עניין אותי בווינס. לא הכוכב.
האיש שמגיע אחרי הכוכב.
זה שחוזר מהבמה כשהקהל כבר הלך הביתה, כשהאורות כבים ואין עוד אלפי אנשים שצועקים את שמו. הספר מזכיר שוב ושוב שהצלחה מקצועית אדירה לא בהכרח מצליחה למלא את המקומות הפרטיים ביותר באדם.
אהבתי גם שבריסטול אינה קיימת רק כדי „להציל את כוכב הרוק העצוב”. יש לה מסלול משלה, שאיפות משלה ובעיקר עבר שהיא עצמה צריכה להתמודד איתו. מערכת היחסים ביניהם אינה רק שאלה של „האם הם עדיין אוהבים?”, אלא שאלה קשה יותר: האם אהבה שהייתה נכונה פעם יכולה להיות נכונה שוב אחרי שהאנשים שבתוכה השתנו?
וזו שאלה הרבה יותר מעניינת.
הספר אינו מושלם. יש רגעים שבהם הדרמה מודגשת מאוד כמו בערוץ ויוה פלטינה ז""ל, ולעיתים הייתי רוצה שהדמויות פשוט יישבו בחדר ויגידו זו לזה את מה שהקוראת כבר מבינה מזמן. חלק מהסודות משמשים באופן ברור כדי למתוח את החבל הרומנטי עוד קצת.
אבל מצד שני זה בדיוק סוג הספר שבאנו אליו בשביל הרגש. והרגש עובד. הגעגוע עובד. הכימיה עובדת.
ובעיקר עובד הרעיון שאפשר להשיג כמעט כל דבר שעליו חלמת בגיל צעיר, ואז לגלות שהדבר היחיד שאתה עדיין מחפש הוא דווקא הדבר שעליו ויתרת בדרך.
ואולי משום כך „חרטה מתוקה” נשאר איתי יותר משציפיתי.",1009761,חרטה מתוקה,ק. ברומברג,,בוקטיק,2024,374,ספרות,ספרות קלה - רומנים,https://cdn.simania.co.il/bookimages/covers100/1009761.jpg,https://simania.co.il/bookdetails.php?item_id=1009761,https://simania.co.il/showReview.php?reviewId=137885,"ק. ברומברג, סופרת המככבת ברשימת רבי המכר של הניו יורק טיימס, מגישה לכם רומן הזדמנות שנייה
מוזיקלי, שילווה אתכן גם זמן רב לאחר סיום הקריאה.
לווינס ג'נינגס היו שתי אהבות בחיים: מוזיקה ובריסטול מתיוס.
בזכות כישורי הנגינה בגיטרה שלו, הוא זכה בתהילה בתור חבר בלהקת הרוק הכי מצליחה עלי אדמות,
אך היה עליו לנטוש את בריסטול – אהבתו הראשונה – כדי להגשים את חלומו.
למרות המעריצות, ההצלחה והכיף, מתקשה וינס למצוא סיפוק בחיי התהילה.
כאב עמוק ואפל מאיים להחריב את כל הישגיו, עד שהגורל מחזיר אותה לחייו.
***
בריסטול מתיוס מצאה ואיבדה אהבה מוקדם יותר מרוב האנשים, אך היא נחושה להמשיך בחיים ולא להביט
לאחור,
על אף שמדי יום ביומו היא נזכרת בו.
כעת, חלומה משכבר הימים להפוך לעורכת דין נמצא בהישג ידה, עד שהבוס שלה מצוות אותה ללקוח חדש,
כוכב הרוק המפורסם, וינס ג'נינגס.
גבר שאסור שיגלה את האמת שלה.
גבר שיכול לקרוא אותה בבירור, כאילו הוא עדיין מכיר אותה.
הגבר שעדיין אוהב אותה.
הפעם, כשנתיביהם נפגשים, קורה משהו אחר. שניהם נאחזים בכל כוחם בסודות שמאיימים לפרק אותם
לגורמים. האין זו הדרך שבה הסיפור שלהם התפתח מאז ומתמיד?
האם הפעם הזאת תהיה שונה? או שלא משנה עד כמה אהבתם אמיתית, זה פשוט לא נועד לקרות?",,,,,,,,,he,Paperback,5,1,1,260,2,0,1
137884,2026-10-01T18:45:31.000Z,5,5,yodokolis,253845,"קראתי את הספר לפני שלוש שנים וחצי, כשהייתי בן 14, לצורך הרחבת הערך על אלתרמן בוויקיפדיה, שהוא הפרויקט המשמעותי הראשון שלי באתר. הספר עשיר במידע אודות אלתרמן ומפרט על כל תחנות חייו. כאדם שמכיר ושומע את אלתרמן מילדותו, נהניתי מאוד לקרוא את הביוגרפיה. על אף אורכו החריג (900 עמודים, כולל מפתח שמות ומקורות), הספר מעניין, כתוב היטב ומתאים לכל מי שרוצה לדעת על אלתרמן כמה שיותר. דן לאור, מחבר הספר, היה בקיא מאוד ביצירתו של אלתרמן ואף נתן הרצאות בנושא (את חלקן ניתן למצוא ביוטיוב) וגם כתב, בין היתר, את הביוגרפיה של ש""י עגנון (שאותה טרם קראתי אבל אולי אקרא בעתיד). על אף שסיימתי מזמן להרחיב את הערך וכיום הוא זכה למעמד של ערך מומלץ, מדי פעם, כשמשעמם לי ואני מעיין בערך, אני מעיין גם בביוגרפיה, לפעמים כדי ללמוד עוד קצת מידע חדש על אלתרמן שכבר הספקתי לשכוח, או סתם בשביל הכיף. לסיכום, קנו, קראו והתעזרו בסבלנות, לא תצטערו.",970318,אלתרמן,דן לאור,,עם עובד,2013,912,עיון,ביוגראפיות,https://cdn.simania.co.il/bookimages/covers97/970318.jpg,https://simania.co.il/bookdetails.php?item_id=970318,https://simania.co.il/showReview.php?reviewId=137884,"הסיפור על אלתרמן הוא סיפורם של דור ושל תקופה: חיי היישוב מאז תחילת שנות השלושים, מאורעות תרצ""ו-תרצ""ט, מלחמת העולם השנייה, השואה, ימי המאבק וההעפלה, הקמת המדינה ומלחמת העצמאות, חיי היום־יום של מדינת ישראל, ובכלל זה סדרה של אירועי מפתח שעיצבו את צביונה. 
במשך כמעט ארבעים שנה היה מחברו של השיר המיתולוגי ""מגש הכסף"" לאחד ממנסחיה הרהוטים ביותר של רוח התקופה.

אלתרמן מגולל את עלילת חייו של נתן אלתרמן מאז לידתו בוורשה ב־1910, עלייתו לארץ עם הוריו ב־1925, שהייתו לצורכי לימודים בצרפת בשנים 1932-1929 וחזרתו אל עירו האהובה תל אביב, ששם דרך כוכבו ושבה קנה לו מעמד של משורר לאומי. 

אלתרמן הותיר אחריו עם מותו ב־1970 חלל ריק, וספק אם זה התמלא עד היום. 
הספר מפגיש את הקורא עם שירתו הענפה, עם המחזות שכתב ועם אלה שתרגם, עם ""הטור השביעי"", מדור הקבע שלו בעיתון דבר וכן עם שירי הזמר והפזמונים פרי עטו, דוגמת ""כלניות"" או ""אליפלט"", שלא נס לֵחם עד עצם היום הזה.

ספרו המתועד להפליא של דן לאור מגולל פרשת חיים מרתקת וחושף לפני אלפי קוראיו של המשורר הנערץ את סודות קסמיו.
תחקיר תמונות: ערן ליטוין",ביוגרפיה,Nathan Alterman - A Biography / Dan Laor,,,978-965-13-23,32-21643,ספריית אופקים,289,he,Paperback,4.3,6,5,4323,47,0,1
137883,2026-10-01T18:33:49.000Z,5,4,yodokolis,253845,"ספר קצר יחסית על בן גוריון, אבל למרות הכל עדיין מפורט, אינפורמטיבי ובעל סקירה רחבה על בן גוריון. אניטה שפירא מגוללת את סיפורו של אבי האומה הישראלית לכל אורכו: מהילדות בפולין, דרך העלייה לארץ, משם להנהגת היישוב ולבסוף לראשות הממשלה. הספר מתאים הן למי שמכירים את בן-גוריון בשטחיות והן לאנשים כמוני, שבקיאים בדמותו של בן-גוריון אך עדיין היו רוצים לדעת עליו קצת יותר (אם כי כאמור ישנם ביוגרפיות מקיפות יותר על בן-גוריון, כמו אלה של מיכאל בר-זוהר). לסיכום, ספר מאוד מומלץ ונגיש לכל אדם באשר הוא.",976569,בן גוריון - דמותו של מנהיג,אניטה שפירא,,עם עובד,2015,208,ישראל וציונות,הסטוריה,https://cdn.simania.co.il/bookimages/covers97/976569.jpg,https://simania.co.il/bookdetails.php?item_id=976569,https://simania.co.il/showReview.php?reviewId=137883,"בן־גוריון, מספרת ההיסטוריונית והביוגרפית עטורת הפרסים, היה ""אדם שלא נטה לחשוף את חיי הנפש שלו"". עם זאת, בביוגרפיה הקצרה שכתבה עליו היא ממקדת את עניינה בניסיון לחשוף את בן־גוריון האיש, וגם לעמוד על מאפייני מנהיגותו בשעות גורליות, ואינה נמנעת מהארת חסרונותיו.

מנהיגותו הייחודית של דוד בן־גוריון, נטען בספר, הגיעה לשיאה בשנים 1953-1942. כשהחלו להתבהר ממדיה הנוראיים של הטרגדיה היהודית השכיל מנהיג היישוב לחזות את ההתפתחויות הפוליטיות שיולידו הזדמנויות חד־פעמיות להגשמת חזון הקוממיות היהודית. הוא התווה דרכים לגיוסו של העם ולביצור הכוחות שיוציאו את המפעל מן הכוח אל הפועל. באותן שנים לא נרתע מקבלת החלטות קשות בשעות מבחן. 

עם השנים הולכת ומתבהרת דמותו של דוד בן־גוריון כאחד מגדולי המנהיגים של העם היהודי בדורות האחרונים. ספרה הבהיר והממוקד של אניטה שפירא מציג את היסודות להערכה זאת. 

פרופ' אניטה שפירא, כלת פרס ישראל בחקר ההיסטוריה של עם ישראל לשנת תשס""ח, לימדה שנים רבות באוניברסיטת תל־אביב.",,Ben Gurion - Father of Modern Israel,,,,32-21737,ספריית אופקים,301,he,Paperback,4.2,16,8,3819,57,1,1
137882,2026-10-01T14:44:02.000Z,5,2,דנה,285971,"״ארבעה גברים טובים״-שרה גודמן קונפינו

הוצאת ידיעות אחרונות

302 דף

ראשית, שוב מרגיז ששם הכותרת לא קשור לתרגום. Good Grief זה אלוהים אדירים. אבל כיוון שאנחנו גרים במדינה בשנת 2026 ואסור לשאת את שם אלוהים לשווא, היה אפשר לכתוב ״אוי ואבוי״…״צער טוב״…

השנה 1963. ברברה בת ה-32 איבדה את בעלה הארי כשילדיהם, סוזי היתה בת 6 ובובי היה בן 4.

אמא שלה הגיעה אליה לעזור לה, ונשארה שנתיים, אך ברברה הבינה שהיא כבר מוכנה ושאמה תחזור לביתה בפילדלפיה.

אמו של הארי, רות, הגיעה במפתיע עם 5 מזוודות כדי להשאר ״ולעזור״ לברברה האלמנה.

אוי ווי!!!!!!! אישה צעירה (יהודיה) עם חמות יהודיה נוראית שרק מרגיז אותי יותר, עד כמה ״שבגלל״ שהיא האמא של הבן הקדוש שלה, היא יכולה לפעול כאילו שהיא מחליטה והיא יודעת הכל.

מאד מרגיז.

ברברה סופרת עד 10 כדי שלא תתפרץ עליה בזעם. (כשאני סופרת עד 10, אני רק מלבה את האש ומתפרצת עם אקסטרא).

רות עשתה את כל הטעויות האפשריות כאורחת שלא הוזמנה וגם כאישה אחת לאישה שניה. (אני לא הייתי שורדת 3 ימים).

הן הולכות לחנות ״גרין גרוסרס״ שמנוהלת ע״י  אדי גרין, אח של החברה הכי טובה של ברברה, ג׳נט.  רות שמה לב לאדי, שהוא רווק, עדיין. ולאדי יש אבא, ג׳ורג׳ שגם הוא אלמן, אז מה קורה בינו לבין רות?

ברברה מבינה שהיא לא תצליח להיפטר מרות ומחליטה להכיר לה מישהו.

לבסוף, עם הרבה אירועים מרגיזים, ברברה מתרגלת לרות, איכשהו, ומסתבר השד לא כל כך נורא.

אני חושבת שהספר נחמד, אבל לי היה קשה להפנים, יותר מדי דברים שמרגיזים אותי ולאו דוקא החמות שלי (שגם הרגיזה אותי) אלא אימי שנכנסה לי לחיים.

אז אולי אחרים יאהבו.",1028478,ארבעה גברים טובים,שרה גודמן קונפינו,רחל פן,פן | ידיעות ספרים,2026,304,ספרות,ספרות מתורגמת,https://cdn.simania.co.il/bookimages/covers102/1028478.jpg?v=1787336873276,https://simania.co.il/bookdetails.php?item_id=1028478,https://simania.co.il/showReview.php?reviewId=137882,"חמות וכלה. כדי להמשיך הלאה, אחת מהן תצטרך לעזוב.

השנה 1963. שנתיים לאחר מותו של בעלה, ברברה פלדמן מתחילה סוף סוף להתגבר על האבל ולגדל לבד את שני ילדיה. ואז מופיעה על סף דלתה חמותה רות – עם חמש מזוודות ותוכניות ברורות. גסת רוח אך אוהבת, רות מתבססת בבית כאילו תמיד היתה שם, וברברה מגבשת תוכנית משלה: להשיא את רות במהירות האפשרית.

אך עד מהרה מתברר לברברה שרות מנסה לעשות בדיוק את אותו הדבר בשבילה. 

ארבעה גברים טובים הוא רומן מרגש, מלא הומור ותקווה על אלמנות וחיכוכים משפחתיים ועל השאלה עד כמה רחוק אישה מוכנה ללכת כדי להחזיר לעצמה את חייה – גם אם הדרך עוברת דרך חמות שמכינה ביצים עם לזניה לארוחת הבוקר.

שרה גודמן קונפינו היא סופרת רבי־מכר אמריקאית. ספריה הקודמים – אל תשכחי לכתוב, חסרת תקנה ומאחורי כל גבר מוצלח – כבשו את לב הקוראות בישראל. 


שבחים לגודמן קופינו:

""קונפינו, שגרמה לנו לחסל ערימות של טישו עם 'אל תשכחי לכתוב', עושה זאת שוב בסיפור מרומם נפש ומזכך לחלוטין."" – רן בן נון, מגזין ""עברית""

""כל כך טוב, כל כך חכם, כל כך מעצים. מלא בתובנות ובאהבה אמיתית."" – גודרידס

""זה ממש נדיר שיש כזה קונצנזוס על ספר. כולם ממליצים וכולם אהבו. ספר כיפי שנקרא בחיוך."" – נוריתה

""דמויות שמהלכות קסם על הקורא."" – רחל פארן, ""חלי והספרים""",,Good Grief / Sara Goodman Confino,,,,,פרוזה,,he,Paperback,4.8,5,2,108,6,0,1
137881,2026-10-01T14:12:25.000Z,5,3,yodokolis,253845,"ספר מדהים, מרתק, חשוב ותמציתי. לא האמנתי שניתן יהיה לקבץ את כל ההיסטוריה של מדינת ישראל לספר אחד, אבל גם לחדש ידע שלא ידעתי לפני. מיכאל בר-זוהר, בכישורו המופלא והמרשים, עשה בספר זה בדיוק את שני הדברים האלה. הספר עשיר במידע אודות האירועים המרכזיים והחשובים בתולדות המדינה, ולפעמים מכיל פרספקטיבות וחוויות אישיות של הכותב עצמו, מה שלדעתי מוסיף עוד יותר לספר. לסיכום, מומלץ בחום לכל מי שאוהב את מדינת ישראל ובפרט את ההיסטוריה המרתקת שלה.",989377,קיצור תולדות ישראל,מיכאל בר-זהר,,משכל (ידיעות ספרים),2018,307,ישראל וציונות,הסטוריה,https://cdn.simania.co.il/bookimages/covers98/989377.jpg,https://simania.co.il/bookdetails.php?item_id=989377,https://simania.co.il/showReview.php?reviewId=137881,"קיצור תולדות ישראל הוא ספר יחיד במינו.

בספר זה מגולל בר-זהר לראשונה, בסגנונו המרתק, את סיפורה של מדינת ישראל, מלחמותיה ואתגריה, ניצחונותיה ומשבריה, החל מהכרזת העצמאות ועד היום. מבצע קדש ופרשת לבון, הכור הגרעיני, מלחמת ששת הימים וקו 300, מלחמת יום כיפור ומהומות ואדי סליב, מבצע אנטבה ומסמך לונדון, פלאי ההיי-טק והמחאה החברתית הם רק כמה מ-30 פרקי ספר זה.בספר חושף בר-זהר פרשות ואירועים כמוסים מעברנו, שהשלכותיהם משפיעות על חיינו גם היום. קיצור תולדות ישראל מציג תמונה אמיתית, ללא כחל ושרק, של המדינה שלנו, של עמה ושל מנהיגיה.

""באחרונה,"" כותב בר-זהר, ""חשתי דחיפות רבה להביא בפני הקורא את סיפורה של ישראל. אני נתקל, שוב ושוב, בישראלים שאינם יודעים כמעט דבר על עברנו, או שידיעתם מקוטעת. ומי שאינו מכיר את עברו - אינו יכול לחתור אל עתידו. עץ ששורשיו יבשו או נכרתו לא יכול גם להצמיח ענפים חדשים.""

ספר זה ראוי שיימצא בכל בית בישראל.

פרופ' מיכאל בר-זהר היה חבר כנסת מטעם מפלגת העבודה ויו""ר ועדת החינוך והתרבות, דובר משרד הביטחון, מרצה באוניברסיטת חיפה ובאוניברסיטת אמורי שבארצות הברית.בר-זהר הוא הביוגרף הרשמי של דוד בן-גוריון ושל שמעון פרס וכתב למעלה מ-35 ספרי תעודה ובהם ""ביום נקם"", ""הרכבות יצאו ריקות"", ""המרדף אחרי הנסיך האדום"" (עם איתן הבר), והשלישייה ""המוסד"", ""הלוחמים פשטו עם שחר"" ו""חיסול ממוקד"" (עם נסים משעל). כן כתב רומנים ובהם ""האמת השלישית"", ""אחים"", ""מרגל בחורף"" ו""אניגמה"" שאף עובד לסרט הוליוודי. ספריו תורגמו ל-29 שפות. בר-זהר קיבל את פרס סוקולוב, פרס האקדמיה הצרפתית,פרס בן-גוריון, פרס ראש הממשלה ותואר אביר לגיון הכבוד.",,,,,978-965-564-660-3,362-5857,,,he,Paperback,4.3,16,4,3478,43,0,1
137880,2026-10-01T13:37:30.000Z,2,5,עומר ציוני,51951,"לא משהו. לכאורה - צריך להיות מעניין. המאה ה 13, אירופה ערב ימי הביניים, סוחר ספרים, מתיחות דתית ופוליטית, עולם שבו לחיי אדם אין הרבה ערך, אווירה קודרת... בפועל - ספר לא ממש מותח. הרבה מילים ומושגים, חלקם כפי הנראה מומצאים על ידי הסופר, אבל בלי מתח אמיתי. ובעיקר - סוף שאיננו סוף. ללא שיא. ספר שאפשר לקרוא אם אינכם מכירים את התקופה ההיסטורית ובעיקר אם אין לכם מה לעשות.",223984,סוחר הספרים המקוללים,מרצ'לו סימוני,אלון אלטרס,כנרת זמורה ביתן,2011,368,ספרות,מתח ריגול והרפתקאות,https://cdn.simania.co.il/bookimages/covers22/223984.jpg,https://simania.co.il/bookdetails.php?item_id=223984,https://simania.co.il/showReview.php?reviewId=137880,"מותחן היסטורי גדוש תעלומות ותפניות.
שנת 1205. ליל רוחות מקפיאות. נזיר המתחבא זה כמה שנים במנזר סן מיקלה העתיק, נאלץ לברוח לאחר שאותר בידי רודפיו. ברשותו כתב יד יקר ערך שאותו איננו מוכן בשום אופן למסור להם, אלא שהם אינם בוחלים באמצעים. וכך, בעודו נמלט מאיש מסתורי בעל מסכה אדומה, הוא צונח לתהום. 
שלוש-עשרה שנה אחר כך מתבקש סוחר בחפצי קודש לצאת בעקבות הספר הנעלם. בתחנה הראשונה שלו — קברו של הנזיר — הוא מגלה על הצלב חידה מסתורית שעליו לפתור כדי לאתר את ארבעת החלקים של הספר שהנזיר החביא במקומות שונים כדי שלא ייפלו לידיים הלא נכונות. אט אט הופך המסע למצוד מפרך המותיר שובל של מעשי רצח. 

סוחר הספרים המקוללים הוא מותחן היסטורי גדוש תעלומות ותפניות, שכיכב זמן רב בראש רשימת רבי-המכר באיטליה. זהו הרומן הראשון של מרצ'לו סימוני — סופר ארכיאולוג וחוקר היסטורי — שזיכה אותו בשלל פרסים.

- - - - - - - - - - - - - - - - 

סימוני מרצ'לו הוא סופר איטלקי צעיר (יליד 1975), ארכיאולוג, ספרן וחוקר עתיקות, שעקב שלל עיסוקיו בא במגע עם טקסטים וחפצים עתיקים ויורד לחקרם. כך הוא מעמיק בתחקיר לספריו יותר מכל סופר אחר (שהוא מכיר): ""הספרים שאני כותב מאפשרים לי לשלב את כל האהבות שלי"". הוא כתב את הספר כי תמיד רצה לכתוב רומן היסטורי ימי-ביניימי שממזג אהבת ספרים ואווירה גוטית.

סן וֶם שבו מתרחש הרומן מבוסס על מקום אמיתי: זה לא היה מנזר אלא בית משפט סודי חשוב ביותר, שהשליט את חיתתו על האימפריה הרומית במאות ה-13-12. סימוני מצא עדויות עליו כבר בכתבים מהמאה ה-10, וכך בנה את עלילת הספר על בית משפט סודי שבו מכהנים פרנקיסטים.
כמו כל סופר הוא מופיע בדמויות שלו - הוא אגואיסט כמו מרקאנט בכך שהוא חי לפי החוקים שלו, אבל לא שובר את החוקים כמו אינייציו. 
אינייציו דָה טוֹלֶדוֹ - הוא התגלמות הסקרנות, אחד מהחטאים החמורים בימי הביניים: חטא משום שהוא מעורר שאלת שאלות, הטלת ספק ושבירת מסגרות. ולכן הוא יכול להיות מנוף לעלילה מפותלת. בעינַי הוא מעין גלגול של שרלוק הולמס.
השנינות והחדשנות של אוברטו הן תכונות שהיו לכולנו בילדותנו. את האכזריות וההזדהות עם הכאב של וילאם אני לא מכיר. על דמויות הנשים הוא שמר, מכיוון שהוא מודע לגורלה של אישה שהעזה לצאת מהבית בימי הביניים.",,,,,,,,,he,Paperback,3.1,20,12,3959,68,0,1
137879,2026-09-30T19:57:39.000Z,4,4,פרל,81926,"מותחן הריגול ﻿""סוכנים בשטח"" מאת מיק הרון (הוצאת אריה ניר ומודן, 2026) הוא הספר השישי והמוצלח במיוחד בסדרת ""בית סלאו"" של הרון, שזכתה בפרסים רבים ועובדה לסדרה באפל טי־וי, בכיכובם של גארי אולדמן וקריסטין סקוט־תומאס. בית סלאו הוא בית בלונדון שמשמש כבסיסה של יחידה שאליה נשלחים סוכנים כושלים של שירותי הביון הבריטיים, שירות הביטחון (MI5), המקביל הבריטי לשב""כ, ושירות הביון החשאי (SIS), המקביל הבריטי למוסד. הסוכנים שהוגלו לבית סלאו מכונים סוסים, ובגלל שסלאו נשמע כמו שיבוש של המילה איטי באנגלית (Slow) הם מכונים ""הסוסים האיטיים"".

בין סוכני היחידה, שכל כולה טיפוסים אקסצנטריים ובהם רודריק הו, מומחה מחשבים וטכנולוגיה שנשמר לעצמו, ריבר קרטרייט, איש המבצעים ה""מורעל"" שנכשל דווקא בבחינת הסיום של קורס ההכשרה (והוא נכדו של המ""ז – המנוול הזקן – רב־מרגלים אגדי), קתרין סטנדיש, בעברה העוזרת של צ'רלס פרטנר, מנהל שירות הביטחון שהתאבד בנסיבות מחשידות, ואחרים. בספר הקודם הצטרפו לחבורה שירלי, סוכנת שמתמודדת עם בעיית שליטה בכעסים, וקואו, ברנש מסתורי שנשמר לעצמו. עתה הצטרף האנליסט אלק ""לך"" ויצ'ינסקי, שחטאיו (הוא הואשם בצריכת פורונו מסוגת פדופיליה) הפכו אותו למנודה אפילו בקרב חבורת הלוזרים של בית סלאו (אלא שויצ'ינסקי נחוש לגלות מי חיסל לו את הקריירה, וכלל לא בטוח שהוא באמת אשם במה שמייחסים לו). ככלל, השגרה המייאשת של בית סלאו, שכוללת יחס מזלזל (וכמעט מתעלל) מצד מפקדם מוציאה את חברי הצוות מדעתם. לכולם יש מכנה משותף אחד – הם רוצים לחזור לשטח ולפעילות. רובם יעשו הכול בשביל זה.

האיש שעומד ראש בית סלאו הוא ג'קסון לאמב, איש גס רוח, שמן ומגודל, שנראה שנהנה לבוז לאנשיו על כך שהוגלו ליחידה בפיקודו. במבט ראשון קל לחשוב שלאמב הוא לא יוצלח כמו פקודיו, אך לאמב גייס והפעיל סוכנים בשירות החשאי ופעל במזרח ברלין בשלהי המלחמה הקרה. כאמור, מה שנראה לעין הוא לא תמיד האמת. פרטנר מכר מידע לרוסים במשך עשור, ולכן, כפי שנחשף בספר הראשון בסדרה ""ג'קסון לאמב הרג את צ'רלס פרטנר. הוא היה סוכן של פרטנר, בזמנו. פרטנר היה המפעיל שלו, המנטור, הציר המרכזי שסביבו ריקד. אבל הוא הרג אותו. ירה בו באמבטיה שלו, שם מצאה אותו קתרין. וכך לא היה משפט ולא טראומה בצהובונים. סתם עוד התאבדות בשירות, כמה מילים ממולמלות וביקור בבית הקברות למרגלים"" (עמ׳ 29). בתור תשלום, ואולי עונש, קיבל לאמב את האחריות על בית סלאו ועובדיו. אבל גם שם, מרופט ומסמורטט ומוזנח לאמב הוא נמר אמיתי.

עלילת הספר נפתחה כאשר בניגוד לחמשת הספרים הקודמים בסדרה הליידי דיאנה "" דיי"" טברנר, המשנה הוותיקה לראש שירות הביטחון הפכה לראש השירות לאחר שקודמה הודח. יהיו לכך השלכות, משום שאין כטברנר בשמירה על חוקי לונדון (בדומה לחוקי מוסקבה, שהציג בשעתו לה־קארה בספריו, שהיו כללים מבצעיים שלאורם פועלים סוכנים בארצות יעד שהסתכמו במילים ""שמור על הגב שלך""), שפירושם: ""שמור על התחת שלך"". גם הפעם, כבכל ספר (כי אחרת אין סיפור) הצוות נתקל בסיפור מעניין במיוחד. שגרת יומם האפורה והמשמימה של ""הסוסים האיטיים"" הופרה עם הלוויית המ""ז. כשבמהלך ההלוויה הופיע פרנק הרקנס, אקס איש מבצעים של סוכנות הביון המרכזית האמריקנית (ואבא של ריבר) והאיש שאחראי למותו של מרקוס, סוס איטי מוצלח במיוחד, לאמב נחוש לסגור חשבון. כשבמקביל לואיזה גאי מנסה לאתר את בנו הנעלם של אהובה המת מין הארפר, גם הוא סוס איטי שנהרג באחד הספרים הקודמים, בסיועה של ראש ה""כלבים"" של הפארק לשעבר, אמה פלייט היפה, אפשר להיות בטוחים שלמרות החורף האנגלי הקפוא הטמפרטורות יהיו חמות. חמות מאוד. 

הכתיבה של הרון נהדרת. כך למשל, כשתיאר את לאמב נוזף בצוותו. ""מה שיש לנו פה זו תעלומה, ובכל תעלומה, אנחנו צריכים לבחון את ארבעת הלמ""דים"" (עמ׳ 85), הטיח לאמב ברודריק הו ובשאר הצוות. ""מי לעזאזל, מה לעזאזל, איפה לעזאזל ולמה לעזאזל"" (עמ׳ 85). קל להיסחף בעולם שברא ולהיכרך אחר המפסידנים של לאמב, בניסיונם לפענח את התעלומה כשכל הסיכויים לרעתם. הדיאלוגים ששם בפי הדמויות שלו פשוט נפלאים (בחלק לא מבוטל מהם לאמב הוא משתתף פעיל ונשכני). הקורא חד האבחנה יזהה במהלך הקריאה שהמחבר שאב השראה (שלא לומר גנב) מלה־קארה. הדבר בא לידי ביטוי, קודם כל, בהסתכלות מציאותית, אכזרית וצינית על מקצוע הריגול, אבל גם בסגנון. אצל לה־קארה כונו אנשי יחידת המבצעים של השירות ""ציירי המדרכות"" ואנשי יחידת המתנקשים כונו ""ציידי הגולגולות"". ב""סוסים איטיים"" בחר המחבר לכנות אתו אנשי יחידת המעקבים בשם ""הכלבים"", ואת אנשי המבצעים המיוחדים ""משיגנים"".

גם הדמויות דומות יותר לרב־המרגלים ג'ורג' סמיילי, גוץ מקריח וקצר רואי (שלמעשה היה לא רק חוקר מבריק בריגול הנגדי, אלא גם איש מבצעים מיומן שפעל בגרמניה במלחמת העולם השנייה), ולשותפיו לפשע (קוני זקס מישהו?), או למפעיל הסוכנים האגדי סם מקרידי, גיבור המותחן הנפלא ""הרמאי"" של פורסיית ולבלש הנפלא שלו לאבל מהספר ""נשיא על הכוונת"". ובכלל אין בספר גיבורים נוסח ג'יימס בונד, ג'ייסון בורן, ג'ק ראיין וגבריאל אלון ואפילו לא גדי, קצין הצנחנים לשעבר ומפקד החוליה במוסד שיצר מישקה בן־דוד בספרו הנהדר ""דואט בביירות"". גם כך וגם כך למי אכפת. הסיפור עובד וממכר. העיתונאי אורן נהרי קבע בצדק כי ""מיק הרון הוא סופר הריגול הטוב – והשנון – בדורנו"". בימים אלו שבהם כבר לא נהנה מספרים חדשים פרי עטם של המאסטרים הוותיקים לה־קארה, פורסיית וקלנסי טוב שישנו הרון. עכשיו, אחרי שבעלתי את הספר ביממה, רק נשאר לחכות לספר הבא. לספר צורפה נובלת בונוס בשם ""התפיסה"", שבה ג'ון בצ'לר, ה""חלבן"" של השירות, יוצא למסע גורלי כדי להציל את עורו ואת קורת הגג שלו, וגם היא מהנה מאוד.",1028566,סוכנים בשטח,מיק הרון,נעה שביט,אריה ניר | מודן,2026,399,ספרות,מתח ריגול והרפתקאות,https://cdn.simania.co.il/bookimages/covers102/1028566.jpg?v=1788439028128,https://simania.co.il/bookdetails.php?item_id=1028566,https://simania.co.il/showReview.php?reviewId=137879,"בית סלאו קודר כרגיל, בתיאום עם מזג האוויר. קתרין סטנדיש שוב קונה אלכוהול, לריבר קרטרייט יש עדיין עניינים עם אבא שלו, ולואיזה גאי מבכה אהבה אבודה. ואילו לך ויצ'ינסקי, המגויס החדש, שחטאיו הופכים אותו למנודה אפילו בקרב חבורת הלוזרים של לאמב, נחוש לגלות מי חיסל לו את הקריירה, גם אם זה יהרוס לו את החיים.
עם בואו של חורף מקפיא, ג'קסון לאמב היה מעדיף שיעזבו אותו בשקט, אבל כשהאיש שמאחורי מותו של סוס איטי מגיח מהצללים, לאמב שולח את הצוות לסגור חשבון. הפעם, הם יוצאים אל השט...
סוכנים בשטח הוא הספר השישי בסדרת בית סלאו שכבשה את רשימות רבי־המכר ועובדה לסדרת טלוויזיה מצליחה. מספר זה, ככל שאר ספרי הסדרה, ניתן ליהנות גם כספר העומד בפני עצמו. לספר מצורפת נובלת בונוס בשם התפיסה, שבה ג'ון בצ'לר, ה""חלבן"" של השירות, יוצא למסע גורלי כדי להציל את עורו ואת קורת הגג שלו.
""מיק הרון הפך במהירות לקול המוביל של ספרות הריגול הבריטית... דיאלוגים שנונים, דמויות פגומות ובלתי נשכחות והבחנות פוליטיות חדות."" הגארדיאן
""סדרה אינטליגנטית ועוקצנית, קלילה וקורעת מצחוק."" אובזרבר
""התפאורה השנונה והמורבידית של הרון משמשת כר לסיפורת נוקבת, המציגה תמהיל עשיר של דמויות שובות לב."" פייננשל טיימס","כולל נובלת בונוס: ""התפיסה""",,,,,,בית סלאו,6,he,Paperback,4,2,1,80,2,0,1
137878,2026-09-30T16:52:42.000Z,5,13,דן סתיו,93712,"יש הרואים במלחמה תופעה שבמהלכה מתגלות המידות התרומיות של האדם: אומץ-לב; אחוות לוחמים - עד כדי הקרבת חיי היחיד למען חבריו במה שקרוי ""מות גיבורים""; לחימה למען אידיאלים נשגבים ועוד. אחרים רואים במלחמה זירה שבה מתגלות רבות מתכונות האופי הרעות של האדם: תאוות ההרג, הניוול המוסרי, האלימות, שנאת האחר ושאר המאפיינים של יצר ההרס האנושי.

הספר ""אש במעמקים"" של שוהיי אוקא הוא, בעיני, זעקה איומה נגד המלחמה ומוראותיה. אין בו מעשי גבורה. העלילה נעדרת כמעט לחלוטין סולידריות בין הלוחמים. המוות ברעב, במחלות או בידי האויב מסתיים בתיאורים מצמיתים של גסיסת החיילים באדמות הבוציות של הג'ונגלים. אין בהם הוד והדר אפשר שאמרתו המפורסמת של הובס בספרו ""הלוויתן"": Homo homini lopus est מתארת היטב את היחסים בין החיילים היפנים הנסוגים לעבר מה שהם מקווים יהיה נמל מבטחים בדרך לחילוצם מגיא ההריגה. 

כבר בתחילת הסיפור הקורא מתוודע לזוועות המלחמה: לא רק באמצעות תיאורי הרג מבעיתים, אלא באמצעות ""שיחה"" בין מפקד-הכתה לטוראי טאמורה: ""שוטה ארור...כוונתך לומר שהנחת להם להחזירך לכאן? אילו אמרת להם בבית-החולים שאין לך לאן ללכת, היו מוכרחים להשאיר אותך שם. אתה יודע היטב שאין מקום בפלוגה שלנו לשחפנים כמותך....שמע טוראי טאמורה,...כמעט כל אנשינו יצאו לתור אחר מזון. האינך מבין? על נפשנו אנו עומדים! אין כאן מקום לשום  אדם שאינו יכול לתת חלקו...עליך לחזור לאותו בית-החולים, לכל הרוחות! אם לא יתנו לך להיכנס, תקע עצמך ליד השער  וחכה עד שיתנו!....ואם יעמדו בסירובם-אז-ובכן, מוטב שתפיק תועלת מרימון-היד שלך ותשים קץ לכל העסק. בזה, לפחות, תקיים חובתך האחרונה למולדת"". כך ""הציע"" מפקד-הכתה לטוראי טאמורה.
 
במובן מסוים, אין אפליה בקבלת חולים לטיפול  ב""בית חולים שדה"" זה. שיוך ליחידה מובחרת, הדרגה, אות גבורה או כרטיס חבר במפלגה הנכונה אינם מקנים את הזכות המפוקפקת להיכנס לבית החולים. מי שמצוייד במזון – בדרך כלל תפוחי אדמה לא מבושלים – זוכה להיכנס. משנגמר המזון, החייל משולח ליחידתו. ועל שום מה יצא קצפו של מפקד הכתה על טוראי טאמורה? הלה צויד במזון לחמישה ימים, אך הוחזר ליחידה כבר לאחר שלושה ימים...

כך טאמורה מבין שהוא משתייך למעמד הנמוך ביותר של חיילים: אלה שהוקאו מיחידותיהם, שערי הבית החולים נסגרו בפניהם והם מסתופפים ליד שעריו, חסרי מזל המנסים לשרוד. אם יתייאש ממאבק זה, יודע טאמורה כי רימון היד שברשותו ישים קץ לסבלו.

העלילה מתרחשת באי לייטה, השייך לפיליפינים, בתחילת 1945. יחידות הצבא היפני נמצאות בנסיגה מתמדת. המאבק של החיילים אינו עוד באויב האמריקני העדיף, הטובח בהם באמצעות מקלעי המפציצים, הירי הארטילרי, או לוחמי הגרילה, אלא מאבק קיומי: מציאת מזון כדי שלא לגווע ברעב. מסתבר שבסיפור זה המימרה ""אדם לאדם זאב"" מגיעה למימוש מלא המעורר חלחלה. כאשר ישנו סוג של אלטרואיזם הרי זה מופיע כשיא המקאבריות: קצין גוסס מציע באבירות שלאחר מותו טאמורה יאכל את בשרו כדי לשרוד. הקניבליזם בעולם זה אינו בבחינת שאלה מוסרית. זהו צורך קיומי. טאמורה נחשף לכך במהלך אכילת בשר שמגיש לו חברו. החבר מספר כי הוא צד קופים. לאחר שטאמורה אוכל די צורכו הוא תוהה אלו קופים בדיוק חברו צד. הרי טאמורה עצמו לא ראה אף לא קוף אחד במהלך נדודיו בג'ונגלים...

הספר מגולל את העובר על טאמורה במהלך נדודיו כדי לשרוד, לעיתים בגפו ולעיתים יחד עם חיילים נוספים. אך הסיפור אינו עוסק רק בהישרדות הפיזית: טאמורה מגלה מקום נידח המספק לו מזון בסיסי כל צורכו, שם הוא מרגיש שהוא מעין גרסה של רובינזון קרוזו, אבל נטול אמונה באל. הוא מגדיר את עצמו כ""פגאן אוריינטלי"" ומתחיל לחשוב על האמונה ועל תכלית הקיום האנושי. כך, הוא נזכר בהיחשפותו לאמונה נוצרית במהלך נעוריו. משהוא מבחין מרחוק בצלב עץ של כנסיה כפרית, הוא לא עומד בפיתוי. כמו עש הנמשך לאש, מתעלם מהסכנות ונכנס לכפר הפיליפיני, שם יעשה מעשה שירדוף אותו עד לסוף הסיפור. כך גם הדיאלוג הפנימי שלו לגבי האמונה, שילווה אותו עד לסופו של הסיפור.

הסופר עצמו התגייס בגיל מבוגר יחסית לצבא היפני ובדומה לגיבורו תהה כיצד דווקא הוא ניצל מהתופת ולא חבריו הכשירים יותר. הוא סלד מהמלחמות. כתב לגבי גיוסו: ""טוראי מדרגה שניה – ואינני שמח במיוחד על כך. עלי לנסות למנוע משנאתי לצבא להפוך לשנאת המין האנושי"".  בדומה לגיבור הסיפור, לאוקא היה ניסיון של נדודים בג'ונגלים, אך בשונה מגיבורו, הם נמשכו יממה אחת בלבד, שבמהלכה ניסה להתאבד שלוש פעמים. הוא נפל בשבי ובמהלך שבתו בשבי שמע את סיפוריהם של שבויי מלחמה יפנים אחרים. אלו היוו חומר גלם לספריו. (על פי ""THISTORYNE).

הספר הנפלא הזה מצטרף, בדרכו המיוחדת, לספרים הנושאים מסרים אנטי-מלחמתיים חריפים כגון ""במערב אין כל חדש"" של רמרק, ""שלומפ"" של גרים, ""ג'וני שב משדה הקרב""  של טראמבו וגם  ""החייל האמיץ שווייק"" של האשק. המשותף לספרים אלה שהם נכתבו מנקודת מבטו של החייל הפשוט, הקורבן האמיתי של המלחמות.

3 ביוני 2026

דן סתיו",20951,אש בעמקים,שוהיי אוקא,ג. אריוך,עם עובד,1958,188,ספרות,ספרות מתורגמת,https://cdn.simania.co.il/bookimages/covers58/587928.jpg,https://simania.co.il/bookdetails.php?item_id=20951,https://simania.co.il/showReview.php?reviewId=137878,"סיפור זה של חייל יאפני בצבא המובס והנסוג בחזית הפיליפינית קבע לעצמו מקום ראשון במעלה בין הסיפורים על מלחמת-העולם השנייה.
באמצעים מובהקים בצמצומם, המעלים על הדעת את מיטב האמנות היפאנית המסורתית של רישום-נוף, נכתבה יצירה זו, שחילצה את סיפורת מלחמת-העולם השנייה מן המתכונת שהעמידו מתארי מלחמת-העולם הראשונה ... המיתוס של אחוות-לוחמים שנרקם בסיפורת ההיא, עם תיאורי אכזבת חיילים מן החברה שהם מוצגים כקרבונותיה, מפנים פה מקומם לגיבור הנושא במלוא האחריות המוסרית לכל המתחולל ובתוך נפשו פנימה ניטשת ומוכרעת המערכה על דמותם של אדם ועולם.",,,,,,,ספריה לעם,11,he,Paperback,4.4,7,2,2339,27,0,1
137877,2026-09-30T16:45:48.000Z,0,28,ערגה,317708,"אני מודה, התגעגעתי. גם ברגעים הקשים ביותר בסימניה איכשהו הרגשתי שאני שייכת לקהילה ונכון שהקהילה לא תמיד מסתדרת ויש הרבה ויכוחים (שרובם לא קשורים בכלל לספרים) אבל זו עדיין קהילה שבבסיסה אוהבת ספר. אני עדיין חושבת שהשינוי הדרסטי שהאתר עבר לא עושה איתו חסד, כך שלא בטוח שאחזור באופן פעיל לכתוב בסימניה ולהשתתף בשיחות כמו שהייתי בעבר אבל הנה אני כאן חוזרת לביקורת על ספר שליווה אותי בחודשיים האחרונים ואפילו הצליח לשכך כמה לילות של אשפוז בבית החולים קפלן בגלל התקף של איזו זאבה משועממת, אבל אל תדאגו יותר מדי, אני בטוב ומלאת מרץ. וכמובן שבהזדמנות זאת תודה לצוות הנפלא בקפלן על הטיפול המסור ולאהוב ליבי שלא זז ממיטתי ואפילו הקריא לי פרקים שלמים ממובי דיק כי היו שעות שבהן אפילו התקשתי להחזיק את הספר הכבד הזה ביד.

האמת היא שלקח לי המון זמן לאסוף את האומץ ולגשת למובי דיק. תמיד היה לי איזה דימוי בראש של הספר הזה כהר אדיר של ספרות גברית, ישנה וכבדה, סוג של מונומנט שמשאירים לאקדמיה ולא באמת נהנים ממנו. אבל מרגע שפתחתי אותו ועברתי את העמודים הראשונים, משהו בי פשוט נפתח. הקריאה בו התגלתה כחוויה עשירה ומכשפת בצורה שלא דמיינתי. מלוויל מצליח ליצור עולם שלם שכולו גלים, רוח ומלח, וככל שהעמקתי בקריאה הרגשתי שאני לא רק עוקבת אחרי סיפור, אלא ממש נשאבת לתוך תודעה ימית רחבה ומהפנטת, שהיא גדולה בהרבה מסך החלקים שלה.

מה שהכי הפתיע אותי במסע הזה, זו העובדה שדווקא הפרקים האנציקלופדיים, אלה שכולם תמיד מזהירים מפניהם ואומרים שאפשר לדלג עליהם, הפכו בעיניי ללב הפועם של היצירה. מצאתי את עצמי מרותקת לפרקים המדעיים וההיסטוריים, שמתארים לפרטי פרטים את סוגי הלווייתנים, את מבנה השומן שלהם ואת הכלים שמשמשים לציד, אפילו יותר מאשר לשטף של העלילה הדרמטית והמרדף עצמו.

בעיניי, היופי הכי עמוק של הספר שוכן בדיוק במתח ובתנועה בין שני החלקים השונים האלה, שמייצגים שני ניסיונות הפוכים לחלוטין לתפוס את המהות החמקמקה של הלוויתן הלבן. מצד אחד נע זרם העלילה, שהוא כולו סערה, יצרים ורדיפה אובססיבית של קפטן אחאב. זהו ניסיון כוחני, אימפולסיבי ונואש להכניע את הטבע, לנעוץ בו את הצלצל ולשלוט בו דרך הרס ואלימות. אחאב רוצה לצמצם את היצור הנשגב הזה לכדי אויב מוחשי שהוא יכול להשמיד.

מצד שני, בפרקים האנציקלופדיים, המקצב משתנה לחלוטין. פתאום מלוויל עוצר את הדהירה קדימה ולוקח צעד אחורה. יש שם מבט אחר, סבלני, עדין וכמעט פילוסופי. דרך הפירוט האנטומי המדוקדק, המדידות וההיסטוריה, הוא לא מנסה להרוג את הלוויתן אלא להבין אותו. זוהי דרך של הערצה והשתאות מול הפלא, ניסיון לגעת באינסוף ובאלוהי לא מתוך כניעה וכוח, אלא מתוך קשב עמוק ופירוק של המציאות לפרטים הקטנים ביותר שעושים אותה למה שהיא. החלקים המדעיים האלה הם שהעניקו לקריאה שלי נפח פנימי עצום. הם הכריחו אותי להאט, לנשום את המרחבים של האוקיינוס ולהבין שמובי דיק הוא לא סתם מפלצת בים, אלא סמל לכל מה שגדול מאיתנו ושאי אפשר ללכוד אותו באמת. הניגוד הזה הפך את הספר מחוויית קריאה רגילה ליצירה שנשארת איתי גם הרבה אחרי שהספר נסגר, כמו איזה הד רחוק של שריקות לווייתנים שממשיך להתנגן בתוכי.

אז אני ממליצה מאוד מאוד לכל מי שחושב/חושש לגשת לספר ולקרוא אותו. ההנאה והידע ששואבים ממנו הם באמת בלתי נדלים. ממליצה גם על התרגום הנפלא של אהרון אמיר שמלאה במילים נדירות מהשפה העברית (לא ידעתי שיש ממש ז'רגון עברי-ימי) שבסיסן המקורות היהודים. 
מועדים לשמחה ובשורות טוב,
ערגה",493306,מובי דיק [מהדורת 2010],הרמן מלוויל,אהרן אמיר,כתר,2010,,ספרות,ספרות קלאסית,https://cdn.simania.co.il/bookimages/covers49/493306.jpg,https://simania.co.il/bookdetails.php?item_id=493306,https://simania.co.il/showReview.php?reviewId=137877,"""קראו לי ישמעאל 
לפני שנים אחדות - אין זה חשוב כמה בדיוק-
בעת שלא היה, או כמעט לא היה, כסף בארנק,
ולא היה לי דבר שיעניין אותי על החוף,
אמרתי בלבי שאולי אפליג מעט כחיוכה
ואראה את חלקו המימי של העולם.""

אלו הן שורות הפתיחה המהדהדות של אחד הרומנים הגדולים שנכתבו בשפה האנגלית ואולי הרומן האמריקאי הגדול ביותר. מובי דיק, שראה אור לראשונה ב-1851, הוא רומן אדירים, רב קולות ופנים, הממשיך לטרוד את תודעת הקוראים והחוקרים גם במאה העשרים ואחת.

אלבר קאמי הגדירו כספר האבסורדי ביותר שנכתב מעולם. ורבים רואים בו את ""התרומה המעולה ביותר של אמריקה לספרות העולם"". אך מספר הפרשנים של מובי דיק כמספר הקוראים אותו, או מספר הרואים את הלוויתן בספר עצמו - נוצרים ומתנגדי נצרות, סימבוליסטים וריאליסטים, מבקשי טרגדיה ומבקשי קומדיה, בעלי שירה ובעלי פרוזה, בעלי פשט ובעלי דרש.

מסע הציד האפי של הקברניט אחאב על סיפונה של ""פיקווד"" בעקבות הלוויתן הלבן הוא המשל הגדול שהעניק הרמן מלוויל לספרות העולם. מובי דיק פורש בפני קוראיו מסע רב טלטלות, טראגי ומטאפיזי, המתחולל בעולם ובנפשו של האדם גם יחד.

הביקורת הכתירה את תרגומו הווירטואוזי של אהרון אמיר, חתן פרס ישראל לתרגום, ""עשיר, שובה לב, בהיר ורחב נשימה"".",,,,,,10-277392,,,he,Paperback,4.2,17,4,5924,63,3,1
137876,2026-09-30T14:59:24.000Z,2,4,ליליאן די,325886,"לקח לי בדיוק שלושה פרקים להבין ש""הנמלטת האחרונה"" הוא תרגיל מתוחכם בהרדמה ספרותית. על פניו, נקודת הפתיחה החזיקה הבטחה דרמטית של ממש: בשנת 1850 מפליגה אונור פארדין, צעירה קווייקרית אדוקה ומאופקת מדורסט שבאנגליה, אל העולם החדש כבת-לוויה לאחותה גרייס העומדת להינשא. אלא שעוד בטרם יבשה רגלן על החוף, גרייס חוטפת מחלה פתאומית ומתה. החבטה הראשונית הזו היכתה בבטן – רגע יתום, חד ומטלטל שהשליך את אונור כשהיא תלושה ופגיעה לחלוטין אל הבוץ העכור והקודר של אוהיו. מתוך בדידות וחוסר ברירה, היא מנסה לבנות לעצמה חיים בקהילה המקומית, שוקעת במלאכת תפירת שמיכות טלאים ונישאת בנישואים חפוזים לאיכר מקומי בשם ג'ק, בתקווה למצוא עוגן של ביטחון ושייכות.
אלא שמתחת לשקט הכפרי המהוגן, אוהיו של אותם ימים היא חבית חומר נפץ מוסרית ומדממת. בהיותה מדינה חופשית הגובלת במדינות הדרום המשעבדות, היא משמשת ציר מרכזי של ""רכבת המחתרת"" – רשת הסתרים שמבריחה שחורים נמלטים מעבדות אל עבר החופש בקנדה. עם חקיקת חוק העבד הנמלט, המציאות הופכת לאכזרית שבעתיים: הושטת יד או מתן מחסה לפליט מוגדרים כפשע פדרלי חמור שגורר קנסות כבדים ומאסר, בעוד ציידי עבדים חמושים סורקים כל אסם ויער בחסות החוק. הקווייקרים, שחרטו על דגלם אמונה מוחלטת בשוויון האדם והתנגדות עקרונית לעבדות, נקרעים בין צו מצפונם לבין הפחד המשתק מעימות עם החוק ואיבוד רכושם. זהו הציר האמיתי שעליו נשען הסיפור כולו: הרגע שבו אונור נתקלת במקרה בשפחה נמלטת המסתתרת באסם, ומוצאת את עצמה נשאבת אל תוך המערבולת המסוכנת הזו בעל כורחה.
על הנייר מדובר בחומר גלם היסטורי בוער, אך בפועל, מהרגע שהסערה סביב מות האחות שככה, הספר הזה החליט שאיפוק קווייקרי הוא תחליף לגיטימי להיעדר דופק. במקום אפוס היסטורי סוער על רכבת המחתרת, קיבלנו כרוניקה יבשה ופקידותית עד פיהוק: היא אמרה, הוא עשה, הם הלכו, ואונור יושבת ומחברת פיסות בד. המכתבים שנשלחים מעבר לים – שהיו אמורים להיות חלון לנפש בודדה – סורסו מטעמי זהירות והפכו ליומן משק טרחני שמוקדש ברובו לטכניקות של חליבת פרות. רק בהתכתבויות המקומיות, אלה שהועברו מיד ליד מתחת לאפם של השכנים, בצבץ מעט מהמתח החברתי הדחוס של קהילה שחונקת כל סטייה מהשורה.
סביב אמצע הספר, כשאונור נכנסת סוף סוף לעובי הקורה של מבצעי ההברחה, נדמה היה שמשהו מתעורר. כדי להציל את הנמלטים היא מקריבה במודע את הדבר המקודש ביותר לקווייקרים: את עדות האמת. המעשה הזה – לשקר, להסתיר ולהכתים את הטוהר הדתי והמוסרי שלה למען חמלה אנושית רדיקלית – היה יכול להיות לב לבו של רומן מוסרי כביר. בייחוד כשהסביבה ""המוסרית"" שלה נחשפת בעליבותה: האופן המקפיא שבו ג'ק ומשפחתו בוחרים להעניש אותה, לא בעימות ישיר אלא בטרור פסיכולוגי של שתיקה והתעלמות מוחלטת, כאילו הפכה לרוח רפאים שקופה בביתה שלה רק כדי שלא יסתבכו עם לוכדי העבדים, היה רגע מצמרר ומדויק של אלימות שקטה.
אלא שברגע ששבלייה נדרשה להעמיק את הקרע המוסרי וההיסטורי הזה, היא נבהלה מהתהום וברחה היישר אל המדף של הרומן הרומנטי הזול. הפיכתו השיטתית של ג'ק לנבל ביתי חלש, פסיבי ועלוב, רק כדי לפנות מקום למשיכה מופרכת ודביקה לדונובן – צייד העבדים האכזרי שפתאום זוכה להילה של ""פרא אציל"" ומפתה – היא לא רק קלישאה שחוקה, אלא עלבון צורב לטרגדיה של העבדות עצמה. אישה בעלת עדינות נפש שמתחלחלת מאי-צדק פשוט לא יכולה לפנטז על מי שפרנסתו היא ציד בני אדם וכבילתם בשלשלאות, רק כי היא מאמינה בתמימותה שהוא ישתנה לטובה בשבילה.
הישורת האחרונה כבר הפכה למבחן סיבולת. עשרות העמודים האחרונים לא נקראו אלא רופרפו כלאחר יד, מתוך קוצר רוח ורצון עז לסגור כבר את הספר. שבלייה תפרה סיום מתקתק ומזורז, שסגר את כל הקצוות בסרט ורוד ונטול כל תובנה פסיכולוגית או משקל סגולי.
זה אולי לא הטראש הבוטה והסנטימנטלי של אליסון ריצ'מן או כריסטין הרמל, אבל זה גם רחוק שנות אור מהבשר החי, הנשמה הפועמת והאומץ הספרותי של אברהם ורגיז. שבלייה לקחה חבית חומר נפץ היסטורית על עבדות, מוסר ומצפון, והפכה אותה לכוס תה פושרת עם עוגייה יבשה. רומן תקופתי אנמי ופחדני, שמשאיר את הקוראת בסיומו לא עם סערת נפש – אלא עם תחושת החמצה עמוקה ופיהוק אחד גדול.",975252,הנמלטת האחרונה,טרייסי שבלייה,,כנרת זמורה ביתן,2015,333,,,https://cdn.simania.co.il/bookimages/covers97/975252.jpg,https://simania.co.il/bookdetails.php?item_id=975252,https://simania.co.il/showReview.php?reviewId=137876,"כשהוֹנוֹר בּרייט מפליגה מבריסטול בחברת אחותה, היא בורחת משברון לב לחיים חדשים באמריקה, הרחק מהבית. אבל בעקבות טרגדיה היא נותרת בודדה ופגיעה, קרועה בין שני עולמות ותלויה בטוב לבם של זרים.
החיים באוהיו של אמצע המאה התשע-עשרה מסוכנים וקשוחים. השמש חמה מדי, השלג עמוק מדי, היערות סבוכים ובוציים. והם גם מספקים מחסה לעבדים שנמלטים צפונה אל החופש. בעודה נאבקת למצוא את מקומה ואת קולה בקהילה חלוצית, הונור צריכה להחליט מה היא מוכנה להקריב למען האמונות שלה.

הנמלטת האחרונה מספר את סיפורם של גברים גסי-לב ונשים עשויות ללא חת, של נישואים מפתיעים וידידויות בלתי סבירות, ושל כוחה יוצא הדופן של ההתקוממות.

טרייסי שבלייה נולדה בוושינגטון וכיום היא מתגוררת בלונדון עם בעלה ובנה. עם ספריה הקודמים נמנים, בין השאר, רבי-המכר העולמיים ""נערה עם עגיל פנינה"", ""בוער באור"" ו""יצורים מופלאים"" (ראו אור בעברית בהוצאת כנרת).

""שבלייה צוללת עמוק אל תוך אזור ותקופה. המחקר שלה, כמו תמיד, מוקפד לתפארת. קריאה מרתקת.""   
גרדיאן
""ספר אמיץ, מסופר לתפארת.""   יו אס איי טודיי",,,,,,,,,he,Paperback,3.7,27,13,4698,27,0,1
137875,2026-09-30T13:54:36.000Z,5,0,שיר ס.,316546,"ספר ייחודי שלא קראתי כמוהו מעולם  וקראתי המון ספרי מתח... מאוד מעניין ולא שגרתי
היו לי כמה ניחושים אבל הסופר התעלה על עצמו... מעולה!!!",1012733,אנה או,מתיו בלייק,דנה אלעזר הלוי,אחוזת בית,2024,496,ספרות,ספרות מתורגמת,https://cdn.simania.co.il/bookimages/covers101/1012733.jpg,https://simania.co.il/bookdetails.php?item_id=1012733,https://simania.co.il/showReview.php?reviewId=137875,"ומה אם הסיוטים שלנו הם לא סיוטים בכלל? האדם הממוצע מבלה 33 שנות חיים בשינה. אך מה באמת מתרחש, ולמה אנו מסוגלים כשאנחנו ישנים? במותחן הפסיכולוגי אנה או, שתורגם ל-37 שפות והיה לרב־מכר, התשובה היא קריטית.

אנה אוגילבי, צעירה בת 25, היא עיתונאית מבטיחה שכל עתידה לפניה. עד שלילה אחד היא דוקרת את שני חבריה הטובים למוות ללא מניע ברור, בעודה הולכת מתוך שינה. לאחר האירוע היא שוקעת בשינה עמוקה הנמשכת ארבע שנים וידועה בשם ""תסמונת ההיכנעות"". סיפורה של אנה מסעיר את הציבור והתקשורת והופך אותה לאחת הנשים המפורסמות בעולם.

דוקטור בנדיקט פרינס הוא פסיכולוג משפטי, שמומחה בפשעים הקשורים בשינה, והוא התקווה האחרונה בפיענוח פרשת אנה או. עליו להעיר את אנה המאושפזת במרפאת שינה יוקרתית בלונדון כדי שתוכל לעמוד לדין, אך עליו להישמר כשהוא מטפל במטופלת בעלת פרופיל גבוה כל כך - יש לו סודות מקצועיים ואישיים משל עצמו. עליו להכריע מה באמת קרה באותו לילה נורא, והאם אנה אחראית לפשעיה. התגליות שיתגלו מעמידות את שניהם בסכנה. וכיצד כל זה קשור לרצח שטילטל את בריטניה עשרים שנה קודם לפרשת אנה או?

מעבר להיותו ספר מותח להפליא שמזמין את הקוראים לצלול פנימה, אנה או שואל שאלות מהותיות על גוף ונפש והקשר ביניהם, על היחס של הציבור והתקשורת לאלימות ופשע, על אחריות, טראומה, מוסר ושחרור ממכאובי העבר.

אנה או, ספרו הראשון של מתיו בלייק, הוא רומן רב פיתולים והפתעות, שהסעיר את עולם הספרות עוד בטרם יצא לאור.",,Anna O,,,,,,,he,Paperback,4.2,6,2,580,8,0,1
137874,2026-09-30T13:21:48.000Z,0,3,אסתו'ש,223398,"""הוא סרטיפיקט"" היה בעבר במשמעות אישור רשמי לערב לארץ, אך אצל פורת בספרה סרטי פיקציה לחיים מעשה בהרבה הרבה יותר עמוק.
סרטיפיקט הוא בספר ה- אישור להתחיל מחדש.
ה- אישור לחלום
ה-אישור לבחור.
ובעיקר , ה- אישור לחיות….
בכתיבה פיוטית , גבוהה , יפה , ועמוקה מביאה יוסיפיה סיפור אישי אנושי ומתבלת בחן ובקורטוב בהיסטוריה של שנות הע בורשה , כאשר גל של אנטישמיות אלימה מכה את הדיה , ומשנה את הכלברת ודרך לימים של עליה לארץ ישראל .
גיבורת סיפור חיה, צעירה, בת למשפחה חרדית היא בתם של פישל,שהיה נגר, ופלה אמה שהיתה מוכרת מיני מאפה בשוק בכל יום.
חיה ומשפחתה חוותה את החיים בארץ ישראל אך מאילוצים נאלצו לשוב לוורשה .
כמיהתם לארץ אינה מרפה מהם ובפרט מחיה שהיא מחליטה מבקשת את הדרכה מחדש ולהצטרף לעולם החלוצי בעבודות ובעזרה למצוא את הילדים ובהפר השממה.
לצידה של חיה היו גם שני נשים חזקות : הדסה ושרה
הדסה הייתה חברתה הטובה של חיה , במסעם הארוך יחד עם מוורשה הקודרת אל האור העתידי של תל - וחיפה אותו הם עוברים יחד , כשכל אחת נושאת עמה את סיפורה , פחדיה ורצונותיה , הבחירה האישית והמחירים שלו הם היו צריכות לשלם את החיים. החיים שהן האמינו שצריכים להיות להן בבחירת גורלן בעצמן
דרך , שידוכים ומשפחה , כדי להגיע אל הארץ המובטחת , כול להעז לעזוב את החיים , ובסוף דבר זה האמיתית של סרט אהבה לחיים , לא רק האישור להגיע למקום חדש , אלא האומץ להפוך אותו לבית….
סרטיפיקט לחיים רומן היסטורי ציוני על עליה וקליטה , יהדות פולין , תל אביב וחיפה , ושלוש נשים חזקות ומעוררות השראה שמוכנות להקריב הכל למען אהבה, חירות ובית חדש. אהבתי ומעוד ממליצה !
כתוב משובח , מילים גבוהות ועלילה מרתקת !",1028795,סרטיפיקט לחיים,יוסיפיה פורת,,עצמית - יוסיפיה פורת,2026,250,ספרות,ספרות מקורית,https://cdn.simania.co.il/bookimages/covers102/1028795.webp?v=1790412920793,https://simania.co.il/bookdetails.php?item_id=1028795,https://simania.co.il/showReview.php?reviewId=137874,"ורשה, שנות העשרים בליל חורף קר אחד מכה אנטישמית אלימה משנה הכול.

חיה, בתו של נגר צנוע מהעולם החרדי, זוכה לחיות תקופה קצרה ומאושרת בארץ ישראל. כשהיא נאלצת לחזור על כורחה לוורשה, היא קורעת את עצמה מחיק משפחתה ונאבקת להצטרף לתנועה החלוצית כדי לשוב אל הארץ המובטחת.

לצידה צועדות שתי נשים נוספות, כל אחת נושאת סוד משלה:

האחת נמלטת משידוך כפוי ומגלה שגאולה אמיתית דורשת הקרבה גדולה יותר מכפי שדמיינה; והשנייה יוצאת להגשים נישואי אהבה אמיתיים – ומבינה שהאהבה דורשת אומץ לא פחות.

שלוש חלוצות צעירות, שלושה מסעות נועזים. מוורשה הקודרת אל האור הלא מובטח בתל־אביב ובחיפה עיר הנמל המתפתחת.

בין עבודת כפיים מפרכת ומוסכמות שנשברות לאיטן נאבקות שלוש הצעירות לבנות בית חדש ולרפא את הסדקים שהן נושאות עימן.

סרטיפיקט לחיים הוא ספרה השישי של יוסיפיה פורת, אשר נכתב בהשראת סיפורי עלייתם של הוריה לארץ, במטרה להביא אל קדמת הבמה את סיפוריהן של החלוצות העירוניות האמיצות שהעזו לאהוב, לבנות ולחיות – נגד כל הסיכויים.",,,,,,,,,he,Paperback,5,1,1,48,2,0,1
137873,2026-09-30T12:09:44.000Z,3,6,טל,334664,"לפני כמה ימים כתבתי פה סקירה על הספר החדש של יערה שחורי (דיוקן עצמי של אמי), שאותו לא אהבתי. בכלל.
והנה נתקלתי בספרייה בספר מוקדם יותר שלה ""שנות העשרים"" (מ- 2019). משהו בשם הספר דיבר אליי. שנות העשרים זאת תקופה מאוד מעניינת בחיים. סוג של המשך של גיל ההתבגרות, אבל כבר ממקום יותר בשל. תקופה של היכרות יותר מעמיקה עם העולם, ועם עצמך. ואכן, הספר כשמו, מתאר את שנות העשרים של הסופרת עצמה (אני מרשה לעצמי להגיד את זה, כי בכריכה האחורית מצוין שזה ממואר, וגם בספר עצמו מצוין השם שלה). הספר מתאר את הנושאים המוכרים, שירות צבאי, לימודים, עבודה, שותפים לדירה, חברויות, מערכות יחסים זוגיות (עם שלל השיבושים והאכזבות האפשריים), ולמידה של העולם. וגם נושאים יותר אישיים של יערה שחורי, כמו העובדה שגדלה בקיבוץ, והמורכבות של הדמות של אימא שלה (שעל זה היא כתבה בהמשך ספר שלם, ובספר הנוכחי יש ניצנים של עיסוק בנושא הזה). התכנים שעולים בספר מעניינים ללא ספק. אבל היה לי קצת קושי עם סגנון הכתיבה, כי הספר כתוב כמעט כולו בגוף שני. וככה זה נשמע, לדוגמא: ""את מבינה שמשונה להיות אישה צעירה שאוהבת את המינגווי"", ""באוניברסיטה את לומדת שירה. משתתפת בסמינרים על שירה. אחת המרצות לוקחת אותך הצידה ואומרת, שירה זאת הנישה שלך "", ""לבסוף, כמו דמויות ברומן של ג'יין אוסטן, את ולאורה חוברות זו לזו מסיבות כלכליות גרידא"". סגנון הכתיבה הזה נתן לי תחושה של דוח, ויצר לי תחושה של ריחוק מהכותבת ומהספר. כמו שכתבתי בסקירה הקודמת, הייתה חסרה לי בספר איזושהי חמימות, וסגנון יותר סיפורי שמאפשר לקורא לשקוע בנוחות בתוך הספר. אבל אולי זה סגנון שיותר מאפיין ממוארים, ומהמקום הזה צריך לגשת אל הספר. בכל מקרה, התוכן לדעתי מפצה על זה במידה רבה. אז אני כן ממליצה על הספר הזה, עבור מי שעכשיו בשנות ה 20 או ה 30 של חייו, וגם עבור קוראים יותר מבוגרים שיכולים להיזכר באותה תקופה בחייהם.
תוספת לסקירה - במחשבה שנייה, אני חושבת שהבחירה לכתוב את הספר בגוף שני תורמת לאווירה של הספר. יוצרת איזה הדהוד של הסתכלות עצמית אחורה. והרבה יותר מובנת בעיניי עכשיו (אני מוסיפה את התוספת הזאת אחרי שקראתי קצת ביקורות על הספר, שגרמו לי לראות את סגנון הכתיבה הזה באור אחר).",993283,שנות העשרים,יערה שחורי,,כתר,2019,205,ספרות,ספרות מקורית,https://cdn.simania.co.il/bookimages/covers99/993283.jpg,https://simania.co.il/bookdetails.php?item_id=993283,https://simania.co.il/showReview.php?reviewId=137873,"את ניצבת בחוסר זהירות על הסף. הנה העתיד שלך שעוד רגע יתכנס תחת המילה עבר. זמנים הם עניין מבלבל עבורך. יכולת להיות בת תשע מצטיינת. אלה שנות העשרים שאת נכשלת בהן.
שנות העשרים מספר על שנים דחוסות ואינטנסיביות, מערב דברים שהיו ודברים שהיו יכולים להיות. התחנות ברורות ולכאורה מוכרות: לשכת גיוס, שנה בקיבוץ, עיר גדולה, עבודות גרועות ומערכות יחסים גרועות עוד יותר, לב שבור ופסקול מרוסק של שנות התשעים ושל תחילת שנות האלפיים.
 
כמו בחלום, המספרת הולכת שוב בדרכים שבהן הלכה כאשה צעירה שמחפשת מקום בעולם. היא מפענחת את הסימנים הסותרים שהטביעה באותן דרכים ובתוך כך מטשטשת אותם בעקבות טריים. התוצאה הפרדוקסלית היא ממואר מצוין בגוף שני, עליו כתבה ארנה קזין: ""אני אוהבת אותו בכל הלב. אקרא בו שוב ואמליץ לכל מי שמבקש לכתוב בצורה הספרותית המאתגרת הזאת לקרוא בו, ללמוד ממנו"". 
 
זהו ספרה הרביעי של ד""ר יערה שחורי - סופרת, משוררת ועורכת, כלת פרס ראש הממשלה ופרס שרת התרבות על ספרה שנות החלב וכלת פרס ברנשטיין על ספרה אקווריום.",,,,,,,,,he,Paperback,4,11,4,2059,23,1,1
137872,2026-09-30T05:46:58.000Z,5,13,Storm,306571,"""תמונתו של דוריאן גריי"" מאת אוסקר ויילד היא יצירה על השחתה מוסרית וביקורת נוקבת על חברה שטחית ואטומה, הרואה ביופיו החיצוני של האדם בבואה למידותיו.

​בטרם נעסוק בדוריאן גריי המושחת, ראוי לבחון את המקור לשחיתותו, הלוא הוא לורד הנרי ווטון. לורד הנרי הוא המנוע של הסיפור, השטן הלוחש על אוזנו של דוריאן. במפגשם הראשון, זורע לורד הנרי בדוריאן חרדה קיומית עמוקה מפני הזדקנות וכיעור דרך נאומים על חלוף הנעורים וזמניות היופי. ברגע של סערת רגשות, מביע דוריאן משאלה הרסנית: שהתמונה תישא בנטל השנים במקומו.

​עבור לורד הנרי, דוריאן אינו אלא ניסוי פסיכולוגי; חומר גלם תמים וטהור שניתן לטפטף לאוזניו רעל מתוק, להטיף לו לרוע ולחופש ממוסר. אלא שיש פער עצום בין השניים: הנרי אוהב לדבר על חטאים מבלי להתלכלך בהם, בעוד דוריאן בולע את הרעל בשלמותו ומממש את הפילוסופיה הזו עד לחורבן עצמי מוחלט.

​הרס עצמי היה הסם של דוריאן גריי. לא משנה כמה קיננה בו התשוקה לחזור להיות אדם טוב, הוא לא היה יכול לחדול מלזרוע חורבן בכל אשר פנה. ראי נשמתו השתקף לנגד עיניו מבעד לדיוקן שהותיר בחדר חשוך ומאובק, נצור מאחורי סורג ובריח. אכזריותו של דוריאן הותירה חותם לא בפניו המתוקות, התמימות, אלא בדיוקנו הרקוב מזדון ומשחיתות.

​אף אדם לא דמיין שמאחורי חזותו היפה, שוכנת נשמה רקובה ומכוערת. אך דוריאן היה היחיד שידע, כי הדיוקן הנסתר הפך עבורו למצפון חי ונושם: תזכורת מתמדת להתדרדרותו המוסרית. שהרי יופי נטול נשמה אינו אלא ככלי נגינה ללא נגן. למראית עין, נראה שזכה דוריאן גריי בנעורי נצח וביופי אלמותי; אך הפירות שקצר היו מורעלים מבראשית, והוא מעולם לא הצליח להתענג על טעמם המתוק.

​החוקים נותרו אותם החוקים, והחברה - אותה חברה, רק המאה התחלפה. זהו ספר חובה לכל הסוגדים ליופי, המוכרים את נשמתם לתעשיות האסתטיקה, הבוטוקס והסכין. זהו כתב אישום נגד בריוני הרשת, לורד הנרי ווטון של ימינו אנו, שידן קלה על המקלדת. אלה המטפטפים רעל לאוזניים קשובות של נערים ונערות חסרי ביטחון, בעודם שומרים על תדמית נקייה בחייהם האמיתיים. הם מתבוננים מבעד למסך החוצץ ביניהם לבין החורבן שזרעו. החברה שלנו עודנה שופטת לפי הקנקן: יש מי שעבורו כל הדלתות נפתחות מאליהן, וייש מי שהן נטרקות בפרצופו.

​בסופו של דבר, מעמיד הספר מראה נוקבת ומציב שאלה שכל אדם נדרש להפנות אל מצפונו: כמה מאמיתו וממוסרו היה מוכן להקריב, רק כדי להיראות מושלם בעיני אחרים?",1630,תמונתו של דוריאן גריי [מהדורת 2006],אוסקר ויילד,ליה נירגד,ידיעות אחרונות,2006,258,ספרות,ספרות מתורגמת,https://cdn.simania.co.il/bookimages/covers0/1630.jpg,https://simania.co.il/bookdetails.php?item_id=1630,https://simania.co.il/showReview.php?reviewId=137872,"ביצירת מופת זו, המגוללת את סיפורו של צעיר המוכר נשמתו תמורת נעורים ויופי נצחיים, באים לידי ביטוי שנינותו, ביקורתו החברתית החדה והפרוזה המבריקה של אוסקר ווילד. גיבורו ? הדאנדי, ההדוניסט קצר הרוח ןחסר המוסר, שאינו משתנה כלל בעוד תמונתו מזדקנת והופכת דוחה יותר ויותר עם השנים ? הפחיד, הקסים, משך ואף השחית קוראים רבים במשך למעלה ממאה שנים.      כשהספר יצא לאור, ב-1891, הוא נחשב למסוכן, טפשי, וולגרי ולא מוסרי ואילו ווילד עצמו כונה ""קפדן קשקשני"". הספר שימש כהוכחה ל""חוסר צניעות דוחה"" במשפטים כנגד ווילד שהביאו בסופו של דבר למאסרו ולהגלייתו. למרות זאת, תמונתו של דוריאן גריי ביססה את מעמדו של ווילד כאחד ממייצגיה החשובים של האסכולה האסטתית שדגלה ב""אמנות לשם אמנות"", ויחד עם גיבורה הפכה ליצירה נצחית אשר שרדה את מגבלות הזמן.",כולל מבוא והערות,The Picture of Dorian Gray / Oscar Wilde,,,965,3622771,פרוזה קלאסיקה,,he,Paperback,4.4,455,51,26275,344,5,1
137871,2026-09-30T02:32:07.000Z,2,1,ליליאן די,325886,"הגעתי אל ""נערת ההרדוף"" עם אשראי חיובי למדי שהרוויחה אצלי צ'יטרה בנרג'י דיוואקרוני בזכות ""אחות לבי"". קיוויתי למצוא שוב את אותה רקמה אנושית אינטימית, פיוטית ומשכנעת, אלא שהפעם התחושה הצורמת לא איחרה להגיע, והתבררה מהר מאוד כפער שאינו ניתן לגישור.
על הנייר, נקודת הפתיחה מספקת את כל החומרים המוכרים של דרמה בין-תרבותית: קורובי רוי, צעירה יתומה מקולקטה שגדלה בחסותם המגוננת של סבה וסבתה המסורתיים, עומדת על סף נישואים למשפחה מודרנית ועשירה. אלא שרגע לפני החופה נחשף סוד משפחתי מושתק אודות זהות אביה, והתגלית מערערת את עולמה ודוחפת אותה לצאת למסע חיפוש אישי. ברקע ניצבים הודו המסורתית, ניחוחות התבלינים, פערי מעמדות וכבוד משפחתי עתיק יומין.
אלא שבתוך עשרות עמודים בודדות מתגנבת ההכרה שלא מדובר ביצירה ספרותית בעלת עומק פסיכולוגי אמיתי או אחיזה תרבותית אותנטית, אלא במוצר מסחרי מובהק. זהו קיטש שבלוני אמריקאי מן הסוג הנוסחתי ביותר, שעטפו אותו בתבלינים הודיים ובמנהגים של פעם כדי להעניק לו נופך אקזוטי, ""אחר"" ומעניין כביכול. ברגע שמקלפים את הסארי, את ריחות ההל ואת הציוריות החיצונית של קולקטה, נותרים עם שלד מוכר ורזה של מלודרמת נשים צפויה: דמויות חד-ממדיות שמתנהלות לפי תסריט ידוע מראש, דיאלוגים נטולי סאבטקסט שמטרתם להסביר את העלילה, והיעדר מוחלט של מורכבות נפשית.
אם ב""אחות לבי"" הייתה תחושת קרבה חמה, פועמת ומשכנעת שנבעה מתוך קשר אנושי חי, כאן התחושה היא של תפאורה מלאכותית שנועדה לקרוץ לרבי-מכר מהירים. הספר אומנם קולח ואינו בלתי-קריא, אך התחושה שהוא ""בסדר בינתיים"" היא המלכודת הגדולה ביותר של ספרות בינונית.
הנטישה לאחר כמה עשרות עמודים נעשתה בלב שלם וללא היסוס. זמן קריאה הוא משאב יקר מכדי להקדיש אותו לספרות שמסווה נוסחתיות מתקתקה בעזרת פולקלור דקורטיבי, בטח כאשר יש בנמצא ספרים שיודעים לגעת בקרביים בלי טיפה אחת של זיוף.",973368,נערת ההרדוף,צ'יטרה בנרג'י דיוואקרוני,יעל סלע-שפירו,כנרת זמורה דביר,2014,318,ספרות,ספרות מתורגמת,https://cdn.simania.co.il/bookimages/covers97/973368.jpg,https://simania.co.il/bookdetails.php?item_id=973368,https://simania.co.il/showReview.php?reviewId=137871,"רומן‭ ‬התבגרות‭ ‬סוחף‭ ‬ומותח‭ ‬על‭ ‬נערה‭ ‬צעירה‭ ‬שעוזבת‭ ‬את‭ ‬הודו‭ ‬לארצות‭ ‬הברית‭ ‬במסע‭ ‬שישנה‭ ‬את‭ ‬חייה‭ ‬לנצח.
 
‬ ספרה‭ ‬החדש‭ ‬של‭ ‬הסופרת‭ ‬האהובה‭ ‬דיוואקרוני‭ ‬מלווה‭ ‬את‭ ‬קוֹרוּבּי‭ ‬רוי, ‬בת‭ ‬למשפחה‭ ‬מבוססת‭ ‬בכלכותה‭ ‬שהתייתמה‭ ‬משני‭ ‬הוריה. ‬נסיבות‭ ‬חייהם‭ ‬ומותם‭ ‬אפופות‭ ‬מסתורין‭ -‬‭ ‬כל‭ ‬שנותר‭ ‬לה‭ ‬מהם‭ ‬הוא‭ ‬פתק‭ ‬אהבה‭ ‬שהיא‭ ‬מצאה‭ ‬בספר‭ ‬שירה‭ ‬של‭ ‬אִמה. ‬קורבי‭ ‬חולמת‭ ‬על‭ ‬אהבה‭ ‬עזה‭, ‬כמו‭ ‬זאת‭ ‬ששררה‭ ‬בין‭ ‬הוריה, ‬ונדמה‭ ‬שמשאלתה‭ ‬מתגשמת‭ ‬כאשר‭ ‬היא‭ ‬פוגשת‭ ‬את‭ ‬רָגָ‭´‬אט. ‬אבל‭ ‬מותו‭ ‬המפתיע‭ ‬של‭ ‬סבהּ‭ ‬סמוך‭ ‬לאירוסיה‭ ‬חושף‭ ‬סודות‭ ‬מהעבר‭ ‬ושולח‭ ‬אותה‭ ‬למסע‭ ‬אל‭ ‬מעבר‭ ‬לאוקיינוס‭ ‬בחיפוש‭ ‬אחר‭ ‬זהותה‭ ‬האמיתית.
 
‬ צ‭´‬יטרה‭ ‬בנרג‭´‬י‭ ‬דיוואקרוני‭ ‬היא‭ ‬סופרת‭ ‬עטורת‭ ‬פרסים‭ ‬ילידת‭ ‬הודו, ‬המתגוררת‭ ‬כיום‭ ‬בטקסס. ‬פירסמה‭ ‬רבי–מכר‭ ‬רבים, ‬בהם‭ ‬אדונית‭ ‬התבלינים‭, ‬תנאי‭ ‬נישואים, ‬אחות‭ ‬לבי, ‬גפן‭ ‬התשוקה‭ ‬ודבר‭ ‬מדהים‭ ‬אחד. ‬יצירתה‭ ‬תורגמה‭ ‬ל‮–‬18‭ ‬שפות, ‬ושניים‭ ‬מהרומנים‭ ‬שלה‭ ‬עובדו‭ ‬לקולנוע‭.‬ ‭‬דיווקארוני‭ ‬היא‭ ‬קרטוגרפית‭ ‬מוכשרת‭ ‬להפליא‭ ‬של‭ ‬לב‭ ‬האדם‭ ."" ‬‭ ‬פיפל",,,,,,,מחברות לספרות,,he,Paperback,3.6,20,8,3376,43,0,1
137870,2026-09-29T19:59:27.000Z,4,2,ליליאן די,325886,"על הנייר, נקודת המוצא של ""בלי לומר שלום"" נשמעת כמו תעלול קוסמים מופרך במיוחד: נערה מתעוררת בוקר אחד ומגלה שמשפחתה כולה התאיידה מעל פני האדמה – בלי עקבות, בלי רמזים, בלי הסבר ובלי מכתב פרידה. בתור מי שמפתחת חשדנות מיידית כלפי תחבולות מתח מהונדסות מדי, ניגשתי לספר עם מנה גדושה של ספקנות, דרוכה לרגע שבו העסק יגלוש למדע בדיוני תלוש או לקלישאות זולות. אלא שלהפתעתי, מצאתי את עצמי פותחת ומסיימת אותו ביום אחד, בלי טיפת גיחוך ועם הנאה לא קטנה, וקולחת.
מה שמחזיק את העלילה ההזויה הזו ומונע ממנה להפוך למלודרמה שטחית הוא בראש ובראשונה נקודת המבט הלא שגרתית. הבחירה להעביר את הסיפור דרך עיניו של הבעל, טרי, עשרים וחמש שנה לאחר אותה היעלמות, מתגלה כמהלך מצוין ומאוד לא צפוי. טרי אינו בלש מסוקס או גיבור פעולה נואש; הוא איש מיושב, אמפתי ומקורקע, שמביט על האירועים מתוך עולם של שפיות ומשפחתיות. הדיאלוגים הביתיים שלו ושל סינתיה חפים מפאתוס ומזיוף, ומעניקים תחושה יומיומית חיה. השפיות והנורמליות המוחלטת שלו מתפקדות כמו עוגן כבד, שמצליח להחזיק סיטואציה קיצונית ובלתי נתפסת כשהיא נטועה היטב בקרקע המציאות.
שזירת הקטעים האנונימיים לאורך העלילה – אותם הבזקים מסתוריים שבהם לא ברור מי מדבר ועל מה – עובדת נהדר. היא מייצרת שבירה מבורכת של המונולוג הביתי, מדליקה מיד את מנגנון הפיענוח הבלשי, ומזריקה סקרנות דרוכה מול תמונה שהולכת ומתרחבת מאחורי הקלעים. הקצב מהודק, אין פה רגעים מתים, והעלילה רצה במלוא התנופה קדימה בלי לאפשר לקורא להניח את הספר מהידיים.
זהו אינו רומן בעל עומק פסיכולוגי כירורגי ואין כאן יומרות לפרוזה אמנותית מלוטשת, אבל הספר גם לרגע לא מנסה להתחזות לכזה. לינווד ברקלי יודע לספר סיפור במובן הכי מקצועי ונקי של המילה – בלי לזלזל באינטליגנציה של הקוראים ובלי להסריח מקלישאות. אחלה ספר מתח, זורם, קצבי ומהנה, שמספק רכבת הרים עלילתית אפקטיבית שעושה בדיוק את מה שהיא מבטיחה.",556881,בלי לומר שלום,לינווד ברקלי,נועה שביט,מודן,2008,365,ספרות,מתח ריגול והרפתקאות,https://cdn.simania.co.il/bookimages/covers55/556881.jpg,https://simania.co.il/bookdetails.php?item_id=556881,https://simania.co.il/showReview.php?reviewId=137870,"אחרי לילה פרוע של שתייה מתעוררת סינתיה ביג בת ה-14 עם כאב ראש נוראי. 
בליל אמש היא רבה עם אביה, והיא חוששת שזה מה שמחכה לה גם היום.
אולם הבית דומם לגמרי. 
הוריה ואחיה אינם נמצאים בשום מקום. 
גם מכוניותיהם נעלמו. 
סינתיה תוהה אם הוריה החליטו להעניש אותה בגלל התנהגותה הסוררת, וממשיכה לחפש אחריהם. 
לאחר כמה ימים, כשאנשי המשטרה המקומית מרימים ידיים ומודים שאין להם מושג מה קרה לבני משפחתה, סינתיה עוברת לגור בבית דודתה וממשיכה בחייה, ללא שמץ של מושג מדוע נטשה אותה משפחתה בלי לומר שלום.

עשרים וחמש שנים לאחר מכן סינתיה, בעלה המורה טרנס ארצ’ר ובתם בת השמונה מתגוררים במילפורד, קונטיקט, לא הרחק מבית ילדותה. 
על אף הזמן הרב שחלף, סינתיה רדופה עדיין על ידי היעלמות בני משפחתה. 
למרות התנגדותו של בעלה, היא מחליטה להשתתף בתכנית תחקירים טלוויזיונית, בתקווה שמישהו מצופי התוכנית יוכל למסור מידע שישפוך אור על היעלמותם המסתורית של בני משפחתה.
שיחת טלפון מסתורית גורמת לסינתיה להאמין שייתכן שאביה עדיין בחיים, אבל טרנס, שהתנגד להשתתפותה בתכנית מלכתחילה, מודאג. התנהגותה של סינתיה מוזרה, ודברים משונים מתרחשים בביתם. 
נדמה שמישהו משחק באכזריות ברגשותיה של אשתו, ונדמה גם שלבני המשפחה שנעלמו היו סודות אפלים, שעליהם לא ידעה דבר.

בלי לומר שלום בוחן את אחד הפחדים האנושיים הבסיסיים ביותר: 
מה אם אתעורר יום אחד ואגלה שהכול השתנה? 
שכל מי שאהב אותי אי פעם נעלם, ולי לא ניתנה אפילו ההזדמנות לשאול למה?",,,,,,20-52011,,,he,Paperback,4.1,408,119,26325,439,1,1
137869,2026-09-29T19:56:38.000Z,4,4,משה,76795,"שנת 1990 סימנה את תחילת לימודי באוניברסיטת ת""א, יום יום הייתי מגיע וחוזר מביתי באוטובוס, בדרך לאוטובוס הייתי חולף ליד אולם שהתנוסס עליו השלט ""טאי צ'י- בראשות ניר מלחי"". ניתן להבין שניר מלחי מדריך אומנויות לחימה הרבה מאוד שנים וספר זה הוא סיפור חייו של אמן לחימה.
הספר בנוי ברובו משיחות שניהל ניר מלחי במהלך השנים על אמנויות לחימה ועל החיים של מי שבחר ללכת בדרך הזו. יש סה""כ 8 שיחות שכאלה שרובם עם אנשים שמי שבא מהתחום יכיר את רובם כגון רוני קלוגר (מאמן קראטה), פרופ' יעקב רז (מורה זן וראש הפקולטה ללימודי מזרח אסיה באונ' ת""א לשעבר), ג'יל שיימס (מייסדת אירגון ""אל הלב"" לעזרה לנשים בהתמודדויות דרך אמנויות הלחימה), עמי אילון (מפקד השייטת לשעבר ושר לשעבר), אלי כהן (שגריר ישראל ביפן וח""כ) ועוד.
בכל שיחה אנחנו מעמיקים את ההכרות עם ניר מלחי ולומדים על מעורבותם של האנשים איתם הוא משוחח באומנויות הלחימה.
בין השירות יש מספר טקסטים קצרים על נקודות חשובות ומהותיות המעניינות כל מי שהולך בדרך אמנויות הלחימה המסורתיות.
עומר ברקמן הוא תלמיד בכיר של ניר מלחי, הוא ערך את הספר.
שווה קריאה.",982451,אמנות הלחימה,עומר ברקמן,,אסיה,2016,,,,https://cdn.simania.co.il/bookimages/covers98/982451.jpg,https://simania.co.il/bookdetails.php?item_id=982451,https://simania.co.il/showReview.php?reviewId=137869,,שיחות עם מאסטר ניר מלחי,,,,,,,,he,Paperback,4.5,2,1,860,8,0,1
137868,2026-09-29T17:06:10.000Z,4,8,תולעת חמודה,98168,"יצא ממש במקרה שבאותו שבוע סיימתי לקרוא שני ספרים על אנשים מנותקים רגשית. לא תכננתי, ככה יצא 🙏
**מכיל ספויילרים**
""הזר"" של אלבר קאמי הוא ספר קצר, אבל ממש לא ספר שעובר לידך. הרבה חומר למחשבה.
בחלק הראשון בעיקר ניסיתי להבין את מרסו, גיבור טראגי של הסיפור. 
הוא מספר על מותה של אמו, על חברתו, על אוכל, שינה, סיגריות ובסופו של דבר גם על רצח, כמעט באותו טון. אין אצלו היררכיה רגשית. דברים שאמורים לטלטל אדם מתוארים כמעט כמו ""הלכתי, אכלתי, ישנתי"". הכול חסר משמעות מבחינתו. בהתחלה חשבתי עליו כעל סוג של ""נכה רגשי"", אדם שמשהו ביכולת שלו להרגיש פשוט לא עובד.

אבל ככל שהתקדמתי, ובעיקר בחלק השני של הספר, התחלתי לחשוב שהספר שואל שאלה הרבה יותר מעניינת מאשר ""מה לא בסדר עם מרסו?"".
מרסו הוא ""הזר"" לא רק מפני שהוא מנוכר לרגשות שלו, אלא מפני שהוא זר לקודים החברתיים שכולנו חיים לפיהם. הוא לא מגיב כפי שמצופה ממנו להגיב. הוא לא מתאבל כפי ש""צריך"", לא אוהב כפי ש""צריך"" ואפילו לא מתייחס למעשה הנורא שעשה באופן שאנחנו מצפים מאדם להתייחס אליו.

וזה גרם לי לחשוב דווקא עלינו, על המהירות שבה אנחנו מסתגלים למציאות נוראה ככל שתהיה.אנחנו מסוגלים לחיות לצד דברים איומים ולהמשיך בשגרה. 
משהו שמזעזע אותנו היום יכול להפוך בתוך זמן קצר לחלק מהרקע של חיינו כבר מחר. לא משום שהוא נעשה פחות נורא, אלא משום שסף הזעזוע שלנו זז. אנחנו מסתגלים. אולי כי אחרת אי אפשר לחיות.

וזה היה מבחינתי הדבר הכי מטריד בספר: לא האדישות של מרסו, אלא האפשרות שהמרחק בינו לבינינו קטן יותר ממה שנוח לנו לחשוב.
קאמי כתב ספר מאוד חסכוני, כמעט יבש, בלי לנסות להסביר לנו מה לחשוב או מה להרגיש. ובאופן קצת מרגיז, דווקא בגלל זה הוא ממשיך לעבוד בראש הרבה אחרי שסוגרים אותו.
לא בטוחה שחיבבתי את מרסו ואת תפיסתו, אבל בטוח שהספר השאיר אותי עם הרבה פילוסופיה ומחשבות.",4838,הזר [מהדורת 1985],אלבר קאמי,אילנה המרמן,עם עובד,1985,144,ספרות,ספרות מתורגמת,https://cdn.simania.co.il/bookimages/covers0/4838.jpg,https://simania.co.il/bookdetails.php?item_id=4838,https://simania.co.il/showReview.php?reviewId=137868,"מרסו, פקיד צעיר שחי באלג'יר, אינו בוכה בהלויית אמו, רוצח אדם ""בגלל השמש"", ועל שני אלו נשפט ונידון למוות ""בשם העם הצרפתי"" - סיפור תמוה ומוזר, ששום דבר אינו מובן בו לאשורו ואף - על - פי - כן הוא מרתק ונקרא בנימה עצורה מתחילתו ועד סופו. 

""הזר"", שהוא הרומן הראשון של אלבר קאמי, יצא לאור ב - 1942 ונמנה עם הידועות שביצירות הספרות המודרנית: ""הקוראים נתלו בו כבאחת מאותן יצירות מושלמות וחשובות, הבאות לעולם בנקודות מפנה של ההיסטוריה כדי להעיד על קיומו של קרע ולתת את תמציתה של רגישות חדשה"" (רולאן בארת). 

לתרגום העברי החדש של ""הזר"" צורפה גם מסה מפורסמת של קאמי, ""השיבה לטיפזה"" - מסה הפותחת לקורא עוד אשנב להציץ דרכו אל עולמו האישי, הרגשי וההגותי, של מחבר ""הזר"".",שיבה לטיפזה,L'Étranger,,,,32-11183,ספריה לעם,319,he,Paperback,4.3,615,48,28454,494,2,1
137867,2026-09-29T15:58:27.000Z,0,3,אסתו'ש,223398,"אני אוהבת  רומנים ישראליים עכשוויים , בהם ￼דמויות נשיות , ‏הומור תל אביב ￼דייטים, הומור, תל אביב, אהבה ושאלות על הבחירות שאנחנו עושים כשהחיים לא מתקדמים בדיוק לפי התוכנית …
בקרוב אצלך שכתבה איה אנגל הוא בדיוק הרומן הזה 
חוץ מזה שאת כתיבתה של איה המדהימה הכרתי בספרה הראשון בואי הביתה ספר שנגע לליבי ונשאר איתו שם מאז .
מה קורה כשהחיים שהתרגלנו לאהוב פתאום מקבלים צורה אחרת של דדליין ואהבה ההופכים ממשימה רומנטית לפרויקט של טבלת אקסל ? 
ליהי ברמן או בכינויה ליקי , רווקה בת 32 , קיבוצניקית לשעבר ,ותל אביבית בהווה. , אשת הייטק חיה חיים עצמאיים ל￼, ונוחים לכאורה . דירה תל אביבית ￼ עבודה טובה ￼שהיא אוהבת, עבודה טובה , היא מכורה לאופנה ואוהבת נעליים ואת ההנאות הקטנות של החיים .
בוקר אחד היא מתעוררת כשהלחץ נושף בעורמה ,כשהיא מחליטה לבקר אצל רופא הנשים שלה , בו היא מגלה , שרזרבת השחלות שלה נמוכה ושאם היא רוצה להיכנס להיריון, כדאי שלא תדחה את העניין , אף לא לרגע אחד ….
בכתיבה שנונה , קלילה מצחיקה ואף מרגשת העבירה אותי הקוראת איה את מסע אפשרויות בלתי נגמר בין אפליקציית היכרויות ודייטים , ואופציות שנבחנות בקפידה וכמובן אי אפשר בלי טבלת האקסל שנהיא עובדת מולה וצמודה אליה שבהחלטה למצוא אהבה לפני שיפוג תוקפם של הביציות שלה  , בהבאת ילד לעולם ובהקדם , ושיהיה בקרוב אצלה …
אך מה שקורה בסופו של דבר ולא אגלה לכם , כדי שתהנו כמו אני נהניתי ,רק אומר שהאהבה ,  היא הדבר היחיד שאי אפשר להכניס לטבלת אקסל , כי  דווקא שם  יתחיל אצל ליקי הסיפור האמיתי ….
מומלץ לחובבי הזאנר של קומדיה רומנטית , ובכלל למי שאוהב ספרים קלילים , שנונים וכייפויים לקרוא .",1025785,בקרוב אצלך,איה אנגל,,התחנה,2026,273,ספרות,ספרות מקורית,https://cdn.simania.co.il/bookimages/covers102/1025785.jpg,https://simania.co.il/bookdetails.php?item_id=1025785,https://simania.co.il/showReview.php?reviewId=137867,"מה יש לי? למה בעצם התחלתי את כל הפרויקט הזה? למה שלא איהנה מימים שלמים על הספה מול נטפליקס בבהייה נינוחה? למה שלא אוכל בורקס גבינה פינוקים לצד כוס זירו מלאה קרח, לבד עם עצמי עד יום מותי? ולמה נרשמתי לאפליקציה? למה להתלבש, להתאפר, להריח את בית השחי, למרוח עוד קרם, בושם, אייליינר, אודם אדום, ולבדוק כל הזמן איך אני נראית, איך אני מדברת, למה אמרתי כך או אחרת, ירצה אותי או לא ירצה אותי? ולמה שארצה לעשות ילדים עם מישהו זר לגמר? ולמה ילדים ברבים, ליקי? אחד אחד.

ליקי, קיבוצניקית לשעבר והייטקסיטית תל־אביבית בהווה, חיה את החלום: יש לה דירה מקסימה, עבודה טובה, קפה מצוין מתחת לבית, חברים טובים ועשרות זוגות נעליים שהיא אוהבת בכל ליבה. אבל כשרופא הנשים שלה אומר לה שהביציות שלה (שלה!) מתמעטות ומזדקנות – בועת האושר שלה מתפוצצת. מצד שני, הדוקטור אמר שכדאי לה לתכנן קדימה, ואם יש משהו שליקי יודעת לעשות – זה לתכנן.
חמושה במלתחה נהדרת, אישיות כובשת, דד־ליין קשוח וטבלת אקסל מפורטת, ליקי יוצאת למצוא אהבה.

בקרוב אצלך הוא ספרה השני של איה אנגל. ספרה הקודם, בואי הביתה יצא בהוצאת שתים.",,,,,,,,,he,Paperback,4,1,1,61,1,0,1
137866,2026-09-29T15:00:54.000Z,5,13,לי יניני,94544,"מה הייתם עושים אילו היו לוקחים מכם ילד או ילדה עם מוגבלות, רק מפני שמישהו החליט שהם יהיו עול על החברה? 

השאלה המטלטלת הזאת עומדת בלב הרומן ומלווה אותי מאז שסיימתי לקרוא.

״רק היפים״ הוא רומן היסטורי מטלטל על כוחו של הממסד, היחס למי שנתפס כשונה וזכותו של אדם לקבוע את גורלו. העלילה נעה בין קליפורניה של 1938 לאוסטריה וקליפורניה של 1947, ומחברת בין שני סיפורי חיים שנפגשים סביב רעיונות האאוגניקה ותוצאותיהם ההרסניות.

קליפורניה, 1938: רוזי, נערה בת שש־עשרה, מתייתמת מהוריה ועוברת לחסותם של טרומן וסלין קלוורט. היא חווה סינסתזיה - תופעה נוירולוגית שבה גירוי של חוש אחד מעורר חוויה בחוש אחר - ולכן צלילים ומילים מופיעים בעיניה כצבעים. לאחר שהיא חושפת את סודה ונכנסת להיריון, חייה משתנים באכזריות והיא נשלחת למוסד שבו מיושמת מדיניות אאוגניקה, לרבות עיקור בכפייה.

אוסטריה וקליפורניה, 1947: הלן קלוורט, אחותו של טרומן, חוזרת לארצות הברית לאחר שנות המלחמה באירופה. שם נחשפה לזוועות ותוכנית T4, שבמסגרתה רצח המשטר הנאצי אנשים עם מוגבלויות וחולים שנתפסו כ״בלתי ראויים לחיים״. כשהיא מגלה מה אירע לרוזי, היא יוצאת למסע נחוש לאתר אותה ואת בתה.

הדמויות שנשארו איתי:
רוזי היא לבו של הספר: נערה רגישה, אמיצה ובעלת חוסן נפשי יוצא דופן, שאיש בסביבתה אינו מבין באמת. הפער בין עולמה הפנימי העשיר לבין האופן שבו החברה מגדירה אותה כ״פגומה״ הופך את סיפורה לשובר לב.

הלן היא בעיניי המצפן המוסרי של העלילה: אישה אמיצה שנושאת עמה את טראומות המלחמה, אך בוחרת לפעול, להיאבק בעוול ולהשמיע קול עבור מי שקולם נלקח מהם.

טרומן וסלין קלוורט עוררו בי כעס רב. ההחלטות שלהם, הניצול וההתנערות מאחריות ממחישים עד כמה מסוכן כוח שמופעל תחת מעטה של מוסר, דאגה או ״טובת החברה״.

אמריליס, בתה הביולוגית של רוזי, מחברת בין העבר לבין האפשרות לתיקון, ומעניקה למסע ממד נוסף של אובדן, זהות ותקווה.

אחד הדברים שאהבתי בספר הוא החשיפה לנושא שלא הכרתי לעומק: סינסתזיה. אנשים החווים אותה עשויים, למשל, לטעום מילים או לשמוע צבעים. אני אוהבת ספרים שמצליחים גם לסחוף אותי וגם לפתוח בפניי עולם חדש.

זהו סיפור עוצמתי הנשען על מאורעות היסטוריים ומדגיש את חשיבותה של קבלת האחר. יש בו אכזריות ורגעים קשים לקריאה, אך בעיניי הם אינם מיותרים: באמצעותם הסופרת ממחישה את המחיר האנושי של אידאולוגיה שמבקשת להחליט אילו חיים ראויים יותר מאחרים.

הכתיבה טובה וסוחפת, והעלילה לא הרפתה ממני גם לאחר שסיימתי. לעיתים הקפיצות בין הזמנים והמקומות קטעו עבורי את רצף הקריאה, אבל ההסתייגות הזאת לא פגעה בעוצמה הכוללת של הספר. השאלה שנותרה איתי היא: מי אנחנו שנחליט על גורלם של אחרים?

בשורה התחתונה: ספר חשוב, מטלטל ומעורר מחשבה. מומלץ בחום לחובבי רומנים היסטוריים וסיפורים שנשארים בלב הרבה אחרי העמוד האחרון.

אל תוותרו על הספר הזה!!! 

לי יניני",1028469,רק היָפים,סוזן מייסנר,דורית בריל־פולק,מודן,2026,396,ספרות,ספרות מתורגמת,https://cdn.simania.co.il/bookimages/covers102/1028469.jpg?v=1787245284704,https://simania.co.il/bookdetails.php?item_id=1028469,https://simania.co.il/showReview.php?reviewId=137866,"קליפורניה, 1938 . חייה של רוזי בת השש־עשרה מתהפכים
ביום שבו הוריה נהרגים בתאונת דרכים. כשאימהּ על ערש דווי,
היא מחלצת מפיה של רוזי הבטחה: שתשמור על הסוד שלה,
שלא תדבר על הצבעים שרק היא רואה. רוזי עוברת לחסותם
של טרומן וסלין קאלוורט, בעלי היקב שבו עבד אביה, אבל
הבדידות והאבל שלה קשים מנשוא והיא עושה טעות: לא רק
שהיא מספרת על הצבעים, היא גם מוצאת את עצמה בהיריון.


אוסטריה, 1947 . הלן קאלוורט, אחותו של טרומן, חוותה מקרוב
מה המשטר הנאצי מסוגל לעשות, והיא מחליטה לחזור לארצות
הברית. אבל כשהיא מגיעה לכרם השלֵֵו של אחיה ו מגלה מה
התרחש שם תשע שנים קודם לכן, היא מזדעזעת. הלן נחושה
למצוא את רוזי שהורחקה מהיקב, וכך נחשפת לחוקי השבחת
הגזע בארצות הברית. היא נוכחת לדעת שהמלחמה אמנם
נגמרה, אך קרבות רבים עדיין לא הגיעו לסיומם.


רק היפים הוא רומן יוצא דופן על אהבה, הקרבה,
מסירות ואומץ, שחודר עמוק לתוך הלב.
מחברת רבי־המכר סוזן מייסנר טווה במיומנות סיפור הנע בין
שנים ויבשות, ויוצר תמונה בוהקת בצלילותה. ספריה הקודמים
של מייסנר, 'זוהר כמו גן עדן' ו'סודות של חיים מופלאים',
ראו אור בעברית בהוצאת מודן.


""סיפור רב רבדים ושובר לב."" לייבּררי ג'ורנל
""מסע של אבל, תקווה והזדמנות שנייה, שמזכיר לכולנו
שאנחנו יכולים לחולל שינוי."" היסטוריקל נובל ריוויו",,,,,,,,,he,Paperback,5,1,1,118,0,0,1
137865,2026-09-29T13:17:49.000Z,3,3,סוקר על גלגלים,56626,"הספר התקבל לסקירה מההוצאה, בשיתוף אתר המלצות אמיתיות על ספרים 🙏
והנה הגענו לפרק נוסף ו-11 במספר(!!) בסדרה שכפי הנראה לא תיגמר לעולם 😉
כמו שאר ספרי הסדרה, גם אותו ניתן לקרוא כספר בודד, אם כי בעיניי זה פחות מומלץ. ההיכרות עם הדמויות ואירועי הספרים הקודמים מעשירה את חוויית הקריאה (למרות שמטבע הדברים היו כמה שהספקתי לשכוח בעצמי 🙈).
גם הפעם אוואן ניצב בפני משימה חדשה עם דמויות חדשות הנמצאות במצוקה. הוא נאבק ברעים (ושוב יוצא מזה כמעט בלי שריטה), מושיע את הטובים ועל הדרך ממשיך להעמיק את ההיכרות עם רגשותיו. נהניתי לפגוש שוב את הדמויות המוכרות, כולל מיה ופיטר שחזרו סופסוף, באמת שהתגעגעתי 😍
כרגיל, מרבית העלילה מובאת בגוף שלישי מנקודת מבטו של אוואן. פה ושם מבליחות דמויות משנה נוספות ומעניקות את הזווית המרעננת שלהן (בהתחלה היה אפילו פרק בגוף ראשון כלבבי 😍). הספר די ארוך, אך לרוב הקריאה זורמת, למרות שכרגיל פה ושם יש מריחות, סיפורי צד לא קשורים ועודף תיאורים שהיה אפשר לקצר. לפעמים הם עייפו אותי והרגשתי שאני צריך לקחת הפסקה. לשמחתי, הפעם לפחות לא היו יותר מדי סצנות אקשן בהשוואה לספר הקודם. העלילה עוסקת בין היתר בתעשיית הפורנו והשפעותיה, ומעבירה ביקורת חברתית חשובה בנושא. ואם יש משהו שבגללו עדיין שווה להמשיך לקרוא את ספרי הסדרה, זו הבחירה המבורכת של הסופר לעסוק בכל ספר בנושאים לא פשוטים המהווים כמעט טאבו ולתת להם במה מרכזית. 
לסיכום, ספר טוב שלרוב מעביר את הזמן בכיף. כמו לצפות בסדרה טובה שכבר לא מחדשת הרבה, אבל עדיין אי אפשר להפסיק.
טריגרים: אלימות (כמתבקש בספרי הסדרה), תקיפה מינית",1028699,פרויקט איקס 11 - גבורה שקטה,גרג הורביץ,דפנה לוי,דני ספרים,2026,504,ספרות,מתח ריגול והרפתקאות,https://cdn.simania.co.il/bookimages/covers102/1028699.jpg?v=1789578161493,https://simania.co.il/bookdetails.php?item_id=1028699,https://simania.co.il/showReview.php?reviewId=137865,"האיש משומקום חוזר!

אוואן סמוק היה בעברו מתנקש מטעם הממשל, הידוע בכינויו ""יתום X"", שפעל מתחת לרדאר ונשלח למשימות המסוכנות בעולם. כעת הוא ירד למחתרת והמציא עצמו מחדש כ""איש משומקום"" – אדם שיעשה הכול על מנת לעזור לנואשים ביותר, שלא נותר להם איש לפנות אליו.

אישה צעירה נחטפת מקרון הרכבת התחתית בניו יורק. היא נמצאת בסכנה מיידית וזקוקה לעזרה. אוואן נחוש לצאת לעזרתה, אבל ללא שם ועם פרטים מועטים בלבד, האתגר הראשון שלו הוא לעלות על עקבותיה. 

הוא מוצא אותה ונשבע לבוא חשבון עם הצעירים שחטפו אותה והתעללו בה, אבל האישה מתעקשת שאוואן יזנח את השיטות הרגילות שלו – ללא נקמה, ויותר מכך: ללא הרג. בהתחשב באיומים ההולכים ומתעצמים מכל הכיוונים זוהי משימתו המסוכנת ביותר עד כה – משימה שתבחן את גבולות יכולותיו עד הקצה.

במרדף מחוף לחוף, מהפינות הנידחות ביותר של החברה ועד למפוארות ביותר, יתום X  צריך למצוא דרך להגן על החפים מפשע, ללמד לקח את העריצים – וכל זאת תוך שמירה על האיזון בין צדק חברתי וחמלה אנושית. 

כשחבורה של צעירים אכזריים חוטפת אישה מהרכבת התחתית ומתעללת בה, אוואן סמוק חייב להיחלץ לעזרתה. אבל העניינים נהיים מורכבים, כשהאישה אוסרת עליו לנקום בהם באלימות. כעת יתום X צריך למצוא את הדרך להגן עליה ולנקום בצעירים, תוך שמירה על האיזון בין צדק וחמלה.

גרג הורביץ הוא אחד הכוחות המשמעותיים ביותר כיום בתחום ספרות המתח העולמית. ספריו מתורגמים לעשרות שפות בכל העולם ומככבים באופן קבוע ברשימות רבי המכר של ה""ניו יורק טיימס"" ומקומות רבים נוספים. זהו הספר ה-11 בסדרת פרויקט X, שבה מככבת דמותו של האיש משומקום.

""קובע סטנדרטים חדשים עבור כל המותחנים האחרים.""  Bookreporter

""האגדה על האיש משומקום חיה ובועטת!""  Kirkus Review

""כתיבתו של גרג הורביץ רק הולכת ומשתבחת עם השנים"".  Daily Express

""מותחן עוצר נשימה – יצירת מופת!""  הרלן קובן",,Antihero,,,,,פרויקט איקס,11,he,Paperback,3,1,1,81,1,0,1
137864,2026-09-29T07:37:31.000Z,4,6,טל,334664,"אני יודעת שכבר נכתבו פה המון ביקורות על הספר הזה.
אבל הרגשתי צורך להוסיף גם את שלי.
את הספר הזה אני רואה כחלק מסדרת הספרים הראשונה שכתב יואב בלום, שכוללת חמישה ספרים (מצרפי המקרים, המדריך לימים הקרובים, הקבוע היחידי, מה שאחרים חושבים בי וכהרף עין). אני מגדירה את זה ככה, כי לדעתי אחרי שנכתב הספר החמישי (כהרף עין), החל פרק חדש בכתיבה של בלום, שמתחיל עם הספר האחרון שלו (""הסופר"").
אז הספר הזה, המדריך לימים הקרובים, הוא בעצם ספר עם מאפיינים דומים לשאר הספרים בחמישייה הזאת.
קשה להתייחס אפילו לעלילה הכללית בלי לעשות ספויילר, אז רק אומר שיש פה שוב את הרעיון של משהו על טבעי שקורה לדמויות, עם אלמנטים של סיפור בלשי.
מה שכן מאוד אהבתי, זה את הפניות הישירות לקורא, את העובדה שהספר עצמו הוא פעיל בעלילה. אבל לא ארחיב, כדי לא לקלקל.
הספר הזה פחות טוב מבחינתי, בהשוואה ל""כהרף עין"", שהוא כבר הרבה יותר בוגר. דברים ספציפיים שהפריעו לי: אחת הדמויות עוברת מעבר חד מטוב לרע, אבל בצורה כל כך חדה וקוטבית, שהייתה לא אמינה בעיניי. בנוסף לזה, יש בספר תיאור של רוע, שמאוד הפריע לי. תיאור עמוק של רוע. כלומר, ברור שיש רוע בעולם, אבל אני לא יודעת למה, הפריע לי לפגוש אותו פה, ובכזה עומק. אולי הכוונה של בלום הייתה שכדי להילחם ברוע צריך להכיר אותו, כולל את העומק שלו, כדי שנוכל לתת מענה ולדעת גם להילחם בהתאם.
דבר נוסף, האלמנט המרכזי של הסיפור עצמו היה לי הפעם קצת פחות מעניין, ולצערי גם קצת מייגע לפעמים. אני לא אהיה כפוית טובה, כי כן היו חלקים מעניינים ומסקרנים ומותחים, אבל אלו היו רק חלקים.
ועדיין, גם בספר הזה מצאתי כמה פנינים, במיוחד כשבלום כותב על רגשות, ובמיוחד על אהבה. בספרים שלו יש תמיד מחשבות מעניינות בנושא הזה.
אני מביאה כאן ציטוט לדוגמא (ע""מ 176):  
""אנחנו אוהבים רק רעיון"", אמר לה, ""רק דמות ערטילאית של 'אהוב', והאדם השני הוא קולב שעליו מלבישים אותה"".
""אולי"", היא משכה בכתפיה, ""אז מה"".
""אז אולי אף אחד לא אוהב מישהו מסוים"", טען.
""ולמה זה פחות טוב?"" שאלה. ""אז אני לא אוהבת גבר אחד, אני אוהבת את כל הגברים הטובים בעולם, דרכך. ואתה אוהב את כל הנשים, דרכי. כולנו בסך הכול סוכנים של שאר העולם, נציגי אהבה. אנחנו אוהבים את היופי והטוב הקיימים דרך אחת ההתממשויות שלהם"".
עד כאן הציטוט.
לסיכומו של דבר, היו בספר דברים שבהחלט היו לי מעניינים, אבל היו גם נקודות החולשה שציינתי. ובכל זאת דירגתי אותו 4 כוכבים, כי אני מרגישה שבסופו של דבר גם מהספר הזה קיבלתי משהו, וזה לא דבר מבוטל.
כמו שכבר כתבתי בסקירות הקודמות, מאוד מסקרן יהיה לי לקרוא את הספר הבא של בלום.",272663,המדריך לימים הקרובים,יואב בלום,,כתר,2014,340,ספרות,ספרות מקורית,https://cdn.simania.co.il/bookimages/covers27/272663.jpg,https://simania.co.il/bookdetails.php?item_id=272663,https://simania.co.il/showReview.php?reviewId=137864,"קוראים לך בן שוורצמן. 
אתה עומד עכשיו בחנות ספרים שעומדת להיסגר בעוד חמש דקות וקורא את כריכתו האחורית של הספר הזה. 
אתה תוהה אם הכריכה האחורית מדברת עליך. 
אז כן, היא מדברת עליך. ואליך.
אתה במצב רגיש, ידידי. 
אם תעיף מבט ותסתכל מבעד לחלון הראווה של חנות הספרים, אל הרחוב, תראה שעומד שם מישהו. 
מישהו שעקב אחריך בחצי השעה האחרונה, לפחות. 
אין זמן להסברים. 
זו בסך הכול כריכה אחורית, כמות הטקסט כאן
מוגבלת וחנות הספרים הזו נסגרת עוד מעט, כאמור.

קח את הספר הזה, קנה אותו, שים אותו בתיק שלך ולך מכאן ישר לביתך. 
אל תסתכל לאחור, אבל קח בחשבון שמישהו כנראה עוקב אחריך. 
חזור הביתה וקרא אותי. 
זה יכול להיות עניין של חיים ומוות מבחינתך.",,,,,978-965-07-22,10-278422,,,he,Paperback,4.1,139,42,13124,164,3,1
137863,2026-09-29T02:19:38.000Z,5,8,ליליאן די,325886,"יש ספרים שאתה קורא, ויש ספרים שאתה פשוט חי בתוכם, נושם את האוויר הסמיך שלהם, ויוצא מהם כאדם אחר. לקחת לידיים יצירה של למעלה משמונה מאות עמודים זו תמיד התחייבות כבדה, אבל כשמדובר באברהם ורגיז — סופר שמסרב בתוקף להשתעבד לקצב הייצור התעשייתי של עולם המו""לות וממתין בסבלנות עשור וחצי בין יצירה ליצירה — ברור מיד שאין כאן עסק עם עוד רומן תקופתי שבלוני. ""אמנת המים"" הוא נהר עצום, שוצף ומכמיר לב, שמרגע שנכנסים למימיו, אין שום דרך לצפות את העוצמה שבה הוא יטלטל ויפרק את הנפש.
היריעה נפתחת בשנת 1900 במחזה מטלטל שכמו נלקח מעולם אחר: חתונתה של ילדה בת שתים-עשרה עם אלמן בן ארבעים, שנשלחת לבדה אל ביתו המבודד באחוזת פאראמביל שבקרלה, דרום הודו. אלא שבמקום מציאות מנוכרת ומנוצלת, ורגיז רוקם בין השניים דינמיקה נדירה של חסד ואנושיות. הגבר השתקן, המתוק ומלא העדנה שנושא אותה לאישה, מעניק לה מרחב מוגן לצמוח, להבשיל ולהפוך עם השנים ל""ביג אמאצ'י"" — עמוד התווך המוסרי, האוהב והבלתי מעורער של השושלת כולה. אך מעל פאראמביל רובץ צל כבד ובלתי נתפס: ""הבעיה"". קללה משפחתית עיקשת ומסתורית שלפיה בכל דור ודור, לפחות אדם אחד מוצא את מותו בטביעה. מתוך נקודת הפתיחה הזו נפרש אפוס רחב יריעה המשתרע על פני שלושה דורות, הנע במקביל למסעו של מנתח סקוטי צעיר המגיע למזרח.
העולם שוורגיז מקים לתחייה רווי היסטוריה משכרת ומדויקת להפליא. אין כאן שחזור היסטורי יבש, אנציקלופדי או קר של עובדות ותאריכים, אלא תחקיר עמוק ומופתי שנטמע לחלוטין ברקמת החיים של הדמויות. תמורות הזמן של הודו — משלהי השלטון הקולוניאלי הבריטי, דרך מאבקי העצמאות ועד לתהפוכות החברתיות והפוליטיות של שלהי המאה העשרים — מורגשות בכל נים: בריחות התה וההל, במטעי הגומי, בסערות המונסון, במתח המעמדי וברפואה המתפתחת. ההיסטוריה איננה תפאורה מקרטון, אלא יצור חי ונושם שמעצב את גורלם של הגיבורים ומעניק לסיפור משקל סגולי נדיר.
ההבדל התהומי בין ורגיז לבין שאר הרומנים ההיסטוריים המסחריים שמציפים את המדפים, טמון בסירוב העיקש שלו לזייף רגש. אין כאן פטפוטי סרק, דיאלוגים ריקים או מניפולציות של דמעות מהירות. הכתיבה רהוטה, צלולה ומלוטשת באופן נדיר; היא בונה עולם שלם מתוך דיוק כירורגי בנפש האדם ומתוך סאבטקסט עמוק שמניח למשקל השתיקות לדבר בעד עצמו. הטרגדיות שנוחתות על הדמויות אינן גימיק עלילתי סנסציוני, אלא כוחות טבע בלתי נמנעים שנולדים מתוך אהבה, אובדן ובדידות קיומית עמוקה.
העוצמה האמיתית של הספר מתגלה בגדלות הנפש השקטה של גיבוריו. מול מכות גורל אכזריות, הדמויות אינן קורסות למרירות או לזעם קולני; הן בוחרות בחסד. האופן שבו סודות כבדים מנשוא נישאים על גבם של אנשים מתוך רצון טהור להגן על אלו שהם אוהבים, מעורר הערצה שאינה מרפה. זוהי ספרות שמבינה הקרבה מהי: הוויתור המוחלט של אם על בתה כדי להעניק לה עתיד וחיים שלמים, השתיקה האצילית של אב שבוחר לאהוב ללא תנאי וללא טיפת טינה, והנכונות של אדם לוותר על כל עולמו, מעמדו ותוכניותיו כדי לעמוד לצד אהובתו ברגעיה הקשים ביותר.
כשכל החוטים שנשזרו בסבלנות לאורך עשורים מתחילים להתכנס, הספר הופך למסע רגשי שמסרב לחוס על הלב. הפירוק של ה""קללה"" המיסטית לכדי אמת רפואית וגנטית נעשה בגאונות צרופה שמטעינה לאחור כל דף ודף באור טרגי, מדויק ומזוכך. והסיום — אותה מחווה אילמת ומצמררת של כפות ידיים הנצמדות זו לזו משני עבריה של זגוגית מפרידה, שבה מתנקזים חיים שלמים של כאב, ויתור, רפואה ואהבה שאין לה קץ — פשוט מפרק את הלב לרסיסים.
""אמנת המים"" הוא יצירת מופת נדירה, מן האפוסים הספרותיים הבודדים של העשור האחרון שראויים לתואר הזה במלוא מובן המילה. ספר מונומנטלי, כואב, אנושי ומרטיט, שמזכיר מדוע אנחנו קוראים מלכתחילה, ומשאיר חותם עמוק שלא יתפוגג עוד זמן רב. חמישה כוכבים זוהרים, מהפסגה הגבוהה ביותר.",1028783,אמנת המים,אברהם ורגיז,עידית שורר,מטר,2026,824,ספרות,ספרות מתורגמת,https://cdn.simania.co.il/bookimages/covers102/1028783.jpg?v=1790365993355,https://simania.co.il/bookdetails.php?item_id=1028783,https://simania.co.il/showReview.php?reviewId=137863,"יש משפחות שיורשות אדמה.

יש משפחות שיורשות עושר.

ויש משפחות שיורשות גורל.

בקראלה שבקצה הדרומי של הודו – ארץ שהמים בה מקיפים כל בית וכל יצור חי – משפחה אחת מלווה בקללה עתיקה במשך דורות: בכל דור יטבע אחד מבניה.

בשנת 1900, כאשר ילדה בת 12 נשלחת בסירה אל חתונתה עם אלמן בן 40 שמעולם לא פגשה. איש אינו יכול לשער שהמסע הזה יהיה תחילתה של סאגה משפחתית שתשתרע על פני כמעט 80 שנה. אותה ילדה תהפוך לימים ל""ביג אמַאצ'י"" – אֵם המשפחה, שבחוכמתה, באהבתה ובאומץ לבה תהיה לעוגן של דורות שלמים. סביבה יתנהלו אהבות ואובדנים, לידות ומוות, סודות משפחתיים הנמסרים בלחש, מהפכות חברתיות ופריצות דרך רפואיות, בעוד נהרות קראלה ממשיכים לזרום, אדישים לגורלם של בני האדם.

אברהם ורגיז בורא עולם חי ונושם, עשיר בדמויות בלתי נשכחות, בנופים עוצרי נשימה וברגש אנושי עמוק. אמנת המים הוא רומן רחב יריעה על משפחה, אמונה, חמלה והכוח לבחור בחיים גם כאשר נדמה שהגורל כבר נכתב.

ספר השנה של ""הניו יורק טיימס"", מגזין ""טיים"", הרדיו הציבורי NPR, ""סן פרנסיסקו כרוניקל"", ""Kirkus Review"", ""Library Journal"".

""מפואר, מרשים, רב היקף, ומרתק מאין כמותו... העולם טוב יותר כשיש בו ספר המתעד טרגדיות רבות כל כך בקול שאינו זונח לרגע את התקווה"". – The New York Times",,The Covenant Of Water / Abraham Verghese,,,,,מטר - סיפורת,,he,Paperback,5,1,1,98,1,0,1
137862,2026-09-28T19:15:25.000Z,4,10,ליליאן די,325886,"חודשים ארוכים ניהלתי מרדף עיקש אחרי הספר הזה בין מדפי הספרייה, כמעט בהתרסה מול הנטייה שלו לחמוק ממני פעם אחר פעם. כשהוא צץ סוף סוף מול עיניי, פתחתי אותו בחשדנות זהירה ובלי שמץ של ציפיות מנופחות; מירה מגן ידעה להעניק לי בעבר חוויות קריאה פנומנליות עם ""מיכאלה"" ו""אחותו של הנגר"", אך בספרים אחרים שלה נתקלתי לא פעם בווירטואוזיות לשונית שנשארה מרוחקת ועקרה, כזו שלא הצליחה לגעת בלב. לשמחתי הרבה, כבר מהעמודים הראשונים התברר שהסבלנות השתלמה, והספר הזה שונה מכל מה שחששתי ממנו.
במרכז העלילה עומדת דוקטור גילה אושרי, רופאת משפחה במרפאה ציבורית, שדלת חדרה נפתחת מדי יום בפני שורה של מטופלים מגוונים. אלא שמתחת לתלונות השגרתיות על מיחושים פיזיים, בדיקות דם ומחלות גוף, מונחים פצעים נפשיים עמוקים, בדידות צורבת, סודות וטרגדיות שמחפשים מזור אנושי ולא רק מרשם תרופתי. בעוד גילה מנסה לתמרן בין גבולות היכולת הרפואית לבין חוסר האונים מול השבר האנושי, היא עצמה מתבצרת מאחורי שריון של קהות רגשית מוגנת, שמקפיאה את חייה האישיים. ברקע המפגשים הדחוסים בקליניקה נפרשת גם סאגה משפחתית מורכבת מול אחיותיה, ומערכת יחסים המעמידה למבחן את הפחד שלה מאינטימיות ואת היכולת שלה להפשיר ולהתמסר לחיים.
הכתיבה כאן בועטת, צלולה ונטולת כל שומן מיותר. אפילו הכותרת, בשיבוש התחבירי המכוון שלה – ""בואי אצלי"" במקום ""בואי אליי"" – לוכדת את המהות המדויקת של היצירה: זו אינה הזמנה טכנית או קלינית אל עבר החלוק הלבן, אלא קריאה אינטימית של מטופל המבקש מהרופאה להיכנס לטריטוריה הפנימית שלו, אל תוך התוהו ובוהו והבשר החי. הדיאלוגים בספר הם מופת של צמצום ואיפוק; שיח מינימליסטי להפליא שמצליח לייצר מתח מצמרר דווקא מתוך הסאבטקסט, השתיקות הטעונות ומה שאינו נאמר בקול. שזירתם הטבעית של רסיסי פסוקים וביטויים מתוך שירים עבריים מוכרים מעניקה לטקסט הד תרבותי עשיר ושורשי, שמקרקע את ההתרחשות ומעמיק אותה.
דמותה של גילה נבנית במורכבות שובת לב. היא נעה בטבעיות גמורה בין סמכות ואצילות לבין פגיעות ושבריריות אנושית, נטולת כל שמץ של קלישאה טיפולית. כל מטופל שנכנס לחדרה משמש תחנה פנימית במסע שלה, כשהשיא הרגשי המטלטל מכולם נרשם במפגש עם אודרי (אודליה), אם המתאבלת על בנה גבריאל. התיאור של אם המשמינה כדי להחזיק את בנה המת בתוכה כעובר, ניזונה בממתקים שאהב כדי לחמם אותו מפני קור הקבר, הוא אגרוף פסיכולוגי מהמם שממחיש את תהומות האובדן ואת עמידתה חסרת האונים של הרופאה מול כאב שאי אפשר לרפא.
העלילה נעה קדימה בעקביות, כאשר מערכות היחסים המשפחתיות והמפגשים האנושיים השונים מעניקים לסיפור תשתית ריאליסטית מוצקה. התהליך ההדרגתי שגילה עוברת מקהות חושים להפשרה רגשית, שמוביל אותה להשיל את המגננות, לחצות את החסימות ולבחור באופן אקטיבי בחיים ובאהבה, מעניק לספר סיום מתגמל, שלם ועמוק. זהו סוף טוב שאינו נופל למלכודת של קיטש שטחי, אלא צומח מתוך הבנה פסיכולוגית מפוכחת. ספר חכם, מרגש ומזוכך, המוכיח שכאשר מירה מגן מניחה לעושר הלשוני שלה לשרת ישירות את הנפש, התוצאה היא יצירה מופלאה שחודרת עמוק מתחת לעור.",1014266,דוקטור בואי אצלי,מירה מגן,,כנרת זמורה ביתן,2025,256,ספרות,ספרות מקורית,https://cdn.simania.co.il/bookimages/covers101/1014266.jpg,https://simania.co.il/bookdetails.php?item_id=1014266,https://simania.co.il/showReview.php?reviewId=137862,"חייה של ד""ר גליה אושרי נעים במסלול קבוע ומספק בין עבודתה בבית חולים בירושלים ובין זוגיות עם רופא בכיר, אלמן ואב לשתיים. ואולם, המסלול הזה מאיים להשתבש, משום שאל לשכתה של הרופאה מגיעים נער חולה אנוש ואביו, שדמותו החריגה והעוצמתית מאיימת לקעקע את שלמותה של חלקת האלוהים הקטנה שביצרה לעצמה. בד בבד שזורות ברומן דרמות משפחתיות, התובעות את התערבותה של הגיבורה.
היא נאלצת לתמרן, כמו על חבל ברוח סוערת, בין תשוקות אסורות וציוויים מוסריים, מקבילים לאלה שלה, שקיומם מבליט את שרירותו של הקיום האנושי ואת הגבולות הדקים בין אמונה והטלת ספק, אהבה ונאמנות.  

דוקטור, בואי אצלי הוא הרומן החשוף ביותר של מירה מגן. תפיסת האדם ותפיסת העולם הייחודיות שלה, מגולמות כאן בבהירות חדשה, שאינה פוגמת, כהוא זה, במגע האנושי והפיוטי המלטף שלה ובתועפות החסד שהיא מרעיפה עלינו./ יגאל שוורץ",,,,,,,,,he,Paperback,4.3,16,9,1762,12,0,1
137861,2026-09-28T17:11:50.000Z,0,3,לבנה,337640,"ספר סוחף ומרתק ממש, נקודת מבט היסטורית שלא הכרתי על מלחמת העולם השנייה, כעת דווקא מצידם של תושבי התעלה באיי בריטניה. רומן עדין, אומץ אנושי והמון אופטימיות. אהבתי וממליצה בחום",612561,מועדון גרנזי לספרות ולפאי קליפות תפודים,מרי אן שייפר,יעל אכמון,כנרת זמורה דביר | מטר,2009,275,ספרות,ספרות מתורגמת,https://cdn.simania.co.il/bookimages/covers61/612561.jpg,https://simania.co.il/bookdetails.php?item_id=612561,https://simania.co.il/showReview.php?reviewId=137861,"אני תוהה איך התגלגל הספר לגרנזי? אולי יש לספרים מעין אינסטינקט התבייתות סודי, שמביא אותם לידי הקורא המושלם עבורם .""

ינואר 1946: לונדון מגיחה מתחת לצל מלחמת העולם השנייה, והסופרת ג'ולייט אשטון מחפשת נושא לספר חדש. מי חשב שתמצא אותו במכתב מגבר אלמוני, תושה האי גרנזי, מאיי התעלה הבריטית שכבשו הנאצים? הוא נתקל בשמה בעטיפה של ספר מאת צ'ארלס לאמב - אולי היא תסכים להדריך אותו היכן יוכל למצוא ספרים נוספים של אותו מחבר ?

בעודה מתכתבת עם החבר-לעט החדש נשאבת ג'ולייט אל עולמם של האיש וידידיו , החברים כולם ב""מועדון גרנזי לספרות ולפאי תפודים"" - מועדון ספרותי ייחודי שהתגבש בהברקה של רגע, כאליבי להגן על חבריו ממעצר בידי הגרמנים. ג'ולייט נחשפת לחברי המועדון הנעימים, אוהבי החיים והספרות, ודרך מכתביהם היא לומדת על האי שלהם, על טעמם הספרותי ועל השפעתו של הכיבוש הגרמני על חייהם. לבה נשבה בסיפוריהם, והיא יוצאת לגרנזי - ומה שתגלה שם ישנה את חייה לעד .
"" מועדון גרנזי לספרות ולפאי קליפות תפודים"", הכתוב כסדרה של מכתבים מלאי חום והומור, הוא חגיגה של המילה הכתובה על שלל צורותיה ושל בניית קשרים בדרכים מפתיעות להפליא .

מרי אן שייפר עבדה כעורכת, ספרנית ומוכרת בחנויות ספרים. זהו הרומן הראשון שלה. אחייניתה אנני בארוז היא מחברת ספרי ילדים ומבוגרים. בתחילת 2008, בשלב עריכת הספר, מתה מרי אן שייפר ממחלת הסרטן .

"" שיר הלל לכוחה של המילה הכתובה... ג'ולייט מוצאת במכתבים לא רק השראה לספרה, אלא גם השראה לחייה - כפי שגם הקורא ימצא לחייו שלו .""
פבלישרס ויקלי

הספר יצא לאור בשיתוף ""מטר""",,The Guernsey Literary and Potato Peel Pie Society,אנני בארוז,,,3-13832,,,he,Paperback,4.4,195,62,17905,165,4,1
137860,2026-09-28T15:30:59.000Z,4,3,אסתר,145768,"אולי מוזר שאני מתחילה בזה, שם הספר, אנו משקף אינו רומז ולדעתי בקושי נוגע לסיפור וחבל. שם וכריכה הם מוקד משיכה ראשוני. וכאן הכריכה והשם מרחיקה את הקוראים.
ולעינינו , הספר מענין יחודי ונוגע בנקודות שרובינו מתעלמים מהם. השיעמום, חוסר התכלית בעבודה, שהיא בקורח בכדי להתפרנס,  רוטינית חסרת כל מטרה שמובילה להתנתקות ובריחה.
גם הבן וגם האב בורחים מהמציאות כל אחד בדרכו או למציאות אחרת או לחלומות והזיות.
ספר המעלה מחשבות ותהיות לגבי החיים שמצפים מאיתנו.",1014828,במחילה מכבודה של אשת המערות,אופיר טושה גפלה,,כתר,2025,221,ספרות,ספרות מקורית,https://cdn.simania.co.il/bookimages/covers101/1014828.jpg,https://simania.co.il/bookdetails.php?item_id=1014828,https://simania.co.il/showReview.php?reviewId=137860,"דני היה בן ארבע־עשרה וחצי בלבד כשעקבותיו של אביו, מורה בבית ספר, נעלמו. שנים לאחר מכן הוא מתבשר בשיחה טלפונית מנומסת ממוסד פסיכיאטרי בלונדון על מותו של אביו. דני ואימו עולים על מטוס לאנגליה, אבלים ומוצפי שאלות. שם מחכה להם, בין השאר, מחברת שהניח אחריו האב - מחברת שמתעדת באופן מדוקדק את קריסתו של אדם שכל חייו ניהל מאבק חשאי עם תביעותיה המעליבות של מלאכת ההישרדות היומיומית.

הנובלה הדחוסה והמהפנטת של אופיר טוּשֶה גַפלָה מאירה באופן בלתי נשכח את המתח עתיק היומין בין כורח המציאות לבין התשוקה ליופי ותוהה על מקומה של הספרות בעולמנו, ועל המחיר שמשלמים מי שנענים לקריאתה בכל הווייתם ומשנים את חייהם. בתוך כל זה, מצוי גם סיפור התוודעותו המאוחרת של בן למעמקיו האנושיים של האדם שלא הכיר אלא בתור אביו.

הנובלה במחילה מכבודה של אשת המערות היא פנינה ייחודית במכלול יצירתו של אופיר טוּשֶה גַפלָה, שעימה נמנים רבי־המכר עולם הסוף, ביום שהמוסיקה מתה, הרי געש רדומים, חיי ספר ועוד.",,,,,,,הסדרה הקטנה,,he,Paperback,4.3,29,8,1599,10,1,1
137859,2026-09-28T12:36:32.000Z,4,5,נילי,281719,"שמעון בן מתתיהו מספר את סיפור המכבים.
הדמיון שלי מתעורר בספרים שכאלה. 
בלי ששמתי לב נשזרתי לעולם העתיק ביהודה, ונקשרתי לעם של אז ושל היום...
האוורד פאוסט מביע פה רעיון פילוסופי כפי שהבנתי אותו, הדוחף את המכבים היהודים למלחמה בעוד הם למעשה עובדי אדמה פשוטים. הרעיון כי החירות (מעבדות, משליטה של זר) חשובה מכל והיא המניע למלחמה.  והשוויון בין יהודי ליהודי, הוא מאפיין את העם.
למי שאהב את הספר הזה אמליץ גם על מלחמת היהודים של ליון פויכטונגר.
דירגתי ארבעה כוכבים למרות התרגום.
התרגום הקשה על הקריאה וממש פגם  בריכוז ובהנאה. 
מניחה שקל יותר לקרוא את זה באנגלית.",21797,"אחי, גיבורי התהילה",הווארד פאסט,רות ליבנית,ספרית פועלים,1948,250,ספרות,ספרות מתורגמת,https://cdn.simania.co.il/bookimages/covers2/21797.jpg,https://simania.co.il/bookdetails.php?item_id=21797,https://simania.co.il/showReview.php?reviewId=137859,"הספר מספר על מרד החשמונאים מנקודת מבטו של שמעון הנשיא. העלילה מתרחשת בימים שקדמו למרד, במהלכו ועל רקע הקרבות. גיבורי העלילה הם החשמונאים מהם יהודה המכבי.

מתכונתו של הספר הוא כמגילה אוטוביוגרפית אותה רושם שמעון, על עצמו ועל אחיו גיבורי המרד, ומוסרה לציר הסנאט הרומי לנטולוס סילאנוס שמגיע לארמונו בירושלים על מנת ללמוד על ארץ ישראל ועל העם היהודי היושב בה עבור הסינאט. 

הספר העוסק בעצמאות היהודים פורסם בשנת 1948, בעיצומה של מלחמת השחרור. הווארד פאסט הקדיש את הספר ""לאשר הם שם, יהודים ולא יהודים, שחירפו נפשם באותו מאבק עתיק-יומין ובלתי-נשלם על חירות האדם וכבודו"".  
 
הספר תורגם על ידי רות לבנית ויצא בהוצאת הקיבוץ הארצי השומר הצעיר, ספרית פועלים וזכה לפופולריות רבה בארץ.",,My Glorious Brothers,,,1402237952,31-4933,,,hebrew,Paperback,4.5,41,11,11573,98,1,1
137858,2026-09-28T10:12:24.000Z,5,3,עלמה,21197,אהבתי מאוד את הספר. קליל ונותן תקווה גם לחלומות ישנים להתממש למרות כל מיני התקעויות בחיים הבוגרים.,970804,רשימת המשאלות,לורי נלסון ספילמן,שרון פרמינגר,ידיעות ספרים,2015,370,ספרות,ספרות מתורגמת,https://cdn.simania.co.il/bookimages/covers97/970804.jpg,https://simania.co.il/bookdetails.php?item_id=970804,https://simania.co.il/showReview.php?reviewId=137858,"""בטח נדהמת היום כשאחייך קיבלו את הירושה ואת לא. ואני יכולה לשער כמה כעסת כשהמשרה הבכירה ניתנה לקתרין. תסמכי עלי, אני יודעת מה אני עושה, וכל מעשי הם אך ורק לטובתך.""  

חייה של ברט בולינג'ר מסודרים מקיר לקיר: יש לה עבודה מכובדת ודירה מרווחת, ואפילו חבר שהוא עורך-דין מוצלח ויפה תואר. אבל כשאמה האהובה מתה בפתאומיות, היא מותירה אחריה צוואה שכוללת תנאי כמעט בלתי מתקבל על הדעת: על מנת לזכות בירושה, על ברט להגשים את רשימת המשאלות שחיברה עשרים שנה קודם, כשהייתה נערה בת ארבע-עשרה. בלית ברירה יוצאת ברט למסע שבמהלכו תיאלץ לבחון מחדש את חייה ואת ערכיה, את משאלותיה ואת אהבותיה האמיתיות. ברוח קלילה מצליחה לורי ספילמן לסחוף את הקוראים בסיפור מלא אופטימיות, שבו המתנות הכי יפות שהחיים מעניקים לנו מתגלות דווקא במקומות הכי פחות צפויים.",,The Life List / Lori Nelson Spielman,,,978-965-545-7,362-4777,פרוזה,,he,Paperback,4,310,102,38932,380,7,1
137857,2026-09-28T06:17:22.000Z,2,12,roeilamar,278705,"בשיטוטיי בספרייה הבחנתי בספר הזה, עם הסופרלטיב ""הנובלה היפה ביותר במאה הנוכחית בשפה הגרמנית"" מוצמד אליו בכריכה, כאמירה של תומאס מאן.
ובכן, כמובן שלא יכולתי לעבור על ספר כזה סתם ככה. בגב הספר נכתב שהספר מספר על כיבוש אימפריית האינקה, וזה הגיע בזמן מצוין, כי בדיוק יום לפני כן נתקלתי ביוטיוב בסרט באורך שעה בדיוק על זה, התחלתי לצפות בו, והייתי מרותק לסיפור היוצא מגדר הרגיל.
אז לקחתי את הספר, ובד בבד המשכתי לצפות בעוד פודקאסטים ביוטיוב על נפילת האינקה (אני ממליץ מאוד על The Rest is History שעשו סדרה באורך כמה שעות על הנושא).

קרה כאן משהו מעניין - הספר, היצירה הבדיונית הזו, מחווירה לחלוטין לעומת האמת ההיסטורית.
הסיפור האמיתי, הדברים שבאמת קרו, הדינמיקות במציאות, המשפטים שבאמת נאמרו - הם הרבה הרבה יותר מעניינים, מורכבים ומוזרים מהיצירה הבדיונית.
הספר הזה משטח את האינקה והספרדים כאחד. האינקה מוצגים כמעין פראים אצילים שכאלה, בייחוד ה-אינקה (המילה ""אינקה"" פירושה ""קיסר \ מלך"" בשפת העם הזה, הם קראו לעצמם בשם אחר, והספרדים נתנו לכל הציביליזציה את השם ""אינקה"") השליט, שהרבה סצנות בספר מראות אותו נדהם מהחמדנות הספרדית ומהברבריות שלהם כשהם נלחמים על הזהב שלו ועושים בערך הכל עבור זהב.

עכשיו, נכון, האינקה לא העריכו זהב כמו תרבויות העולם הישן; הם השתמשו בזהב המון, אבל זה היה חפץ קישוטי, לא אמצעי פיננסי. תחשבו על היחס של האינקה לזהב כמו היחס שלנו ל, לא יודע, בד יפה. אנחנו נתקשט בו ונעריך אותו, אבל לא ניתן לו משמעות עמוקה כאמצעי כוח ושגשוג.
מצד שני, הסופר מנסה לתאר את האינקה בתור איזו אימפריה שוויונית וכמעט אוטופית, הוא מספר בקצרה על הכלכלה שלהם ועל השוויון שם.
ושוב: זה נכון שהייתה לכלכלה של האינקה הרבה מאפיינים ""פרוטו קומוניסטיים"" באופן ההתנהלות (לא היה ממש רכוש פרטי לרוב האנשים, כלכלת שוק הייתה משנית, והמדינה שלטה מאוד בייצור ובהפצה של בערך הכל), אבל לגמרי היו מעמדות היררכיים נוקשים, ניצול של האוכלוסיה, ומשאבים חומריים שונים למעמדות שונים.
גם ה-אינקה עצמו, שמוצג בספר כמעין שה זך, ממש ממש לא היה כזה.
למעשה, הוא עלה לשלטון פחות משנה לפני שהספרדים פגשו אותו, והוא עשה זאת במלחמת אזרחים ברוטאלית נגד אחד האחים שלו, מלחמה שהחריבה חלקים גדולים מהממלכה.
כשהספרדים הגיעו לממלכת האינקה לכבוש אותה, זה היה אחרי סיורים קודמים באזור, והם הספיקו להכיר עיר אינקה אחת על החוף ולבקר בה. כשהם חזרו אליה לכיבוש, היא הייתה מושמדת לחלוטין. ולא הספרדים עשו את זה, אלא מלחמת האזרחים של האינקה.
ממש בזמן שהמלך האינקה היה בשבי הספרדי, הוא ציווה להוציא להורג את אחיו המורד המובס, כדי שלספרדים לא יהיה מלך אינקה אלטרנטיבי להשתמש בו.

יכול להיות שתגידו ""אוקיי, אז הספר שונה מהאמת ההיסטורית, מה הבעיה? זה לא אמור להיות ספר היסטוריה, אלא יצירה בדיונית.""
ונכון, אני מסכים עם זה, כל עוד זו ספרות טובה שהשינויים שהיא מבצעת הם בעלי ערך אמנותי וספרותי טוב. אבל זה לא המצב כאן.
השינויים בין הספר לבין המציאות הם ברובם או הנמכה של האלמנט הפלאי והבלתי יאומן שהיה במציאות (למשל, הספר מתאר שהספרדים כבשו את האינקה עם בערך 600 חיילים. זה לא נכון - במציאות הם עשו את זה עם 168 איש(!) שרובם בכלל לא היו חיילים מקצועיים!), או, וזה יותר קריטי, רידוד של המציאות המורכבת לאמירה שטוחה והרבה פחות מעניינת.

יש גם את העניין של דמות המספר, שהוא אחד הקונקיסטדורים, שלכאורה כותב את הנובלה הזו כזיכרונות שלו כמה עשורים לאחר הכיבוש.
זו דמות שעברה מהפך ממנטליות קונקיסטדורית למעין הומניסט שמעריך את תרבות האינקה ובז למה שהנחה אותו בעבר, כפי שאנחנו רואים באפילוג שכתוב יפהפה והוא החלק הכי טוב בספר מבחינה מילולית, אבל מבחינת בניית דמות - אני לא מרגיש שעברנו כאן את כל התהליך המנטלי והמעשי שהפך אותו מנקודת מוצא א' לאדם שהוא בעת כתיבת הזיכרונות.
באפילוג עצמו הוא מזכיר בחטף עוד רגעים שהוא היה עד להם בהמשך הכיבוש ואיך השינוי שלו היה איטי, אבל הוא אומר שהוא לא רוצה לספר עליהם.
ובכן, הנובלה הקצרה הזו (פחות מ90 עמודים, בפורמט קטן כיאה ל""תשע נשמות"") מתארת רק את ראשית הניצוץ של הספק או הבלבול אצלו, היא לא מביאה אותי כקורא להבנה של האדם ושל האירוע שהוא עבר. 
זה מרגיש במידה מסוימת כמו שני פרקים קצרים מההתחלה של רומן היסטורי בן כמה מאות עמודים.

אז, לסיום: אני מפציר בכם ללמוד על האינקה ועל נפילתם, כי בעיני חנון ההיסטוריה הזה, מדובר בלי להגזים, באחד הסיפורים הכי מעניינים בהיסטוריה האנושית. סיפור שמספר רב של פעמים לאורך הלמידה עליו אני בהיתי מבולבל ובהלם. יש בסיפור הזה את רוב האלמנטים של דרמה, המצב האנושי וזה פחות או יותר ""משחקי הכס"" על קראק.
אני גם מפציר בכם לא ללמוד עליו מהספר הזה, שמשטח שתי תרבויות מורכבות ל""פרא אציל"" מצד אחד, ורוע מוחלט מצד שני (למרות שהספרדים לא באמת היו רחוקים מרוע מוחלט באותה התקופה..)
ואני מפציר בהוצאות לאור בארץ: המון קונקיסטדורים שהשתתפו במאורעות של כיבוש אימפריית האינקה כתבו ספרי זיכרונות. נראה לי שיהיה נפלא לתרגם מהם לעברית. אני, בכל מקרה, מקווה לקרוא מהספרים האלה בתרגומיהם לאנגלית מתישהו.

4\10

והנה האפילוג של הספר, שכפי שאמרתי, כתוב נהדר:
""אבל ימים רבים עוד עברו עליי עד לפרישה מן החיים ולהתבוננות ענווה במעשי האדם. לא אנסה לספר על כל הצער והשבר שעוד חלפו לנגד עיני וגם לא על כל המעשים הרעים שבהם השתתפתי למורת רוחי.
מי ששרוי באפלה ומתאווה אל הזוהר, נפשו נתונה בייסורים אך גם בתנועה. בין תחושה פנימית לידיעה יש מורה דרך, ובין עצלות לכיסופים יש קול קורא.
כשטיילתי פעם בין חורבותיה של עיר מפויחת והבטתי בעיניהם השבורות של אחי בני האדם, ציווה עלי קול לשתוק ולחכות.
כשנתקלתי פעם ברכס האנדים בקבוצת ילדים גוססים, שהרעב והפחד דחקו אותם מכפריהם החרבים אל הבתה השוממה, בכיתי על מהותו של אדם ועל כישלונו להיעשות למשהו אחר.
ראיתי את המוות בכל צורה וצורה שהוא לובש עלי אדמות; ראיתי ידידים קמלים ומנהיגים נפולים ועמים נספים, ראיתי את האושר והנה הוא בן חלוף וכל תקווה מוליכה שולל, טעמתי את המשקע המר בכל משקה ואת הרעל הסמוי בכל מאכל, וסבלתי מריב הקהילות ומסכלות הנאורים ומשוויון הנפש האכזרי של מרוצת הזמן על פני האדמה המעונה הזאת, והכרתי באינותו של כל רכוש ובנצחיותה של ההוויה, ומילאה אותי כמיהה לכוכב טוב יותר, שהשמש הנשגבת קורנת עליו יותר טוהר ורוח נאצלת.
הכוכב הזה, שעליו אני חי, אולי מנודה הוא מאלוהים.""",985085,הזהב של קחמרקה,יעקב / יאקוב וסרמן,הראל קין,תשע נשמות,2017,88,ספרות,ספרות מתורגמת,https://cdn.simania.co.il/bookimages/covers98/985085.jpg,https://simania.co.il/bookdetails.php?item_id=985085,https://simania.co.il/showReview.php?reviewId=137857,"השנה היא 1532. 
האזור הגאוגרפי: מה שאנחנו מכירים היום כפֵּרוּ. הדמויות: ספרדים, כובשים, ילידים, פשוטי עם, שליט – בני אדם כמונו,  שמושלכים אל אדמה נתונה, אל נקודת זמן ספציפית, אף שהם, כולם, עוסקים בשאלות על זמניות, פילוסופיות, כלכליות, מוסריות, סוציולוגיות ואישיות.

""הזהב של קָחָמַרקָה"" הוא נובלה מטפיזית ואפית במסווה של סיפור היסטורי, שבוחרת להתמקם בימי כיבוש אימפריית האינקה בידי הספרדים במאה השש-עשרה. או במילים אחרות: הספר הוא תירוץ המעניק ליאקוב וסרמן הזדמנות מצוינת,לא רק להדגים לפני הקוראים את כישרונו הספרותי הגדול, אלא גם לחרוג מעבר למקום ולזמן כדי לבחון את התנהגותה של נפש האדם במצב קיצוני.
כל זאת בנובלה קצרה, סוחפת, מותחת וטרגית, שבה פוגשים הכובשים את אָטָוואלפָּה – שליטה האחרון של אימפריית האינקה. 

זהו מפגש בין עולמות מנוגדים, בין תפיסות עולם שונות לחלוטין, ובין ציוויליזציות בעלות ערכים המתנגשים זה בזה. לנו הקוראים, ""הזהב של קָחָמַרקָה"" הוא קו הזינוק במסע ספרותי בנבכי עולמו של יאקוב וסרמן – אחד הסופרים היהודים-גרמנים החיוניים במאה העשרים שיש צורך, צדק היסטורי, לגלות מחדש.",,,,,,1298-20,,,he,Paperback,3.9,22,8,2757,19,1,1
137856,2026-09-28T05:33:21.000Z,3,0,רוני pery,2978,רומן רומנטי נחמד ומתאים לתקופה,1013320,הלביאות מטהראן,מרג'אן כמאלי,דנה אלעזר הלוי,ידיעות ספרים,2024,370,ספרות,ספרות מתורגמת,https://cdn.simania.co.il/bookimages/covers101/1013320.jpg,https://simania.co.il/bookdetails.php?item_id=1013320,https://simania.co.il/showReview.php?reviewId=137856,"מאת סופרת רב־המכר ""החנות למכשירי כתיבה בטהראן""
רומן מרגש על ידידות, בגידה וגאולה, המתפרש על פני שלושה עשורים של תהפוכות פוליטיות וחברתיות בבירת איראן.
משפחתה של אלי בת השבע חיה בטהראן של שנות החמישים בנוחות רבה עד למותו בטרם עת של האב, אז נאלצות אלי ואמה לעבור לדירה זעירה במרכז העיר. השתיים נמצאות במלחמת הישרדות, ואלי משתוקקת לחברה שתקל את בדידותה.
למרבה המזל, ביום הראשון ללימודים היא פוגשת את הומא מלאת שמחת החיים. בין שתי הבנות נקשרת ידידות אמיצה והן משחקות יחד, לומדות לבשל במטבח ביתה החמים של הומא, משוטטות בין הדוכנים הססגוניים של הבזאר הגדול וחולקות את שאיפתן להיות ""נשים אריות"" – לביאות. זאת ילדות קסומה בתקופה שלפני ההפיכה.
אולם כאשר ניתנת לאלי ולאמה הזדמנות לחזור לחייהן הבורגניים הקודמים, אלי מותירה את זיכרונות הילדות ואת חברותה עם הומא מאחור וכובשת לעצמה עמדת השפעה בתיכון הבנות הטוב ביותר בעיר.
שנים לאחר מכן, כשהומא שבה ומופיעה בעולמה של אלי, המפגש המחודש משנה את מהלך חייהן. עתה, בהתקרב נקודת הרתיחה הפוליטית באיראן, למעשה בגידה אחד יהיו השלכות עצומות.
על רקע סמטאות השוק גדושות התבלינים ואפופות הניחוחות של טהראן, רוקמת מרג'אן כמאלי ביד אמן סיפור על חברות ועל העצמה נשית.
מרג'אן כמאלי, בת להורים יוצאי איראן, שחייתה בטורקיה, באיראן, בגרמניה ובקניה, מתגוררת בבוסטון. ספרה הראשון, ""החנות למכשירי כתיבה בטהראן"", תורגם לעשרים שפות והיה לרב־מכר בינלאומי.",,The Lion Women of Tehran,,,,,,,he,Paperback,4.4,21,8,2665,24,1,1
137855,2026-09-28T03:20:55.000Z,4,8,ליליאן די,325886,"כשניגשים לקרוא את מרגרט אטווד, הציפייה הטבעית היא לעיתים למפגש עם כתיבה כבדת ראש, חמורה ומצמיתה, כזו שמאלצת את הקורא להחזיק חזק במעקה. אלא ש""זרע רע"" מציג מופע שונה לחלוטין ומרענן להפליא של הסופרת הקנדית: יצירה קולחת, מהירה, מלאת חיות וקלה מאוד לקריאה, שנעה בקצב מצוין מהעמוד הראשון ועד האחרון.
במרכז העלילה ניצב פליקס, במאי תיאטרון מבריק אך מנושל ומוכה יגון, שמפעל חייו נגזל ממנו במרמה בידי שותפיו השאפתניים. לאחר שנים ארוכות של גלות כפויה, אבל ובדידות מוחלטת בבקתה נידחת, הוא מוצא הזדמנות בלתי צפויה לחזור אל הבמה: בימוי מחזות עם אסירים בבית סוהר מקומי. המפגש בין עולם התיאטרון לבין המרחב הנוקשה והמגודר של הכלא יוצר כר פורה לתוכנית מבריקה, שבה הגבולות בין מציאות, משחק ואשליה מיטשטשים לחלוטין.
הרומן נשען על מבנה קלאסי של תיאטרון בתוך תיאטרון. גם עבור מי שאינו נמנה עם חובבי שייקספיר המושבעים ועשוי לדלג בקלילות מעל פלפולים תיאטרליים ספציפיים, כוחו האמיתי של הספר טמון במערכות היחסים ובפסיכולוגיה של הדמויות. הדינמיקה האנושית בין פליקס לחבורת האסירים כתובה בצורה חיה, משכנעת ורצופת שנינות. אטווד מצליחה להוביל את העלילה בביטחון אל עבר שיא מהודק ומתגמל במיוחד: מהלך נקמה מושחז ומבריק, שבו הצדק נעשה באופן שמסב עונג אמיתי, מבלי לגלוש למלודרמה זולה. כל דמות מקבלת בדיוק את מה שמגיע לה, לטוב ולרע, והתחושה בסיום היא של סגירת מעגל שלמה, מדויקת ומספקת.
אך מעבר למזימות התיאטרליות ולתאוות הנקם, פועם בספר לב רגשי נוגע ללב. המוטיב של כליאה וחירות איננו שייך רק לאסירים שמאחורי הסורגים, אלא בעיקר לפליקס עצמו. המסע שהוא עובר – משליטה אובססיבית בזיכרון של בתו המתה ועד להבנה העמוקה שכדי לגאול את עצמו עליו להעניק לה חופש – מעניק לספר סיום פיוטי, מהדהד ומרגש. השחרור שלה הוא בעצם היציאה שלו אל האור.
בשורה התחתונה: יצירה אינטליגנטית, שנונה, קולחת ומאוד מהנה, שמצליחה לשלב קלילות ממגנטת עם עומק רגשי אמיתי, ומספקת סיום מושלם וקתרזיס של ממש.",994032,זרע-רע,מרגרט אטווד,מיכל אלפון,מודן וחרגול,2019,296,ספרות,ספרות מתורגמת,https://cdn.simania.co.il/bookimages/covers99/994032.jpg,https://simania.co.il/bookdetails.php?item_id=994032,https://simania.co.il/showReview.php?reviewId=137855,"פליקס פיליפס הוא מנהל פסטיבל תיאטרון מצליח בעיר קטנה בקנדה. הוא עומד להעלות את ""הסערה"" מאת ויליאם שייקספיר – הפקה שלא נראתה כמותה מעולם, הצגה שתגרום לכל רואיה להחסיר נשימה, ואולי תפוגג במעט את ייסורי האבל של פליקס.

אבל שותפיו של פליקס בוגדים בו בזדוניות ובערמומיות ומסלקים אותו מהזירה. פליקס פורש מהתיאטרון ומהעולם ומבלה את ימיו בבקתה נידחת במחשבות על נקמה. וזו נקרית על דרכו כשבבית הכלא הסמוך מחפשים מורה לספרות ותיאטרון. פליקס ותלמידיו האסירים יעלו את ""הסערה"". האם יצליחו בכוח הקסם של התיאטרון (וקצת עזרה טכנולוגית) לנקום בבוגדים? האם ההפקה החדשה תרפא את פצעי העבר המר והכאוב ותאפשר סוף-סוף לפליקס להשתחרר מהכלא הפנימי שהוא שרוי בו.

זרע-רע, הרומן שמרגרט אטווד כתבה בהשראת ""הסערה"", מחזה רב קסם ורווי רגשי נקם, מוליך אותנו למסע עתיר הפתעות, ומעניק לנו מבט קצת אחר על שייקספיר, על תיאטרון בכלל, ועל נקמה, סליחה והתחלות חדשות.

מרגרט אטווד נולדה בקנדה ב-1939. היא כתבה למעלה מארבעים ספרים – רומנים, מסות ושירה. היא זכתה בעשרות פרסים ספרותיים בקנדה ובעולם כולו. לאחרונה זכתה לפרסום רב בעקבות העיבוד הטלוויזיוני לספרה מעשה השפחה. רבים מספריה ראו אור בעברית בהוצאת כנרת זמורה ביתן.

""השמחה והצהלה מתרוננים מכל עמוד. מחווה רבת-קסם לשייקספיר."" הגרדיאן  

""לא צריך להיות חסיד של שייקספיר כדי להתאהב בגירסה הזאת של  'הסערה'. ספר נפלא ומצחיק"" – סיאטל בוק רוויו

""סיפור קורע לב כתוב נפלא, שזור בהומור.. "" ניו יורק טיימס",,,,,,,,,he,Paperback,3.9,8,1,1324,21,0,1
137854,2026-09-27T20:18:46.000Z,0,0,לבנה,337640,"ממליצה על הספר
כתוב נפלא וזורם
קשה לעזוב את הספר מהידיים
הדמויות נפלאות, עשירות וצבעוניות
העלילה לא צפויה ולא קיטשית
השילוב שהסופרת עושה בין ההיסטוריה המקראית, החז""לית והתקופתית מרתק
והעובדה שהיא לקחה לעצמה חירות ספרותית ושינתה את ההיסטוריה לא פוגעת בסיפור אלא עוטפת אותו בהילה ייחודית משלו.
מאוד אהבתי את העיסוק בסוגיית העבדים.
הדמות הראשית פשוט כובשת
יש רומנטיקה עדינה וכייפית, בדיוק במינון הנכון. כזו שנבנת לאט ועמוק",1027003,תוהו,עינת א. שמשוני,,געשספרים,2026,377,ספרות,מדע בדיוני ופנטזיה,https://cdn.simania.co.il/bookimages/covers102/1027003.jpg?v=1776160312831,https://simania.co.il/bookdetails.php?item_id=1027003,https://simania.co.il/showReview.php?reviewId=137854,"אלה נמלטת מבית אדונה בירושלים ומקווה למצוא חופש מעבר לגבולות בנימין. אבל בזמן שהיא בורחת מאיום אחד, האיום האמיתי רוחש בבטן האדמה. החותם העתיק שסגר את התהום במשך שנים, נשדד מהמקדש בירושלים וכעת העולם כולו בסכנת כליה.אלה יוצאת למסע אל חירותה ונקלעת למאבקי כוח של מלכים שאפתניים וכוהנים מושחתים, היא תיאלץ להתמודד מול כוחות קדומים ונבואות שאבדו בזמן, ותתבקש לתת אמון בנסיך חידתי אחד שיגלה לה שגורלה קשור בגורל חותם האבוד.הספר ""תוהו"" מציג פנטזיה מקראית עוצרת נשימה על מלחמת שרידות, אמונה, בגידה, חירות ואהבה.",,,,,,,,,עברית,Paperback,,,1,78,0,0,1
137853,2026-09-27T20:13:56.000Z,0,4,נצחיה,86526,"אמא שלי בת שבעים ושמונה, ויש לה חברות שהולכות איתה יחד מאז כיתה א'. חיים שלמים יחד. יש נשים כאלה, שמשאירות מערכות יחסים חברתיות לאורך עשורים ואפילו חיים שלמים. אני לא כזאת, והחברויות שלי מהיסודי ומהתיכון לא המשיכו הלאה, וגם אלה משנות השערים שלי לא קיימות איתי עדיין. אפשר לחשוב שזה רע ואפשר לחשוב שזה טוב, אני פשוט חושבת שזה ככה זה. אנשים גדלים, צומחים, מתפתחים, משתנים, וגם הדברים שמגיעים עם החברות או הדרישות מחברה משתנים בהתאם לגיל. הספר הזה הוא על חברות לאורך חיים, ואני חושבת שמי שהיא לא מהסוג של חברות כזאת אולי לא תצליח להבין מה בעצם מחבר פה. 

הספר שאני קראתי מופיע בכריכה אחרת, לא כריכת הפוטושופ שמופיעה כאן באתר, אבל אני לא חושבת שזה משנה. קייט וטולי הן חברות מאז גיל ארבע עשרה, והן חברות על אף השוני ביניהן. הספר סוקר את עשרות השנים של החברות שלהן, ואת העליות והמורדות. שתיהן מוצאות קריירה, אבל טולי מצליחה יותר, קייט מקימה משפחה, החיים קורים לשתיהן, לפעמים טוב, ולפעמים פחות, והרבה פעמים לא ברור מה מחבר את השתיים האלה יחד או בעצם על מה הספר הזה בכלל. 

כי אין לו מיקוד. כמו שספר על אדם אחד יכול להיות חסר מיקוד, כך גם ספר על שתי נשים, ובעצם על מערכת יחסים יכול להיות חסר מיקוד. לא ברור אם הוא אומר שהאהבה מעל הכל, או שהמשפחה מעל הכל, או שלפעמים צריך לדעת לבקש סליחה, או שהחיים קורים לך, או שתהיה לך מודעות לסרטן השד. אמא שלי היתה קוראת לזה ""תפסת מרובה לא תפסת"" ואני קוראת לזה מחסור בעורך רציני, כזה שיתפוס את קריסטין האנה ויסביר לה שרעיון טוב וכתיבה קולחת הם לא מספיקים כדי להביא ספר כך שיהיה ספר טוב. צריך לחצוב אותו, להדק אותו, למצוא את הגרעין שעליו רוצים לדבר ואותו להציג לאורך התקופה של הספר, כך שכל מה שלא תורם לרעיון הבסיסי, לתמה שסביבה רצית לכתוב, פשוט לא נכנס, ולא חשוב כמה הוא יקר לליבך. הייתי חושבת שזו תאונה חד פעמית, אבל אצל כריסטין האנה זה קורה שוב ושוב, ושוב ושוב. ואני לא מבינה למה אני שוב ושוב נופלת לקרוא ספרים שלה.",901622,דרך הגחליליות,קריסטין האנה,,אור-עם,2010,479,ספרות,ספרות מתורגמת,https://cdn.simania.co.il/bookimages/covers90/901622.jpg,https://simania.co.il/bookdetails.php?item_id=901622,https://simania.co.il/showReview.php?reviewId=137853,"דרך הגחליליות הוא רומן רב עוצמה על אהבה, על אובדן ועל קסמה של חברות...
בשנת 1974 משלימה קייט מלרקי עם כך שהיא לא נחשבת מקובלת בקרב תלמידי כיתה ח´. ואז, לתדהמתה, ´הילדה הכי מדליקה בעולם´, טולי הארט, עוברת לגור מול ביתה ורוצה להיות חברתה. לכאורה, נראה שלטולי יש הכול - יופי, שכל ושאפתנות. למראית עין, הן שונות לגמרי זו מזו: גורלה של קייט נגזר להיות חנונית, בת למשפחה אוהבת שמביישת אותה על כל צעד ושעל; ואילו טולי אפופה בזוהר ובמסתורין, אך יש לה סוד שהורס אותה. הן כורתות ברית להיות חברות טובות לנצח, ובסופו של אותו קיץ, הן הופכות להיות טולי ו־קייט, ישות אחת.
כך נפתח הרומן החדש הנפלא פרי עטה של קריסטין האנה. דרך הגחליליות, הנפרש על פני יותר משלושים שנים והמתרחש על רקע פניו המשתנות של חופה הצפון מערבי של ארצות הברית, הוא סיפורן החזק והנוגע ללב של שתי נשים ושל חברותן שנהיית לעמוד התווך בחייהן. 
מההתחלה נואשת טולי להוכיח לעולם את ערכה; היא, שננטשה על ידי אִמה בילדותה, משתוקקת שיאהבו אותה ללא סייגים. שאפתנותה העזה מוליכה אותה לניו יורק ולכל רחבי העולם, והיא זוכה לתהילה ולהצלחה... אך נשארת בודדה.
קייט רוצה רק להתאהב, ללדת ילדים ולחיות חיים רגילים. בדרכה השקטה, קייט שאפתנית כמו טולי. אך היא אינה יודעת כיצד הנישואין והאימהוּת ישנו אותה... כיצד יאבד הקשר שלה עם מי שהיא הייתה ועם מה שהיא אהבה בעבר. והיא אינה יודעת כמה היא תקנא בחברתה הטובה המפורסמת...
במהלך שלושים שנים, מעודדות טולי וקייט זו את זו, גוברות על הסערות שפוקדות את חברותן - על הקנאה, על הכעס, על העלבון ועל הטינה; הן חושבות שהן גברו על הכול, עד שמעשה בגידה אחד מפריד ביניהן... ומעמיד את אומץ לבן ואת חברותן בפני מבחן שאין קשה ממנו.
הרומן הזה, יותר מאשר הנו רומן שעוסק בהתבגרות, הוא סיפורו של דור של נשים שזכו באפשרות לבחור, וגם סבלו בגללה. זהו סיפור על הבטחות, על סודות ועל בגידות. אך יותר מכול, זהו סיפור על האדם האחד והיחיד שמכיר אותך באמת ובתמים - והיודע מה יכול לפגוע בך... ולרפא אותך. דרך הגחליליות הוא ספר שלא תשכחו... ספר שתרצו להעביר לחברה הכי טובה.
...
הסופרת קריסטין האנה הוכתרה על ידי הניו יורק טיימס כסופרת רבי מכר. היא הוציאה לאור חמישה עשר רומנים.",,,,,,39-6582,,,he,Paperback,4.2,21,5,8329,26,0,1
137852,2026-09-27T17:08:54.000Z,5,5,רוני,29324,"איי איגי איגי איזה ספר כתבת....שרפת אותי .....כל דף וכל פרק בום גדול מהתופים שלך. ספר מיוחד בכתיבתו מכיוון שהוא מספר מהסוף להתחלה את קורותיו של בעל בית דפוס שבעברו היה בעל משפחה ( לא למופת) והתדרדר להיות אלכוהוליסט חזק ביותר. נקודת ההתחלה היא יומו האחרון ואז בעצם אנו מתחילים לנבור בעברו ובעבר משפחתו וחבריו אחורה בזמן. לא זוכר שקראתי בעבר ספר שמתפתח כך. הספר מציין מי  הדוברים ומי המספרים ומציין את השנים שבהן נאמרים הדברים. אנו הולכים אחורה עד לשנת 1969. 
בעיניי סיפור המסגרת עצוב מאוד ויורד עד לילדותו של הגיבור (לכאורה) בעירק שבו התפצלה משפחתו והוא איבד את הקשר עם אחותו ( הכי עצוב שיכול להיות) בהמשך בחייו הבוגרים שיחזר את היחסים המשפחתיים הקלוקלים של ילדותו כבעל משפחה בעצמו מה שהביא לסוג של טרגדיה או אובדן ללא ריפוי ( עצוב ביותר מס' 2) . בתחילה הספר סוג של משעמם כי אנו לא יודעים מי ומה הדמויות ומה הקשר שלהם ולכן אני ממש ערכתי לעצמי מראי מקום כולל שמות ותפקידים ובהמשך כשהם נחשפים חזרתי אליהם כדי להיזכר ולהבין. אני מאוד ממליץ לקרוא אותו כי הוא מאוד רלוונטי לימינו ולתא המשפחתי הישראלי השברירי ומתפורר. לדעתי איגי הבין את זה וכיוון לכך שזה ידבר לקורא הישראלי העכשווי למרות שלכאורה מסופר על סיפור מהעבר הרחוק. כל הגרושים גרושות ופרודים למינהן לא לשכוח טובת הילדים קודמת לכל. עכשיו אתחיל לקרוא את 'חווה' ספרו הראשון כי כמו בספר הזה אנחנו חוזרים אחורה בזמן קודם החדש אח""כ הישן. שום מילה על משינה.",1012750,רוח אל האור,איגי דיין,,עם עובד,2024,253,ספרות,ספרות מקורית,https://cdn.simania.co.il/bookimages/covers101/1012750.jpg,https://simania.co.il/bookdetails.php?item_id=1012750,https://simania.co.il/showReview.php?reviewId=137852,"היא התייצבה בדיוק מאחורי ראשי, בלב המת של שדה הראייה. התיישבה ואור קטן נוסף נדלק. עצרתי את נשימתי. לבי קפא ואז החל שועט. בראשי התגוששו ניחושים נוראים עם ניחושים איומים. לא, אלוהים, מה זאת הולכת לעשות עכשיו?! ואז באו המילים. קול זך שכמוהו לא שמעתי מימיי.

את גיבור הספר – בעל בית דפוס לשעבר, אלכוהוליסט, אב כושל – אנו פוגשים ביומו האחרון, אם לא אחריו. רק בערוב ימיו הצליח למצוא שלוות נפש. עשרות שנים נדרשו לו כדי להשלים עם עצמו ועם יקיריו, לעצור את תנופת הכעס והצער, לסלוח, לשמוח.
אז, ככל שהספר מתקדם מעמוד לעמוד, חייו נפרמים לאחור. האהבה והזעם, האמון והבגידה תופסים זה את מקומו של זה בסיפור חייו ובסיפורי חייהם של אהובתו, של אשתו לשעבר, של בתו ושל חברי נפשו.
איתם אנו מעמיקים ומגיעים עד השורש. איתם אנו לומדים על אושרו ועל סבלו, על מה שמצא ועל מה שאיבד, על הטרגדיה המשפחתית שפקדה אותו ועל מי שהיה אחראי לה מאחורי גבו, בלא ידיעתו, מרוב אהבתו.",,,,,,,,,he,Paperback,4.5,4,2,234,9,0,1
137851,2026-09-27T16:54:07.000Z,0,4,רוני,29324,"ספר נחמד, כתוב מזווית ראייה של 4 גיבוריו אשר מחליטים להתאבד בליל חג המולד בקפיצה מבניין מפורסם בלונדון. הם נפגשים על הגג ובעצם מפריעים אחד לשני לבצע את זממו. כל אחד מסיבותיו שלו. בהמשך הם נהפכים לסוג של חברים ואנו למדים על עברם והסיבות שהביאו אותם עד הלום. נחמד כאמור.....סוג של ספר ניינטיז שכזה שהיה באופנה בזמנו בסגנון ""החוף"" , ""טריינספוטינג"" ודומיו. לדעתי יכול לעניין חבר'ה צעירים בעיקר.",97155,ארוכה הדרך למטה,ניק הורנבי,ירון פריד,מודן,2006,240,ספרות,ספרות מתורגמת,https://cdn.simania.co.il/bookimages/covers9/97155.jpg,https://simania.co.il/bookdetails.php?item_id=97155,https://simania.co.il/showReview.php?reviewId=137851,"לונדון, ערב השנה החדשה, גג בניין המקפצה. ארבעה בני אדם זרים זה לזה מגלים שהתאבדות בקפיצה היא לא עניין פשוט, ובהחלט לא אקט אינטימי כפי שציפו.
מגיש תוכניות בוקר בטלוויזיה שהסתבך בפרשיית מין מביכה, מתבגרת פאנקיסטית עם ייחוס משפחתי מפתיע וסוד מחריד, אם חד-הורית לבן בעייתי במיוחד ושליח פיצות אמריקאי שתיכנן להיות ברוס ספרינגסטין הבא. מה פשר הקשר ביניהם? איך הלילה הזה ייגמר? כמה ארוכה היא הדרך למטה ומה באמת ממתין בסופה?

ארוכה הדרך למטה חוקר בווירטואוזיות קומית-טרגית ובתנופה סיפורית עוצרת נשימה, סוגיות של חיים ומוות, אהבה וכאב, אכזבה ותקווה (וגם סקס, סמים ופיצה).

ניק הורנבי, מהסופרים האהובים ביותר בעולם כיום, הוא מחברם של 'על הילד', 'נאמנות גבוהה', 'קדחת המגרש' ('אהבה על הדשא') ו'איך להיות טובים'. זכויות ההסרטה של ארוכה הדרך הביתה כבר נרכשו על ידי השחקן-מפיק ג'וני דפ, שאמר על הספר: ""הוא כל מה שאני תמיד רציתי להיות: עמוק, מצחיק וסקסי.""",,A Long Way Down,,,,20-51219,,,hebrew,Paperback,3.5,185,24,9674,249,1,1
137850,2026-09-27T15:33:03.000Z,5,1,דנה,285971,"״עוד ניחוש״-צ׳רלי דונלי

הוצאת מטר

332 דף

צ׳ריוויו, ויסקונסין, בשנת 2015.

מישהי מקיימת לראשונה יחסי מין עם המאמן כדורעף שלה.

מדיסון, ויסקונסין שנת 2025.

איתן הול בשנת 2015, היה סוכן-בלש באגף החקירות הפליליות לפני שהחליט לעזוב קריירה של בלש וללמוד רפואה במקום.

היה לו שותף במשטרה, הסוכן פיט קריימר שחולה במחלה חשוכת מרפא שמתקדמת מהר ולכן הוא מגיע אל איתן ומבקש בקשה. לעזור לו למצוא מה עלה בגורל קאלי ג׳ונס בת ה-17, שנעלמה לפני 10 שנים בדיוק, והוא לא מצא אותה. 

היתה לה חברה צמודה  גם בנבחרת הכדורעף, בשם לינדזי והיום היא פסיכיאטרית מצליחה, ד״ר לינדזי לרקין.

קאלי בתו של מארק ג׳ונס, המושל.

לאיתן יש בת זוג, מאדי ג׳ייקובסון שהיתה היחידה שנמלטה מהרוצח של אגם מישיגן, פרנסיס ברנרד. היא שוטרת.

פרנסיס ברנרד, רוצח סדרתי אכזרי, שהרג את אביו של איתן,  הנרי, שהיה בלש בכיר במשפחה, והוא הבן אדם האחרון שאיתן רוצה לדבר איתו, אבל נאלץ להגיע אליו כדי לחקור על קאלי ג׳ונס.  

לפרנסיס יש מעריצה אובססיבית שתעשה הכל עבור אהוב ליבה, אבל ממש הכל כולל רצח.

המתח נבנה להנאתי.

ברגע שהגעתי כמעט לחצי ספר, כבר לא יכולתי להפסיק עד הסוף.

והסוף, לא נגמר, יש עוד ועוד.

סיימתי את הספר בחמש בבוקר, כי לא יכולתי להניח מהיד.

וואו!! וואו!! ואוו!! וואו!!

לסוף כזה, לא ציפיתי ולא שיערתי.

הסופר מצליח לכתוב את התגלגלות העניינים בצורה שמתאימה לכל סוף שהיה לפני.

אין שום טעות, הכל מונח לפני הקורא בסדר מופתי, שאותו, בכלל לא שיער.

בהחלט מומלץ!!!!

הרבה מעבר למומלץ!!",1028642,עוד ניחוש,צ'רלי דונלי,כנרת היגינס־דוידי,מטר,2026,336,ספרות,מתח ריגול והרפתקאות,https://cdn.simania.co.il/bookimages/covers102/1028642.jpg?v=1788797403978,https://simania.co.il/bookdetails.php?item_id=1028642,https://simania.co.il/showReview.php?reviewId=137850,"יש סודות שנקברים לעד. ויש כאלה שמסרבים להישאר באדמה.

לפני עשר שנים נעלמה קאלי ג'ונס – הנערה שכל העיירה הכירה ואהבה – במהלך מסיבת קיץ על שפת האגם. נערכו חיפושים נרחבים, כותרות ראשיות זעקו, אך התקווה הלכה ודעכה וגופתה מעולם לא נמצאה. התיק נסגר והאמת נקברה יחד איתו.

איתן הול, הבלש שנכשל בפענוח הפרשה לא הצליח להשאיר את המקרה מאחור. רגשות האשם אילצו אותו לעזוב את המשטרה אבל ביום השנה העשירי להיעלמותה של קאלי הוא נקרא לשוב לחקירה אחת אחרונה.

כדי למצוא תשובות, איתן פונה אל האדם האחרון שהיה רוצה להזדקק לו: פרנסיס ברנרד, רוצח סדרתי אכזרי המרצה מאסר עולם. מאחורי סורגי הכלא, ברנרד עדיין יודע כיצד לשלוט באנשים, לטוות מניפולציות ולהפוך כל שיחה למשחק קטלני. וגם כשהוא כלוא, זרועותיו מגיעות הרבה מעבר לכותלי הכלא.

כי בחוץ מחכה אישה אחת, שמאמינה שפרנסיס הוא אהבת חייה. והיא מוכנה לעשות הכול – לשקר, להרוג ואפילו למות – כדי לשחרר אותו.

ככל שהחקירה מתקדמת, איתן מגלה שהאמת מסוכנת יותר מכל מה שדמיין. בעיירה שבה כולם בטוחים שהם יודעים מה קרה באותו לילה, מתברר שכל אחד מסתיר משהו – ושיש מי שיעשה הכול כדי שהסוד יישאר קבור.

עוד ניחוש הוא מותחן פסיכולוגי מצמרר, חד ומפתיע, שבו כל תשובה מולידה שאלה חדשה, וכל גילוי מטלטל את כל מה שחשבתם שאתם יודעים. ספר זה יותיר אתכם לנחש עד העמוד האחרון. ואז תיאלצו... לנחש שוב.

צ'רלי דונלי נולד בשיקגו, ומתגורר בה עד היום עם אשתו ושני ילדיו. ספריו הקודמים אל תאמינו, חטופה, ואחרי עשרים שנה ראו אור בעברית בהוצאת מטר. חטופה נכנס לרשימת רבי המכר של USA Today ותורגם ליותר מ־20 שפות.

""קצב מסחרר ותפניות עלילתיות מבריקות"". – Publisher's Weekly על כעבור עשרים שנה

""מעולה... דונלי מספר סיפור קצבי וקולח"" – ""הניו יורק טיימס"" על כעבור עשרים שנה",,Guess Again / Charlie Donlea,,,,,מטר - מתח,,he,Paperback,5,3,2,91,2,0,1
137849,2026-09-27T14:58:42.000Z,1,2,זורי,18947,חבל שנושא כה חשוב כתוב בצורה זוועתית גם בעריכה וגם בעברית הקלוקלת. ממש בושה להוציא ספר כזה. מיליון טעויות כתיב ועריכה ספרותית!,997476,מנהיגי ציר הרשע,עופר ריחני,,עופר,2019,550,עיון,,https://cdn.simania.co.il/bookimages/covers99/997476.jpg,https://simania.co.il/bookdetails.php?item_id=997476,https://simania.co.il/showReview.php?reviewId=137849,"עופר ריחני - מנהגי ציר הרשע
מוסוליני היטלר סטלין

המאה העשרים, הידועה כמאה עקובה מדם ואש קרבות, הצמיחה מנהיגים רצחניים רבים.
בלטו במאה הזו באכזריותם הרבה שלושת גיבורי ספר זה. הם פעלו באכזריות, סדיזם, נבזיות
ובשטניות. הקרקע הבוערת באירופה הצמיחה מנהיגי רשע אלו כמו אש בשדות קוצים.

מוסוליני - ניצל חולשת השלטון באיטליה והביא את עמו לסף אבדון.

היטלר - עלה לשלטון תוך ניצול המצב הכלכלי הקשה ששרר בגרמניה והביא את העולם
למלחמה קשה תוך כדי השמדת עם.

סטלין - העריץ באדם שרצח מיליונים מבני עמו ונודע באכזריותו הרבה.

עופר ריחני מתאר בספר זה את מסכת חייהם של שלושת המנהיגים האכזריים בהיסטוריה.
שלושת מנהיגי “ציר הרשע״ יירשמו לעד כהתגלמותו של השטן.",,,,,,800-1902017,,,he,Paperback,2,3,2,512,9,0,1
137848,2026-09-27T14:37:07.000Z,0,2,אסתו'ש,223398,"אוהבת רומני מכתבים של כתיבה מהחיים אך הספר ההתכתבות שכתבה וירג׳יניה אוונס סקרן אותי במיוחד , ראשית כי הוא בראש רשימת רבי המכר של הניו יורק טיימס , ושנית הוא מספרות אמריקאית שאני מאוד אוהבת לקרוא ובפרט שנושא מכתביו הוא של הגיל השלישי שאומנם אני רחוקה ממנו עדיין אך תמיד מסוקרנת לקרוא איך הוא חושב .

בכתיבה ישירה וברגישות נוגעת , כותבת וירג׳יניה אוונס את חלופת מכתביה התכתבויותיה של עורכת הדין בגימלאות סיביל ואן אנטוורפ , אישה מורכבת , חכמה ודעתנית אשר אותם נוהגת לכתוב בכל בוקר מילדותה לבני משפחתה , לילדיה , לאחיה , לחברותיה , ולנשיאת האוניברסיטה שאיננה מאפשרת לה להיכנס לקורסים כשומעת קורסים חופשית , ולעיתים אפילו הרגשתי בקריאתי שהיא ״סוגרת חשבונות״ על משקעי העבר שלה .
ההתכתבות במכתביה היא אופיינית לאישה בת 73 , בה היא חולקת את חיי היום יום שלה , מכאוביה , בדידותה , ואף את זה שהיא מתחילה לראות פחות טוב ובקרוב שהיא גם תפסיק לכתוב כי היא מתקשה כבר לקרוא
לאורך הספר היא גם מתכתבת עם חבריה הסופרים ידועים ומפורסמים , להם מפרגנת על הספרים מוכרים וידועים שכתבו .כמו אן פאצ״ט וקאזואו אישיגארו ועוד .

התכתבות רומן מכתבים מספרות אמריקאית , הנותן תוקף לכולן של מילים , לא רק על דף נייר אלא בחיים עצמם .. ושבמילים ניתן לסגור דלת או לפתוח אותה להתחלה מחדש .

מומלץ !",1028405,ההתכתבות,וירג'יניה אוונס,שרון פרמינגר,ידיעות ספרים,2026,295,ספרות,ספרות מתורגמת,https://cdn.simania.co.il/bookimages/covers102/1028405.jpg?v=1786701158384,https://simania.co.il/bookdetails.php?item_id=1028405,https://simania.co.il/showReview.php?reviewId=137848,"סיביל ואן אנטוורפ, עורכת דין בגמלאות, כותבת ומקבלת מכתבים עוד מילדוּת. זוהי דרכה להבין את העולם ואת מקומה בו. 

בבקרים היא מתיישבת לכתוב – לחברות, לאחִיהָ, לילדיה, לנשיאת האוניברסיטה שאינה מאפשרת לה להשתתף בקורסים כשומעת חופשית, לסופרים כדי לספר להם מה דעתה על ספריהם האחרונים, וגם מכתב אחד שהיא כותבת כבר שנים ועדיין לא נשלח.

חייה של סיביל היו מלאים, והיא מצפה שעולמה ימשיך להתנהל כסדרו. אך כאשר היא מקבלת סדרת מכתבים שמערערים את השגרה השלווה שבנתה לעצמה ומחזירים אותה לעבר, היא נאלצת לבחון מחדש את הבחירות שעיצבו את חייה.

ההתכתבות הוא רומן יפהפה על כוחם של כתיבה ושל ספרים, על הזדקנות, על סליחה ועל הדרכים המסתוריות שבהן אנשים נוגעים זה בחייו של זה. וירג'יניה אוונס רוקמת בכישרון סיפור בלתי נשכח ומלא בחמלה, שיישאר איתכם הרבה אחרי שתהפכו את העמוד האחרון.

וירג'יניה אוונס היא סופרת אמריקאית. רומן הביכורים שלה ההתכתבות כבש את לבם של המוני קוראים ומבקרים ברחבי העולם ונהפך לתופעה ספרותית יוצאת דופן.",,The Correspondent,,,,,,,he,Paperback,4.7,3,1,142,2,1,1
137847,2026-09-27T13:41:42.000Z,4,7,Josefico,77774,"יופי של ספר, סיפור הגירה , שפשוט מתאר מצב, ללא עלילה מובהקת אך עם התפתחות מעניינת של הדמויות תוך כדי, ובעיקר עם כתיבה משובחת של אלונה קמחי.
הזמן הוא ערב בחירות 1977, לקראת המהפך ועלייתו של הליכוד לשלטון. מאשה וויקטור הם שני אחים, עולים חדשים מאוקראינה אשר בשל אירוע טרגי התייתמו מהוריהם. סצנת הפתיחה של הספר היא ההתארגנות ליציאה לטקס האזכרה השנתי להוריהם בבית העלמין. המקום הוא קריית ביאליק, הקריות בכלל ו""הישוב"" אותו קמחי לא מפרטת בו שוכנו העולים החדשים. הואיל וגדלתי בעצמי בקרית ביאליק ובהמשך בקרית מוצקין, אני מעריך בי הישוב הינו קריית אתא (שנקראה אז ""כפר אתא""), או צור שלום אשר הייתה המשכה הצפוני של קריית ביאליק לאורכו של כביש חיפה עכו של אז. 

לאחר מספר שנים בהן הופרדו האחים לאחר מות הוריהם ושהו בפנימיות שונות, אוספת אותם סבתם, קתרין לביתה וכך נוצר תא משפחתי רב תהפוכות. הסבתא, אף היא בעלת סיפור חיים מאתגר, איננה יהודייה, התאלמנה מבעלה היהודי בצעירותה, נקלעה עם בנה הצעיר, מאריק, לימים אביהם של מאשה וויקטור לאודסה עם פלישת הגרמנים והעבירה את שנות המלחמה תוך כדי רומן עם קצין ורמאכט אשר השתכן בדירתה. בהמשך ברחה ללבוב מפחד הצבא האדום אשר כבש את אודסה וחיפש משתפי פעולה עם הגרמנים. 

הפגישה עם הישראליות והצבריות היא משוכה מורכבת עבור שלושתם, וכל אחת מהדמויות מתפתחת בהקשר זה בנתיב משלה. ויקטור מוצא מפלט בביתו של נמרוד בכר, בן לקצין בכיר מחיל הים אשר מתגורר באזור המבוסס של קריית ביאליק של אז. הוא נחשף למשפחה ישראלית ""נורמלית"" החיה בוילה עם דשא ועם גינה, עם משחקים וכדור רגל הנותרים בחצר, עם רדיו קסטות משוכלל, חדר לכל ילד וחלומו הוא להפוך לבן בית בתא המשפחתי הזה. הוא מנתק לאט לאט את עצמו מסבתו ואחותו תחת האשליה כי על ידי כך ישיג את ישראליותו. מאידך, נמרוד המצוי בעצמו בשנות מרד גיל ההתבגרות שלו מאמץ את ויקטור לחיקו, תרתי משמע, ומשם הולכים הדברים ומקבלים תפנית של נוער שוליים הבאה לידי ביטוי בבריחות יומיות מבית הספר, נסיעות בטרמפים למדינת אכזיב של אלי אביבי של סוף שנות השבעים, התוודעות לטיפוסים הססגוניים אשר היו פוקדים את ה""מדינה"" הזו, אלכוהול למכביר, עישון ובואכה חשיש וסמים. באופן הדרגתי, נוצרת תלות של ויקטור בחברות עם נמרוד באופן בו הוא מגדיר באמצעותה את ישראליותו. ברגע שנמרוד נעלם, ישראליותו של ויקטור לכאורה מתפוגגת והוא חווה משבר נפשי ופיזי שמביא את גיבורי התא המשפחתי של העולים מאוקראינה לעימות בלתי נמנע. 

קתרין, לעומתו, מוצאת מפלט אצל ג'ולייט, בעלת המכולת אשר בה היא קונה. נוצרת ביניהן חברות אמיצה בה הופכת הסבתא לבת בית אצל ג'ולייט אשר מתגוררת עם אימו של בעלה המנוח המבוגרת והלא צלולה, ועם גבריאל, נכדה הלוקה בשכלו, בנה של ליאורה בתה החיה בצרפת. גם כאן, הולכת ומתרקמת חברות אמיצה בין שתי הנשים עד כדי כך שנוצרת החלפה לכאורה במושג ה""משפחה"" אצל קתרין והיא הולכת וזונחת את נכדיה, עד שמגיעה תפנית בלתי נמנעת.

למאשה יש מסע משלה. היא נפלטת מהפנימייה הראשונה בה שוכנה יחד עם ויקטור ממש בסמוך למות הוריהם, בשל חוסר הסתגלות לכאורה ועוברת לפנימייה אחרת ולמעשה מכאן מופרדים האח והאחות. בהמשך, היא מתחברת לתלמידי בית הספר מישל""ב בחיפה אשר היה מוסד חינוכי אקסטרני, אך גם מהם היא נפרדת. היא נוטשת את הספרים שליוו אותה בתקופה זו כ""זאב הערבות"" , ""זן ואחזקת האופנוע"", ""סידהארתא"" ומנסה לחזור לחיק העולים החדשים מברית המועצות, אלו שמהם התרחקה מאד כאשר החלה לגור עם קתרין. היא מאמצת חבר עם רקע דומה לשלה - ואדיק החייל ומשתתפת במסיבות בני נוער של עולים חדשים במקלט השיכון, אפופות עשן סיגריות, אלכוהול – ""צ'חצ'חים"" רוסים – כלשונו של ויקטור. המתח בין בדלנות מאוכלוסיית העולים אל מול מאמצי הקליטה מול הצברים מוביל אותה בסופו של דבר לצאת למסע בסיני, ממנו היא חוזרת אחרת, בדיוק אל מול עיתוי התהפוכות בחיי ויקטור וקתרין.

נושא הגדרת הזהות משתקף לכל אורכו של הספר: ""ארץ המוצא הייתה פרט מהותי בזהות, לא פחות ממינו של האדם או מגילו"". בנוסף, אנו מקבלים מבט מקרוב לריבוד המעמדי כביכול בין אוכלוסיות העולים השונות. בווילות המבוססות יחסית, שכנו ""היקים"" בעוד שבפחונים התגוררו העולים ממרוקו, תוניסיה, עיראק. בשיכונים הצפופים שכנו העולים מרוסיה ואוקראינה, הגרוזינים, הבוכרים והעולים מהקווקז. רחוק משם, גרו הדרוזים והערבים. כל תפוצה ועדה הייתה מחולקת לתתי תרבות ושבטים בתוך עצמה, ובחוויה של ויקטור התקבל כאוס אינסופי. 

ברמה האישית, הקריאה בספר השיבה אותי אל מחוזות ילדותי עם ציון מראה מקום שונים לאתרים אייקוניים של הקריות, כגון קולנוע סביון המיתולוגי בקרית ביאליק, או בית העלמין בדרך המובילה לקיבוץ אפק ולשמורת הטבע שנקראה בסלנג שלנו ""גבעת הכלניות"" - נקראת היום שמורת אפק, וכן הלאה. זוכר גם את האופן שבו ראינו אנחנו - ילדים צברים בקריות, אזורי עולים חדשים כמו קרית אתא או צור שלום , עם התיוג הספציפי של משהו אחר מאיתנו.

אלונה קמחי נולדה באוקראינה ועלתה לישראל בשנת 1972 כשהיתה בת שש. את שנות ילדותה בילתה בקריות, במחוזותיהם של ויקטור ומאשה. זכתה בפרס אקו""ם ליצירה ללא שם על ""אני אנסטסיה"" ובפרסים נוספים לרבות כלת פרס ראש הממשלה לשנת 2001. את ""ויקטור ומאשה"" הוציאה בשנת 2012. כתיבתה קולחת וכאמור משובחת.",960439,ויקטור ומאשה,אלונה קמחי,,כתר,2012,368,ספרות,ספרות מקורית,https://cdn.simania.co.il/bookimages/covers96/960439.jpg,https://simania.co.il/bookdetails.php?item_id=960439,https://simania.co.il/showReview.php?reviewId=137847,"השנה היא 1977. ויקטור בן השש-עשרה ואחותו הגדולה מאשה חוזרים סוף סוף לחיות יחד. שנים ספורות לפני כן היגרה משפחתם מאוקראינה לישראל, אך כעבור זמן קצר נהרגו הוריהם בתאונת דרכים והשניים החלו לנדוד בין פנימיות וקיבוצים, עד שבאה סבתם קתרין אף היא לארץ ואספה אותם לביתה. אלא שדווקא כשוויקטור ומאשה מתאחדים, עניין חדש מאיים להפריד ביניהם: נמרוד בכר, בן כיתתו של ויקטור ו""מלח הארץ"", מאמץ את חברו ""העולה החדש"". מאשה הקשוחה, הקשורה בכל נימי נפשה לאחיה הקטן, רואה אותו נשמט בהדרגה מאחיזתה, ואילו ויקטור עדין הנפש נקרע בין הנאמנות לאחותו ובין החברות המתהדקת עם נמרוד, מושא תשוקתו - עד להתפרצות הבלתי נמנעת.
ויקטור ומאשה הוא רומן יוצא דופן בספרות העברית. את סיפורם המסעיר של האח והאחות היתומים נוטעת אלונה קמחי בתוך המציאות המסוכסכת של חברת המהגרים בַּקְריות ערב המהפך הפוליטי של 1977. העלילה האישית היא אפוא גם סיפור על הגירה, היטמעות והיבדלות, ועל הקשר המרתק שבין מיניות ולאומיות. בד בבד עם ה""ישראליות"" המובהקת כל כך של הרומן ניכרות בכל עמוד שלו השפעותיה של הספרות האירופית, ובעיקר הרוסית, ומתוך הצירוף הלא שגור הזה בוקע כישרונה של קמחי במלוא עוצמתו. הדרמטיות של רגשות האהבה, הקנאה והשנאה; החדירה חסרת הרחמים אל נפש הדמויות; התיאור הנוקב והיפהפה של הסביבה שבה הן פועלות – כל אלה נושאים איתם ניחוח ספרותי זר ונפלא, שכמו הגיע מארץ מוצאם של קמחי ושל הדמויות שבראה. 
אלונה קמחי  נולדה באוקראינה ובגיל שמונה הגיעה לארץ עם משפחתה. ויקטור ומאשה הוא ספרה החמישי. ספריה  ""אני אנסטסיה"", ""סוזנה הבוכייה"" ו""לילי לה טיגרס"", זיכו אותה בפרסים רבים ובשבחי הביקורת, היו רבי מכר ותורגמו ל-14 שפות.",,,,,,10-276384,כתר - סדרה לספרות יפה,,he,Paperback,3.9,36,14,4731,80,0,1
137846,2026-09-27T11:05:02.000Z,0,3,קולומטה,309313,"גמייקה קינקייד- אני ג'ון/לוסי
את אני ג'ון התחלתי לקרוא מתוך התנגדות הולכת וגוברת לגיבורה. בעיקר היה לי קשה להבין את עוצמת הכעס שלה כלפי משפחתה, ובמיוחד כלפי אמה. כאם מצאתי את עצמי כמעט כועסת עליה בחזרה. הורים אינם מושלמים; הם טועים, מאכזבים, ולעיתים גם פוגעים בילדיהם עם או בלי שהתכוונו לכך. אבל בין ההכרה הזאת לבין העוינות הכמעט מוחלטת שמתפתחת אצל אני ג'ון כלפי אמה יש מרחק שהתקשיתי לגשר עליו. גם ההסבר המוצע על כריכת הספר, שזהו סיפור על גיבוש זהות ועצמאות, מבחינה אישית, מינית, גזעית ותרבותית, לא שכנע אותי בשלב הזה. הרצון להיפרד מן ההורים הוא חלק מוכר מן ההתבגרות, אך הוא אינו מסביר בעיניי כשלעצמו את עוצמת השנאה. לכן השאלה שליוותה אותי בקריאה לא הייתה רק כיצד אני ג'ון נעשית לאדם נפרד מאמה, אלא שאלה מטרידה יותר: מה בסיפור הזה אמור להצדיק בעיניי את עוצמת הכעס שלה? מה קינקייד מבקשת שאבין, ואני עדיין איני מצליחה לראות? האם זה קשור לכך שאני ""פריבילגית""? שנולדתי עם כפית של כסף? גם בעיני זה לא הסבר משכנע. 
אני מנסה לבחון את תגובתה של אני גון/לוסי לאמה מול רומנים אחרים של אטווד, מונרו ווינטרסון למשל, המתמקדים גם הם ביחסי אם בת.  כאן מתחדד בעיניי ההבדל בין קינקייד לבין סופרות אחרות שכתבו על המשפחה כמוסד מגביל ואף מדכא. אצל אטווד ומונרו קיימת ביקורת חריפה על התפקידים שהמשפחה מכתיבה לנשים ועל האופן שבו אמהות עצמן נעשות לעיתים סוכנות של אותם כללים, אך לצד הביקורת נשמרת גם אמפתיה כלפי האם: ההבנה שגם היא פועלת בתוך עולם של ציפיות, ויתורים ואילוצים שלא היא יצרה. אצל קינקייד, לעומת זאת, נדמה שהבת אינה רק נפרדת מן האם אלא כמעט חותכת את הקשר איתה, ומסרבת להעניק לה את אותה הבנה בדיעבד. גם ההסברים שהרומן מציע : העדפת הבנים על פני הבת, הציפייה מלוסי למלא תפקיד נשי שנקבע מראש, ואפילו המטען הסמלי של שמה, הקשור ללוציפר , אינם מספקים אותי לגמרי כהסבר לעוצמת הדחייה. הדבר בולט עוד יותר בהשוואה לג'נט וינטרסון: דווקא היא, שחוותה מאמה המאמצת התעללות דתית ורגשית מפורשת וקיצונית בהרבה, מצליחה בכתיבתה המאוחרת להחזיק יחד כעס, פגיעה ואף גינוי, ובכל זאת לנסות להבין את האם כאדם שנוצר בתוך נסיבותיו שלו. אצל קינקייד חסרה לי אותה תנועה כפולה. אולי זו בדיוק העמדה הרדיקלית שלה: הסירוב לדרוש מן הבת אמפתיה רק משום שהפוגעת היא אמה, אבל כקוראת, ואולי גם כאם, אני עדיין מתקשה לקבל שההשתחררות מן המשפחה מחייבת כמעט מחיקה של האפשרות לראות את האם עצמה כסובייקט.
עם המשך הקריאה, ובמיוחד בלוסי, נדמה לי שקינקייד מעלה יותר מכל כתב אישום נגד המשפחה כמוסד המייצר מראש לא רק תפקידים אלא גם רגשות. ארווין גופמן,ב- The Presentation of Self in Everyday Life, מאפשר לראות את המשפחה כ־performance team , כלומר בני המשפחה משתפים פעולה בשימור תמונה של זוגיות, הורות ואושר משפחתי, לאו דווקא מתוך זיוף מודע, אלא משום שזהו הסדר שבתוכו הם יודעים מי הם. הוכשילד מוסיפה רובד עמוק יותר: המשפחה אינה דורשת רק התנהגות הולמת אלא גם רגשות הולמים. היא קובעת, במפורש או במובלע, שילדה צריכה לאהוב את אמה ולהתגעגע אליה, שאשה צריכה לאהוב את בעלה, שאם טובה אמורה למצוא סיפוק באמהותה, ושבני המשפחה צריכים להרגיש הכרת תודה, נאמנות ושייכות. במובן זה המשפחה אינה רק במה שעליה מציגים רגשות, אלא מוסד שמגדיר מראש אילו רגשות ייחשבו ""אמיתיים"", ומי רשאי לצפות להם מן האחר.
מכאן הרדיקליות של לוסי: היא אינה מסתפקת בחשיפת מה שמתרחש מאחורי הקלעים של משפחתה שלה או של מריה; היא מסרבת לקבל את עצם החובה לשתף פעולה עם כללי הרגש של המשפחה. דווקא כאן אני מתחילה להבין אחרת גם את הסירוב שלה להעניק לאמה את אותה אמפתיה מאוחרת שמונרו, אטווד ואפילו וינטרסון מאפשרות לאמותיהן. אולי זה אינו חסר בסיפור אלא חלק מטענתו: גם הדרישה מן הבת ""להבין את אמא"", לסלוח לה ולהכיר בכך שגם היא הייתה קורבן של נסיבותיה, עלולה להפוך לעוד חובה רגשית שמוטלת עליה משום שהיא בת. אני עדיין מתקשה עם העמדה הזאת, אבל אולי ההתנגדות שלי אליה היא בדיוק המקום שבו קינקייד מצליחה לערער אותי.
וכאן חוזרת שאלתה של וינטרסון: למה לך להיות מאושרת אם את יכולה להיות נורמלית? הדמויות של קינקייד בוחרות להיות ""לא נורמליות"" במובן שהן מסרבות לציית לתסריט שנכתב עבורן. אבל בסופה של לוסי נותרת השאלה אם החירות הזאת מספיקה. לוסי מבקשת לעצמה אהבה בעוצמה כמעט קטלנית, וכאשר היא כותבת את המשאלה הזאת היא פורצת בבכי. נדמה שהרומן מסתיים בדיוק במקום שבו עצמאות ואהבה שוב מתנגשות: לוסי כבר יודעת כיצד לא לתת לאחר להגדיר אותה, אבל עדיין לא ברור אם היא יודעת כיצד לאהוב בלי לחוות את האהבה כאיום על העצמי. האם אפשר להיות רדיקלית, עצמאית וחופשייה, ובכל זאת לאהוב מבלי לחזור ולהיות מה שהאחר זקוק שתהיי? עם השאלה הזאת אני נשארת.",29134,אני ג'ון / לוסי,ג'מייקה קינקייד,רן הכהן,הקיבוץ המאוחד,2000,198,ספרות,ספרות מתורגמת,https://cdn.simania.co.il/bookimages/covers2/29134.jpg,https://simania.co.il/bookdetails.php?item_id=29134,https://simania.co.il/showReview.php?reviewId=137846,"בספר זה שני רומאנים קצרים על התבגרות נשית מאת ג'מייקה קינקייד, אחת הסופרות האפרו - אמריקאיות הבולטות ביותר, ודמות מרכזית בתנועה הספרותית הקאריבית. אני ג'ון (פורסם לראשונה ב - 1985) מתרחש באי קאריבי קטן, ומתאר את חיי הגיבורה מגיל עשר עד שבע - עשרה. ראשיתו של הסיפור בקשר סימביוטי עם האם, הנפרש לפנינו בכל החמימות והעושר החושני של אופן קיום מסורתי בארץ טרופית: המשכו בנתק וניכור הולכים וגוברים בין השתיים: וסופו כשהגיבורה מפליגה ללימודים באנגליה  - עזיבתה היא הפניית עורף מתריסה לאי הולדתה ולכ עברה. לוסי (פורסם לראשונה ב - 1990) ממשיך למעשה את הסיפור. ברומאן זה אנו פוגשים את הגיבורה כנערת או - פר בת תשע - עשרה באמריקה. אנו מלווים אותה מיומה הראשון בציווליזציה האורבנית, השונה כל כך מזו של האי, וחווים איתה את מאבקה העיקש לשמור על זהותה ועל עצמאותה מבחינה אישית, מינית, גזעית ותרבותית. חביבותם, פתיחותם ותיחכומם של מעסיקיה אינם מוליכים אותה שולל, והתבוננותה המפוכחת חושפת באירוניה מושחזת את נקודות התורפה ואת האשליות של העולם החדש המקצה לה מקום של חולשה ונחיתות.",,Annie John & Lucy,,,,31-3274,,,he,Paperback,3.9,8,2,3136,33,1,1
137845,2026-09-27T10:11:36.000Z,5,2,מר @ (שטרודל),10040,לפגוש את החומש מחדש. פשוט חוויה פוקחת עיניים ומרתקת. מומלץ לכל אחד. ובעיקר למי שמורגל לקריאת התורה שנה בשנה.,229378,חומש לישראל,משולם זוסמן,,ידיעות ספרים,2012,600,יהדות,,https://cdn.simania.co.il/bookimages/covers22/229378.jpg,https://simania.co.il/bookdetails.php?item_id=229378,https://simania.co.il/showReview.php?reviewId=137845,"חומש לישראל עוצב מחדש לאור המבנה והסדר של פרשיות התורה. עיצוב זה מאפשר קריאה ולימוד של הסיפורים כיחידה עצמאית, עם תשומת לב לפרטים, יחד עם ראיית ההקשר הכללי שלהם. חלוקת הפסוקים נעשתה על פי החלוקה של טעמי המקרא, ופסוקים שבהם מופיע ציטוט, מופיעים בגוון אפור במטרה לסייע בהבנה. הפריסה לפי נושאים, הכותרות לאורך הספר, תוכן העניינים המפורט על פי נושאים והמפתח, מקלים על הקורא להיחשף למבנה החבוי בתורה.",,,,,978-965-545-4,362-4515,,,he,Paperback,5,1,1,533,3,0,1
137844,2026-09-27T08:33:49.000Z,1,6,טל,334664,"ספר שיצא השנה, שמקבל הרבה הערכה וביקורות משבחות. גם שתי הביקורות פה באתר מאוד חיוביות.
ולכן קצת הפתיע אותי שלא הצלחתי להתחבר אליו. הוא עוסק ביחסי אם ובתה, ונוגע בהיבטים שאמורים להיות מעניינים:
הסתכלות על תקופת הילדות דרך עיניה של אישה בוגרת, חילוף התפקידים (הבת שהופכת להיות ההורה, עקב קשיי התפקוד של האם), אולי תחושת אשמה על חוסר היכולת להציל את אימא, ובעיקר תחושת ההחמצה על קשר שלא התממש באמת. נושאים שיכולים להיות מעניינים ונוגעים מאוד. אבל זה לא קרה לי עם הספר הזה. כאילו כל המרכיבים נמצאים אבל זה לא מצליח לעניין או לגעת. לא הרגשתי חיבור למספרת. הייתה חסרה לי איזה חמימות, ויותר תחושה של לב. אני חושבת שהבעיה שלי היא עם הכתיבה עצמה, ולא עם התוכן. לא התחברתי לסגנון הכתיבה. הוא מרוחק מדי. יש בספר גם עניין נוסף שלא אפרט, כדי לא לעשות ספויילר, אבל גם הוא מתואר בכתיבה שהרגישה לי לא באמת נוגעת. לסיכום, משהו שם לא עבד לי.",1027378,דיוקן עצמי של אימי,יערה שחורי,,כתר,2026,264,ספרות,ספרות מקורית,https://cdn.simania.co.il/bookimages/covers102/1027378.jpg?v=1778692963745,https://simania.co.il/bookdetails.php?item_id=1027378,https://simania.co.il/showReview.php?reviewId=137844,"במשפחת רוזנבוש תמיד חיו עם המתים. דרכו על גרונם, דיברו מפיהם, היסו את קולותיהם. מתים עלולים להגיד גם את מה שלא מוכרחים לשמוע. 

נערה נשלחת מתל אביב של שנות השישים אל הדוד בארגנטינה, להתחיל בחיים חדשים. בעודה במטוס, הדוד לוקה בליבו ומת. בבת אחת היא הופכת לאורחת לא רצויה, ונדרשת - לא בפעם האחרונה - להמציא את עצמה מחדש. 

לאחר מותה, בתה הסופרת מחליטה לכתוב את הגרסה שלה לסיפורה של אימה: אישה כרזימטית, מבריקה ושבורה מהיסוד. במהרה היא נאלצת לשכוח כל מה שהיא יודעת על כתיבה, כי גם אם הצליחה לכתוב גרסה אחת של האם, ישנן אלף אחרות. 

מתצלומים שדהו, מודעות בעיתון וארכיב פנימי, המחברת מותחת קווים אל הבית המחניק בתל אביב, ורשה שלפני המלחמה, בואנוס איירס, קומונה ליד מילאנו, ולבסוף קיבוץ. בין סודות מושתקים ופקעת של אשמה, היא מחפשת את הסיפור שהאם ניסתה לספר אך לא היה מי שיקשיב.

דיוקן עצמי של אימי הוא פורטרט מסחרר, שבו הכתיבה מתפקדת כמעשה אחרון של הצלה. זהו ספר הפרוזה החמישי של יערה שחורי, משוררת וסופרת, זוכת פרס ענון, והאישי מכל ספריה.",,,,,,,הסדרה הקטנה,,he,Paperback,3.3,4,3,167,1,0,1
137843,2026-09-27T08:18:05.000Z,5,3,דרור,207617,"הברנש הקטן הוא ספרו הראשון של הסופר היידישאי מנדלי מוכר-ספרים. לפני כן שלום-יעקב אברמוביץ כתב בעברית. זה היה לפני כ-160 שנה. ובכל זאת, הוא נקרא כאילו נכתב אתמול. לא רק בזכות שפת התרגום של שלום לוריא, אלא בגלל התוכן. לפעמים אומרים על מישהו בתור מליצה שהקדים את זמנו במאה שנה; מנדלי הקדים את זמנו ביותר.

למשל, המילים ששם בפיה של הרבנית כאשר באה לקרוא לרב שיטפל בזרם הפונים אליו ובכך גרמה להפסקה בפגישה המתארכת שלו עם נגידי העיר (עמ’ 139):
- אך מפני מה נאמר בכתובים שלנו, שכל חוכמת האשה אחוזה בכישור?
- וזה מפני שהדברים נכתבו על-ידי גבר. אתם בוודאי החכמים, כאשר אתם מחזיקים את הנשים בידיכם! … איני שואלת אתכם, כיצד אתם באים לפסוק לנו דברים, אשר אנו יודעות אל-נכון ואף רואות במו עינינו שאין הם נכונים! כלום היו בזמנים קדמונים בינינו, בין היהודים, מעט נשים נביאות וחכמות? האם גם היום, בזמן הזה, יש מעט נשים חכמות ומוצלחות, שרמתן גבוהה מרמת גברים רבים? נדמה לי שגם כאן, אצלנו, כאן בעיר, ניתן למנות נשים רבות, שרק הודות לחוכמתן וזריזותן בלבד הגיעו בעליהן למה שהגיעו. … אף על פי כן, אם מתרחש מאורע כלשהו בעיר, או אף עניין רציני אחר, מכירם רק את אותם בעלי-הבתים, מהם שאין כוחם יפה אפילו לקשור זנבו של חתול.

והנה מה שכתב על מערכת החינוך החרדית (עמ’ 80):
מה טיבו של ‘תלמוד תורה’ הרי אתם יודעים, ואני פטור מלתארו. אין זה אלא בור העשוי כדי לקבור בו ילדים יהודים עניים, לטמטם את מוחותיהם ולנתק אותם מן העולם. זהו בית-חרושת, שתכליתו לייצר בני-בליעל, בטלנים, נפשות אומללות, זרוקות, עזובות ומוזנחות. זהו כוך שומם, חור, חורבה מזוהמת הניצבת על כרעי תרנגולת, כידוע ורגיל בעיירות שלנו; ממש חרפה ובושה ש""מוסדות"" מעין אלה נושאים שם כה יקר וקדוש…

ולסיום, הנה החלק מהווידוי של הנוכל שהוא גיבור הסיפור, הנוגע להשפעתו על תהליך בחירת נבחרי הציבור, שקשה להאמין שלא נכתב באופן מפורש וישיר לתאר את מפלגת הליכוד ואת שלטון נתניהו (עמ’ 192):
המעלות הדרושות לאנשים כדי שיבחרו אותם לתפקידים כלשהם, כגון הגינות, תבונה, ראש-על-הכתפיים, פה-דובר, עט-כותב, וכדומה; המעלות המקובלות בעולם והעשויות להועיל מאוד בעיר – בעיני ובעיני בני-כנופייתי לא היו אלא חסרונות. אני הייתי זקוק לאנשים, שאינם מקובלים בעולם ואינם מסוגלים להביא אף קורטוב של תועלת לעיר, באשר מה שהיה טוב ומועיל לעיר לא היה לחלוטין טוב ומועיל בשבילי. אני הייתי זקוק לאדם זרוק, לא-יוצלח, מעין רתמת עור, שאוכל לכופף ולהטות אותה לכל כיוון רצוי לי, ברנש שיהיה מוכן תמורת פרוטות למכור את נשמתו, שיהיה נכנע מאוד ומתחנף אלי ואל חבורת מרעי. ומפני שהקהל בכסלון [שֵם העיר בסיפור] היה שרוי תמיד באיוולת, כמוהו כילד קטן, ותמיד שמח להיות מובל באף, הוא בחר תמיד, בימי הבחירות לפקידות כלשהי או לרבנות, דווקא את הזרוק הזה, הלא-יוצלח, הגולם שרציתי בו, אשר גרם להלן לציבור לא מעט כאב-בטן.

לפני 160 שנה, הסיפור הזה - שכל כולו ביקורת נוקבת על הנוכלים שצוברים עושר וכוח תוך כדי ניצול פשוטי העם ופגיעה מתמשכת בהם, עד כדי הרס משפחות וגרימת מוות – הפך את הסופר לאחד המוכרים והמפורסמים ביותר בקהילת דוברי וקוראי היידיש. ואילו כיום, מה הסיכוי שסיפור כזה היה מתפרסם, קל וחומר הופך לרב מכר ומביא כבוד ויקר למי שכתב אותו?",1015074,הברנש הקטן [מהדורת 2024],מנדלי מוכר ספרים,שלום לוריא,כרמל,2024,214,ספרות,ספרות מתורגמת,https://cdn.simania.co.il/bookimages/covers101/1015074.jpg,https://simania.co.il/bookdetails.php?item_id=1015074,https://simania.co.il/showReview.php?reviewId=137843,"""הברנש הקטן"" הוא מושג המתגלגל בסיפור וידויו של ר' יצחק­­־אברהם תקיף, ממטפורה תמימה (האישון בבת העין!) אל משמעות כמעט דמונית, ובא לציין ישות חברתית מושחתת, אלימה וטפילית. גיבור הסיפור הופך ממושפל ומדוכא למשפיל ומדכא, משלומיאל נקי­­־כפיים למצליח מושחת המידות. 
רק ייסורי המצפון, המתעוררים להדריך את מנוחתו, מולידים את הדחף לחזור בתשובה באמצעות וידוי, המתגלם בספר שלפנינו.

עלילתו הדרמטית של הסיפור רוקמת שתי טרגדיות: האחת מוסרית, הטרגדיה של הברנש הקטן שהצליח במעשיו והשביע את תאוותיו, אך נפשו נקפה מאובדן אהובתו שבה בגד ושאותה נטש לאנחות; מבעד לסיפור סיוטי החלומות של הברנש, המתייסר בסוף חייו, צפה ועולה הטרגדיה השנייה, של קורבנו, היא גולדה, אשתו של הברנש שבעטיו איבדה את כל עולמה.

סיפור חניכותו וגידולו של ""הברנש הקטן"" הוא מופת אמנותי נדיר, מהראשונים בספרות היידיש המודרנית: ראשיתו בדמיון תמים והמשכו בקליטה חושית; עיבורו בתודעה וגמילתו בהוויה יצרית ואלימה. 
הקול הפרטי משמש בו אספקלריה ריאליסטית ודקת אבחנה ל""מצב האנושי"", המנוסח ביד האמן של אחד מגדולי סופרי היידיש והעברית בעת החדשה.",דאָס קליינע מענטשעלע,,,,978-965-7829-16-5,24951302,,,he,Paperback,5,1,1,98,1,0,1
137842,2026-09-27T06:03:35.000Z,1,5,ליליאן די,325886,"לפעמים ספר מסיים את תפקידו ברגע שהוא מונח על המדף באנחת רווחה, ו""הבתולות"" של אלכס מיכאלידס הוא דוגמה מובהקת לאיך מותחן פסיכולוגי מבטיח יכול לקרוס אל תוך מחוזות הפארסה והגיחוך. הגעתי אליו אחרי נטישה של ספר כבד ומתיש, מתוך כוונה ברורה לקבל ""מנקה חך"" קצבי, חכם וסוחף מבית היוצר של מי שכבר הוכיח ב""המטופלת השקטה"" וב""רוחות הזעם"" שהוא יודע לבנות קול ייחודי, לא אמין ורב-שכבתי. במקום זאת, מצאתי את עצמי מול מפגן של תסריטאות מסחרית זולה, תפרים גסים ומניפולציות שחוקות שמזלזלות באינטליגנציה הבסיסית ביותר של הקורא.
העלילה עוקבת אחר מריאנה אנדרוס, פסיכותרפיסטית קבוצתית השקועה באבל עמוק על מות בעלה, שמוזעקת לקמפוס אוניברסיטת קיימברידג' לאחר שחברתה של אחייניתה נרצחת באכזריות. מריאנה נשאבת למרדף אובססיבי להוכחת אשמתו של פרופסור כריזמטי לטרגדיות יווניות ולחוג הסטודנטיות המסתורי שלו, המכונה ""הבתולות"". על הנייר, הרקע האקדמי הגותי אמור היה לספק מתח אינטלקטואלי סמיך; בפועל, הקישוטים המיתולוגיים מרגישים מודבקים ומאולצים, כאילו נועדו לייצר נופך עמוק יש מאין, אך אינם מחזיקים דבר.
הבעיה המרכזית נעוצה בהיעדר מוחלט של היגיון פנימי ומנוע תודעתי אמין. מריאנה אמורה להיות פסיכותרפיסטית מנוסה וחדת הבחנה, אך היא נוטשת את מקצועה כדי להפוך לבלשית חובבת שנכנסת לזירות רצח, עוקבת אחרי חשודים ומנהלת חקירות עצמאיות בחסות משטרה אדישה באופן מגוחך. הטענה שהיא פועלת מתוך דחף ""להגן"" על סביבתה מתגלה כמסך עשן קלוש: אם נשקפת סכנה כה ברורה, הדבר המתבקש היה להרחיק את היקרים לה מהמקום, ולא להשאיר אותם בלב התופת. הקשר הרומנטי המאולץ שנרקם מול פרד מרגיש כמו סימון וי פונקציונלי וחסר כימיה ברשימת מכולת של נוסחאות ז'אנר, ומסעותיה החוזרים של מריאנה בין תחנות העבר בקיימברידג' אינם מעמיקים את הנפש אלא ממחזרים תוגה לקונית ושטחית.
שיא הקריסה מגיע במבנה העלילתי ובאמינות המציאותית של הסיפור. כאשר גופה שנייה ושלישית מתגלות באותו מעגל סטודנטיאלי מצומצם, ההיגיון הבסיסי דורש סגר משטרתי, היסטריה המונית ופינוי של המוסד. במקום זאת, הקמפוס ממשיך להתנהל באדישות מנומנמת של תה ועוגיות, רק כדי לאפשר לדמויות להמשיך להחליף משפטים אניגמטיים במסדרונות. התרגילים העלילתיים נשלפים בחוסר עידון זועק: חשודים מרכזיים נבנים בזה אחר זה כפיתיונות בולטים מדי, עם סיפורי עבר שמודבקים ברישול מופגן כדי שיתאימו ליומני הרוצח. זו אינה כתיבה חכמה; זו הונאה ספרותית בנאלית שבה חלקי הפאזל נזרקים בגסות אל עיני הקורא.
רגעי החסד הבודדים – ואולי הסיבה היחידה שהספר אינו מקבל אפס עגול – מגיעים מאותם הבזקים פסיכולוגיים קצרים של מריאנה ומונולוגים קטועים מיומני הרוצח, שבהם ניכר שלסופר יש רקע והבנה בשברי נפש ובטראומות ילדות. אלא שהתובנות הללו מתפוגגות במהירות מול פתרון עלילתי מופרך, מאולץ ומגושם. המניעים שנחשפים ברגעי השיא מפרקים לחלוטין כל גרם של היגיון שנבנה קודם לכן, והרעיון שמטפלת מקצועית וכה מיוסרת הייתה עיוורת לחלוטין למציאות חייה ולדינמיקות הקרובות ביותר אליה הופך את כל הסיפור לפארסה ריקנית.
בסופו של דבר, ""הבתולות"" מתפקד אולי כמנקה חך טכני ומהיר שהדפים בו מתהפכים מעצמם, אך כרומן מתח פסיכולוגי מדובר בכישלון צורם. מותחן מסחרי רדוד, מופרך ועייף, שמוכיח שלפעמים גם סופר מוכשר יכול להתחרפן לחלוטין ולספק עבודה נוסחתית וחסרת נשמה. כוכב אחד, וגם הוא בחסד.",1001635,הבתולות,אלכס מיכאלידס,מאנגלית : רחל פן,פן | ידיעות ספרים,2021,352,ספרות,ספרות מתורגמת,https://cdn.simania.co.il/bookimages/covers100/1001635.jpg,https://simania.co.il/bookdetails.php?item_id=1001635,https://simania.co.il/showReview.php?reviewId=137842,"אלכס מיכאלידס עושה זאת שוב. 
ספרו החדש של מחבר רב-המכר העולמי המטופלת השקטה הוא מותחן כובש המשלב רצח, פסיכולוגיה, ומיתולוגיה יוונית.

קולג' סנט כריסטופר, קיימברידג', הוא עולם סגור עבור רובנו. בשביל מריאנה אנדרוס – מטפלת קבוצתית המתמודדת עם אבל פרטי משלה – זהו המקום בו היא פגשה את בעלה המנוח. בשביל אחייניתה, זואי, זוהי זירת הרצח של חברתה הטובה ביותר.
מריאנה נחפזת לקיימברידג' לתמוך בזואי ונקלעת לחקירת הרצח. היא מתוודעת לדבר קיומה של אגודה אפופת סודות העוברת טלטלה עזה עקב מות סטודנטית החברה בה. מאחורי היופי האנגלי האידילי נחשפים קנאה וזעם שמקורם בקבוצת סטודנטיות הידועה רק בכינוי ""הבתולות"", והמצויה תחת השפעתו המאיימת של הפרופסור המסתורי אדוארד פוסקה. פוסקה נראה כמי שיודע יותר מכל אחד אחר על מעשה הרצח – ועל הקורבן. הוא גם יהפוך לחשוד המרכזי בחקירתה של מריאנה – אובססיה שתגבה ממנה את היקר לה מכל...

הבתולות הוא סיפור של אהבה, ושל אבל – של מה שמעצב אותנו, ושל מה שגורם לנו להרוג.

אלכס מיכאלידס נולד ב־1977 בקפריסין לאב יווני ולאם אנגלייה. הוא למד ספרות אנגלית באוניברסיטת קיימברידג' ותואר שני בכתיבת תסריטים במכון האמריקאי לקולנוע בלוס אנג'לס. מיכאלידס כתב את התסריט של השטן שאת מכירה והשתתף בכתיבת התסריט של האנגלים באים (2018). המטופלת השקטה (פן הוצאה לאור/ידיעות ספרים, 2019), הרומן הראשון שלו, היה לרב־מכר עולמי ותורגם ל־50 שפות.",,The Maidens / Alex Michaelides,,,978-965-201-351-4,362-6547,פרוזה,,he,Paperback,3.3,32,9,4382,47,1,1
137841,2026-09-26T23:08:57.000Z,0,3,ללא שם,268999,"אני לא אתן דירוג לספר כי אני נותנת דירוג רק אם סיימתי את הספר (מבחינתי גם בדילוגים זה נחשב, כל עוד הגעתי לסוף והבנתי מה קורה).

קראתי על הספר ביקורות טובות מאוד פה באתר וחיפשתי אותו הרבה זמן. כשהוא סוף סוף הגיע לידיי שמחתי, למרות שכבר היה נראה שהוא קצת כבד - מבחינתי זו הייתה מניה בטוחה וזה היה שווה את זה, וכבר קראתי כמה ספרים קשוחים בחיי.

התחלתי לקרוא והרגשתי שזה פשוט לא מתפתח ושאני לא רואה לאן זה הולך. בעמוד 90 כבר שקלתי להפסיק, אז נכנסתי שוב לקרוא פה את הביקורות. אמרתי שאולי אמצא שם משהו שייתן לי דרייב להמשיך. ראיתי כמה שכתבו שגם הם רצו להפסיק, ואז קראו פה את הביקורות, החליטו להמשיך ובסוף ממש אהבו את הספר. אמרתי יאללה, ניתן עוד צ׳אנס.

המשכתי עוד 30 עמודים ושם כבר הרגשתי שאני מתייאשת. מכיוון שהספר כתוב למעשה כמכתבים, אין בו הרבה דיאלוגים או התרחשות ישירה, והרוב מורכב מתיאורים ומחשבות, מה שמבחינתי הקשה עוד יותר על ההתקדמות.

אני מבינה שזה במידה רבה ספר אווירה, משהו יותר בכיוון הפסיכולוגי. לא ציפיתי לאיזו עלילה מטורפת או לטוויסט שפתאום יהפוך הכול. אבל גם בספר כזה אני צריכה להרגיש שמשהו מתקדם, משתנה או נבנה, וכאן הרגשתי בעיקר המון חזרתיות ושהספר פשוט דורך במקום.

החלטתי להתחיל לקרוא קצת יותר ברפרוף והצלחתי להגיע לעמוד 170. שם כבר החלטתי שדי.

כל היופי הזה לקח לי ארבע שבתות ובסוף גם גרם לי למחסום קריאה. בשלב מסוים הבנתי שאני ממשיכה בעיקר כי כל כך הרבה אנשים אמרו שזה שווה את זה, ולא כי אני באמת רוצה לדעת מה יש בעמוד הבא. אז הפעם ויתרתי.",44819,חייבים לדבר על קווין [עטיפת הסרט - 2011],ליונל שרייבר,ענת וינשטיין,כנרת זמורה-ביתן,2011,494,ספרות,ספרות מתורגמת,https://cdn.simania.co.il/bookimages/covers4/44819.jpg,https://simania.co.il/bookdetails.php?item_id=44819,https://simania.co.il/showReview.php?reviewId=137841,"אווה מעולם לא רצתה באמת להיות אמא – ודאי לא אמא לבן שאינו ניתן להיאהב, אשר יומיים לפני יום הולדתו ה-16 מבצע טבח המוני בבית ספרו. שנתיים אחר כך היא מתמודדת בכנות נוקבת עם שלל נושאים - נישואים, קריירה, משפחה, הוֹרוּת - דרך חליפת מכתבים עם בעלה הנעדר, פרנקלין.
האם קווין נולד פסיכופת, או שמא גם היא אשמה במידה זו או אחרת בפשעיו? מה השתבש בדיוק? האם אפשר להתחקות אחר שורשי הרוע? אווה שבה ומתחבטת בשאלות אלה תוך ניתוח אכזרי של המכניזם השברירי המכונֵן את המשפחה הבורגנית באשר היא, וחושפת את פשעה הגדול ביותר כאישה וכאם: סירובה העיקש לציית לטאבו הקדוש של אֵם האוהבת את בנה, ויהי מה.
 
חייבים לדבר על קווין הוא רומן מתח פסיכולוגי מטריד ועוכר שלווה הנקרא בנשימה עצורה עד לסופו המטלטל. זהו ספרה השביעי של הסופרת. 30 בתי הוצאה סירבו לפרסמו בטענה שמדובר בספר נפיץ ומאיים מדי, אך עם צאתו לאור הוא הפך לרב-מכר בינלאומי. הספר עובד לסרט קולנוע בכיכובה של טילדה סווינטון. 
 
ליונל שרייבר היא סופרת אמריקנית המתגוררת בלונדון. נולדה ב-1957 בשם מרגרט-אן, ובגיל 15 שינתה את שמה לשם של גבר. בגיל 40 התלבטה אִם להפוך לאֵם, אך במקום זאת כתבה ספר על אימהוּת שהשתבשה קשות. ספרה ""העולם שאחרי יום ההולדת"" ראה אור בהוצאת כנרת-זמורה ביתן.",,We need to talk about Kevin,,,,625-1200808,,,he,Paperback,4.6,136,48,21141,115,2,1
137840,2026-09-26T21:48:47.000Z,4,0,ספרינג,109755,"יש לי חולשה לפרידה מקפדן, קראתי את ""עוזרת הבית"" עוד לפני שנהיה סביבו הייפ, ככה שאני מרגישה שגיליתי אותה לפני כולם😆
זה הספר החמישי שלה שאני קוראת (אחרי הסדרה של עוזרת הבית + ספר באנגלית שטרם תורגם), והאמת היא שלדעתי הוא לא משתווה לקודמים.
ציפיתי לטוויסט הרבה יותר ""טוויסטי"", ולקרינג' ברמה יותר גבוהה כמו שרק מקפדן יודעת לכתוב, כי היא עשתה דווקא עבודה ממש טובה בכתיבת הדמות המוזרה להפליא של דון ||שדרך אגב מתוארת עם תסמינים די מובהקים שהיא על הרצף|| וחשבתי שהיא תלך עם זה רחוק יותר. 
אבל סהכ די נהניתי, אחלה ספר להעביר איתו את הזמן, סיימתי אותו בשבת אחת כי כן היה את המתח לראות לאן הסיפור הולך.",1027968,הקולגה,פרידה מקפדן,מרים שפס,ספר לכל,2026,336,ספרות,מתח ריגול והרפתקאות,https://cdn.simania.co.il/bookimages/covers102/1027968.jpg?v=1782976661158,https://simania.co.il/bookdetails.php?item_id=1027968,https://simania.co.il/showReview.php?reviewId=137840,"שתי נשים.
משרד מלא בסודות.
פשע נורא אחד שאת תוצאותיו אי אפשר להחזיר לאחור.


דון שיף היא טיפוס מוזר.
לפחות זה מה שכולם חושבים בוויקסד, חברת תוספי התזונה שבה עובדת דון כמנהלת חשבונות. היא אף פעם לא אומרת את הדבר הנכון. אין לה חברים. והיא תמיד יושבת בעמדת העבודה שלה בשעה 8:45 בבוקר בדיוק.
כשדון לא מגיעה למשרד בוקר אחד, הקולגה שלה נטלי פארל – יפהפייה, פופולרית ונציגת המכירות המובילה זה חמש שנים ברציפות – מופתעת מהיעדרותה. וכשהיא מקבלת שיחת טלפון אנונימית ומטרידה, הכול משתנה...
מתברר שדון לא הייתה סתם אאוטסיידרית מביכה. מישהו קרוב הפך אותה למטרה. נטלי מוצאת את עצמה קשורה להיעלמותה של דון, ולכודה במשחק חתול ועכבר מפותל שגורם לה לתהות: מי כאן הקורבן האמיתי?
דבר אחד ברור לחלוטין – מישהו שנא את דון שיף. מספיק כדי לרצוח.


הקולגה הוא מותחן מרתק וממכר מאת פרידה מקפדן - מחברת סדרת רבי־המכר עוזרת הבית - שבו הדרכים האפלות של העבר משתלבות בהווה, והשלכותיו מטלטלות.",,The Coworker,,,,,,,he,Paperback,4.3,6,5,269,4,1,1
137839,2026-09-26T21:42:08.000Z,0,3,ספרינג,109755,"העלילה די שונה ממה שציפיתי לקרוא. אני עוד לא בטוחה מה דעתי עליו, כשסיימתי אותו הייתי כזה ""אממ אוקיי, קצת מבאס"", אבל אז נהיה סביבו הייפ ואמרתי לעצמי ""טוב תכלס הוא די עמוק ומדבר על נושאים חשובים שלא מדוברים, ספר של אנשים איכותיים, אולי סתם שפטתי אותו לחומרה"". אבל חשבתי על זה שוב ובתכלס אם מישהי תבקש המלצה לספר, הוא לא היה קופץ לי לראש, אז אולי זה אומר משהו.",1005415,שיעורים בכימיה,בוני גרמוס,הדסה הנדלר,תכלת,2022,412,ספרות,ספרות מתורגמת,https://cdn.simania.co.il/bookimages/covers100/1005415.jpg,https://simania.co.il/bookdetails.php?item_id=1005415,https://simania.co.il/showReview.php?reviewId=137839,"בפעם הראשונה שאליזבת זוט פגשה את קלווין אוונס, הוא כינה אותה בטעות ""מזכירה"" וגירש אותה מהמעבדה שלו. בפעם השנייה שנפגשו, הוא הקיא עליה. כך לא צומח סיפור אהבה שגרתי, אבל מצד שני – דבר בחייה של אליזבת זוט לא היה שגרתי: כימאית פורצת דרך בארצות הברית של שנות השישים, יפהפיה, סרבנית חתונות ועכשיו - גם בהיריון. 

אבל אז, כמעט ברגע אחד, אליזבת מאבדת את כל עולמה. את האהוב שלה, את הקריירה שלה, את עתידה. היא לא אשמה בדבר, זו התקופה. אבל לאליזבת זוט אין שום כוונה להניח לעולם שלה להתמוטט. היא יוצאת לקרב. 

זה מתחיל בקטן. זוט מקבלת הצעה להנחות תוכנית בישול בערוץ טלוויזיה נידח. זו השפלה, אין ספק. היא אמנם מבשלת נהדר אבל היא כימאית, לא עקרת בית, אלא שעד מהרה מתברר לצופים שמדובר בהרבה יותר מעוד תוכנית בישול. זו תוכנית על החיים, על יחסי כוח, על תחושת ערך עצמי. התוכנית הופכת ללהיט, וזוט? היא הופכת לכוכבת כמעט נגד רצונה. ודווקא אז, היא מוכנה לוותר שוב על הכל, לטובת הדבר האחד שהיא מאמינה בו.

שיעורים בכימיה הוא ספר שנון וחכם, מענג ומלא חיים. זהו ספרה הראשון של הפרסומאית בוני גרמוס, שעורר עניין עצום בעולם, נמכר לתרגום לארבעים מדינות שונות, זכה לביקורות משבחות וזינק מייד עם צאתו לאור לראש רשימת רבי המכר של הניו יורק טיימס.",,,,,,,,,he,Paperback,4.1,53,20,7292,42,1,1
137838,2026-09-26T21:29:12.000Z,5,1,ספרינג,109755,"אחד הספרים שהכי נהניתי לקרוא!! אהבתי את הדמויות, את הדיאלוגים ואת התפתחות הקשר בין הגיבורים, הקו הרומנטי ממש מתוק ולא מוגזם, מומלץ!",1003970,ירח דבש זה לא!,כריסטינה לורן,עדי שניידר,אהבות,2022,483,ספרות,ספרות מתורגמת,https://cdn.simania.co.il/bookimages/covers100/1003970.jpg,https://simania.co.il/bookdetails.php?item_id=1003970,https://simania.co.il/showReview.php?reviewId=137838,"בקומדיה הרומנטית הזו של סופרות רבי המכר של ה - NEW YORK TIMES,
הכול יכול לקרות לזוג אויבים מושבעים, הטסים יחד לחופשה של החיים בהוואי.

אוליב טורס רגילה להיות האחות התאומה נטולת המזל. לעומתה, אחותה התאומה, איימי, תמיד מנצחת... אפילו על החתונה שלה היא לא שילמה. לצערה של אוליב, הדבר היחיד שגרוע ממזל רע תמידי, הוא לבלות את יום החתונה בחברת השושבין, אחיו של החתן (והאויב המושבע שלה), אית'ן תומאס.

אוליב מכינה את עצמה לחתונה מהגיהינום ונחושה לעבור אותה בשלום ובמינימום תקלות, אבל כשכל משתתפי החתונה חוטפים הרעלת מזון מהאוכל (החינמי) המוגש באותו הערב, היחידים שאינם מתמוטטים הם אוליב ואית'ן. עכשיו נותרה סוגיית ירח הדבש החינמי במאווי - אוליב תהרוג מישהו לפני שהיא תיתן לאית'ן לנסוע לגן עדן לבדו.

הם טסים לעשרה ימים של שקט מבורך, שללא ספק שווים את המאמץ הכרוך בהעמדת פני נשואים טריים, לא?",The Unhoneymooners,,,,,,,,he,Paperback,3.9,21,6,1798,16,0,1
137837,2026-09-26T21:13:01.000Z,0,0,ספרינג,109755,"בגדול  ספר חמוד, אהבתי שיש עלילה מעבר לסיפור הרומנטי. מבאס שגם כאן הסופרת נופלת לקלישאה של דמויות מושלמות - שניהם יפים מידי, מצליחים מידי, מושלמים מידי באופן כללי, מה שהופך את הסיפור ללא-אמין והקשה עליי להתחבר לדמויות. מי שזה לא מפריע לה תוכל ממש להנות מהספר!",1026845,אמור שתזכור אותי,אבי חימנז,תם פררו,אהבות,2026,426,ספרות,ספרות קלה - רומנים,https://cdn.simania.co.il/bookimages/covers102/1026845.jpg?v=1775223991937,https://simania.co.il/bookdetails.php?item_id=1026845,https://simania.co.il/showReview.php?reviewId=137837,"הגבר המושלם

הדייט המושלם

התזמון הכי לא מתאים שיש

אולי אין דבר כזה גבר מושלם, אבל אקסבייר רַאש בהחלט קרוב למושלם באופן מסוכן. וטרינר הורס עם אנרגיה של אל יווני – והכול בעודו מחבק גור חתולים קטנטן? כן, בבקשה. כלומר, עד שאקסבייר פותח את הפה ומוכיח שאפילו אלים מחוטבים יכולים להגיד את הדבר הכי לא נכון. כאילו, לא נכון בקטע קיצוני. ואין דבר שסמנתה אוהבת יותר מאשר להוכיח לאידיוט עד כמה הוא טועה... ... אלא אם כן, כמובן, הוא מוכן להודות בטעותו. 
אבל אחרי דייט אחד מדהים, שנראה כאילו לא ייגמר לעולם – כנראה הדייט הטוב ביותר בהיסטוריה – סמנתה נאלצת להודות באמת: המשפחה שלה במשבר וכל סוג של מערכת יחסים הוא פשוט בלתי אפשרי. סמנתה מתחננת בפני אקסבייר שישכח אותה. שיזכור את הלילה שלהם ביחד כרגע מושלם, שובר לב ככל שזה יהיה. 
אלא ששום מרחק או זמן לא יוכלו להשכיח מהם את הדבר המיוחד שהתעורר ביניהם. והדבר היחיד שטוב יותר מזיכרון מושלם אחד הוא לבנות חיים – ואפילו אהבה – ששווה לזכור.",,Say You'll Remember Me,,,,,,,he,Paperback,4,1,1,65,2,0,1
137836,2026-09-26T19:36:48.000Z,5,8,dina,131284,"סיפורי הגירה מעניינים אותי. תמיד יש בהם הרבה יותר מאשר נראה על פניו. זה סיפור בתוך סיפור, עולמות השזורים אחד בשני.

בינואר 1991 כשיוליה והוריה נחתו בבן גוריון היא היתה לבושה בארבע שכבות של סוודרים, ואם זה לא מספיק - לצווארה היה כרוך צעיף העשוי מצמר עיזים. אולי זה היה השיעור הראשון שלה על ההבדלים מהמקום ממנו הגיעה, למדינה החדשה והזרה הזו. מהחיים שהכירה בטשקנט, לדירת שיכון ישנה בבניין רכבת בבאר שבע.
בשפה קולחת פורשת דוידוביץ' את סיפור התבגרותה של יוליה.
על החיים לצד אב שחלם לעשות מוזיקה כל חייו, ובדירה בבאר שבע היה לו חדר מיוחד שהיה רק שלו, החדר מוזיקה הזה היה כמו מקדש, עם הקלידים והגיטרה יקרת הערך. יוליה הורשתה להיכנס לחדר כשניתנה לה הרשות לנקות את הקלידים, ואת זה עשתה בשקט ובזהירות. על הקיר היו מודבקים קרטוני ביצים כדי לבודד את הצלילים ולמנוע הסתננות רעש החוצה, ובמובן אכזרי זה אכן הצליח. הנגינה נשארה בין ארבעת קירות החדר, ומעולם לא הצליחה לפרוץ משם. האב היה בעל חלומות גדולים אבל מובטל, כשאת התסכול הוציא על אמה בהרמת יד.

יוליה לא רצתה את החיים כמו שיש להוריה:  מלאים באלימות, חסרי אהבה ושוויון. היא גם לא רצתה את החיים שאמה ניסתה להסליל לה: נישואים מוקדמים לגבר מהעדה, להיות כנועה לו, וללדת ילדים מיד אחרי החתונה שיכבלו אותה עוד קצת לבית ויָצֵרוּ את צעדיה עוד טיפה, ושכל קיומה יצטמצם לאופן סגירת בצק המנטי, או עובי הגזרים לתבשיל הפלוב.
היא לא אהבה את התשובות, ובכלל את כל אופן החשיבה של אמה שהיו לקוחים מ ""ספר החוקים הבוכרי"". יוליה שאפה לדברים אחרים.

החיים של יוליה היו כמו חיים כפולים. כמו לחיות בשני עולמות. העולם של הבית, זה הנשען על המסורת, שזה העולם היותר מצומצם, זה שקושר אותה בשלשלאות למורשת אבותיה ומצר את צעדיה, והיה את העולם שבחוץ. החברות עם דריה השכנה בת גילה שפותחת לה את העיניים ומראה לה שיש עוד דברים שגם היא יכולה לקחת בהם חלק.  העולם המשוחרר יותר. זה שיש לו אופק יותר רחב, אבל גם תמרור הנטוע בצדו, ורק היא הבינה את משמעותו: ""זה, לא נועד לך"".  
והעולמות האלה לא נועדו להסתכרנן, היא היתה צריכה ללהטט בין שניהם.

 הסיפור מתחיל בשנת 1991, שנת העלייה, ומסתיים בשנת 2017 בביקור בעיר הולדתה, ומעין סגירת מעגל, אחרי שכל הכעסים , האכזבות, והדברים שעמדו בינה לבין אמה מתפוגגים, ונשארת רק האהבה בין השתיים שתמיד היתה שם, אבל כנראה  היתה צריכה את הזמן שלה להבשיל ולהתנקות מכל מה שעטף אותה.
והרגע הזה בו יוליה מגלה איך שני העולמות בהן חיה הפכו לאחד:
""הסתכלתי על השולחן שישבנו סביבו והתגעגעתי לארץ שלי, לשמש שמבצבצת בין העננים גם בינואר, לשפה שזורמת לי בדם. רק בטשקנט גיליתי שאני חושבת בעברית, מתרגמת בראש לרוסית ועונה במבטא הישראלי שנהיה לי"".  (עמ' 254)

דוידוביץ' כותבת בצורה סוחפת, קשה היה לי להניח את הספר מהיד. הוא שואב, מלא בצבעים וניחוחות, והוא נהדר!",1028751,1991,אולגה דוידוביץ',,ידיעות ספרים,2026,260,ספרות,ספרות מקורית,https://cdn.simania.co.il/bookimages/covers102/1028751.jpg?v=1789984959216,https://simania.co.il/bookdetails.php?item_id=1028751,https://simania.co.il/showReview.php?reviewId=137836,"""לפעמים אמא אמרה שכל המעמדות האלה הם סתם שטויות ושסבתא של דריה היא בכלל קולחוזניקית בלי שיניים שהזדיינה עם כל הגויים כמו כל הרוסים שהגיעו לארץ, בניגוד אלינו הבוכרים ששמרו על עצמם אבל היא אף פעם לא התווכחה על המקומות שבתחתית הרשימה. בבית הספר שלי היו רוסים, אוקראינים, מולדובנים וכל סוגי הסְטָנים. לאף אחד לא היה אכפת מהרשימה של סבתא של דריה או מהתיקון של אמא. כולנו היינו רוסים מסריחים וכך גם הזדהינו, כגוש אחד, כדי להקל על כולם."" 

בדירת שיכון בבניין רכבת מתפורר בבאר שבע גדלה יוליה בת הארבע־עשרה עם אבא מובטל ואלים ואמא מורה למוזיקה. הכללים בבית נוקשים: יוליה צריכה לנגב את הקלידים של אבא בלי להשמיע שום רעש, לקלף שישה־עשר גזרים לשני קילו אורז להכנת הפלוב ולא לספק לסימה השכנה הרכלנית עוד תחמושת נגדה. אבל יוליה מקנאה בחופש של דריה, החברה האוקראינית שלה מהבלוק, שחיה כאילו הכול מותר לה, והיא רוצה לבדוק אם גם היא לסבית כמו יובל, אבל גם להתחתן בתולה עם הגבר הבוכרי הנכון.

הספר פורש את חייה של יוליה במשך שלושה עשורים מהעלייה לישראל וההתבגרות בבאר שבע, דרך חיי הנישואים וההיריון ועד לשיחת טלפון אחת שמחזירה אותה ואת אמה הזקנה לטשקנט – אל המקום שממנו הכול התחיל. 

1991 הוא רומן חד וחשוף על הגירה שלא נגמרת גם אחרי שמגיעים לארץ, על ריצוי, על אלימות, על התשוקה לחיים אחרים ועל בת שמנסה לברוח מהקול של אמא שלה רק כדי לגלות שהוא כבר מזמן מדבר מתוכה. 

זהו רומן הביכורים של אולגה דוידוביץ', ילידת טשקנט, שעלתה עם משפחתה לבאר שבע ב־1991. כיום היא מתגוררת בקיבוץ בית קמה יחד עם בן זוגה ניר, שני ילדיהם ושני חתולים אפורים. מאז שבעה באוקטובר אולגה מקדישה את עצמה לשיקום ולחיזוק מדינת ישראל בסיוע הקהילות היהודיות בקנדה.",,,,,,,פרוזה,,he,Paperback,5,1,1,41,1,0,1
137835,2026-09-26T17:05:32.000Z,2,0,מעגל קרבז,129996,"פילוסופיה בגרוש, גיבוב הגיגים גיבוב שטויות.",1027278,מדריך קצר לאינדיווידואליסט,האן ריינר,ראובן מירן,נהר,2026,97,עיון,פילוסופיה  - כללי,https://cdn.simania.co.il/bookimages/covers102/1027278.jpg?v=1777653854378,https://simania.co.il/bookdetails.php?item_id=1027278,https://simania.co.il/showReview.php?reviewId=137835,"אנרי נֵר (Ner) הידוע בשם העט האן ריינר (Han Ryner) , היה פילוסוף, סופר ואנרכיסט אינדיווידואליסטי צרפתי. הוא נולד באלג'יריה הצרפתית ב־1861. בבגרותו, לאחר לימודי פילוסופיה, עזב את אלג'יריה, הגיע לפריז והתחיל לעבוד כמורה בבית ספר תיכון. ערב ""המלחמה הגדולה"", היא מלחמת העולם הראשונה, הביע דעות פציפיסטיות ופעל נגד הפשיזם הגואה בצרפת ובעולם כולו. הוא נאבק עד יומו האחרון, בתחילת 1938, למען ההכרה בזכות הסירוב להתגייס לצבא מטעמי מצפון. כאנרכיסט רדיקלי הוא ראה בציות את הטעות החמורה ביותר אחרי הפקודה עצמה. הוא הושפע מהגותם של אפיקורוס, אפיקטטוס והסטואיקנים, וסבר שכיוון שאין בכוחו של היחיד להרוס את הדיכוי המובנה בעצם קיומה של חברה, עליו לקבל את המצב בשוויון נפש, במעין אדישות, כפי שהחכם מתייחס לתופעות פיזיות שאין לו שליטה עליהן. הוא דגל בשחרור פנימי של היחיד כמוצא נגד עריצותה של החברה ולא האמין במהפכה חברתית קולקטיבית ואלימה. על היחיד לפעול בתוך עצמו ולמען עצמו, ולהיפטר מן הדעות הקדומות וההתניות החיצוניות בעודו מודע וקשוב לצרכיו שלו, כל זאת  בלי לפגוע בזולתו. 

ה""מדריך הקצר לאינדיווידואליסט"" הוא מעין סיכום אינטלקטואלי קצר שכל מי שמזדהה עם האנרכיזם האינדיווידואליסטי עשוי לאמץ לעצמו. 

את הספר נועל הסיפור הפילוסופי־אליגורי ""מרד המכונות"" המבטא את רתיעתו ואת חששו של האן ריינר מן המכניזציה חובקת העולם המאיימת על היחיד האנושי.",מלווה במרד המכונות,Petit Manuel individualiste (1905) | La révolte des machines (1896) / Han Ryner,,,,,,,he,Paperback,2,1,1,35,0,0,1
137834,2026-09-26T17:02:37.000Z,0,7,נצחיה,86526,"אני לא יודעת אם היה דבר חכם לקרוא את הספר הזה ביום שבו הבת שלי עולה על טיסה חוצת אוקיינוס כדי לבקר בתפוח הגדול. וזה לא שלא היתה אזהרה כבר בכיתוב בכריכה האחורית של הספר. היתה גם היתה: הספר עוסק בהתרסקות מטוס ובה שורד אחד בלבד, הלא הוא אדוארד. התעלמתי מכל האזהרות, הכריכה האחורית היא רק אחת מהן, וקראתי את הספר הזה. 

משפחת אדלר עוברת מניו יורק ללוס אנג'לס. הם שולחים את הרהיטים במשאית לכל רוחב היבשת ובעצמם עולים על מטוס. נמצאים שם ההורים - ברוס שהוא מתמטיקאי וג'ין שהיא תסריטאיתף והבנים ג'ורדן בן החמש עשרה ואדי בן השתים עשרה. היו עוד אנשים בטיסה, כמובן, עוד מאה שמונים וושמונה חוץ מהם, והעלילה מתמקדת על כמה בודדים מביניהם. במהלך הטיסה משהו קורה, אנחנו מגלים מה קורה רק עם התקדמות הספר, והמטוס מתרסק. כל הנוסעים מתים, מלבד אדי, פצוע וחבול, אבל שורד. מכאן העלילה מעה קדימה ואחורה, אל אדי שהופך להיות אדוארד, מאומץ על ידי אחותה של ג'יין ובעלה, זוג נטול ילדים, מחלים ואז לראשונה בחייו מתחיל ללכת לבית הספר, כי ברוס חינך אותו ואת ג'ורדן בחינוך ביתי. כמו שראינו בעוטף עזה בשבעה באוקטובר, בו נותרו אנשים שאיבדו בני משפחה רבים ואפילו את כל משפחתם הגרעינית - אדוארד בן השתים עשרה נאלץ להתמודד עם יתמות כפולה, עם אובדן אח, עם שינוי מקום מגורים ועם חיים עם דודים שבקושי הכיר. 

במקביל המשפחה שנותרה וכן אנשים מהסביבה מנסים להגן עליו מפני מבול נוסף - מבול הפרסום. החל ממשפחות הקורבנות ששולחות לו מכתבים ובהם בקשות או דרישות או תביעות שונות, עבור בעיתונאים וכלה בקהל מציצנים שחושב שיש לו סגולות כלשהן, היות והוא ""ילד הנס"", זה שניצל ממגה אסון ובוודאי יכול לברך אותם. שיי בת השכנים, ילדה גיקית מוזרה ונטולת חברים, רואה באדוארד סוג של הארי פוטר שהגיע לחיים במציאות והיא מלווה אותו במסע ההתבגרות שלו. קצת עוזרת, קצת שומרת, וקצת חברה למסע. 

אמרתי אזהרות ברבים, נכון? ובכן האזהרה השנייה היא ההמלצה על הכריכה הקדמית מעט לא אחרת מאשר ג'ודי פיקו. החל מ""שומרת אחותי"" פיקו התפרסמה ביכולת לקחת סוגיה אמיתית, חדה, כואבת, מעוררת דילמה - לבנות אותה למשך מחצית הספר ואפילו רובו, ואז למשוך מתחתיו את השטיח, למוטט את כל הדילמה, ולסגור את הספר בנוסחה עתירת שמאלץ החוטאת לאמת. אז גם הספר הזה הוא כזה. יש בו חלקים מאוד רגישים, מאוד יפים, מדברים על אשמת השורד, על הניסיון למצוא משמעות לחיים, והאם השורד צריך בעצם היותו לקיים את השאיפות של אותם אנשים שחייהם נקטעו באיבם, או שהוא צריך למצוא את הדרך האישית שלו. ואז פתאום או שמשהו התעייף, או שההוצאה לחצה, והספר מדרדר למחוזות הקיטשיים, אלה שברור שהוא מנסה מלכתחילה לחמוק מהם בכל כוחו. בעיני חבל.",1002038,אדוארד היקר,אן נפוליטנו,יובל אהרוני,"אריה ניר, מודן",2021,342,ספרות,ספרות מתורגמת,https://cdn.simania.co.il/bookimages/covers100/1002038.jpg,https://simania.co.il/bookdetails.php?item_id=1002038,https://simania.co.il/showReview.php?reviewId=137834,"בבוקר קיצי אחד, אדוארד אדלר, אחיו הבכור, הוריו ו־183 נוסעים נוספים עולים על טיסה מניו יורק ללוס אנג'לס. בין הנוסעים נמצאים אשף פיננסים צעיר מוול סטריט, בחורה המתמודדת עם היריון לא צפוי, חייל פצוע השב מאפגניסטן ואישה הנמלטת מבעלה השתלטן. זו הייתה יכולה להיות טיסה שגרתית, אלא שהיא הסתיימה בהתרסקות קטלנית, שממנה ניצל בדרך נס רק אחד הנוסעים... אדוארד בן השתים־עשרה.

סיפורו של אדוארד שובה את לב האומה כולה, אבל הוא עצמו מתקשה למצוא את מקומו בעולם ללא משפחתו. הוא מרגיש שמשהו ממנו נותר בשמים, כרוך לעד בגורלו של המטוס ושל נוסעיו. אלא שאז הוא נתקל בתגלית מפתיעה – תגלית שתעזור לו למצוא תשובות לחלק מהשאלות העמוקות שעומדות ביסודם של החיים: איך ממשיכים לצעוד קדימה אחרי שמאבדים הכול? מה מעניק משמעות לחיים כשכל מה שהכרת התפרק לבלי שוב? 

אדוארד היקר הוא סיפור התבגרות מרגש ומפעים על אובדן ועל חיפוש משמעות, על פרֵדה וחיבור מחדש ועל כאב ותקווה. דיוקן רב־ממדי ועוצר נשימה על יכולתו של הלב השבור לשוב לאהוב.

אדוארד היקר יצא לאור ב־26 מדינות, ומיד עם צאתו נכנס לרשימת רבי־המכר של הניו יורק טיימס. הוא הוכתר בתואר ספר השנה של הוושינגטון פוסט ושל אמזון וזכה לשבחי הביקורת והקוראים. 
 
מעט מהביקורות:
""אל תחמיצו את הספר הזה!"" ג'ודי פיקו
""נקשרתי לדמויות, אהבתי במקומן ובכיתי איתן – מה עוד אפשר לבקש מרומן משובח?"" אמה דונהיו
""סיפור מרומם נפש, עמוק ומורכב."" ניו יורק טיימס
""רומן מטלטל אך שופע אופטימיות."" אופרה וינפרי
""אם יש צדק בעולם, הספר הזה צריך להיות תופעה – כתיבה נהדרת, סיפור יוצא דופן ודמויות שיישארו עם הקורא לכל החיים."" ג'ון בוין",,,,,,,,,he,Paperback,3.3,3,2,1152,9,0,1
137833,2026-09-26T16:55:13.000Z,4,7,מִשְׁאלת לֵב,286658,"השם ג'יי קיי רולינג נשא איתו מטען כבד עוד לפני שהפך למעין סמן שפיצל את מחנה השמאל וחידד את ההבחנה בין ליברלים לפרוגרסיבים. עוד הרבה לפני ההשפעה הציבורית שלו, אני מרגישה את המטען הזה בתוכי: בספר השישי של סדרת קורמורן סטרייק, אני עדיין לא מצליחה להפסיק להשוות בין רוברט גלבריית לסופרת של הארי פוטר.

במקרה שלי זה לאו דווקא רע - אלמלא היה מדובר ברולינג, ספק אם הייתי נותנת צ'אנס שוב ושוב לסדרה שלאורך ארבעה ספרים הייתי אדישה אליה, והתחילה לגעת בי רק בספר החמישי. ""דם חם"" היה נהדר, משהו בו נפתח פתאום, רובין וסטרייק עוררו בי יותר הזדהות מבעבר, התעלומה הבלשית סקרנה אותי, וכך יצא ש""לב שחור כמו דיו"" הוא הראשון מאז ""קריאת הקוקייה"" שפתחתי עם ציפיות נלהבות.
ומצאתי את עצמי צוללת היישר לתוך שנת 2020 - השנה שבה רוליניג קוּנסלה.

האמת היא שרוב הספר נהניתי כל כך. רולינג לקחה את חוויותיה כיוצרת וצילחתה מהן ארוחה סאטירית, טעימה ומשעשעת - או יותר נכון, הגישה את עצמה (באמצעות דמות בדיונית שונה ממנה מאוד בסגנונה, יוצרת סדרת אנימציה גיקית־אפלה) כטרף לעדר ברשתות החברתיות. זה כיף לא רק כי החיקויים שלה לקולות המקוטבים - הן האלימות הבוטה של האינסלים בימין הקיצוני, והן הבריונות הצדקנית של ה-Woke  - מדויקים להפליא ומשעשעים. האמת היא שהדיון הזה מרתק אותי באופן כללי. 
באחת החקירות אומר לרובין אחד החשודים, שרואה בעצמו אמן: ""אומנות צריכה להיות מוסרית, נכון? אני ממש בודק כל פרויקט מנקודת המבט הזו. אני שואל את עצמי, 'מה זה אומר?' וגם, 'איך אפשר לפרש את זה?' 'האם יש קבוצות שעלולות להיפגע מהמחזה הזה?'""
השאלות הללו עוררו בי מחדש את התהייה שאני חוזרת אליה מדי פעם: מתי החלו יוצרים לפעול בתוך גדרות שהולכות, מתהדקות וחונקות את מרחב היצירה שלהם? מתי התחילו להלעיט אותנו במסרים דידקטיים במקום ביצירות, ומה זה בכלל ""אומנות מוסרית""? מהי האומנות אם לא מעבדת ניסויים חופשית? כל עוד יצירה לא משמשת בפני עצמה ככלי תעמולה, למה שאמן לא ישחק בה ככל העולה על רוחו?
ומי התחיל עם הגדרות האלה? לפעמים אני חושבת שהמקור הוא חוסר הבנה בסיסי של מעשה היצירה, או קריאה פשטנית והעדר יכולת ניתוח ספרותי. ב""פוליטיקלי קוראת"" טענו כבר לפני שמונה שנים ש""זמר שלוש התשובות"" הוא שיר מיזוגני שבו ""האישה היא אסקופה נדרסת, בובה חסרת אישיות או רצון חופשי, שרק מחכה שבעלה הדוש הבוגדני ישוב הביתה מההוללויות שלו"" (והוסיפו בעוקצנות: ""בואו, רואים שגבר כתב את זה""). יש משהו נאיבי מאוד בנקודת המבט הזו; עיוורון לעובדה שאמנות עשויה - ובמידה מסוימת אף אמורה - לעסוק בתכנים קשים, לצלול לפינותיה האפלות של הנפש, ולהישיר מבט אל החולשות והפצעים הפתוחים שלנו.
בפעמים אחרות, אני חושבת שמדובר פשוט בדחף להרגיש עליונות מוסרית (""אני ממש בודק כל פרויקט מנקודת המבט הזו"" = אני אדם טוב יותר, רגיש יותר, אמפתי יותר ורואה את הזולת).

רוב הזמן רולינג עשתה עבודה נהדרת בשרטוט התמונה החברתית הזו, מבלי להאכיל את הקורא בכפית יותר מדי, אבל לקראת הסוף היא נפלה למלכודת האוברקיל. בין השאר, כשהיא חשפה את הזהות האמיתית של ""עט הצדק"", שהיווה מודל הקול הווקיסטי לאורך העלילה - זה היה הרגע שהסאטירה החכמה והמבודחת שלה קיבלה נימה של נקמנות אישית קטנונית.

המבנה הקבוע של סדרת סטרייק נשען על שני צירי עלילה מקבילים: התעלומה הבלשית שנפתחת ונסגרת באותו הספר, לצד חייהם האישיים והיחסים המתפתחים של הבלשים הראשיים שלנו. רובין וסטרייק התחילו סופסוף למצוא חן בעיניי רק בספר הקודם, ואני מתרשמת מהיומנות שרולינג ממשיכה להשחיז בפיתוח דמויות עגולות, ובתיאור מדויק כל כך של רגשות מורכבים. בעיקר מוצא חן בעיניי הניגוד המובהק בין כישרון ההתבוננות יוצא הדופן שלהם כלפי חוץ, לבין הכישלון האנושי כל כך של שניהם להפנות את אותו המבט פנימה אל עצמם.
לצד זאת, קשה שלא לגלגל עיניים אל מול מלכודת אוברקיל נוספת שרולינג מתעקשת ליפול אליה בעקביות (ואם כבר הזכרנו אותה ככותבת הארי פוטר, לא בפעם הראשונה) - הנחשקוּת המייגעת של רובין. בא לי לשאול אותה - מה אם לא כל זכר הטרוסקסואל ששם עליה את עיניו היה מעוניין בגיבורה שלך? מה אם היא הייתה סתם בחורה שמוצאת חן בעיניי חלק מהגברים וחלק לא, אז היא הייתה דמות פחות מעניינת בעינייך?
בכל ספר מחדש חוזרת על עצמה אותה סצנה שחוקה: מספר גברים מחזרים אחרי רובין בהתלהבות רבה וגלויה, והיא מנסה להתחמק בחינניות מרובם ככולם; לפחות אחד יגיב לדחייה שלה בצורה תוקפנית וגועלית. 
הבנו, רולינג. זה היה משאיר רושם גם אם זה היה קורה אחת לכל שלושה ספרים, ולא פעמיים בכל פרק.

ולבסוף, כמו תמיד, אציין לרעה את התרגום הגרוע בהיסטוריה, גרוע באופן כמעט פארודי (לו רק הייתה לי הסבלנות לקרוא באנגלית בריטית 960 עמודים רוויים בתיאורי ואדריכלות, פרי עטה של סופרת שכנראה לקחה על עצמה אתגר אולימפי לנצל את מלוא עושרו של אוצר המילים האנגלי ולא לחזור לעולם על אותה מילה פעמיים). 

ובכל זאת, וזה לעולם יהיה שלה: רולינג פשוט יודעת לספר סיפור שקשה מאוד להניח מהיד, והסדרה הזו הרוויחה את הצ'אנס הנוסף שנתתי לה גם בזכות עצמה.",1010834,לב שחור כמו דיו,רוברט גלבריית,,עליית הגג ומשכל,2024,960,ספרות,ספרות מתורגמת,https://cdn.simania.co.il/bookimages/covers101/1010834.jpg,https://simania.co.il/bookdetails.php?item_id=1010834,https://simania.co.il/showReview.php?reviewId=137833,"כאשר אדי לדוול מופיעה נסערת וסתורת שיער ב""משרד חקירות סטרייק ואלקוט"" החוקרת הפרטית רובין אלקוט לא ממש יודעת איך להתייחס לבחורה המבולבלת היושבת מולה ומתחננת שתקשיב לה. אדי, היוצרת המשותפת של סדרת אנימציה פופולרית, נרדפת באכזריות בידי אווטאר מסתורי המכנה את עצמו אנומיה. היא רוצה נואשות לחשוף את זהותו האמיתית.

רובין מחליטה שמשרד החקירות לא יכול לעזור בעניין – ולא מקדישה עוד מחשבה לנושא, עד שכמה ימים אחר כך היא קוראת חדשות מרעישות: אדי נרצחה בבית הקרבות הייגייט, זירת ההתרחשות של סדרת האנימציה לב שחור כמו דיו.

רובין ושותפה, קורמורן סטרייק, פותחים בעקבות זאת בבירור הזהות האמיתית של אנומיה. תוך ניסיון לפלס את דרכם ברשת סבוכה של זהויות וירטואליות, של אינטרסים עסקיים ושל סכסוכים משפחתיים, סטרייק ורובין מוצאים את עצמם מעורבים עד צוואר בחקירה שמותחת עד קצה גבול היכולת את הכישורים המקצועיים שלהם – ומאיימת עליהם בצורות חדשות ומעוררות חלחלה...

התעלומה הזדונית המחוכמת והמרתקת מאין כמותה שבמרכזו של לב שחור כמו דיו, מאת ג'יי. קיי. רולינג, הכותבת בשם העט רוברט גלבריית, היא הישג ספרותי יחיד במינו.",,The Ink Black Heart,,,978-965-201-620-1,,קורמורן סטרייק,6,he,Paperback,4.1,18,6,1808,9,0,1
137832,2026-09-26T14:09:45.000Z,4,0,קוטי,89951,"מעניין וקריא. הסיום קצת מאולץ.
אבל... שווה לקרוא.",983737,המטרה מקדשת,יריב ענבר,,ידיעות ספרים,2016,312,ספרות,מתח ריגול והרפתקאות,https://cdn.simania.co.il/bookimages/covers98/983737.jpg,https://simania.co.il/bookdetails.php?item_id=983737,https://simania.co.il/showReview.php?reviewId=137832,"הודעת פקס שמתקבלת בלשכתו של ראש הממשלה מאיימת לחשוף את זהותו של סוכן ישראלי בכיר וחיוני הפועל במדינת אויב, אלא אם תיענה דרישתו המפתיעה והבלתי-שגרתית של השולח.

על אורי ורד, קצין ביון בכיר העומד בפני קידום, מוטלת המשימה להציל את הסוכן הבכיר לפני שהאיום יתממש.

עד מהרה מתברר לו כי הסכנה מאיימת לא רק על ביטחון המדינה אלא גם על חייו האישיים, על שלמות משפחתו ועל עתידו המקצועי.

המטרה מקדשת הוא הרבה יותר מספר ריגול מרתק. הוא נוגע בשאלות קיומיות ומהותיות, כמו באיזו מידה אנו מכירים את האנשים הקרובים לנו? האם אנחנו מבינים לעומקם את התהליכים המתחוללים בחיינו? ובעיקר עד כמה מותר להרחיק לכת למען מטרה נעלה?",,,,,,,,,he,Paperback,3.1,24,11,4675,72,0,1
137831,2026-09-26T14:01:16.000Z,5,8,לי יניני,94544,"מה קורה כשחמות דעתנית מגיעה עם חמש מזוודות - ומחליטה להישאר? מתחיל קרב רצונות מצחיק, מרגש ומלא לב, שבו שתי נשים מנסות לשדך זו את זו ולהחזיר לעצמן את השליטה בחיים.

איזה ממתק של ספר! מרגש, שנון, מצחיק, אופטימי וקולח - מסוג הספרים שסוגרים בחיוך ושואלים איך לא גיליתי את הסופרת קודם. אחרי הקריאה ב״ארבעה גברים טובים״, ברור לי שאשלים גם את ספריה הקודמים של שרה גודמן קונפינו.

זהו סיפור עתיר הומור, שמצליח לגעת ברגישות גם בנושאים מורכבים: אלמנות, יחסי כלה–חמות, בדידות, התמודדות עם אובדן וניצול יחסי מרות.

העלילה מתרחשת בשנת 1963. ברברה פלדמן, בת 32 ואם לשני ילדים, סוזי ובובי, התאלמנה מבעלה האהוב הארי.

שנתיים לאחר מותו היא סוף־סוף מתחילה לשוב לעצמה. אמה, שבאה לסייע לה, עוזבת את הבית-אבל השקט לא נמשך זמן רב. יום בהיר אחד מופיעה חמותה רות, מצוידת בחמש מזוודות ובהודעה חד־משמעית: היא עוברת לגור איתם.

מכאן העניינים יוצאים משליטה: הבית כמעט נשרף, הסלון מעוצב מחדש, המטבח מקבל טפט פירותי, לזניה עם ביצים מוגשת לארוחת הבוקר, ואפילו כלב מצטרף למשפחה-כי הילדים ביקשו. בקיצור, סדום ועמורה. מנוחה ונחלה? לא אצל ברברה.

גודמן קונפינו משלבת היטב פולקלור יהודי, רגעים נוגעים ללב, תקווה וקצב כתיבה מצוין. בלב הסיפור ניצבות שתי נשים חזקות: כל אחת מנסה לעזור לרעותה, ובאותה נשימה-לשדך לה בן זוג.

רות  דעתנית, צינית, טרחנית וגסת רוח, אך מאחורי כל אלה מסתתר לב טוב. ברברה לומדת בהדרגה להציב מולה גבולות, ובמקביל רוקמת תוכניות יצירתיות שיחזירו לה את ביתה ואת השליטה בחייה.

אהבתי במיוחד את הדיאלוגים השנונים בין השתיים ואת ההומור שמלווה כמעט כל מפגש ביניהן. מתחת לצחוק מסתתרת שאלה רצינית: עד כמה רחוק אדם מוכן ללכת כדי להשיב לעצמו את השליטה בחייו?

בקיצור: עם כל חתן מגיעה גם חמות. אפשר להתווכח עם זה, אפשר להשתגע מזה - אבל אי אפשר להתעלם מזה.

בשורה התחתונה: ספר קסום, מצחיק ומרגש, עם דמויות בלתי נשכחות, דיאלוגים נהדרים וסיטואציות משעשעות - חוויית קריאה מענגת ומלאת לב.

מומלץ בחום - רוצו לקרוא!

לי יניני",1028478,ארבעה גברים טובים,שרה גודמן קונפינו,רחל פן,פן | ידיעות ספרים,2026,304,ספרות,ספרות מתורגמת,https://cdn.simania.co.il/bookimages/covers102/1028478.jpg?v=1787336873276,https://simania.co.il/bookdetails.php?item_id=1028478,https://simania.co.il/showReview.php?reviewId=137831,"חמות וכלה. כדי להמשיך הלאה, אחת מהן תצטרך לעזוב.

השנה 1963. שנתיים לאחר מותו של בעלה, ברברה פלדמן מתחילה סוף סוף להתגבר על האבל ולגדל לבד את שני ילדיה. ואז מופיעה על סף דלתה חמותה רות – עם חמש מזוודות ותוכניות ברורות. גסת רוח אך אוהבת, רות מתבססת בבית כאילו תמיד היתה שם, וברברה מגבשת תוכנית משלה: להשיא את רות במהירות האפשרית.

אך עד מהרה מתברר לברברה שרות מנסה לעשות בדיוק את אותו הדבר בשבילה. 

ארבעה גברים טובים הוא רומן מרגש, מלא הומור ותקווה על אלמנות וחיכוכים משפחתיים ועל השאלה עד כמה רחוק אישה מוכנה ללכת כדי להחזיר לעצמה את חייה – גם אם הדרך עוברת דרך חמות שמכינה ביצים עם לזניה לארוחת הבוקר.

שרה גודמן קונפינו היא סופרת רבי־מכר אמריקאית. ספריה הקודמים – אל תשכחי לכתוב, חסרת תקנה ומאחורי כל גבר מוצלח – כבשו את לב הקוראות בישראל. 


שבחים לגודמן קופינו:

""קונפינו, שגרמה לנו לחסל ערימות של טישו עם 'אל תשכחי לכתוב', עושה זאת שוב בסיפור מרומם נפש ומזכך לחלוטין."" – רן בן נון, מגזין ""עברית""

""כל כך טוב, כל כך חכם, כל כך מעצים. מלא בתובנות ובאהבה אמיתית."" – גודרידס

""זה ממש נדיר שיש כזה קונצנזוס על ספר. כולם ממליצים וכולם אהבו. ספר כיפי שנקרא בחיוך."" – נוריתה

""דמויות שמהלכות קסם על הקורא."" – רחל פארן, ""חלי והספרים""",,Good Grief / Sara Goodman Confino,,,,,פרוזה,,he,Paperback,4.8,5,2,108,6,0,1
137830,2026-09-25T20:48:27.000Z,5,4,פרל,81926,"""הדלקתי סיגריה, השענתי ראשי על מנגנון־הרתיעה ועשיתי ""חושבים"". המסקנה אליה הגעתי היתה חד־משמעית: כל האמירות הנאות – גאות הלאום, המסורת, הדגל וההימנון – כל אלו ראויים ברגע זה שינגבו בהם את התחת"" (עמ׳ 60).
הספר ""סיפור מלחמה"" (הוצאת מערכות, 1988) שכתב רון זהר הוא ספר מטלטל, קצר, תמציתי וחזק אודות מלחמת יום הכיפורים. זהר, שלחם במלחמה כתותחן טנק בגדוד 195 תחת פיקוד חטיבה 401, מתאר בפשטות את נתיב הקרבות הפלוגתי, למן ההלם שבידיעה על מתקפת הפתע ביום הכיפורים 1973, ועד לפציעתו בלחימה ארבעה ימים לאחר מכן.
המרכיב העיקרי בכוחו של צה""ל, כתב בהקדמה לספר הרמטכ""ל דאז, דן שומרון, ""הוא האדם שבו ומעל לכול – הלוחמים והמפקדים המובילים בראש, בכוח רצונם, באמונתם ובדוגמה האישית שהם נותנים"" (עמ׳ X). שומרון, שכמוסב מהצנחנים פיקד על החטיבה בקרבות הבלימה הקשים, ציין כי בספר הצליח המחבר לתאר היטב את תחושת שדה הקרב, את הפחד, הייאוש, העייפות והגבורה שהפגינו חיילי צה""ל במלחמה. לדבריו, המחבר הוא דוגמה ומופת לחיילים שכאלו.
דרך הספר לומד הקורא מהי אחוות הלוחמים שבצוות טנק, וכיצד חשים השריונרים כלפי מפלצת הפלדה שבאמצעותה הם לוחמים. ""נכון. בעת הטיפול השבועי, כאשר עליך לשפשף ולהבריק כל חלק בקרביו, אתה שונא אותו. אבל לאחר מטוח־תותחים מוצלח, בו הצלחת לדפוק שמונה מטרות מעשרה פגזים, אתה גאה בו, אתה אוהב אותו"" (עמ׳ 76).
עם פרוץ המלחמה, כתב המחבר, ""לא היתה מסוגלת מפקדת־הפיקוד להוריד הנחיות ברורות למפקדי שלוש חטיבות־השריון, שלחמו על גדות־התעלה. סמכות ההכרעה הידרדרה וירדה עד לדרג של מפקדי־פלוגות. אולם בשלב זה הראה צה""ל את גדולתו. היו אלה שעותיהם היפות של הקצינים הזוטרים, מפקדי־הפלוגות. הם הבינו, שהכדור נתון בידיהם, והם לא הכזיבו. כל פלוגה לחמה את המלחמה הפרטית שלה, בידעה כי מצפון ומדרום לה עושות אחיותיה את מלאכתן אמונה ממש כמותה"" (עמ׳ 64).
מוטי פז, מפקד הפלוגה של זוהר, ""היה ידוע כסוס־קרבות ותיק. תחילת דרכו הצבאית הייתה בצנחנים. במלחמת ששת הימים נטל חלק כמפקד מחלקת הצנחנים"" (עמ׳ 16). במלחמת ההתשה, היה פז ""מפקד בפשיטה המוטסת על האי שדואן. כוח־הצנחנים שהגיע למקום במסוקים הסתער על חיל־המצב המצרי, קוטל באנשיו, הרס את המבנים הצבאים שבמקום ושב בחזרה, כשהוא נוטל עמו למעלה משלושים שבויים"" (עמ׳ 17).
לאחר הפיקוד על סיירת הצנחנים עבר פז לשריון ומונה למפקד פלוגה כ' בגדוד הטנקים 195 בחטיבה 401, עליו פיקד עוזי לבצור. המעבר הזה, שהיום כמעט שאינו מתרחש, של קצינים ביחידות המובחרות לשריון היה שכיח אז. באותה עת עשו הסבה לשריון קצינים כמו עוזי בן יצחק, אהוד ברק, יואב ברום ועוד.
הפקודות של פז לפלוגתו כפי שהמחבר מביא אותן בספר, קצרות (כנהוג בשריון) ומלמדות על סוג המפקד שהיה – אמיץ, מקפיד על דוגמה אישית ומקצוען. ""ננוע מערבה על־פני הדיונות, נגיע לשפת־התעלה, נעלה על הסוללה, נזהה מטרות ונפתח באש. אחרי, נועו, סוף"" (עמ׳ 48), אמר בקשר לחייליו בראשית הקרבות. הוא הוביל את פלוגתו, ובכלל זה את המחבר, בקרב כנגד השריון המצרי במעוז ""מפצח"", ולאחר מכן בקרב לבלימת השריון המצרי במעבר המיתלה. הוא נפצע במהלך הקרבות ארבע פעמים, אולם לאחר שקיבל טיפול רפואי שב לפלוגתו ועמד בראשה בהמשך הלחימה. על פועלו במלחמה הוענק לו עיטור העוז.
האלוף (מיל׳) ישראל טל, אולי מי שייצג יותר מכל אחד אחר את חיל השריון הישראלי וללא ספק אחד ממפקדיו הבולטים ביותר, כתב במבוא לספר כי ""בזכותו של המחבר, הטנקיסט רון זהר, אנחנו מכירים את הלוחמים ואת מפקדי המחלקות והטנקים הנפלאים של פלוגתו, ובראשם את מפקד הפלוגה מוטי פז – גיבור שריון ומפקד קרבי מצוין, ואנחנו למדים מה גדולים כוח העמידה וכושר הלחימה העילאי של לוחמי חיל השריון של ישראל"" (עמ׳ 2). זה נשמע כמו מליצה עד שקוראים את הספר.",9485,סיפור מלחמה,רון זוהר,,משרד הביטחון,1975,164,ספרות,ספרות מקורית,https://cdn.simania.co.il/bookimages/covers7/76752.jpg,https://simania.co.il/bookdetails.php?item_id=9485,https://simania.co.il/showReview.php?reviewId=137830,"ספרו של רון זהר מגולל את סיפורו של שריונאי בגדוד טנקים סדיר במלחמת יום הכיפורים. זהו סיפור של לוחם מן השורה, שחווה את קרבות השריון הקשים בימים הראשונים ללחימה, שעה שגדודו, כמו כל צה""ל, היה שרוי עדיין בהלם הפתעת המלחמה. 
רון זהר מיטיב לתאר את רגעי החרדה של הלוחמים בעת לחימתם בשריון האויב, בהיותם נתונים תחת מטר ארטילרי או אש נגד-טנקים של החי""ר המצרי. תחושות אלה שזורות ברגעי הסיפוק של הצלחה בלחימה ובעצב על אובדן חברים בקרב. כל זאת שעה שהגדוד הלך ונשחק בקרבות הבלימה. ובלשונות של המחבר:
[...] למעשה, המוות לא ריחף באוויר. הוא הפך לחלק מאיתנו. היה ניכר בעיני האנשים, בצורת הליכתם, בדרך בה דיברו איש עם רעהו. היה ניכר באיפוק, בשקט, במבטים המושפלים. חששנו להביט זה בעיני זה. חששנו לכעוס, לרגוז ולקלל. ויותר מכל פחדנו להזכיר את המלה מוות. 

רון זהר נפצע קשה ביום החמישי למלחמה.",,,,,965,,,,he,Paperback,4.7,3,3,5922,31,0,1
137829,2026-09-25T18:40:09.000Z,4,12,מורי,1554,"זה אוסף סיפורים של סופר שלמדתי לאהוב עוד מספר המופת שלו ""עיר קסומה"". הספר המפורסם שלו הוא דווקא ""אפיקורוס בעל כורחו"", אבל אם אתם משיגים ורוצים את הפסגה – עיר קסומה הוא הספר. כאמור, הספר שלפני הוא אוסף סיפורים, אמנות אחרת מספרים מלאים. הסיפור הראשון, האם, מכה בקורא ללא רחמים. הזמנים הם בזמן ההעפלות הבלתי לגאליות בין 1934-1948. שרה מגדלת לבד את בנה. בעלה נטש אותה בעודה בחודש השישי להריונה. האם מגדלת באהבה ובהבנה את בנה ההולך ודומה לאביו הנוטש יותר ויותר. האם היא מרכזנית בלתי חשובה במקום חשוב וכשערב אחד בנה האהוב אינו שב הביתה. היא מבחינה בעבודתה למחרת בהתרחשות ערה עד שבאים אליה ואומרים לה שאסור לה לגשת לראות את הבן בבית החולים...
והיא ניגשת, כי אין כוח בעולם שיפריד ביניהם. מצמרר.
השני בסיפורים הוא ילד רחוב, סיפורו של סעדיה הצעיר, הצריך לצאת כל בוקר ולאסוף נדבות משום שלאמו ולסבתו לא יהיה איך להחזיק את הבית ואחיותיו. וכך יוצא כל בוקר סעדיה בן ה-12 למסע בשוק ירושלים וסביבותיו. מצד אחד, בעלי הדוכנים מכירים ילדים כמותו ומרחיקים אותו. מצד שני, גם פרוטקשן יש שם מצד ילדים גדולים יותר, הגובים כמה מטבעות מילדים כמו סעדיה כל יום. עצוב.
סיפור אחר, הבית החדש, עוסק באותו בחור ישראל ואשתו מירה, הגרים בצריף העלוב שלהם ומסביבם כבר קמים בתים של ממש. ישראל בחור חרוץ. הוא מביא עבודות הביתה של הברגת מנורות ומירה עוסקת בזה בביתם והוא ממשיך בעבודתו המסורה כעובד בניה בהסתדרות. הכסף נצבר אט אט וישראל פונה לבניית ביתו שלו בכוחו עצמו ובעזרת פועלים עצמאיים, שאינם מאוגדים כמותו בהסתדרות. הבית נבנה והוא היפה בסביבה, אבל המחיר ששילמו ילדיו בעת הבניה ואשתו היה כבר עד למחיר שהוא, ישראל, שילם מיד בסיום הבניה וחנוכת הבית. צביטה בלב. 
כך אפשר להמשיך לתאר עוד סיפורים כתובים היטב, עשרה במספר. העברית מופלאה כמו שכתבו פעם, לא מזמן, ממש מעבר לפינה לפני כחמישים שנה. אין ולו מילת לעז אחת בטקסט, אם כי אני בטוח שמילים רבות תשמענה כלעז לצעירים אפילו שזו עברית יפהפיה ומשלנו.
ובין לבין, פתאום ככה משום מקום, זה קורה לפעמים שאני מדמה פרצוף כפרצוף ידוע מהטלוויזיה. וזה לא קרה. מה כן קרה? סגנון הסיפורים נדמו פתאום לכתיבה של... צ'כוב.
הספר כולו היה זוכה לציון מושלם לו לא היה בן-יוסף ממהר לסיים כל סיפור במעין גלישה תלולה. מן הראוי היה לתת להם להתפוגג לאיטם. כך או כך, אנשים קטנים רבים ממלאים את הסיפורים, הם וגורלם הלא תמיד מתוק.",177846,סיפורו של אדם רעב,יהושע בר-יוסף,,ספרית מעריב,1988,227,,,https://cdn.simania.co.il/bookimages/covers17/177846.jpg,https://simania.co.il/bookdetails.php?item_id=177846,https://simania.co.il/showReview.php?reviewId=137829,,,,,,,,מועדון קוראי מעריב,,hebrew,Paperback,4,1,1,1062,34,0,1
137828,2026-09-25T13:34:21.000Z,4,19,פרפר צהוב,118838,"לא חסרות סקירות על הספר הזה, אז הסקירה שלי תהיה קצרה.

מי שמחפש סקירה מסודרת של תולדות החמאס, זה לא הספר בשבילו, למרות שיש בו גם התייחסויות לייסוד תנועת האחים המוסלמים ולייסוד תנועת החמאס בגדה ב-1986, התייחסות לאינתיפאדה הראשונה (1987) והשניה (2000), ואיזכור של אירועי טרור שונים.

הספר נכתב על ידי מסעב חסן יוסף, בנו של אחד ממייסדי תנועת החמאס בגדה - שייח חסן יוסף, שעבר צד ועבד עבור השב""כ במשך כ-10 שנים. הוא מתאר את תולדות משפחתו, בעיקר את אביו ששימש לו השראה במשך תקופה ארוכה כדמות אידיאלית של מוסלמי מאמין ושוחר טוב.

היתרון הגדול של הספר הזה הוא תיאור של החוויות האישיות שלו. מסעב מתאר את החיים בילדותו במחנה הפליטים אל-עמארי, את התפישות של האנשים הפשוטים שחיו בסביבתו ואת הסיבה לכך שהחליט לעזור לשב""כ. אחד ההיבטים המעניינים מבחינתי לאורך הספר הוא המבט הבוחן של מסעב וההבחנה שלו לגבי הצביעות של האנשים החל מקרובי המשפחה, שהיו מאוד חביבים כשאביו היה בבית אבל הפנו את הגב למשפחתו בשעה שנזקקו לעזרתם כשאביו היה בכלא, וכלה במנהיגים הפלסטינים, הן מאש""פ והן מהחמאס, שנהגו במכוניות פאר ושלחו את פשוטי העם להתעמת עם החיילים, בעודם דואגים לעצמם ושומרים על מרחק בטוח מאזור העימות. כמי שהיה כלוא כמה פעמים, הוא ראה את ההתנהלות של האסירים הבטחוניים מקרוב ומודע להבדל בין התפישה של העצירים הפלסטינים בעיני העם כגיבורים לעומת מה שבאמת קרה בהיותם בכלא. במהלך הספר יש התפכחות אצל מסעב גם לגבי אביו, שבתחילה נתפש אצלו כדמות אידיאלית של אדם המעוניין להפיץ טוב בלבד ברוח האיסלם המיטיב, ובהמשך מתגלה כדמות מורכבת יותר עם סתירה פנימית שתומכת באלימות. יש לי חשד שהוא הקטין את חלקו של אביו בכל מה שנוגע להתקוממות. 
חובבי האקשן ימצאו תיאורים של פעולותיו עבור השב""כ, וגם כמה הסברים מעניינים, כגון בקשר לסיבה לפרוץ האינתיפאדה השניה ולכך שאביו ""החליט"" להתמודד בבחירות מטעם תנועת החמאס.

מסעב מציג תפישה מעניינת של החיים האיסלמיים. הוא מדמה אותם לסולם, שבתחתיתו נמצאות התפילות והשבח לאללה, בשלבים גבוהים יותר נמצאים עזרה לעניים, הקמת בתי ספר ומפעלי צדקה, ובשלב העליון נמצא הג'יהאד. מוסלמים מסורתיים נמצאים לרגלי הסולם וחיים באשמה על כך שאינם מקיימים את האסלם במלואו. בראש הסולם נמצאים הקיצוניים שמבצעים מעשי טרור והורגים נשים וילדים לתפארת האל של הקוראן. המתונים נמצאים באמצע. מסעב רואה במתונים את המסוכנים ביותר, מפני שהם נראים בלתי מזיקים, ולא ניתן לדעת מתי יעשו את הצעד הבא אל ראש הסולם.

בספר מתוארים כמה טרוריסטים שהיו אנשים אמידים ובעלי השכלה שהיה להם הרבה מה להפסיד, ובכל זאת הפכו לטרוריסטים, חלקם מתאבדים. אין הסבר ברור למניעים שלהם.

אחד הדברים שלא היו ברורים לי בספר הוא איך זה שאביו היה בין מקימי החמאס, אבל האנשים שניהלו את הארגון ביו""ש היו אנשים שאביו לא הכיר.

הספר מעניין ומומלץ.

εϊз",905118,בן החמאס,מסעב חסן יוסף,דפנה לוי,מודן,2010,254,ספרות,סיפורי חיים,https://cdn.simania.co.il/bookimages/covers90/905118.jpg,https://simania.co.il/bookdetails.php?item_id=905118,https://simania.co.il/showReview.php?reviewId=137828,"בן החמאס מביא את סיפורו האישי והמדהים של מסעב חסן יוּסף, בנו הבכור של אחד מראשי תנועת החמאס בגדה, שייח‘ חסן יוּסף, שממניעים אידאולוגיים החליט לחצות את הקווים ולשתף פעולה עם השב“כ. במשך עשור הצליח לסייע בסיכול עשרות פיגועי התאבדות ובחשיפת חוליות של מתאבדים ומחבלים ובכללם כאלו שתיכננו לחסל בכירים בישראל, כמו שמעון פרס והרב עובדיה יוּסף. בשב“כ נחשב מסעב למקור האמין והבכיר ביותר שהצליחה מערכת הביטחון להפעיל אי פעם וזכה לכינוי “הנסיך הירוק“; “הנסיך“ על שום היותו בנו של ראש החמאס בגדה, ו“הירוק“ בגלל צבע דגלו של הארגון. מסעב חסן יוּסף היה למיתוס מודיעיני ישראלי. 

מה גרם לבן האצולה הזה למהפך דרמטי כל כך בחייו ומדוע החליט לשים את נפשו בכפו ולפרסם את סיפורו במלואו? בהמשך לאידאולוגיה המנחה אותו, מסעב חסן יוּסף מספר בבן החמאס את הכול. החל בילדותו בגדה כבן בכור למשפחה מוסלמית רבת השפעה, שהפך באופן טבעי לפעיל מרכזי בזרוע הצבאית של החמאס, דרך התהליכים הנפשיים שחוללו מהפך בהשקפת עולמו ובדתו וגרמו לו לפנות לשב“כ, וכלה בסיפור המבצעים שבהם נטל חלק ואותם הוא מגולל בפני הקורא מזווית שונה לגמרי. מעבר לסיפור האישי המרתק נחשפות בספר בן החמאס שיטות פעולה של החמאס והשב“כ, כפי שלא סופרו עוד מעולם.

פרסום הספר עורר התעניינות תקשורתית עצומה בעולם והספר הפך מייד לרב־מכר. מאז הפרסום נאלץ מסעב להסתובב מלווה בשומרי ראש.","סיפור בנו של מנהיג החמאס שהפך  לסוכן שב""כ",Sun of Hamas / Mosab Hassan Yousef with Ron Brackin,רון ברקין,,,20-52320,,,he,Paperback,4.3,290,89,49506,408,15,1
137827,2026-09-25T10:00:07.000Z,4,7,ליליאן די,325886,"יש ספרים שאינם נפתחים בקריאה רגילה, אלא בנפילה חופשית אל תוך סערה תודעתית ולשונית מסחררת. במאתיים העמודים הראשונים של ""אשה בורחת מבשורה"", העברית של דויד גרוסמן עושה בדיוק את זה: כתיבה מושחזת בדיוק כירורגי, משפטים שאי אפשר להבין מאיפה סופר מצליח לדלות אותם, כאלה שננעצים ישירות בנימים החשופים ביותר של הנפש. זרם התודעה של אורה פשוט מהפנט; המוח שלה יורה ללא הפסקה, מנתח כל חלקיק של מציאות, חרדה וקשר אנושי, בעומק פסיכולוגי מטורף שהכתיבה הופכת אותו למרסק ומטלטל עד עמקי הנשמה.
העומק הזה אינו נותר תרגיל ספרותי מבריק בלבד, אלא הופך לאגרוף פיזי בבטן כשיודעים את הרקע הטראגי לכתיבתו: גרוסמן החל לכתוב את הרומן כאשר בנו אורי התגייס לשירות קרבי, וכתב אותו לאורך שנות השירות מתוך חרדה הורית יוקדת. הכתיבה הייתה עבורו מעין חומת מגן מאגית, אמונה פראית של אב שכל עוד הוא כותב על אימת הבשורה – הוא מחזיק את בנו בחיים ומגן עליו מפני הגורל. אלא שהמציאות הישראלית האכזרית השיגה את הבדיון: ממש לקראת סיום כתיבת הספר, בימיה האחרונים של מלחמת לבנון השנייה ב-2006, נפל אורי בקרב, והדפיקה הנוראה בדלת שגרוסמן ניסה להדוף בכוח המילים הפכה למציאות חייו. הידיעה הזו יוצקת בכל אות, בכל נים ובכל נשימה חנוקה של אורה משקל מצמרר של עופרת יצוקה.
במרכז היצירה עומדת בריחה שהיא תמצית אותה חשיבה מאגית נואשת, כזו שכל אם בישראל מבינה בבשרה: ברגע שבנה הצעיר, עופר, יוצא למבצע צבאי גדול, אורה אורזת תרמיל ובורחת אל שבילי הצפון, גוררת איתה את אברם, חבר נעוריה והלום קרב שבור. ההיגיון פראי ומצמית: אם היא לא תהיה בבית כשהדפיקה הגורלית תישמע בדלת, אם לא תענה לטלפון – לבשורה לא תהיה כתובת להימסר בה, ובכוח ההיעדר והמילים שלה הילד יישאר בחיים. סצנות שלמות מחזיקות מתח כמעט בלתי נסבל: הנסיעה הדחוסה במונית של סמי אל הבסיס; המשא ומתן המבעית שאורה מנהלת עם הגורל על סוגי פציעות שעימן ""תוכל לחיות"", ובלבד שבנה יישאר בחיים; והרגע המרסק שבו היא קוברת את פניה ברגבי האדמה – טועמת אותה כפי שהייתה טועמת פעם את האוכל של התינוק שלה, ומאלפת את העפר לנהוג בו בעדינות.
קצב הכתיבה והעוצמה הזו מזכירים מאוד את סגנונה של מירה מגן ב""מיכאלה"" וב""אחותו של הנגר"". אין כאן דמיון עלילתי, אלא קרבה מהותית באופן שבו השפה נבנית: שתיהן מייצרות כתיבה דחוסה, סמיכה וטוטאלית, המובלת על ידי תודעה נשית חריפה וקודחת שלא מפסיקה לפרק את המציאות לרסיסים. אלא שבעוד מגן הפגינה איפוק של אדריכלית, הבינה שדחיסות כזו חייבת להיות מרוסנת, וידעה לסגור את המעגל בדיוק במומנט הנכון כדי שהטקסט יישאר חד וחודר – אצל גרוסמן הדחיסות הזו מאבדת רסן.
רומן, מבריק ועמוק ככל שיהיה, אינו יכול להתקיים בוואקום שמתעלם לחלוטין מחוויית הקוראת. סביב עמוד 300, החוזה המהפנט הזה מתחיל להיסדק. הרעיון של אורה ואברם שמגדלים מחדש את עופר ביחד דרך המילים – כשהיא מפרקת עבורו כל יום, כל מחלת ילדות וכל בדיחה כדי להחזיר את אברם לחיים – הוא מהלך פסיכולוגי עמוק ומפעים, אבל גרוסמן מסרב להניח רגל על הבלם. מינון הוא שם המשחק בספרות: כשמכניסים שבע כפיות סוכר לתוך כוס תה אחת, זה אולי מרוכז ומשכר ברגע הראשון, אבל בסוף פשוט אי אפשר לשתות את זה.
התוצאה היא שמה שריסק את הנפש במאתיים העמודים הראשונים מעוצמת הדיוק והעומק הרגשי, החל להתיש אותה מסיבה הפוכה לחלוטין – מעגליות, דשדוש ושעמום. כשהעלילה קופאת על שמריה ומשאירה אותך נעולה לאורך מאות עמודים בתוך תא לחץ חזרתי של שתי דמויות בלבד, העין מתחילה בעל כורחה לרפרף, והקריאה הופכת מריסוק רגשי אותנטי למשא מעיק. בסביבות עמוד 400 הבנתי שהחוויה מוצתה עד תום, ובחרתי לסגור את הספר.
""אשה בורחת מבשורה"" הוא יצירה בעלת עומק פסיכולוגי נדיר וכתיבה שמרסקת את הלב בשיאיה, אך כזו שנפלה קורבן לאובדן חוש מידה ולחוסר משווע בעריכה מרסנת. ספרות גדולה אינה נמדדת רק ביכולת לברוא עוצמה רגשית ולשונית טוטאלית, אלא גם בחוכמה לדעת מתי לעצור; כשלא עושים זאת, גם גאונות צורבת עלולה להתיש את הנפש במקום לטלטל אותה עד תום.",225286,אשה (אישה) בורחת מבשורה,דויד גרוסמן,,הקיבוץ המאוחד,2008,633,ספרות,ספרות מקורית,https://cdn.simania.co.il/bookimages/covers22/225286.jpg,https://simania.co.il/bookdetails.php?item_id=225286,https://simania.co.il/showReview.php?reviewId=137827,"אורה, שבנה החייל יוצא למבצע צבאי גדול, בורחת מביתה כדי לא להתענות בציפייה לבשורה הרעה, שאין לה ספק כי תגיע; כסרבנית-בשורה אולי בכלל תוכל למנוע אותה ולהציל את בנה. בדרכה אל הגליל היא כמעט חוטפת את אברם, אהוב נעוריה, ובמשך ימים ולילות היא נודדת אתו על-פני הארץ, ברגל, ועושה את הדבר היחיד שיש ביכולתה לעשות כדי לגונן על בנה ולתת לו כוח: היא מדברת עליו, היא חיה את סיפור חייו. ""אשה בורחת מבשורה"" הוא סיפור על שני גברים ואשה ושני בניה, על אהבה ואהבה נכזבת, על חברוּת ורגש ונדיבוּת בין גברים, על הוֹרוּת ונתינה, ובעיקר על 'עבודת-המשפחה', המאמץ הכמעט הרואי לקיים את רקמתה העדינה של משפחה בלב האלימות והאימה והחד-פעמיוּת של המציאות הישראלית. זהו סיפור שמתלכדות בו השבריריות והחרדה של הקיום הישראלי כולו עם אלה של תא משפחתי אחד. הרומאן נפתח במלחמת ששת הימים, ועובר דרך מלחמות ודרך ההפוגות שביניהן. החיים הפרטיים של חמש הדמויות שבו הם ניסיון מתמיד להדוף את גלי ההדף של כל המלחמות. בתוך כך מחזיר אותנו הספר אל יפי נופיה של הארץ, ואל יופיה של העברית, שכבר שכחנו – עברית גמישה ורעננה, שמטלטלת את המילון.",,,,,978-965-545-1,31-4792,הספריה החדשה,,he,Paperback,4.2,430,81,22429,562,2,1
137826,2026-09-25T01:21:49.000Z,3,3,Boaz Ben-Zvi,210160,"בתחילת הקריאה נדמה היה לי שזה עוד ספר בג׳אנר האהוב עליי - מעין אוטוביוגרפיה המתארת חוויות חיים, נסיונות ולקחים שנלמדו. אבל בתחילה מופיעה הערת המחבר: ״רומן זה הוא יצירה בדיונית״. כך שנראה לי כי בסיס הכתיבה אמנם לקוח מחוויות המחבר בשנות נעוריו, אך הוא נטל חופש מהדיוק ההיסטורי והוסיף ושינה כרצונו. לי זה קצת הפריע, אם כי מרבית התאורים והארועים נראים לי אמיתיים.
הסופר מספר על נעוריו בווינדזור שבחבל אונטריו בקנדה. הוא בן של רב בעל אובססיה למחקר של נהרות בבל הקדומים (מכאן שם הספר) שאותה כנראה ירש מאבו (כלומר הסב של הסופר). הסופר גדל כבן יחיד לאימו ששאר הריונותיה הסתיימו בהפלות, כך שהיא הייתה די דאגנית כפייתית כלפיו. דמויות נוספות בספר הן החזן (שהוא ואחותו התאומה שרדו את השואה בה עברו ניסויים גופניים נוראים) ואשת החזן ברניס שהייתה החברה הקרובה של האם.
הסיפורים והארועים המסופרים די מעניינים, אבל לא ברמה שנשארת אחרי הקריאה.",145262,נהר פרת הרחוק,אריה לב סטולמן,נעמי פריי,ספרית מעריב,2006,166,ספרות,ספרות מתורגמת,https://cdn.simania.co.il/bookimages/covers14/145262.jpg,https://simania.co.il/bookdetails.php?item_id=145262,https://simania.co.il/showReview.php?reviewId=137826,"אלכסנדר הוא נער צעיר, בעל עולם פנימי עשיר. ""חולם בהקיץ"", אומרת עליו אמו בדאגה גדולה, אך אביו, רב הקהילה היהודית של ווינדזור שבקנדה, אינו שותף לתחושתה זו. אלכסנדר, מצדו, אינו מבין על מה המהומה. הרי יש לו ידידה בת גילו, אמנם חולה מאוד, עמה הוא נפגש מדי פעם.

וישנם, כמובן, גם החזן ואשתו ברניס, חברתה הקרובה של אמו, המשמשת לו כאם שנייה. וכולם הרי חיים בהרמוניה ובקירבה נדירים כל כך.

אלא שאט אט נחשף העולם שמתחת למעטה היומיומי, הקליל לכאורה, של חיי העיר הפשוטים. גיבוריו של אריה לב סטולמן אמנם מתעקשים לקיים חיים רגילים, אך מתחת לפני השטח מבעבעים סודות איומים מהעבר, תקוות שלעולם לא יתגשמו והשלמה עם העובדה הבלתי נתפשת: הקהילה היהודית הקטנה לא תעמיד דור המשך.

בטון מינורי ובשפה עדינה נחשפת הזוועה לאיטה: הוריו של הרב המתנכרים לבנם ולנכדם; אחיה האומלל של האם שעל מחלת הנפש שלו לומד אלכסנדר רק לאחר מותו; ניסיונותיהם העגומים של הוריו להביא ילד נוסף לעולם; והסיבה האמיתית לכך שברניס ובעלה החזן לעולם לא יוכלו להרחיב את משפחתם.

בנסיעה מבוהלת אחת, כשסופת טורנדו מאיימת משתוללת בחוץ, חושפת ברניס בפני אלכסנדר את הסוד הנורא מכל - של בעלה, של אחותו, של הפצע הפעור ממחנה הריכוז. הפצע שיסיט את חייו של אלכסנדר ממסלולם. הפצע שיאפשר לו לגלות, בשקט ובמנותק מהעולם, את רצונותיו, שאיפותיו, נטיותיו.

""נהר פרת הרחוק"" הוא תיאור יפהפה ונוקב על התבגרות בצל כאב משפחתי, פחד ותשוקה לדת. דרך סיפורו של נער בודד, המתמודד עם מציאות כואבת, שואל סטולמן כיצד ניתן למצוא משמעות בעולם שאחרי השואה, מהו הגבול בין שפיות, שיגעון ועל-טבעי, ואיך יכול האדם להתמודד עם הרצון להכיר את מקורותיו ולחזור אליהם, אל נהר פרת המיתולוגי של עדן, תוך ידיעה שאיננו יכול לחזור לשם לעולם.

אריה לב סטולמן, בנו של רב, נולד בקנדה ומתגורר כיום בניו יורק. סיפורים קצרים שכתב התפרסמו במספר אנתולוגיות. ""נהר פרת הרחוק"", שזכה בפרסים רבים (ביניהם פרס ווילבור) וזכה לביקורות מעולות, הוא  ספרו הראשון.",,The Far Euphrates / Aryeh Lev Stollman,,,,115-1896,ספרית מעריב - סיפורת,,he,Paperback,3.5,2,1,987,10,0,1
137825,2026-09-24T11:04:54.000Z,0,4,אסתו'ש,223398,"אני חובבת רומנים היסטוריים , בפרט כשהם מביאים לידי ביטוי את עוצמתן וכוחן של נשים אל מול חוזק ומרות הגברים של אותה תקופה .

בספר שכתבה בתיה כהן גרין , מזל של מכוערת , אשר שמו של הספר הרתיע אותי מצד אחד ומצד שני סקרן אותי לקרוא בו , שהתברר לי כשסיימתי לקרוא בו את עומק משמעות שמו .

בכתיבה רגישה ופשוטה , המכניסה לאווירת תקופת העלילה בתחילת המאה העשרים הנע בין חַלַבּ שבסוריה, טורקיה וישראל בציר של עבר והווה , 
מביאה בתיה את סיפורה של משפחה , המשתרע על פני ארבע דורות .

תחילת העלילה בגיבורת הסיפור ויקטוריה  , בחורה צעירה שחייה במארש שבתורכיה , כשבהתחלת העלילה נישאת בנישואי משחק ליזדי.  
הדבר נשכח עד שהיא חוזרת לעיר הולדתה עם בעלה ובנה ופוגשת בפגישה אקראית את יזדי לו נישאה כאשר שיחקו במשחק. הנישואים …

בחירתה שכביכול נכפתה עליה יהוו נקודת מפנה בחייה

מכאן יפרצו חייה חוט אחר חוט….

בחייה שלה של בעלה ובנה , ולאורך דורותיה , אותם בתיה מתארת במנעד של חושים , טעמים במאכלים , בריחות של איזורים , ובשפת  הערבית והתורכית ומתבלטת  את הסיפור בפתגמים ואמרות בערבית וטורקית

כאשר סגירת המעגל בסוף הלא צפוי , אצל ויקי  נינתה בגילוי סוד משפחתי של הישרדות וחופש בחירה ….
כי יש סוגות שאפשר לשמור במשך שנים , אך לא ניתן לתת להם להיעלם ….

מזל של מכוערת ספר מקסים , סיפור מרגש ונוגע המביא אהבה , נשיות , מסורת , ואת כל היופי של מה שביניהם ….אהבתי וממליצה !",1027414,מזל של מכוערת,בתיה כהן-גרין,,כריכה – סוכנות לסופרים,2026,248,ספרות,ספרות מקורית,https://cdn.simania.co.il/bookimages/covers102/1027414.jpg?v=1778929548804,https://simania.co.il/bookdetails.php?item_id=1027414,https://simania.co.il/showReview.php?reviewId=137825,"משחק אחד, משובת נעורים, וממנו נפרם חוט שמטלטל דורות של נשים. 

ויקטוריה, צעירה בעיר מאראש שבטורקיה של תחילת המאה הקודמת, נושאת בגופה ובנפשה רגע אחד שאין ממנו חזרה. הבחירה שנכפתה עליה משרטטת מסלול חיים רצוף שתיקות, וחותמת גם את גורלם של בעלה ובנה. 

שנים מאוחר יותר, במרחק של זמן ויבשות, נושאת ויקי, נינתה, את אותו סוד ישן, אף שמעולם לא סופר לה. ויקי, רקדנית פלמנקו, נותנת לגוף לומר את מה שלא נאמר: כאב ותשוקה, זעם ואהבה. ברקיעת העקב וברעד הגוף מתעוררים זיכרונות של נשים שקדמו לה, אימהות, סבתות ונינות, כולן נעות על הקו הדק שבין הישרדות לחירות. 

זהו רומן היסטורי משפחתי על ארבעה דורות של נשים, הנע בין חַלַבּ שבסוריה, טורקיה וישראל; סיפור על נשיות שעוברת בירושה, על סודות שנשמרו בגוף ועל האומץ להקשיב לקול הפנימי, גם כשהוא בא מן העבר. בקול נשי רגיש ועמוק, שוזרת בתיה כהן גרין, סיפור שושלת נשית עתיק לכדי רומן של כאב וחיים, תנועה, תשוקה והישרדות. 

בתיה כהן גרין נולדה בתל אביב להורים יוצאי טורקיה, שמקורם בגלות בבל, גלות ספרד וחלבּ שבסוריה. בתיה היא מורה, יועצת לבריאות טבעית ותזונה על פי הרמב""ם, ומרפאה בפטריות מרפא. זהו רומן הביכורים שלה, סיפור שעבר מדור לדור בקהילה וביקש להיכתב.",,,,,,,,,he,Paperback,,,1,71,2,0,1
137824,2026-09-24T07:03:22.000Z,0,0,דני,337468,אוסף אין-סופי של מקורות נאמנים על כל נושא ונשוא. מדהים!,469310,דור דור ודורשיו [חלק ג'],אייזיק הירש וייס,,פלטא ומינקוס,,,יהדות,תלמוד ומשנה,https://cdn.simania.co.il/bookimages/covers46/469310.jpg?v=1790244002904,https://simania.co.il/bookdetails.php?item_id=469310,https://simania.co.il/showReview.php?reviewId=137824,,,,,,,,,,he,Paperback,,,1,592,10,0,1
137823,2026-09-24T05:40:37.000Z,4,5,טל,334664,"יש משהו מטעה בספרים של יואב בלום. שמו הולך לפניו ככותב ספרות מד""ב. וזה בעצם לא הכי מדויק. בעיניי הוא יותר כותב על דברים על טבעיים, או פנטסטיים. ונכון שבספרים מסוימים יש שימוש באלמנטים של מד""ב (כמו מסעות בזמן, בספר ""כהרף עין""), אבל גם אז, זה לא מרכז הכובד של הספר. בעיניי, בכל אופן.
נחזור למצרפי המקרים. זהו הספר הראשון של בלום. העלילה עוסקת בסוכנים שעוסקים בביצוע צירופי מקרים, כדי לגרום לכל מיני דברים להתרחש, ובאופן ספציפי יותר, כדי לגרום לשינויים בחייהם של בני אדם (למשל לשנות עיסוק, או להתאהב). ואת זה כל קורא יכול לקחת לכיוון שלו, מבחינת המחשבות שזה מעלה.
אבל בעיניי, הספר הזה הוא קודם כל, ולפני הכל, ספר על אהבה. ובלום מביא פה מחשבות מעניינות ביותר על מה זאת אהבה, מה קורה לנו בתוכה, מה אנחנו מחפשים, מה אנחנו רוצים, והניסוח הכי מדויק - למה אנחנו כמהים. מצאתי בספר מחשבות ותובנות מאוד מעניינות בנושא הזה, ולפעמים משפטים ממש מרגשים.  
נהניתי מאוד מהקריאה, ואני בהחלט ממליצה עליו. אבל חשוב לומר, מי שממש לא מתחבר לספרות ספקולטיבית (ככה קוראים לזה היום), ובכל זאת מתעניין בספר על אהבה, שיבוא מראש עם סבלנות ועם פתיחות, עד שהוא ירגיש יותר בנוח בתוך הספר. לדעתי זה מאוד משתלם.",935953,מצרפי המקרים,יואב בלום,,כתר,2005,277,ספרות,ספרות מקורית,https://cdn.simania.co.il/bookimages/covers93/935953.jpg,https://simania.co.il/bookdetails.php?item_id=935953,https://simania.co.il/showReview.php?reviewId=137823,"הגורל הוא בסך הכול עוד משימה שבוצעה כהלכה. 
פרפר שמניד את כנפיו גורם לסערה במקום המרוחק אלפי קילומטרים ממנו, אבל מי שכנע אותו להניד את כנפיו? 
שני סטודנטים מתיישבים זה ליד זו בשיעור משעמם, ומוצאים את אהבת חייהם, אבל מי דאג שדווקא שני הכיסאות האלה יישארו פנויים? 
ספר עב כרס עוצר קליע במעופו ומציל את בעליו, אבל ממי קיבל הסופר את הרעיון לעלילה המסועפת? 

שלושה חניכים התקבלו למחזור 75 של ""קורס מצרפי המקרים"". 
היום הם כבר מקצוענים: גיא מתמחה בצירופי שידוך המפגישים זוגות אוהבים, אמילי מתמחה בצירופי השראה, ואריק מתמחה בכול, ככה לפחות הוא חושב. 
הם מסיטים גורלות בעזרת כוס קפה שמתנפצת על הרצפה ודואגים לפריצות דרך מדעיות בהשאירם חלון פתוח כדי סדק. 
והם פועלים תמיד על פי הוראות המשימה, המונחת לפנות בוקר תחת דלתם במעטפה חתומה. 
טוב, כמעט תמיד. 

כשמשימה יוצאת דופן מגיעה בוקר אחד, רוצח שכיר מופיע בעיר וזיכרונות מן העבר חוזרים לתבוע את שלהם - מצרפי המקרים מתחילים לדאוג לגורלם שלהם.
 
מצרפי המקרים הוא סיפור מבריק ושופע דמיון על גורל ובחירה, על דמיון ומציאות ובעיקר על אהבה. 
יואב בלום הוא מתכנת ובלוגר, בן 31, מקריית אונו. 
זהו ספרו הראשון.",,,,,,10-277707,,,he,Paperback,4.1,406,135,40909,355,9,1
137822,2026-09-24T00:26:17.000Z,3,1,תולעת ספרים עתיקה,317956,"ספר שמכר רק כ-500 עותקים והפסיקו את ההפצה שלו כמה שנים לאחר מכן אבל למיטב הבנתי ירד מהמדפים מאוד מהר. בנוסף עלה באותה שנה מחזה שמבוסס על הספר. לא מצאתי שום פרטים על ההוצאה הזאת שנקראת דן-אל - אולי קשורה לבצלאל?

בספר לא מצאתי שם של עורך, וחבל כי הספר כן היה צריך עריכה וגם עריכה לשונית - הספר מציג לראשונה סיפורים שפחות מדובר עליהם בתקשורת בצורה חיה ובועטת. הוא נע בין חלומות על עפרה, מעין מחזה שבצלאל כותב לעפרה, ביוגרפיה, נע בין תקופות שונות בחייה, עם המון סיפורים אישיים על משפחתה וילדותה ותקריות שבגללן אף יאיר חזה, אחיה של עפרה, תבע את בצלאל ואף זכה באופן חלקי, למיטב הבנתי, בעיקר על סעיפים של פגיעה בפרטיות ועוגמת נפש.

אולי בעתיד תצא ביוגרפיה מסודרת בשילוב כל הגורמים שיהיו בחיה, לפני שיהיה מאוחר מדי (בכל זאת בצלאל כבר בן 86)",976060,עפרה חזה - מכתבים לעפרה,בצלאל אלוני,,דן-אל,2007,288,עיון,ביוגראפיות,https://cdn.simania.co.il/bookimages/covers97/976060.jpg,https://simania.co.il/bookdetails.php?item_id=976060,https://simania.co.il/showReview.php?reviewId=137822,"סיפור חיים מדהים הכתוב על ידי מי שהיתה הדמות המרכזית בהצלחתה המטאורית של עפרה חזה,
כזמרת ישראלית ובינלאומית.

איך הגיעה לאן שהגיעה? איך חייתה את חייה במרומי התהילה ואיך הגיעה אל סופה הטראגי?
מה היו מערכות היחסים שלה עם האנשים הקרובים אליה ביותר?
מי היו המחזרים שלה? מדוע לא נענתה לחיזוריהם?
איך הכירה את מי שהפך להיות בעלה? מי הכיר לה אותו? 
לאן נעלמו כל חסכונותיה?

הספר ""מכתבים לעפרה"" נכתב לאחר מותה 
ובו מספר המחבר על החיים בצד התהילה לה זכו, עפרה והוא.
על הדרך הקשה, על מאבקי אין קץ ועל הסיבות שהובילו אותה אל מותה, 
כשנתיים וחצי בלבד, לאחר נישואיה.

סיפור חיים שמתחיל באופן תמים ומתגלגל ומתגלגל אל עולמות רחוקים, 
אל מציאות דמיונית.
סודות, תשוקות, תהפוכות גורל, אהבות, אכזבות והחמצות ועל כולן, 
הכמיהה העזה של עפרה לאמהות.

""מכתבים לעפרה"" – סיפור על אישה צעירה אשר מצאה את עצמה מתמודדת ללא הרף על מקומה בחברה.",סיפור חייה של עפרה חזה 1957-2000,,,,,284-1,,,he,Paperback,4.3,3,1,3373,9,0,1
137818,2026-09-23T20:14:30.000Z,5,14,DRefaeli1,85290,"כולם אוהבים לשנוא את דן בן אמוץ. לחבוט בגופתו המתפוררת. זה התחיל עוד בחייו, אבל התדרדר מיד אחרי מותו, כש-""חברו הטוב ביותר"" אמנון דנקנר הוציא לאור ביוגרפיה חושפנית אודותיו עם טענה שאמא של דן שכבה איתו בגיל 13 לפני שנפרדה ממנו לעולמים (את תגובת הגופה לא ניתן היה להשיג עד רדת הספר לפרסום). מאז זה רק הלך והחמיר. נראה שכל כמה שנים יש כתבה נוספת על ""הצד האפל"" של דן בן אמוץ שממחזרת את אותם דברים שהיו ידועים גם בחייו: הוא שכב עם קטינות.
לפני שנים, ראיתי כתבת טלוויזיה על דן. שאלו את חיים חפר (אללה ירחמו) על נושא הקטינות והוא ענה: אבל הן אלו שחיפשו אותו. במוסר ה-מי-טו של היום זה לא תופס, אבל כמה נוראי זה לשפוט אנשים של תקופה אחת על פי מוסר של תקופה אחרת. אני מבקש להחיל סטנדרט דומה גם על חתונת יצחק (40) ורבקה (3, ולפי מסורת סלחנית יותר 13), ובכלל על העובדה ששלושת האבות היו גם מחזיקי עבדים. ועל עוד שלל פגמים מוסריים בחיי כל גיבורינו מהאדם הראשון ועד דודו זר.
ועוד באותה כתבה (או אולי אחרת, כבר חלף קצת זמן) ראיינו אחת מאותן קטינות (נראה לי שזו הייתה שרי אנסקי), והיא אמרה בקול חנוק ומלא אהבה: ""בשבילי הוא היה כל כך הרבה."" או משהו כזה. 
ואני מרגיש שזה בדיוק מה שאני רוצה להגיד: בשבילי הוא היה כל כך הרבה. 
היה ועודנו. 
באנושיות של הכתיבה שלו. בספרים היפים שלו: בלזכור ולשכוח, ולא שם זין, ויופי של מלחמה. 
ובמיוחד במיוחד בספר המדהים הזה – זיונים זה לא הכל – שהיה כל כך הרבה בשבילי. זה כבר העותק הרביעי שיש לי – עותק חתום (!) שסירבתי להשאיל אפילו לבנות זוג, כי את שלושת העותקים הקודמים השאלתי ולא קיבלתי בחזרה. 
אודה שבקריאה רביעית בגיל 40, הספר כבר מתחיל לאבד מהקסם. הרעיונות כבר פחות נועזים. המחשבות פחות מקוריות. תיאורי הסקס פחות מרגשים. הוא עדיין יפה ומעניין, אבל לעומת הפעם הראשונה? הו! בפעם הראשונה שקראתי אותו, אי שם בצבא, הוא הרגיש כמו בעיטה לפנים – בנועזות שלו. משהו שמעיר אותך מתרדמה ארוכה וגורם לך להסתכל על המציאות בצורה אחרת. אתה קורא ועיניך נפקחות ואתה פולט – וואו! 
בספר הזה דן פיצח את הנוסחה איך לשמור על תשומת הלב של הקורא. 20 עמודים על ילדות של נער חוץ בכפר הנוער של בן שמן, ואז סצינת סקס לוהטת. ואז עשרים עמודים על היטלר והשואה, ועוד סצינת סקס. עשרים עמודים על כתיבה, על פילוסופיה, על יחסים על גיליים, על מטמורפוזת היופי, אובייקטיביזם וסוציאליזם, על פרסום ועל אופנה ועל תכתיבי החברה – וסצינת סקס. עמודים על העפלה, על אשמת ניצולים, על חיי סטודנטים עניים ובודדים בירושלים, על נישואים ואהבה, על אבהות גרועה, על מלחמות ושלום, על יחסי יהודים וערבים. סצינת סקס. עמודים על למה דן ימסור בשמחה את הבית שלו ביפו לבעליו החוקיים, על החברות בינו לבין מרלון ברנדו, על איך ס. יזהר גילה לדן הצעיר מהו המעשה האסור שעשה אוסקר ויילד. ו... נראה לי שהבנתם את הפואנטה. לפעמים הכותב בעצמו ממליץ לקורא – שאם הנושא הפילוסופי שבו הוא עומד להתעסק עתה משעמם מדי, הוא מוזמן לדלג עשרים עמודים קדימה. שלא ישתמע שהסקס זוכה רק לתיאורים זולים – ממש לא. גם בו יש התעסקות רצינית ומחשבות מעניינות. 
נראה לי שמעל הכל הספר הזה נוגע בזהות. ביכולת של אדם להגדיר את זהותו. דן בן אמוץ נולד בשם מוסיא תהילים-זייגר (משה קורא-תהילים), וכל חייו הוא נאבק לעצב מחדש את דמותו. להגדיר אותה ולשלוט בה. גם הספר הזה, ספר שהמחבר מתייחס אליו כאל ""חיי, בעריכת ותיקוני המחבר"" הוא ניסיון של דן לעצב את דמותו בחייו. הדמות שנובעת משם היא של אדם פגום, מלא קונפליקטים שעבר חיים לא קלים בכלל. אדם שאיבד הרבה, שעשה הרבה טעויות, אבל גם של אדם מאד אנושי וחם ועמוק. אדם שקרן כזבאי ובדאי שאין להאמין למילה שיוצאת לו מהפה, שמספר הרבה שקרים ואז מתוודה עליהם, אבל הוא עושה זאת בכל כך הרבה חן שבמקום לכעוס אתה צוחק ונמלא נחת. אני אוהב את האדם הזה, גם אם אני חושב שהוא שמוק לא קטן. 
זה בטח נראה קצת טראגי שהאיש שניסה כל כך לשלוט על דמותו בחייו, זוכה לכל כך הרבה השמצות ושנאה לאחר מותו. דמותו נחבטת ומבוזה ברבים מבלי שיש לו כל יכולת להתגונן. האמנם? אל דאגה, דן ילדי. הכתבות הרעות עליך בסוף ישכחו, כמו גם הביוגרפיה הבזויה, אבל ספריך עוד ימשיכו להסעיר את מוחם וליבם של דורות רבים. 
בקיצור, לא אכפת לי אם הוא היה חרא של בן אדם. הספר הזה הוא כל כך – כל כך – הרבה! ואני ממליץ עליו בחום.",16717,זיונים זה לא הכל,דן בן-אמוץ,,זמורה ביתן,,493,,,https://cdn.simania.co.il/bookimages/covers1/16717.jpg,https://simania.co.il/bookdetails.php?item_id=16717,https://simania.co.il/showReview.php?reviewId=137818,"מעטים יערערו על התיזה שאותה מתמצת דן בן אמוץ בעצם השם המתנוסס בחוצפה בכתב רש""י על ספרו, אך האומנם יש צורך בכל כך הרבה דוגמאות של משגלים שונים ומשונים (תוך רכיבה על סוס; בתא של קרון רכבת; על קברו של שייח' אבו - תור; בבית חולים; עם שתי לסביות; בבית מרחץ; באמצע הרחוב ביום גשם; עם קטינות ועם זקנות; במסיבת סמים ובקולנוע) כדי לחזק את הטיעון המובן מאליו ש""זיונים זה לא הכל""? לאחר קריאת 500 העמודים בנשימה עצורה וב""מכה אחת"" מתגנב לליבו של הקורא החשד שהוא פותה ונילכד  -  באמצעות סיפורי אלף לילה ולילה אירוטיים, בחדר המיטות רק כדי שהמחבר יוכל להשמיע שם באוזניו את דעותיו הנועזות בתחומים קונטרוברסליים כגון: סמים, חוק ומשפט, אסטטיקה, חינוך, פוליטיקה, חברה, דת, וכל המקובל והבלתי מקובל בתחום המין. באף אחד מספריו הקודמים לא הגיע דן בן אמוץ למידה רבה כל כך של חשיפה עצמית ואם להשתמש בלשון המעטה ניתן לומר שבבואתו המשתקפת במראת ספרו זה, מעוררת דאגה. הייתי ממליץ על אישפוזו (לפחות לתקופת הסתכלות) אילולא חששתי למה שמחבר ""זיונים זה לא הכל"" יעולל בבית החולים לרופאים וכמובן לאחיות שיופקדו על הטיפול בו. ד""ר רוזנצוויג",,,,,,3-10311,,,he,Paperback,3.9,55,10,14527,100,0,1
137817,2026-09-23T19:56:23.000Z,5,0,רוני pery,2978,ספר שכתוב מעניין מיוחד וטוב. קצת קשה אבל מעורר המון מחשבה.,994819,לעולם אל תיתן לי ללכת,קאזוּאוֹ אישיגוּרוֹ,אלינוער ברגר,הקיבוץ המאוחד,2019,295,ספרות,ספרות מתורגמת,https://cdn.simania.co.il/bookimages/covers99/994819.jpg,https://simania.co.il/bookdetails.php?item_id=994819,https://simania.co.il/showReview.php?reviewId=137817,"לעולם אל תיתן לי ללכת (2005) הוא פסגת יצירתו עד כה של אישיגורו, הסופר הבריטי ממוצא יפני, חתן פרס נובל לספרות לשנת 2017. זהו רומאן רב־עוצמה ומרתק, עדין רגש, ""המדויק והנוגע־ללב שבספריו"" ('האובזרוור'). הוא מסופר מפי המספרת שלו באוזני עמיתיה בסוף שנות התשעים של המאה העשרים, ולכן, בניגוד לטענה הנפוצה, אין בו שום דבר עתידני, וגם לא נבואות של מדע בדיוני.

	 

	אישיגורו בודה כאן מציאות מקבילה, מעין אנגליה אלטרנטיבית, אשר בה, בתחילת שנות השישים, חוסלו הסרטן ומחלות הלב. על רקע זה הוא מספר סיפור אהבה מתמשך ושובר־לב בין שתי צעירות וצעיר, קשר שמוטל עליו צלו הכבד של מסלול חיים אשר שלביו, מטרתו וסופו קוּבּעוּ מראש, ללא מפלט.

	 

	בשליש הראשון של הרומאן אנו עדים לתמונת חייה של חבורת נערים ונערות, המתגוררת בשלווה אידילית בפנימייה מופתית המטפחת את חניכיה באמצעות אמנות וספרות, תחת עינם הפקוחה של ""משגיחים"" נאורים. אומנם לא ברור מאין הגיעו לשם הנערים, שכאילו אין להם כלל משפחות, ומדוע הם מנותקים לחלוטין מן העולם החיצוני, שעליו יש להם רק מושג קלוש.

	 

	בטפטופים אפקטיביים הולך ונבנה אצל הקוראים חשד מטריד באשר לגורל המוזר של הצעירים הללו, שגם הם־עצמם, כמו הקוראים, יודעים ואינם יודעים מהו הייעוד המשַׁווה ערך לחייהם, ייעוד אשר למענו צומצמה כל הווייתם.

	 

	העולם שברא אישיגורו מטיל אלומת אור על חיינו־שלנו, חיים שבהם הנפש הייחודית, האוטונומית, והחירות של הפרט לשלוט בגורלו, הן רק אשליה, והחִברוּת הופך אותנו בלי משים ליצורים שימושיים, כמו מתוכנתים למסלוליהם, לאנשים 'משוכפלים', שדיבוריהם, מחוותיהם ומעשיהם הם 'ציטוטים'. כך שב אישיגורו ומגלה – כפי שכתבו עליו שופטי הנובל – ""את התהום שמתחת לתחושה הבדויה של הקשר שלנו עם העולם.""",,Never Let Me Go / Kazuo Ishiguro,,,,,הספריה החדשה,,he,Paperback,3.9,57,19,8851,55,0,1
137816,2026-09-23T19:34:39.000Z,5,9,roeilamar,278705,"טוב, את הספר הזה קראתי כבר לפני יותר מחודש, והוא הימם אותי לחלוטין, אבל בכפיות טובתי שכחתי לכתוב עליו כאן. אז הנה אמלא את חובי לחברה ואחפור לכם למה אני ממליץ מאוד לקרוא את הספר הזה. זו השורה התחתונה של הביקורת, אתם מוזמנים להפסיק לקרוא אותי כאן ולהתחיל לקרוא את הספר. אבל אם אתם נשארים, הבה נמשיך..

מדובר באוסף סיפורי פיות שערך הסופר והמשורר הדגול זוכה פרס נובל, ו.ב ייטס, רק שהוא פרסם את האוסף הרבה לפני שהוא היה הסופר-והמשורר-הדגול-זוכה-פרס-נובל, אלא פשוט סופר אירי מתחיל שזה ספרו השני.
הוא גם לא כתב את רובו. האוסף הזה הוא סיפורים שאת רובם הוא אפילו לא ליקט בעצמו, אלא אסף מספרים של מחברים שונים שליקטו אותם באירלנד במאה השנים שקדמו לו. (כולל מספר לא מועט של סיפורים שאספה אחת, ליידי וילד.. כן, היא ""אמא-של""..) למעשה, ייטס תורם כאן בעיקר כמה פסקאות הסבר בפתח כל נושא (מסביר באופן כללי על סוג מסוים של פיות לפני קבוצת סיפורים על אודותיהן, דברים כאלה), או הערות להבנת הסיפורים. הוא כן כולל כאן שיר מקורי יפהפה אחד שלו (שהפזמון מתוכו מופיע, בהחלטה חכמה, בתקציר הספר) שהוא מפסגות האוסף הזה, על ילד קטן שפיות חוטפות, ועוד כמה שירים וסיפורים, אבל 95% מהטקסט כאן זה לא ייטס.
רוצה להגיד: מי שבא לכאן כדי לקבל את ""הטייק של ייטס"" על הפולקלור האירי, לא יקבל את מבוקשו. יש כאן פשוט פולקלור אירי כפי שהוא, ולא עיבוד ייטסיאני.
לי אין בעיה עם זה, אפילו להיפך - בתור חובב של טקסטים עתיקים ושל מסורות אני רציתי לקבל משהו כמה שיותר קרוב ל""מקור"".

לגבי הפיות עצמן - הן מעניינות, כי הן כמובן לא ""פיות טובות"" כמו בסיפורי הילדים של היום, אבל הן גם לא בהכרח רעות. יש הרבה סוגי פיות, ורובן.. משהו בין לבין.
הן בעיקר בריות עם כוח עצום, שבאידאל אתה לא מעוניין להתעסק איתו ולשם כך אתה צריך לכבד אותו, אבל במקרים מסוימים אתה יכול לנצל את הכוח הזה או לקבל ממנו תשורה. רק שעם זה אתה לוקח סיכון לפגוע בפיות וכך לפגוע בעצמך.
למשל, יש כאן סיפור על אדם גיבן שנתקל במקרה במסיבת פיות, וכשהן שרות שיר הוא לא מתאפק ומוסיף לו חרוז. הפיות שומעות וכולן מתלהבות, מכניסות אותו למסיבה ומורידות לו את הגיבנת. אח""כ הסיפור מגיע לאיזה גיבן אחר, והוא מנסה לעשות את אותו הדבר, אבל הוא מתנהג בגסות רוח והתוספת שהוא מביא לשיר היא גרועה, אז הפיות מתעללות בו ושמות עליו גיבנת כל כך גדולה שהיא הורגת אותו זמן קצר אח""כ.
יש עוד סיפור על אישה שחולה במחלה קשה, ואחרי שנים של מחלה פיה מבקרת אותה, ואומרת לה שאם היא תפסיק לשפוך מים רותחים מחוץ לחלון הבית היא תרפא, ואם לא, היא תסבול לעד. הסיבה היא שהפיות עוברות מחוץ לבית שלה והמים האלה משפריצים עליהן.
אז כן, הפיות הן פשוט יצורים עם כוחות כבירים, שלא בדיוק מתנהלים לפי ערכים מוחלטים של טוב ורע, אלא לפי קוד התנהגותי שבמרכזו עומדת התועלת שלהן. 

כיאה לסיפורי עם, יש כאן גם המון סיפורים הומוריסטיים. למשל, על אירי שיכור שנופל לתרדמה וחולם שפיות בדמות חיות שונות מתעללות בו, והכל מסופר במין שפה עילגת שכזו שהמתרגם המוכשר השכיל לתרגם לעברית באופן משעשע ומתאים; סיפור אחר דון קישוטי שכזה על איש שהורג באבחת יד כמה עשרות זבובים שישבו לו על הפודינג ומתוך זה מחפש קריירה כאביר (כן, ההשראה מ""דון קישוט"" די ברורה) ; יש כאן סיפור אחר קורע מצחוק (שכמה שבועות אח""כ נתקלתי בסיפור בדיוק באותה התבנית שלו באוסף אגדות מארץ ישראל מאותה התקופה. מעניין ממש.) על איש חוטא ורע שמקבל 3 משאלות מקדוש לאור חסד שהוא עשה עמו, והוא משתמש בהן כדי להרבות את חטאיו ולהתעלל בשטן, ועוד ועוד.

האמת היא שגם חלקים גדולים מהאוסף בכלל לא עוסקים בפיות, אלא בפרטים אחרים מהפולקלור האירי: ענקים, כמרים, מכשפות, רוחות, השטן, גיבורים.. כמובן שיש מנעד איכות בין הסיפורים, חייב להיות באוסף כזה גדול, אבל לכולם יש את אותה הרוח המעט פראית, עממית ומשוחררת ששוזרת את הכל ביחד.

זה בעיקר ספר מאוד מהנה, עם סיפורים שגם בקריאה שנייה לא נס ליחם. אני יודע את זה כי די מהר אחרי שקראתי את הספר הזה פעם אחת, קראתי אותו שוב פעם שנייה חחח. אני לא חושב שזה קרה לי בעבר עם אף ספר אחר.
זו פשוט יצירה כל כך מרתקת, מלאה בדמיון, הומור וקלילות, שגם בתוך מחסום קריאה מסוים שאני מצוי בו כעת, הספר הזה היה כמו אוויר מרענן.

בקיצור: תקראו את הספר הזה. הוא מאוד כיפי ומיוחד. אני מקווה שנראה עוד תרגומים לאוספי פולקלור ברמה הזו.

והנה השיר הנפלא שייטס כלל כאן, שמצוטט בגב הספר, ועוסק ב""מוחלפים"" - ילדים אנושיים שפיות היו לוקחות לעולם שלהן:

הֵיכָן שֶׁסֶּלַע סְלוּתְ'ווּד
רוֹכֵן אֶל הָאֲגַם,
יֵשׁ אִי אֶחָד, יָרֹק עוֹד,
שֶׁבּוֹ הַחֹלֶד קָם
לְקוֹל הָעֲגוּרָה.
שָׁם הִטְמַנּוּ מַמְגּוּרָה:
תּוּת וּפֶטֶל,
אֵין כְּמוֹתָם יָפִים לַבֶּטֶן.

לֵךְ לְךָ, יַלְדּוֹן־אָדָם!
אֶל פֶּרֶא יַעֲרוֹת אֲגַם
עִם הַפֵיוֹת, וְאַל תָּשׁוּב,
כִּי אֵין לְךָ מֻשָּׂג עַד כַּמָּה הָעוֹלָם עָצוּב.

הֵיכָן שֶׁאוֹר יָרֵחַ
מֵצִיף אֶת הַחוֹלוֹת
בְּרוֹסֶס, נִתְפָּרֵעַ,
נֵצֵא בִּמְחוֹלוֹת
וְנִטְוֶה עִם לַיִל,
בְּמַבָּט וּבָרַגְלַיִם,
נֶשֶׁף־חַג שֶׁאֵין מָשְׁלוֹ
עִם הַלְּבָנָה;
נִדְלֹג אַחַר הַקֶּצֶף
בְּעוֹלָם מָלֵא בְּעֵצֶב
הַבּוֹכֶה מִתּוֹךְ שֵׁנָה.

לֵךְ לְךָ, יַלְדּוֹן־אָדָם!
אֶל פֶּרֶא יַעֲרוֹת אֲגַם
עִם הַפֵיוֹת, וְאַל תָּשׁוּב,
כִּי אֵין לְךָ מֻשָּׂג עַד כַּמָּה הָעוֹלָם עָצוּב.

הֵיכָן שֶׁגּוֹעֲשִׁים הַמַּיִם
מִגְּבָעוֹת מֵעַל גְּלֶן־קָאר
אֶל גֵּב, בּוֹ יֶהֱמָיוּ
פְּלָגִים בְּלַיְלָה קַר,
נִמְצָא דָּגִים שׂוֹחִים
וְאֶת שְׁנָתָם נִטְרֹף
בְּלַחַשׁ עֲקַלְקַל,
מִמַּעֲבֵה שְׁרָכִים
דּוֹמֵעַ וְרָטֹב
הַשָּׁח עַל נַחַל טַל.

לֵךְ לְךָ, יַלְדּוֹן־אָדָם!
אֶל פֶּרֶא יַעֲרוֹת אֲגַם
עִם הַפֵיוֹת, וְאַל תָּשׁוּב,
כִּי אֵין לְךָ מֻשָּׂג עַד כַּמָּה הָעוֹלָם עָצוּב.

וְהוּא יוֹצֵא, קַל רֶגֶל,
עֲגוּם עֵינַיִם;
לֹא עוֹד יִשְׁמַע קוֹל עֵגֶל
עַל גִּבְעָה חַמָּה בֵּין עַרְבַּיִם,
מַרְגּוֹעַ לֹא יֵדַע
לְיַד הָאָח,
וְלֹא יְגַלֶּה חֻלְדָּה
מְקַפֶּצֶת לָהּ בַּמִּטְבָּח.

אִתָּנוּ בָּא יַלְדּוֹן־אָדָם,
אֶל פֶּרֶא יַעֲרוֹת אֲגַם
עִם הַפֵיוֹת; הוּא לֹא יָשׁוּב,
וְלֹא יֵדַע אַף פַּעַם כַּמָּה הָעוֹלָם עָצוּב.

נב: אני ממש אהבתי את האיור על העטיפה, אז בדקתי וראיתי עוד איורים של האמן, צייר אירי משלהי המאה ה19. חבל שלא שילבו עוד איורים בתוך הספר, זה ספר שדי דורש איורים.",1015092,הפיות של אירלנד,ויליאם בטלר ייטס,יותם בנשלום,כרמל,2025,492,ספרות,ספרות קלאסית,https://cdn.simania.co.il/bookimages/covers101/1015092.jpg,https://simania.co.il/bookdetails.php?item_id=1015092,https://simania.co.il/showReview.php?reviewId=137816,"לֵךְ לְךָ, יַלְדּוֹן־אָדָם!
אֶל פֶּרֶא יַעֲרוֹת אֲגַם
עִם הַפֵיוֹת, וְאַל תָּשׁוּב,
כִּי אֵין לְךָ מֻשָּׂג עַד כַּמָּה הָעוֹלָם עָצוּב.

*

הפיות של אירלנד הן גחמניות, עליזות ומסוכנות. אוסף מקיף ומגוון זה מסוף המאה התשע עשרה, שליקט וערך המשורר הגדול ויליאם בטלר ייטס, כולל אגדות, שירים וסיפורי עמים על מפגשים עם הפיות ועם שאר קרוביהן: בנות ים, חיות מדברות, רוחות רפאים, מכשפות, ענקים, שדים, חתולים ועוד. המעשיות המצחיקות, המבעיתות והנוגות פותחות לנו שער אל נופיה המוריקים של אירלנד, אל שיריה ונגינותיה, ואל מסתרי נפשם של אנשיה.",,Fairy and Folk Tales of the Irish Peasantry,,,,,,,he,Paperback,5,1,1,499,4,0,1
137815,2026-09-23T18:22:52.000Z,5,7,DRefaeli1,85290,"בימים שלפני שהמציאו את הפוסט טראומה, ולגברים עדיין אסור היה לבכות, סופר אמיץ אחד כתב ספר מצוין על הנושא.
הוא קרא לזה ""מסע בזמן"": אתה עוצם את העיניים ופוקח אותם בזמן אחר - רק שלמרבה הצער, בדרך כלל זה הזמן של מלחמת העולם השנייה, כשהיית חייל בשם בילי פילגרים, ואנשים סביבך מתו כמו זבובים. 
זהו ספר גאוני, שכתוב באנושיות מדהימה, עם הרבה הומור עצוב. 
זה ספר אנטי מלחמה. אבל לכתוב ספר נגד מלחמה זה כמו לכתוב ספר נגד קרחונים (כפי שאחד מחבריו אומר לו בהקדמה). קרחונים היו ויהיו, ומלחמות היו ויהיו. אבל לפחות הספר הזה לא מציג את המלחמה כמשהו הירואי וטוב, אלא כמשהו נורא ואכזרי וטיפש.
לקח לוונגוט יותר מ-23 שנה מסוף המלחמה ועד שהוא הצליח לכתוב את הספר. הוא ניסה לכתוב אותו עשרות פעמים, ובכל פעם גנז את הטיוטה. למעלה מחמשת אלפים עמודים נזרקו לפח. הוא כבר לא האמין שאי פעם יסיים את הספר. 
ובכן, הוא הצליח! והתוצאה מדהימה. 
[קראתי את הגרסה באנגלית, והביקורת מתייחסת לגרסה זו בלבד]",18282,בית מטבחיים 5 חמש,קורט וונגוט,,זמורה ביתן,,152,ספרות,ספרות מתורגמת,https://cdn.simania.co.il/bookimages/covers1/18282.jpg,https://simania.co.il/bookdetails.php?item_id=18282,https://simania.co.il/showReview.php?reviewId=137815,"``בית מטבחיים - חמש או מסע הצלב של הילדים`` הוא ספרו האוטוביוגרפי של קורט וונגוט, חייל אמריקני צעיר, שנשבה בידי הגרמנים במלחמת העולם השניה ושהה בעיר דרזדן בעת שזו הופצצה בידי בעלותה ברית כמעשה נקם נגד הגרמנים. זה ספור מלחמה יוצא דופן, בלתי צפוי, מביך ומזעזע. טרגדיה מוזרה, סיוטית ולעתים משעשעת, של מלחמה ואלימות, שחי מחדש אלמן אמיד בגיל העמידה, בילי פילגרים, שעה שהוא משייט קדימה ואחורה בתוך החלל והזמן; פנימה אל תוך האירועים המתוקים והמכאיבים של חייו ומתוכם החוצה  -  דרך חוויית השבי במלחמה והפצצת העיר דרזדן, נישואי בתו, עסקי - המשקפיים שלו, בית החולים לנפגעי מלחמה וחטיפתו בידי צלחת מעופפת מכוכב לכת רחוק בשם טרלפאמדור. האם גם בעלות הברית עשו מעשים שלא ייעשו במלחמת העולם השנייה? או שמא המלחמה, כל מלחמה, גורמת גם לצודקים להיות, לעתים, בלתי צודקים? גם שאלות מוסר כאלה ואחרות עולות, במישרין ובעקיפין, מספרו של קורט וונגוט ``בית מטבחיים - חמש``  -  שאף כי הוא עשוי לקומם קוראים, אין ספק כי הוא מעורר למחשבה. ``בית מטבחיים - חמש``  -  ספרו הראשון בעברית של אחד מסופריה החשובים של ארצות הברית הוא דרמה פסיכולוגית, מסה פילוסופית, הגיגים על אודות אמריקה ומערכת מביכה של שאלות על רצון חופשי וגורל, זמן, מוסר ותבונה.",,,,,,3-10161,,,hebrew,Paperback,4.4,243,21,18593,166,3,1
137814,2026-09-23T08:41:03.000Z,0,0,יום,163382,"Logotherapeutic Linguistics for the Thinking Person proposes a philosophical-logolinguistic approach that seeks to examine how the language in which we think and speak influences the way we understand the world, form beliefs, and reach conclusions.
The book proceeds from the whole to its components: it begins with an analysis of arguments and inferences, continues with an analysis of propositions and their truth values, and finally moves to an analysis of the meaning of terms and concepts. Through a systematic distinction between arguments, propositions, words, and concepts, the book offers tools for exposing fallacies, ambiguities, and unfounded assumptions that sometimes lie hidden within everyday and scientific language and thought.
Out of this logolinguistic analysis emerges linguotherapy: a critical reflection on language and thought, intended to reduce dogmatism and cognitive dissonance, encourage intellectual humility, and expand a person’s epistemic freedom. In doing so, the book also incorporates a preliminary introduction to logic and the analytic philosophy of language, inviting the reader not only to understand better the language they use, but also to reconsider the beliefs and thoughts they accept through it.",1028304,לינגותרפיה לוגו-לשונית לאדם החושב,גדי קרביץ,,פרדס,2025,216,עיון,פילוסופיה  - כללי,https://cdn.simania.co.il/bookimages/covers102/1028304.jpg?v=1786035412746,https://simania.co.il/bookdetails.php?item_id=1028304,https://simania.co.il/showReview.php?reviewId=137814,"הספר לינגותרפיה לוגו-לשונית לאדם החושב מציע תרפיה שעשויה לשחרר את האדם החושב מאמונות שגויות ומדוגמות לא מבוססות, שמקורן בקלקולי השפה ובהתמכרויות אפיסטמיות שהורגלנו בהן. לינגותרפיה זו מושגת באמצעות רפלקסיה פילוסופית על החשיבה שלנו, המבוססת על אנליזה לוגו-לשונית של השפה שבה אנו משתמשים ביום-יום ובמדע. האנליזה מתבצעת באופן ביקורתי ושיטתי ביחס לכל רבדי השפה: החל מרמת הטיעונים (אוסף הנחות ומסקנה), טענות (משפטים ופסוקי חיווי), מילים ומונחים, וכלה במושגים העומדים מאחוריהם.

הלינגותרפיה הזו עשויה להפחית את החרדות הקיומיות שלנו, הנובעות מהחתירה אל המוחלט, הסופי והוודאי, ולצמצם את הדיסוננס הקוגניטיבי שבו אנו נתונים, דיסוננס שמונע מאיתנו חופש מחשבתי – חופש אפיסטמי. ייתכן כי צמצום הדיסוננס יעצים באופן מהותי את הצניעות האינטלקטואלית שלנו, שתאפשר לאדם לבחון את מחשבתו ושפתו ביתר דיוק וזהירות. בסופו של דבר, המטרה המרכזית של הלינגותרפיה שמציע ספר זה היא לשחרר את הקוראים מהעיוורון הקוגניטיבי ומהתרדמה הדוגמטית שבהם היו מצויים טרם הקריאה בו.

מכיוון שהספר עוסק בעיקר באנליזה לוגו-לשונית של השפה, הוא עשוי לשמש גם כמבוא ראשוני ללוגיקה פורמלית ולפילוסופיה אנליטית של השפה, תחום שזכה לתנופה משמעותית ולתפנית מיוחדת במינה במסורת האנליטית שראשיתה במאה ה-19 וידועה בשם ""המפנה הלשוני"".

גדי קרביץ הוא חוקר עצמאי ודוקטור לפילוסופיה. מחקריו עוסקים בפילוסופיה של המדע, אפיסטמולוגיה, פילוסופיה אנליטית של השפה וספקנות אפיסטמית, ומאמריו בתחומים אלה מתפרסמים בעיתונים מקצועיים בארץ ובחו""ל. בנוסף, ד""ר קרביץ הוא מחבר הספר ידע, ספקנות והונאה עצמית (2019), והיה שותף לכתיבת הספר Rethinking the Fabric of Geology (2013).",,,,,,,פרדס - עיון • פילוסופיה,,he,Paperback,,,1,31,1,0,1
137813,2026-09-23T08:11:57.000Z,4,4,משה,76795,"גלריה דבל פעלה בעין כרם בשנים 1973-1990 בניהולם של רות ואטיין דבל והיוותה שנים רבות כר פורה להצגת אמנים ממגוון ז'אנרים. רות שטיפלה בבחירת האמנים ואירגון התערוכות נתנה במה לאמנים מתחילים, אמנים ותיקים, אמנים שציירו בסגנון מופשט, אמנים שציירו בסגנון הקלאסי או אימפרסיוניסטי או אקספרסיוניסטי, אומנים מהזרם הנאיבי הוצגו אף הם, בקיצור רחל הציגה את כל מי שאמנותו הייתה נראית לה מבלי להגביל עצמה לתחום מסויים או למסגרת מסויימת.

הספר הזה ברובו מוקדש לשיחות שרחל קיימה עם האמנים לפני תערוכותיהם, אמנים מוכרים כגון יחיאל שמי, יאיר גרבוז, תמרה ריקמן, שמואל בק, פמלה לוי, רענן לוי, לואיז שץ, רפי לביא, דוד שריר, נפתלי בזם ואמנים פחות מוכרים לרוב האנשים כגון מישל חדד, יוכבד וינפלד, טרודה קרקואר, פנינה רייכמן, שירלי פקטור, יואך טננבוים, ורדה גצוב, סשה אוקון ועוד.

הראיונות נערכו בשנים 1976-1982 ומכילים פסיפס שלם של דמויות, סגנונות והיסטוריה. אוצר בלום של מידע וידע לחוקר אמנות או כל בר עניין אחר.",1028765,"לי לא היה קו, היה לי מרחב",דליה מנור,,פרדס,2025,208,אמנות,ציור ופיסול,https://cdn.simania.co.il/bookimages/covers102/1028765.jpg?v=1790064754683,https://simania.co.il/bookdetails.php?item_id=1028765,https://simania.co.il/showReview.php?reviewId=137813,"גלריה דבל אינה גלריה שמזדמנים אליה או קופצים כבדרך אגב להציץ מה נשמע בעולם האמנות. זו גלריה שצריך זמן ומחשבה תחילה, כדי להנות ממנה."" כך כתב האמן והמבקר שרון קרן על גלריה דבל בעין כרם שבירושלים, אשר גם כיום, 35 שנים לאחר סגירתה, הישגיה וחשיבותה בחיי האמנות בארץ ממשיכים להדהד: בביוגרפיות של האמנים שקיבלו הזדמנות ראשונה; בתופעות אמנותיות כמו אמנות הגוף, המיצג ואמנות האאוטסיידרים שקודמו על ידי הגלריה; בחשיפה של אמני עבר נשכחים ובתשומת לב לנושאים יהודיים ובמיוחד לנושא השואה; במתן במה לאמנים עולים חדשים; ובחשיפה נרחבת לאוּמנויות – בעיקר קרמיקה וגם טקסטיל וצורפות – החותרת תחת האבחנה השגורה בין אמנות ואומנות.
רות דבל הצליחה ליצור לגלריה מוניטין כאלה שאמנים רבים ביקשו להציג בה. היא הצליחה לתמרן בין הידועים לפחות ידועים, הוותיקים והאמנים בראשית הדרך והצליחה למשוך מבקרי אמנות, ירושלמים ותל אביבים, ואת אוצרי המוזיאונים שרכשו יצירות לאוספיהם.
אחד המאפיינים הבולטים בפעילות הגלריה, שנוהלה על ידי רות ואטיין דבל בין השנים 1990-1973, הוא המגוון והפלורליזם באוצרוּת ושאיפתה להראות זרמים שונים באמנות בת זמננו. כפי שנהגה לומר: ""לי אין קו [מסוים], יש לי מרחב [לתצוגה]"". הייתה זו עמדה יוצאת דופן בשדה האמנות בישראל של אותן שנים. מגוון זה משתקף בשיחות עם אמנים שהן עיקרו של הספר. החל ב־1976 הקליטה רות דבל שיחות עם אמנים לקראת תערוכתם בגלריה, תמללה את ההקלטות, הדפיסה והציעה לקהל כחומר רקע לתערוכה ומתוכן נבחרו לספר זה 25 שיחות. זהו חומר נדיר בחשיבותו גם למען הדורות הבאים.
חלקו הראשון של הספר סוקר את תולדות הגלריה ונשען על מחקר היסטורי וארכיוני מעמיק ומלווה בשיחה עכשווית עם רות דבל על גלריות, אמנים, אספנים וקהל.
הספר הוא פרי יוזמתה ומחקרה של ד""ר דליה מנור וזכה לתמיכת בית לאמנות ישראלית המכללה האקדמית ת""א יפו וקרן יהל-ליאון רקנאטי.",גלריה דבל: שיחות עם אמנים,,,,978-965-541-655-8,,,,he,Paperback,4,1,1,26,0,0,1
137812,2026-09-23T08:01:55.000Z,4,6,לי יניני,94544,"״הבחירות שלנו — לא רק הכוחות החיצוניים שפועלים לטובתנו או נגדנו — הן שמעצבות את גורלנו.״ (עמוד 174)

ליסה אונגר מגישה מותחן פסיכולוגי אפל המשלב מסתורין, אימה ונגיעות מיסטיות. באמצעות סיפורה של רוזי היא הופכת דירת חלומות למרחב מאיים, שבו תחושת הביטחון מתערערת מרגע לרגע.
העלילה והדמויות:
רוזי היא סופרת הנשואה לצ׳אד לואן, שחקן. השניים מתגוררים בדירה קטנה, מתקשים לגמור את החודש ומטפלים במסירות באיוואן, דודו של צ׳אד, השוכב על ערש דווי. לאחר מותו הם מגלים כי הוריש להם דירה בבניין וינדרמיר היוקרתי. אלא שדווקא כשהעתיד מתחיל להיראות מבטיח, מופיעה דיינה, בתו של המנוח, וטוענת שהדירה שייכת לה.
דירת שלושת החדרים נראית בתחילה כהגשמת חלום: היא מוארת, משקיפה לנוף מרהיב, ויש בה רצפת עץ ותקרות גבוהות. הבניין העתיק והשוער שבכניסה משלימים את תחושת היוקרה. אבל האידיליה אינה נמשכת זמן רב, ורוזי מתחילה לחשוד שמשהו בוינדרמיר אינו כשורה.

החשד מתעצם עם גילוי גופות, מצלמות נסתרות בדירות ושכנים מסתוריים. המצלמות, למשל, הופכות את הבית — המקום שאמור להיות הבטוח ביותר — למרחב של מעקב ואיום. בעקבות הרמזים האלה רוזי חושפת בהדרגה את ההיסטוריה האפלה של וינדרמיר.

חווית הקריאה: 

המותחן בנוי מארבע מערכות ומפרקים קצרים, המחזקים את הקצב ואת תחושת הדחיפות. הבחירה לספר את הסיפור בגוף ראשון מקרבת את הקורא לחששותיה של רוזי ומעצימה את תחושת הסכנה. הכתיבה קולחת, הדמויות מגוונות וההפתעות משתלבות היטב בעלילה. התוצאה היא מותחן פסיכולוגי מורט עצבים, השואב את הקורא אל עולמו האפל של הבניין.

למי הספר מתאים? 

הספר יתאים במיוחד לחובבי מתח פסיכולוגי, מסתורין ונגיעות של אימה ומיסטיקה. הפרקים הקצרים והפיתולים התכופים הופכים אותו לקריאה סוחפת וקצבית. מומלץ למי שנהנה מסיפורים שבהם הבית עצמו הופך לדמות מאיימת.

קריאה נעימה,

 לי יניני",1028567,הזוג החדש בדירה 5 ב',ליסה אונגר,שרון פרמינגר,תכלת,2026,408,ספרות,מתח ריגול והרפתקאות,https://cdn.simania.co.il/bookimages/covers102/1028567.jpg?v=1788451426419,https://simania.co.il/bookdetails.php?item_id=1028567,https://simania.co.il/showReview.php?reviewId=137812,"רוזי וצ’אד לואן, סופרת ושחקן בתחילת חייהם המשותפים, בקושי סוגרים את החודש כשהם מקבלים חדשות מרגשות: דודו המנוח של צ’אד הוריש להם דירה בבניין וינדרמיר היוקרתי בפארק אווניו במנהטן.

הבניין העתיק אלגנטי, השוער אדיב, השכנים נחמדים. בני הזוג לא מעלים על דעתם שהחזית המתוחזקת מסתירה היסטוריה אפלה. אבל אחרי זמן מה, רוזי מתחילה לחשוד שמשהו אינו כשורה. השוער הנוכח תמיד, המצלמות שעוקבות מכל פינה. משהו לא בסדר. כאשר הגופות מתחילות לצוץ, רוזי מבינה שהיא חייבת לגלות את האמת על הבניין לפני שיהיה מאוחר מדי.

ליסה אונגר כתבה מעל עשרים ספרי מתח, רבים מהם כיכבו בטבלאות רבי המכר של הניו יורק טיימס. ספריה תורגמו לשלושים ושלוש שפות וזיכו אותה בקהל קוראים נלהב. ספרה וידוי ברכבת של 19:45 ראה גם הוא אור בהוצאת תכלת וזכה להצלחה רבה.",,The New Couple In 5B,,,,,,,he,Paperback,4,1,1,49,3,1,1
137811,2026-09-23T06:07:13.000Z,4,12,בר,163000,"אין סיכוי בעולם שהייתי קוראת את הספר הזה אלמלא המלצתו של אבי, שאני מעריצה אותו על פתיחותו לז'אנרים והיכולת שלו לצאת מחוץ לקופסה התבניתית שמאפיינת את בני גילו ולקרוא גם דברים כאלה. 

זהו אוסף של סיפורים קצרים, רובם מנקודת מבט צעירה המתרחשים בלוקיישנים שונים. לחלקם נקודות משיקות או דמויות שהופיעו בסיפור אחר וחלקם עומדים בפני עצמם. כל סיפור כזה הוא עולם ומלואו אך אני מצאתי את כולם נוגעים בנקודה הכואבת של בדידות- פיזית או רגשית וחוסר השתייכות. 

הספר הזה ייחודי מאוד. הוא מצד אחד כתוב בגובה העיניים, בשפה יומיומית ולא מתיימרת. הוא מספר סיפור קולח ופשוט. ומהצד השני, מדובר בספר עמוק ואפל. סיפורים קצרים שבזמן קריאתם מתגלה משהו חזק יותר. אמירה שהיא אינה סתמית כמו מה שנראה לראשונה, אמירה מטלטלת, כזו שמשאירה אחריה מחשבות גם לאחר הקריאה. 

אני לגמרי חושבת שזהו ספר שהקדים את זמנו. השפה בוטה אך משרתת צורך עז בהעברת מסרים של הדור הצעיר. הספר נוגע במערכות יחסים, טרדות היומיום, המון בדידות והעמדת פנים. ולצד כל אלו מתגלים גם נושאים אפלים של אלימות חברתית, אלימות פיזית ואלימות מינית. 

לי קופמן הסופרת, כתבה את הספר הזה כשהייתה רק בת 25. כתיבתה יוצאת מגדר הרגיל ובוגרת להפליא. ניכר כי יש לה עולם פנימי עשיר וחוויות חיים סוחפות. 

זהו ספר מיוחד וכל פעם שאחזתי בו הרגשתי כאילו אני נוסעת בזמן ומטיילת לי אל שנת 1999 כשהכל היה נאיבי אבל גם לא. כשהפוליטיקה הייתה במצב טוב יותר אבל גם לא. כשאפשר היה להתבטא בחופשיות אבל גם לא. 

לאחר הקריאה בספר תהינו אבי ואני מה עם אותה לי קופמן. גיליתי שיש לה עוד שני ספרים שהוציאה, שהיא נולדה בסיביר ושכיום היא כבר בת 53. וזה היופי בספרים, שהם יכולים להיכתב לפני 27 שנים או 60 שנים או 100 שנים אבל בקריאתם, הזמן לרגע עוצר מלכת והיקום מתכנס לנקודת זמן חדשה ומיוחדת- כזו שמחברת בין ההווה לעבר.",16030,"רווקה בת 32, מטר שישים...",לי קופמן,,מעריב,1999,184,ספרות,ספרות מקורית,https://cdn.simania.co.il/bookimages/covers5/53016.jpg,https://simania.co.il/bookdetails.php?item_id=16030,https://simania.co.il/showReview.php?reviewId=137811,"רווקה נחבאת אל הכלים המכניסה אל ביתה גבר זר המערער את עולמה; שומר קזינו מאשדוד המתחיל להתעניין בפוליטיקה; דוקטורנטית נשואה ואם לילדה הנפגשת עם חברת נעורים גלמודה ומופקרת; בעל פאב קשוח, אסיר לשעבר, השופך את לבו לפני לקוח מוזר; אלמן בודד הקודח בהזיות מיניות גדושות אלימות; נערה ישראלית הרואה את עצמה כדמות קומוניסטית; כתב מקומון וצלם חובב הקונה את עולמו בתצלום מקברי - אלה אחדים מגיבורי קובץ הסיפורים הזה, מגוון של דמויות מהמציאות הישראלית של היום, שבלשון קולחת, ציורית ונוקבת מוליך את הקורא אל חדרי חדרים של עולמם. עולם של קונפליקטים בין חידלון ואלימות וסקס מנוכר לבין הצורך באהבה ובקרבה ובהרגשת שייכות. לי קופמן, בת 25, נולדה בסיביר ומתגוררת כיום בתל אביב.  רווקה בת 32, מטר שישים... הוא ספר הסיפורים הראשון שלה.",,,,,,115-1288,,,he,Paperback,3.8,13,2,2361,48,0,1
137810,2026-09-23T05:54:07.000Z,4,8,טל,334664,"גיליתי שהקריאה בספרים של יואב בלום נותנת הרבה דברים. 
קודם כל היא מוציאה אותי מאזור הנוחות הספרותי שלי, מאלצת אותי קצת להתאמץ ולהבין דברים חדשים. במקרה של הספר הזה מדובר בנושא של מסעות בזמן. תחום שלא הכרתי. היה מעניין ללמוד אותו, בלום משקיע, ונותן את כל הרקע התיאורטי. וזה הפעיל לי קצת את המוח, דבר נדרש מאוד בגילי.
דבר שני, בלום כותב באופן חכם ומרגש על ענייני רגש, זוגיות, חברות ואהבה. ובכלל יש לו כתיבה מאוד אינטליגנטית על הנפש. 
עבורי הכתיבה המד""בית (שאליה אני פחות מתחברת) היא כמו עטיפה שצריך לעבור כדי להיכנס פנימה, ולמצוא את הפנינים בענייני הרגש. אבל בספר הזה, גם סיפור המתח סביב תעלומת הרצח היה לי ממש מעניין, מותח, ומתגמל.
ובתור מישהי שמאוד אוהבת ספרות פנטסטית (הסיפור שאינו נגמר, הארי פוטר), אני גם בכלל לא שוללת את הספרות המד""בית. כשהכתיבה אינטליגנטית, גם הז'אנר הזה יכול לספק ספר טוב, כמו כהרף עין.",1008758,כהרף עין,יואב בלום,,כתר,2023,368,ספרות,ספרות מקורית,https://cdn.simania.co.il/bookimages/covers100/1008758.jpg,https://simania.co.il/bookdetails.php?item_id=1008758,https://simania.co.il/showReview.php?reviewId=137810,"פרופסור יהונתן ברנד, פיזיקאי בעל שם עולמי, קוסם חובב ושתיין שוקו, חולם על האפשרות לנוע על ציר הזמן, להציץ מקרוב באירועים היסטוריים ולדלג על משוכת האיפה והמתי. הוא חקר את הנושא במשך שנים, בטוח שאפשר לפתוח שער בזמן, ושצפה מראש את כל הבעיות שעלולות להתרחש בעקבות פריצת הדרך שלו: הסכנות, הפרדוקסים, אפילו היוהרה. אבל מתברר שלנסות לבנות מכונת זמן זה עניין של חיים ומוות.

כאשר מתגלה גופתו של ברנד בחדר העבודה שלו, מוצאים את עצמם זוג בלשים פרטיים חסרי ניסיון במרכזה של תעלומת רצח. בנימין ""באנקר"" קרונוביק (שחקן כושל וליצן במסיבות) ואביגיל כנעני )ספרנית נחבאת אל הכלים) רגילים להשלים הכנסה במציאת חתולים אבודים, אבל עכשיו הם מושלכים לזירת רצח שיש בה גופה, תעלומה שנדמה שאי אפשר לפצח, ואוסף של חשודים: קבוצת חברי הילדות הוותיקה של ברנד, שכל אחד מהם שומר סוד משל עצמו.

כהרף עין הוא רומן מתח מרתק ואינטליגנטי להפליא שמטיס את הקוראים במרחבי הזמן והמקום, מוביל את העלילה במיומנות אלגנטית בפיתולים מפתיעים ובה בעת בוחן ברגישות את נבכי הנפש.

זהו ספרו החמישי של יואב בלום, מחבר רבי־המכר 'מצרפי המקרים', 'המדריך לימים הקרובים', 'הקבוע היחידי' ו'מה שאחרים חושבים בי'. ספריו זכו להצלחה בקרב עשרות אלפי קוראים ותורגמו לשפות רבות.",תעלומה שדורשת זמן,,,,,10-279920,כתר - מקור,,he,Paperback,3.9,22,6,1912,22,0,1
137809,2026-09-23T05:00:18.000Z,3,3,רונדנית,2299,"ספר נוסף בסדרה בהובלת הבלש לוקאס פייג' שלא הרבה נשאר ממנו,
האירוע טרור הוא איבד רגל, יד ועין ולמרות זאת...
נטול יד, רגל ועין הוא ממשיך לדהור בעיר ניו יורק,
לפענח בדרך הייחודית לו אירועי טרור בעיר, 
גם הפעם הוא נרדף, משפחתו בסכנה .
ספר קצת עמוס, מלא פרטים. 
אבל קריא בהחלט.
לאוהבים.",1005760,לחץ מתמשך,רוברט פובי,כנרת היגינס דווידי,מודן,2022,424,ספרות,מתח ריגול והרפתקאות,https://cdn.simania.co.il/bookimages/covers100/1005760.jpg,https://simania.co.il/bookdetails.php?item_id=1005760,https://simania.co.il/showReview.php?reviewId=137809,"בערב סתווי יפה נסגר מוזיאון גוגנהיים לרגל אירוע גאלה פרטי, אך ברגע השיא של הערב פיצוץ עז מחריד את הבניין. כל הנוכחים נהרגים במקום, אבל למוזיאון וליצירות המוצגות בו נגרם נזק מזערי בלבד. פיצוץ מדויק כל כך מחייב מומחיות יוצאת דופן ומעורר שאלות רבות. האם כל 702 הקורבנות היו במקום הלא נכון בזמן הלא נכון, או שהייתה שם מטרה אחת ועוד 701 אנשים חסרי מזל שנקלעו למקום? 
האף־בי־איי עומד חסר אונים אל מול הררי הנתונים ומספרם הרב של הקורבנות. לד""ר לוקאס פייג', אסטרופיזיקאי בהווה וסוכן אף־בי־איי בעבר, אין שום רצון לחזור ולעזור לבולשת. שנות שירותו בה הסתיימו באירוע קשה שבו איבד יד, רגל ועין, ובפעם האחרונה שהסכים לעזור בחקירה כמעט איבד גם את משפחתו. אבל פייג’ ניחן ביכולת מופלאה להתבונן בנתונים ולזהות בהם דפוסים. והוא יודע עוד משהו: הפיצוץ בגוגנהיים היה רק ההתחלה. בניגוד לרצונו נשאב פייג’ אל מרוץ נגד הזמן כדי לנסות להבין מי מרעיד את מנהטן בפיצוץ אחר פיצוץ ומותיר אחריו שובל של גופות ושאלות. אך ככל שהוא מתקרב למציאת תשובות, גוברת הסכנה לו ולמשפחתו. האם יצליח פייג’ להבין מי עומד מאחורי הפיצוצים ולמה, לפני שהרוצח יגיע גם אליו?",,Under Pressure / Robert Pobi,,,,,לוקאס פייג',2,he,Paperback,3.7,7,2,821,8,0,1
137808,2026-09-22T19:29:36.000Z,5,12,dina,131284,"כבר מהתבוננות בציור הכריכה (היפהפה!) טמונה הבטחה המתממשת במלואה. החצבים הזקופים הפורחים בצִדֵּי הדרך בירידה לכנרת, הנוף עם המרחב התכול של מי הכנרת, אלו כבר מרמזים על סיפור מקומי, עלינו ושלנו. סיפור ארצי ישראלי על כל היבטיו.

קזמירסקי כתבה סיפור על אהבה ועל זוגיות. סיפורם של דגנית ושי. לאהבה, ובכלל לזוגיות יש מרכיבים אוניברסליים, אבל ""על שפת התום"" מספר סיפור אישי על רקע סיפורה של המדינה, שמובא יותר בתור רקע מתחלף החל ממלחמת לבנון ועד לתקופה הנוכחית. ואהבתי את ההקבלה הזו שהיא כמו תמונת מראה ממוזערת.

דגנית ושי, שניהם עונים על ההגדרה ""מלח הארץ"" אבל הם מגיעים משני קצוות. היא מגיעה מהחינוך הקיבוצי שמחנך לעצמאות מגיל צעיר, והוא ממשפחה עירונית שיותר מהודקת אחד לשני. אצלה המשפחה בעלת יסודות שעברו טלטלה בעקבות מקרה שקרה בנעוריה, מה שגרם לעזיבתם החלקית בבהילות את הקיבוץ.
מאז עטתה דגנית על עצמה מעין שריון. היה קשה עד בלתי אפשרי לבקוע אותו. הוא שומר עליה מפגיעות, והיא לא נותנת לאף אחד גישה מלאה אל ליבתה, שלא לערער את החוסן אותו בנתה ועליו שמרה בקנאות.

אבל אז הגיע שי. הילד המוצלח, הקצין המוערך שטיפס במעלה הדרגות. בן של שוטר בדימוס ושופטת. דגנית לא ממהרת להיענות לחיזוריו. אבל הוא סבלני, ומתמסר לחיזור ממושך ואיטי. ודגנית, ממש כמו הצמחים אותם היא מטפחת במסירות במשתלה בה היא עובדת, נפתחת לאט לאט, ומרגישה שהיא תוכל לצמוח לצדו. שהאדמה שלו טובה לה. כי היא - יותר מכל, צריכה את המקום הבטוח. את הידיעה שתוכל להשיל סוף סוף את השריון הדמיוני שלה, להניח את ראשה על מישהו ולדעת שהיא מוגנת מכל רע. וככה היא הרגישה, עד שכבר לא.

הבגידה של שי היתה כואבת והצריבה ממנה סירבה לעזוב. ולא, לא כל בגידה מקורה באישה אחרת. יש בגידות כואבות יותר.
קזמירסקי כתבה על אהבה ושותפות, ניתוץ ופירוק מערכת יחסים ומשפחתיות, אמון שמתערער (ביותר מהיבט אחד) תקווה, שינוי, חבישת פצעים רגשיים, וההתגמדות של כל אלו בראייה מחודשת נוכח דברים אחרים. ואולי, רק אולי גם דרך לאיחוי השבר.

אהבתי את סוף הספר שהוא לא היה מהודק, אלא כזה שנותן לקורא פתח למחשבה ותהייה לגבי הגיבורים. ותקווה. הרבה תקווה.
בפרק התודות (תמיד לקרוא אותו!) מבינים עד כמה הכתיבה על גיבורי הסיפור על שלל עיסוקיהם , היתה מדויקת ואמינה.

ולסיום, איך לא: שם הספר, ובכלל מילים.

אצל קזמירסקי כמו אצל קזמירסקי הדברים אף פעם לא כמו שהם נחווים בקריאה ראשונה. תמיד יש משהו מעבר. ""על שפת התום"" - אם תוסיפו אות אחת תקבלו משמעות הפוכה לגמרי. כפל המשמעות שהיא מעניקה לשמות הספרים שלה תמיד יוצר עניין ומחשבה אם התכוונה לכך או אחרת, והיפה הוא שזה וגם זה, מתאימים. תמיד יש יותר ממה שניתן להבין. אם תתעכבו עוד רגע על המילים תגלו עוד משהו.
אני אוהבת את המשחק שלה במילים, את הפרשנות הדו כיוונית.

מעלות שפתה שזה גם אנגרמה של: על שפת התום והכי הכי קזמירסקי!

עונג צרוף.",1028752,על שפת התום,אורנה קזמירסקי (קינן),,שתים,2026,344,ספרות,ספרות מקורית,https://cdn.simania.co.il/bookimages/covers102/1028752.jpg?v=1789986609791,https://simania.co.il/bookdetails.php?item_id=1028752,https://simania.co.il/showReview.php?reviewId=137808,"במושגים של אגמים, שכבר ראתה בעולם, לא היה לכנרת ייחוד, אך עמודי חצב לבנבנים כאלה, יפים כל כך, שגולשים מן הגבעות אל המים הכחולים, יש רק כאן. 

איזו שלמות! היא חשה בנגיעה של ילדוּת וראשית נעורים, שהיו אי אז צופני הבטחה ותום. צער עמוק עטף אותה על ההחמצה, על הסופים כולם, על הקן המשפחתי שנלקח ממנה אז וגם עכשיו, על הפרידה משי. עצבות ליוותה אותה כשהתפתלה עם הכביש אל המקום שבו הוא התחבר אל שפת הכנרת.

דגנית, עוזבת קיבוץ צעירה, פוגשת בתל אביב את שי, קצין שריון מבוגר ממנה שנמצא בעיצומו של משבר אישי. האהבה אינה ניצתת מיד, אך עם בואה היא ממלאת את ליבם נחמה ושמחה, עד שגילוי בלתי צפוי מאיים להחריב הכול.

בעלילת יחסיהם המפותלים של דגנית ושי נשזר סיפורה של המדינה במשך ארבעה עשורים סוערים – ממלחמת לבנון הראשונה ועד שבועות ספורים לאחר שבעה באוקטובר.

בשפה קולחת ובבינת לב מעלה על שפת התום מחשבות ותהיות. מה קורה לגעגוע כשההווה והעבר מתערבבים זה בזה, וכיצד ניתן לשמור על האהבה בעולם שבו דבר אינו מובטח מראש? זהו סיפור רגיש וסוחף על התחלות וסופים, על אמון שנסדק ועל היאחזות נואשת בענף שנשבר.

אורנה קזמירסקי קינן היא ד""ר לספרות, בת קיבוץ בית זרע המתגוררת בתל אביב, ומלווה בכירים במערכת הביטחון בתחומי חשיבה וכתיבה. 

ספרה הראשון, עוד מעט אור (הוצאת ""שתים""), התקבל בחיבוק חם בידי המבקרים והקוראים, והיה מנבחרי הקהל של ""סטימצקי"". על שפת התום הוא ספרה השני.",,,,,,,,,he,Paperback,5,1,1,79,0,0,1
137807,2026-09-22T15:46:57.000Z,0,0,יפעת נוה שלום,228349,ספר מעולה בחוש הומור רק של חנוך כמו שהוא יודע,1006365,החיים הם רק תקופה,חנוך דאום,,עצמית,2022,,,,https://cdn.simania.co.il/bookimages/covers100/1006365.jpg,https://simania.co.il/bookdetails.php?item_id=1006365,https://simania.co.il/showReview.php?reviewId=137807,"החיים הם רק תקופה הוא ספר שישנה את חייכם, אם כי לא בהכרח לטובה.
אם אהבתם את החיים הם תקופה קשה, יש לי יסוד להאמין שאת החיים הם רק תקופה תאהבו אפילו יותר.
אתם מוזמנים לצאת איתי לסיבוב נוסף ונועז יותר במסע אל זרמי התודעה. זה יהיה מטורלל, אסוציאטיבי וחשוף, אבל השורה התחתונה ברורה: הרוב טוב והרוב קובע, אם לא נצחק נבכה, ושאלוהים ישמור על כולנו.
גם את הספר הזה לא ניתן להשיג בחנויות. גם אותו אני מביא אליכם אישית, בלי מתווכים.
ממני אליכם.
שלכם, חנוך",,,,,,,,,he,Paperback,3.6,5,1,1575,22,0,1
137806,2026-09-22T15:06:26.000Z,4,5,michalus,239018,"""סוזי יודעת שהמראה שלה הוא המגן שהיא לא יכולה לוותר עליו.
היתרון היחיד שקיבלה בהגרלת החיים.  סיכוי לזוגיות שתעביר אותה לצד הנכון""
והיא יודעת להשתמש בקלף הזה.

סוזי הצעירה היפה מגיעה מאמריקה, ומנסה למצוא את עצמה בישראל.  
היא כמהה לקשר זוגי ואמיתי שיראה אותה כפי שהיא.
במקום העבודה החדש, היא מכירה שלושה גברים:
אורי החתיך והאגוצנטרי, יוחאי האכלן הכפייתי שמתוסכל מגופו הגדול,
ועמוסי האב השכול שאינו מצליח להתאושש מהאובדן.

כל אחת מהדמויות נושאת סיפור חיים מורכב, פצעים מן העבר, 
ותחושת בדידות עמוקה.
הקשר בין ארבעתם משתלב כמו פסיפס, כולם בחיפוש אחר משמעות ואהבה,
אבל סוזי רואה רק את אורי.  דווקא את זה שמרוכז כל כולו בעצמו.

ויש גם את אחמד שאומנם אינו מוזכר בתקציר, אבל הסופר נותן במה 
גם לקול הערבי, לאותו אחד ""שלא עשה כלום, והם לא מאמינים לו.
אי אפשר להרוס לו את הבית. יש לו תעודת זהות.  יש לו זכויות.
ואם יהרסו, איפה הם יהיו?  אשתו גננת אצל היהודים. ועכשיו, יפטרו אותה?""

בהתחלה לא מבינים את ההקשר של אחמד לסיפור, אבל לאט לאט
הסופר טווה את העלילה עד שהכול מתבהר...
הספר אינו קל לקריאה, אבל לא יכולתי להפסיק לקרוא בו עד תום.",992357,החברים של סוזי,רפי טופז,,תכלת,2018,279,ספרות,ספרות מקורית,https://cdn.simania.co.il/bookimages/covers99/992357.jpg,https://simania.co.il/bookdetails.php?item_id=992357,https://simania.co.il/showReview.php?reviewId=137806,"סוזי לא באמת התכוונה לפגוע בו באבן הראשונה, אבל עכשיו התכופפה מדי כמה צעדים להרים חלוקי נחל. עמוסי הגביר את הקצב, גם היא הרחיבה את צעדיה. פתאום זעזעה אותו חבטה חזקה. הוא הסתובב, השליך את התיק מעל גבו ופתח בריצה. היא לא זזה, כאילו חיכתה לו שיגיע. והוא הגיע. תפס בכתפיה וניער אותה. היא לא ידעה שיש בו את הכעס הזה ואת הכוח הזה. ""משוגעת!"" הוא צרח. ""את לא נורמלית."" והיא השיבה, ""קדימה, תרביץ, נו, תרביץ, נראה אותך."" 
 
אורי מטביע כל רגש בנהרות של בוז.
יוחאי בורח מהחיים ומתנחם באוכל. 
עולמו של עמוסי חרב עליו.
שלושתם חולמים על סוזי.
סוזי חולמת שיום אחד יהיה מי שיראה אותה באמת.
ארבעתם נפגשים במעלית.
 
אט-אט מתהווה ביניהם פקעת סבוכה של תקוות ושברונות לב, רגעים של אהבה והבהובים של חסד, ושאלה אחת המרחפת, לא פתורה, בחייהם של הארבעה: האם העבר הוא תהום לטבוע בה או מקום להכות בו שורשים כדי לצמוח מעלה, אל חיים חדשים?
 
החברים של סוזי מאת רפי טופז הוא מעשה פסיפס סוחף של רגעי כמיהה, מגע, בדידות ורוך. ביד רגישה ובעין אוהבת מלווה טופז ארבעה גיבורים סוערים, הנאחזים בחיים בציפורניים גם כשנדמה שכבר אי-אפשר.",,,,,,,,,he,Paperback,4.2,6,3,1645,20,0,1
137805,2026-09-22T13:55:48.000Z,5,3,ניצן צבי כהן,41542,"אחד הדברים שהגניבו אותי בלימודי עבודה באוניברסיטת תל אביב, היה המפגש עם 'דימויים של ארגון' של גארת' מורגן. הטעימות שקיבלתי בקורסים דחפו אותי לשאול את הספר מהספרייה ולהשאב אליו.

מורגן מציע לנו להסתכל על ארגונים באמצעות שמונה מטפורות חלופיות:
⚙️ **ארגונים כמכונות**: מנגנון יעיל ומתוכנן בקפידה, בו כל עובד הוא בורג במערכת היררכית.
🌱 **ארגונים כאורגניזמים**: ישות חיה שמקיימת חילוף חומרים מתמיד עם סביבתה ונדרשת להתאים את עצמה כדי לשרוד.
🧠 **ארגונים כמוחות**: רשת שמפתחת מיומנויות למידה, עיבוד מידע ומתקנת טעויות תוך כדי תנועה.
🎭 **ארגונים כתרבויות**: חברה אנושית קטנה עם שפה, סמלים, טקסים ואמונות שמעצבים את ""כללי המשחק"".
⚔️ **ארגונים כמערכות פוליטיות**: זירת מאבקים מתמדת על כוח, משאבים והשפעה בין אינטרסים מנוגדים.
🕸️ **ארגונים כבתי כלא נפשיים**: מלכודת תודעתית שכובלת אנשים לדפוסי חשיבה מוגבלים, ומרחב חברתי שמעוצב על ידי חרדות ומנגנוני הדחקה.
🌪️ **ארגונים כזרימה ותמורה**: תהליך כאוטי ואינסופי של שינוי, המונע מתוך סתירות פנימיות ומחולל גם שינויים בסביבתו.
⛓️ **ארגונים כמכשירי שליטה**: מנגנוני ניצול ממוסדים המנציחים אי-שוויון ומשרתים מעטים על חשבון הרבים.

יש משהו משחקי בגישה שלו לניתוח חברתי וארגוני. הוא מניח הנחת מוצא הגיונית מאוד לפיה כל ניתוח בכלי אחד - מניב תובנות חלקיות בלבד. ולכן, הוא מציע כמה כלים משתלבים - וכמובן, שרשימת הדימויים איננה סגורה, ואפשר עוד להוסיף עליה.

ביחס לכל אחד מהדימויים, הוא מנתח הן את ייתרונותיו והן את חסרונותיו. כלומר - אלו היבטים של הארגון נחשפים כשמתבוננים עליו מבעד לעדשה הזו - ומנגד, אלו הופכים שקופים, או מועצמים באופן שעלולה להיות לו השפעה שלילית.

בעיני זה כלי נהדר ומי שעוסק בארגונים, בניהול, בתהליכי שינוי חברתי וכו' יכולים להפיק ממנו הרבה.",390573,דימויים של ארגון,גארת מורגן,יורם שדה,האוניברסיטה הפתוחה,2010,,עסקים וכלכלה,ספרי ניהול וארגון,https://cdn.simania.co.il/bookimages/covers39/390573.jpg?v=1790111327313,https://simania.co.il/bookdetails.php?item_id=390573,https://simania.co.il/showReview.php?reviewId=137805,,,,,,,,,,he,Paperback,5,2,1,2189,6,2,1
137804,2026-09-22T12:03:30.000Z,5,11,מירית,18740,"ההקשר חשוב מאוד בספר הזה. 
הספר נכתב באמצע המאה התשע עשרה לפני מלחמת האזרחים וביטול העבדות בארצות הברית. ממה שאני קוראת על הספר הוא היה הספר הנקרא ביותר במאה התשע עשרה בארה""ב אחרי התנ""ך ונשמע שהוא תרם רבות להתקדמות בדעת הקהל ולביטול העבדות בארצות הברית.
כמה שזה מרגש ומפעים שלספרות יכולה להיות כזו השפעה אדירה על חיי בני אדם, מעניין אם גם היום ספר יכול לחולל כזו מהפכה.
ולעלילה עצמה:
הספר מתמקד בתום, עבד שחור, איש מסור, ישר, הגון ונוצרי אדוק. תום, אשתו וילדיו שייכים למשפחה אמידה בדרום ארצות הברית שהסתבכה כלכלית. אבי המשפחה מחליט למכור את תום בכדי לשלם את חובותיו. 
מכאן ואילך הספר עוקב אחר קורותיו של תום שעובר מיד ליד  כאילו היה חפץ, כך אנו הקוראים נחשפים מצד אחד  - לסוחרי עבדים, מכירות פומביות של בני אדם, ומצד שני נחשפים לאופיו החזק של תום, אצילותו ועל אמונתו הנוצרית האדוקה.
רואים בספר הזה כיצד בעלי עבדים שנחשבים ""טובים"" ואנושיים כביכול ביחסם לעבדיהם, גם הם יעדיפו למכור את עבדיהם תמורת בצע כסף כשיגיע צורך לכך. אין תחליף לחופש ועצמאות.
כנגד תום הוצגו דמויות עבדים שבחרו בדרך אחרת, שלל נסיונות בריחה מהעבדות בדרום ארצות הברית אל קנדה הרחוקה, בה הם היו יכולים להיות חופשיים, היה מעניין לראות את ההבדלים בין שתי הגישות של העבדים.
לכל אורך הספר אנו נחשפים גם להרבה דמויות לבנות שבוחרות לעבור על החוק ולסכן את עצמם בכדי לעזור לעבדים נמלטים להגיע לקנדה, זה היה מאוד נוגע ללב.
הספר קריא מאוד, על אף התרגום הישן שקראתי משנות השישים. כן אגיד שהכתיבה בו היא די דידקטית, אך ברור שהוא ספר שנכתב עם אג'נדה ועל כן זה מובן.

קשה לתפוס שפעם, לא כל כך מזמן, בני אדם יכלו להיות שייכים לבני אדם אחרים והיו פשוט שווי ערך לרכוש, שניתן לסחור בו, לנתקם ממשפחתם ולעשות בהם ככל העולה על רצונם של אדוניהם.
אחרי שקוראים ספר כזה מבינים כמה העולם שלנו, העולם המערבי בכל אופן, הפך להיות מקום הרבה יותר שיוויוני וטוב במאות השנים האחרונות.

התקדמנו, וטוב שכך.",77579,בקתתו של הדוד תום,הארייט ביצ'ר סטואו,אליהו מייטוס,א. זלקוביץ,1959,395,ילדים,קלאסיקה לילדים,https://cdn.simania.co.il/bookimages/covers7/77579.jpg,https://simania.co.il/bookdetails.php?item_id=77579,https://simania.co.il/showReview.php?reviewId=137804,,,,,,,,,,hebrew,Paperback,4.8,6,2,2329,20,0,1
137803,2026-09-22T11:59:52.000Z,4,12,מר קוואק,325501,"""רשימות מבית המוות"" הוא כמו נקודת מפנה בהתפתחות הספרותית של דוסטויבסקי, ולכן הוא גם מרגיש מעט שונה מיתר הספרים שלו. באופן אירוני, הוא גם דן בדיוק בתקופה שאילצה את דוסטויבסקי לעבור שינוי פנימי עמוק, ושינוי זה מורגש כבר בכתיבה עצמה ומתגבש לאורך ספריו המאוחרים — התקופה בכלא ובעבודות הפרך בסיביר.

הספר עצמו הוא כמעט ללא עלילה. הוא עוסק באסיר שנכנס לכלא על רצח אשתו ובדברים שהוא חווה שם, אבל אצל דוסטויבסקי העלילה רק משרתת דיון עמוק ומורכב יותר, וכאן הוא עושה זאת באמצעות פסיפס של דמויות בעלות עומק פסיכולוגי, שאותן הוא שוזר לאורך הפרקים.

כל פרק דן בחוויה אחרת, כגון סחר לא חוקי, תקופת החגים, הדינמיקה עם בעלי החיים בסביבת בית הכלא, בית החולים ועוד. בכל חוויה כזאת דוסטויבסקי יורד למניעים הפסיכולוגיים של הפושעים, לדינמיקה ביניהם, להשפעות הרגשיות ולדרכי ההתמודדות של מגוון רחב של אנשים עם כל חוויה כזאת.

דוסטויבסקי בודק בספר הזה מה נותר מהאדם תחת תנאי לחץ קיצוניים. התשובה העיקרית שעולה ונידונה בשלל וריאציות לאורך הספר היא השאיפה היסודית של האדם להיות חופשי. הביטוי של חופש הוא ביכולת של האדם לבחור את מעשיו, ולכן בתנאים קיצוניים כאלה הדחף לחופש עולה על הכול, גם כאשר הבחירה של האסיר היא מגוחכת, מזיקה ולא רציונלית.

השאיפה הזאת תוביל את האדם לפעול באופן לא רציונלי למען עוד רגעים קטנים של חופש. הם יפעלו באופן לא מוסרי כדי להגדיל לעצמם את אפשרויות הפעולה בתחומי בית הכלא; הם ינסו ליצור לעצמם רגעים של חופש באמצעות אמנות או שבירת חוקים, רק כדי להרגיש פיסה קטנה של חופש בתנאים שבהם המנהלים כופים על האדם את כל שגרת יומו.

בנוסף, דיון מרכזי בספר הוא מיהו אותו אדם פושע? האם חוק הכליאה הוא צודק? האם הוא שוויוני כלפי כל האנשים?

בנוסף עולות שאלות על השפעת הסביבה על האדם: האם הסביבה דוחקת באדם לפשוע, או שיש אנשים שהם פשוט רעים?

התשובות של דוסטויבסקי צצות לפעמים במישרין ולפעמים בין השורות. הוא מעלה בעיקר את הדיון, ולא מספק תשובות חד־משמעיות, בניגוד לספרים המאוחרים שלו, שבהם התשובות הרבה יותר מטיפניות ומורכבות.

הבעיה היחידה שהייתה לי כאן, ושיחסית פגמה בחוויית הקריאה שלי בספר, היא השחיקה שלי מנושא בתי הכלא. זה נושא שצרכתי אותו בשלל סגנונות, כך שהרבה מהנושאים בספר לא רק היו מוכרים לי, אלא ידעתי בדיוק לאן הם הולכים.

אבל דוסטויבסקי תמיד ישזור פנינים ספרותיות עם תובנות פסיכולוגיות שיעשירו את חוויית הקריאה, כך שגם הספר הזה היה פשוט נהדר. לא מהטובים ביותר שלו, הוא לא ענק, אבל אין אצלו באמת ספר שהוא פשוט ""טוב"". לפחות ממה שאני נתקלתי בו, הוא תמיד מורכב יותר, ייחודי ומעניין.",10723,רשימות מבית המות (המוות),פיודור דוסטויבסקי,מ. ז. ולפובסקי,הקיבוץ המאוחד,1948,262,ספרות,ספרות מתורגמת,https://cdn.simania.co.il/bookimages/covers1/10723.jpg,https://simania.co.il/bookdetails.php?item_id=10723,https://simania.co.il/showReview.php?reviewId=137803,"רומן כמעט תיעודי, בו דוסטוייבסקי מתאר את שנות המאסר שלו בסיביר . ברומן מסופר על חייו של אסיר-פרך בשם אלכסנדר פטרוביץ' גוריאנצ'יקוב אשר נשפט לעשר שנים של עבודות-פרך בסיביר על רצח אשתו. הרומן מתרכז בהצגת חיי היום-יום במחנה העבודה. הוא מורכב מאוסף רשימות של הגיבור אשר מספרות על האסירים השונים, תנאי המחייה, המשמעת והענישה, ועוד נושאים רבים מחיי המחנה.",,,,,,,,,he,Paperback,4.3,18,3,4993,21,0,1
137802,2026-09-22T10:59:43.000Z,4,6,סדן,52184,"אני אוהב לקרוא את בלזק; נפל לידיי במקרה אחד הספרים הפחות ידועים שלו. אני מודה שבתחילה היה לי קצת יותר קשה להתחבר
כי אצל בלזק יש שפע של דמויות וכל דמות מתוארת בפרטי פרטים... אבל מה שנחמד הוא שלעתים (וגם בספר הזה) יש דמויות
שמככבות גם בספרים אחרים שלו. ובכלל הספר הזה מהווה את אחד מהספרים מהסידרה המונומנטלית שלו בשם ""הקומדיה האנושית""
כך שהכל מתחבר... כידוע בלזק הוא מחלוצי הרומן הריאליסטי וגם כאן מה יותר ריאליסטי מתיאור עלייתו ונפילתו של יצרן תמרוקים שבא עני מהכפר אל העיר הגדולה
ומתחיל להתעשר. וכיצד מעושר ופריחה הוא נופל עקב השקעה בלתי מוצלחת ומזימה ארסית של אחד מאויביו לידיים של נושים, מלווים בריבית, בנקאים שמביאים אותו לפשיטת רגל...
כזכור, בלזק בעצמו סבל מחובות כמעט בכל חייו! והגיע גם לפשיטת רגל בעצמו... כך שהיה לו ניסיון עצום בהליכי בית משפט ובכל הכרוך
בעניין הבלתי נעים הזה - מה עוד שבתקופה מסוימת גם למד בעצמו משפטים...
מה עוד אפשר לומר על הסופר הפורה והמוכשר הזה?! שבאופן נדיר כתב לדעתי יותר ממאה ספרים ומחזות! ובמקום להתרכז אך ורק בהם עסק בעצמו בכל מיני עסקים שנכשלו
והביאו גם אותו להתמוטטות כלכלית! כך שבספר הזה יודע בדיוק על מה הוא מדבר! אנחנו מקבלים כאן תמונה חברתית מרתקת של צרפת במאה התשע עשרה
על המעמדות ששלטו אז בצרפת, על תאוות הכבוד הבלתי נגמרת של הבריות ועל הרצון של הבורגנים לעלות עוד יותר גבוה...
מה שפחות אהבתי בספר הוא הצורה ""הדיקנסית"" שבה מוצגות הדמויות... כלומר הטובים הם טובים ולפעמים גם תמימים ללא גבול וכנ""ל ""הרעים"" לחלוטין... או שחור או לבן
אין בכלל כמעט גווני ביניים באיפיון הדמויות... ועם זאת ולמרות זאת הספר מרתק למדיי! ובהחלט שווה קריאה בתרגומו המצוין של יהושע קנז!",925047,סֶזאר בִּירוֹטוֹ,אונורה דה בלזק,יהושע קנז,עם עובד,2010,366,ספרות,ספרות מתורגמת,https://cdn.simania.co.il/bookimages/covers92/925047.webp?v=1790094088602,https://simania.co.il/bookdetails.php?item_id=925047,https://simania.co.il/showReview.php?reviewId=137802,"סיפורו של סזאר בירוטו, סוחר תמרוקים ישר וטוב, שהסתבך בעסקות נדל""ן מפוקפקות, משקף את ניסיון חייו של אונורה דה בלזק, שהנושים רדפו אותו עד סוף ימיו. 

סזאר בירוטו הוא גם סיפורו של מעמד חברתי חדש: בורגנות חרוצה, צרת אופקים, שאפתנית, שוחרת טוב ושטופה בתאוות בצע. הרומן הזה, אחת מפסגות הקומדיה האנושית של בלזק, יש בו עוצמת רגשות, פיכחון, הומור וחמלה שידהימו את קוראיו וירגשו אותם מאה שבעים ושלוש שנים אחרי שיצא הספר לאור לראשונה.",,Ce'sar Birotteau / Honore de Balzac,,,,32-21335,ספריה לעם,621,he,Paperback,4,24,8,3915,55,1,1
137801,2026-09-22T08:22:57.000Z,5,5,בוב,20105,"Eça de Queiroz- Os Maias: Episódios da Vida Romântica

אל הסופר אסה דה קירוש התוודעתי לפני כ-8 שנים עם ספרו 'פשעו של האב אומארו'. מאוד נהנתי אז מהסגנון ומהאופן שבו מתפתחת העלילה. והנה, לאחר שמונה שנים אני חוזר למה שנחשב בעיני רבים לגדול ספריו. 
למרות שהספר מעולה ומאוד נהנתי מקריאתו, אני חושב ש'פשעו של האב אומארו' טוב יותר. ועם זאת, העלילה שבנויה בבסיסה כאופרת סבון טראגית, כתובה מאוד יפה. אסה דה קיירוש הוא אינטלקטואל בעל ידע היסטורי מרשים ביותר. תובונתו על החברה הפורטוגלית ושקיעתה מאימפריית עבר לעם המאבד את זהותו נשזרים בדמויות הספר. 
מה שהכי הרגיז אותי הוא התקציר בכריכה האחורית. מופיע שם משפט הרומז על ההפתעה הגדולה ביותר שהספר חושף לקראת סופו. 
בקיצור, בשלב מאוד מוקדם בספר הבנתי כבר לאן יתנקזו ויתחברו קצוות העלילה.",965422,בית מאיה,אסה דה קירוש,רמי סערי,מחברות לספרות,2012,669,ספרות,ספרות קלאסית,https://cdn.simania.co.il/bookimages/covers96/965422.jpg,https://simania.co.il/bookdetails.php?item_id=965422,https://simania.co.il/showReview.php?reviewId=137801,"בית מאיה, אחת היצירות המרשימות ביותר של הסיפורת האירופית במאה התשע-עשרה ותרגום ראשון של רומן מאת אֵסָה דֶה קֶיְרוֹשׁ לעברית, הוא אחד מנכסי צאן ברזל של הספרות הפורטוגלית, ואינו נופל במאומה מיצירות מופת אוניברסליות שהעניקו לאנושות באותה מאה סופרים כגון בלזק, דיקנס, טולסטויופלובר. 
הרומן רחב היריעה, שהתפרסם בשנת 1888 ומהווה את אחד ההישגים הספרותיים המובהקים בכל הדורות, הוא סאגה רבת עוצמה ועתירת השראה, שכותבה מגולל בכישרון ובהומור את קורותיה של משפחת אצולה היורדת מגדולתה. 
במרכזו ניצבקַרְלוּשׁ דָה מאיה,הרופא יפה התואר,שריד אחרון לאחת מן המשפחות העשירות והידועות ביותר בליסבון. קרלוש הוא צעיר סקרן,עתיר רעיונות חדשניים ומודעות חברתית, ועם זאת נראה כי האמנות, הספרות וחיי החברה הסוערים של ליסבון קוסמים לו יותר מן הרפואה וחיי המעשה.לפיכך הוא מרבה לבלות עם חברו הטוב אֵגָה בתיאטרון, בנשפים, בקריאת ספרות ובפרשיות אהבים. הוא מנהל אורח חיים ראוותני, פזרני ונהנתני, עד שיום אחד, בפסעו באחד מרחובותיה של ליסבון, הוא מבחין באישה בעלת יופי אלוהי. כאשר הוא מצליח להתוודעלמריה אֵדוּאַרְדָה היפיפייה, מתברר כי המשיכה בין השניים הדדית ועמוקה. ואולם, ידו ההפכפכה של הגורל חושפת סודות אפלים מן העבר שאינם מאפשרים לאושרם להיות בר קיימא. 
מבעד לקורותיהם של שלושה דורות במשפחת מאיה, מאפשר הרומן לקוראיו לעקוב אחרי כשבעים שנים מרתקות בדברי ימיה של פורטוגל.תיאור חיי המותרות בחברה הגבוהה של ליסבון בשלהי המאה התשע-עשרה מבטאאת התפוררותה המוסרית של החברה הפורטוגלית,ומשתקף לא רק ממלכה נחשלת שהיתה בעבר הלא-רחוק אימפריה עולמית, וכעת היאמדינה מתרוששת בפאתי מערב, אלא גם חברה מסורתית המוותרת בקלות דעת על מורשתה, ומתרוקנת בהדרגה מרוב ערכיה הרוחניים. 

ז'וּזֶה מָרִיָּה אֵסָה דֶה קֶיְרוֹשׁ נולד בפורטוגל ב-1845 ומת בצרפת ב-1900. רבות מיצירותיו ראו אור רק אחרי מותו,ודֶה קֶיְרוֹשׁ הטביע את חותמו על הספרות הפורטוגלית גם במאה העשרים.
דֶה קֶיְרוֹשׁ למד משפטים באוניברסיטת קוּאִימְבְּרָה בליסבון, ובחוגי הספרות התוססים של העיר הזדמן לו להתוודע לאורח החיים הבוהמיולרוח החתרנית ששררה בקרב רבים ממשכילי אותה תקופה. בתום לימודיו עבד כעיתונאי וכעורך, ולאחר מכן שרת כדיפלומט במשרד החוץ הפורטוגלי. הוא חי יותר ממחצית מחייו מחוץ לגבולות מולדתו.
דֶה קֶיְרוֹשׁ הרבה לכתוב ולערוך כתבי עת ספרותיים. בסך הכול כתב עשרים ושמונה יצירות ספרותיות, כמחציתן רומנים, ומקצתן ראו אור במהדורות רבות. אחדים מספריו תורגמו לכעשרים שפות, וכיום הוא נחשב ללא עוררין לאחד מגדולי סופריה של פורטוגל במאה התשע-עשרה.",הרומן הגדול ביותר של פורטוגל - סאגה,,,,,,,,he,Paperback,3.7,14,11,5907,63,0,1
137800,2026-09-22T07:19:06.000Z,3,8,רוני,4470,"ספר בסדר, לא יותר. קראתי אותו במהלך של 2 ימי חופשה(אחד מהם ביום כיפור) - לא כי אי אפשר היה להפסיק לקרוא, אלא בגלל שהיה לי מספיק זמן וגם קצת סבלנות. לא ספר מאוד קריא, לא עלילה סוחפת, אלא תיאור של משפחה שנקלעה למצב מאוד בעייתי עקב ""תעלוליו"" הפיננסיים של אבי המשפחה שעקץ רבים מלקוחותיו, נחשף, עמד למשפט ונידון ל-16 שנות מאסר. זה בעיקר סיפורו של הבן ירון שמתאר את מערכת היחסים בין אביו לאמו, בינו לבין אביו , בינו לבין אמו כאשר ברקע המשפט של האב. פה ושם הברקות מילוליות ושליטה ב""ישראליות""  - מנהגים, שפה, ביטויים, סלנג. הקטע האחרון בספר שמתאר את פגישתו של הבן עם האב לאחר 16 שנות ניתוק עם סופו הקרוב של האב - היה קשה לי לקריאה -שוב לא בגלל איכותו - אלא בגלל הפיקציה המתוארת בו שלא נראתה לי אמינה  - אבל החירות הספרותית מאפשרת הכֹל.",1028386,"מִלים (מילים), איפה אתן?",דויד גרוסמן,,הקיבוץ המאוחד,2026,175,ספרות,ספרות מקורית,https://cdn.simania.co.il/bookimages/covers102/1028386.jpg?v=1786331967882,https://simania.co.il/bookdetails.php?item_id=1028386,https://simania.co.il/showReview.php?reviewId=137800,"""כל המשפחות המאושרות אומללות – כל אחת בדרכה־שלה"", מסכם ירון אשכנזי, המספר־הגיבור של רומאן קצר זה, את המצב המשפחתי שבמרכזו. שַׁבשֶׁבֶת ""היחדיו הנדיר"" של השלישייה הגרוסמנית – שבספר זה היא אב־אם־ילד – היא אולי המוקצנת והבוטה שבכל השלישיות שהכרנו בספריו. לְיָרון היתה כבר כילד הסתכלות של מספר־לעתיד, הלומד את אביו ואמו במשפחתם יוצאת־הדופן, שבה ""נפשו העכורה, הפתלתוּלה"" של האב ""הסתבכה לבלי־הַתר בנפשה הַבְּהירה"" של האם.

כשירון היה כבן חמש־עשרה נעצר אביו והועמד למשפט ממושך, התופס את חזית העלילה של החלק הראשון. האב מואשם בתרגיל־עוקץ שבו רוקן מחסכונותיהם קורבנות לרוב. הבן והאם, שהתובעים הזועמים ושואפי הנקם לא מניחים להם, מגיעים יום־יום לבית־המשפט, ובהשראת הפרספקטיבה העכשווית הולכים וצפים אצלם סיפורים מתוקנים של העבר ושל הדמות שהאב היטיב להסתיר כל השנים. מול עיניה של האֵם מתרסק ""מפעל חייה"", פרויקט ""הבעל"" שטרחה עליו בעשרים שנות נישואים.

עם כניסתו של האב לשש־עשרה שנות מאסר הוא קורא אל בנו, ""לא הייתי!"" ומדיר אותו לאורך השנים מכל קשר אתו. אך לבסוף מביא אותם מהלך חריג למצוא את עצמם בכפיפה אחת, והבן – עכשיו בן שלושים־ומשהו – מגלה עובדות ההופכות את אביו למנוגד קוטבית לכל מה שידע עליו. המהפך עוצר־הנשימה שמתחולל בספר לא רק שולח לחווֹת אחרת את האב ולעבות את דמותו, אלא אף מאלץ לשוב אל חלקו הראשון של הרומאן ולשנות כליל את הבנתם של הפרטים המרכזיים. התהפכות כה דרסטית היא חסרת תקדים בקורפוס יצירותיו של גרוסמן.

ירון אשכנזי כותב את הספר בגוף ראשון שנים רבות מאוד לאחר המשפט והמאסר. לפרקים הוא גם עובר להיות מספר כל־יודע בגוף שלישי, המנחש עובדות וממציאן. אבל את נקודת־הראות הפנוראמית של זמן הכתיבה הוא מבטא רק בהבלחות קצרות; במרקם המהפנט של שאר הספר הוא מטמיע את ידיעתו והבנתו של הילד, הנער והאיש הצעיר בזמן אמת.

דמויות הספר אינן נענות לתפיסות מלכדות של זהות. הן מלאות סתירות מהותיות ומסרבות לניסוח של סך־הכל מעוגל ומצמצם. ברוב פְּרימה הן חומקות מן המִלים – מִלים, איפה אתן?",,"Words, Where Are You? / David Grossman",,,,,הספריה החדשה,,he,Paperback,3.4,10,3,502,2,0,1
137799,2026-09-22T04:05:57.000Z,3,3,ליליאן די,325886,"הרומן שלי עם ""עד במנוסה"" נולד מתוך הכרח פיזי ומנטלי מובהק בעיצומו של צום יום הכיפורים. במהלך הצום התחלתי לקרוא ספר כבד ומעמיס מאד, כזה שדרש כוחות נפש וריכוז טוטאלי )ספר מופת שכעת אני יכולה לחזור אליו); אך ככל שנקפו השעות והראש החל לפעום בכאב, המוח אותת על מצוקת משאבים ופשוט סירב לשתף פעולה עם קריאה תובענית. ההחלטה לעצור ולעבור לספרו של מייקל קוריטה הייתה נכונה ומדויקת להפליא לרגע ההוא. הייתי זקוקה לסיפור שייקח את המושכות לידיים, ינוע קדימה בקצב מהיר וללא התחכמויות, ויאפשר לי להתמסר למרדף בלי מאמץ פיענוח מפרך.
העלילה מתניעה במהירות סביב נקודת פתיחה קלאסית: נער צעיר, ג'ייס, שמוצא את עצמו במקום הלא נכון ובזמן הלא נכון, והופך לעד יחיד שנמלט מצמד מחסלים מקצועיים וחסרי רחמים. כדי להגן על חייו, הוא נשלח בזהות בדויה ללב הפרא של הרי מונטנה, אל תוכנית הישרדות ייחודית לנערים. חלוקת הפרקים לפי נקודות מבט מתחלפות של דמויות המפתח עובדת היטב בפתיחה – היא מייצרת תחושת מרחב, משרטטת טבעת חנק שהולכת ומתהדקת סביב הילד, ונתמכת בכתיבה רהוטה, קולחת ונעימה מאוד לקריאה.
ההברקה המוחלטת של הספר, זו שהחזיקה אותי בעניין רב בשלביו הראשונים, שייכת ללא ספק לצמד המחסלים, האחים בלקוול. הדיאלוגים ביניהם פשוט קורעים מצחוק – שנינות מקאברית, יבשה וצינית להפליא, שמטשטשת כמעט באלגנטיות את העובדה שמדובר במפלצות אכזריות ומיומנות בטירוף. מנגד, בעולם הדמויות החיוביות, בלט לטובה אית'ן, מדריך ההישרדות. הוא דמות מעוררת הערכה: חכם, שקול, בעל לב ענק ומסירות אמיתית לנערים, אך ברגע שאשתו נקלעת לסכנה, מעטה השליטה שלו מתאדה כליל. הפגיעות הזו הופכת אותו לאדם אותנטי, אמין ונוגע ללב. לעומתו, דמותו של ג'ייס הצעיר עוררה לא מעט פקפוק; התנודות החדות והמהירות שלו בין ילד משותק מאימה וחסר אונים לבין שורד קר רוח ובעל תושייה טקטית של לוחם מנוסה, יצרו חוסר אמינות פסיכולוגי. הוא הרגיש לעיתים פחות כמו ילד אמיתי שנאבק בטראומה, ויותר כמו כלי שרת שתוכנן לקדם את מנגנון המרדף.
אלא שבהמשך הדרך, משהו במנוע העלילתי מתעייף ושוקע תחת שתי משקולות שהפכו את הקריאה למייגעת. הסיבה הראשונה היא הררי תחקיר מקצועי שקוריטה מעמיס על הטקסט – החל במיומנויות מחנאות וטופוגרפיה וכלה בהסברים מפורטים על משטרי רוחות והתנהגות שריפות יער; עבור חובבי הישרדות שטח זה אולי תענוג צרוף, אך עבור מי שמחפשת דופק אנושי, מדובר בהכבדה טכנית שעוצרת את התנופה. הסיבה השנייה, והמשמעותית לא פחות, היא שהעלילה עצמה הפכה בשלב מסוים למשעממת ומתישה למדי. התחושה שכולם מחפשים את כולם במקביל בתוך תא שטח בוער ייצרה מרדף עמוס לוגיסטית שהזכיר ניהול חפ""ק מרוחק במקום מתח שננעץ בקרביים. העומק הרגשי נסוג הצידה, אפילו השנינות של צמד הרוצחים הלכה והתמחזרה, ומצאתי את עצמי מרפרפת על פני עמודים שלמים בעיקר כדי לסגור את החוב העלילתי ולדעת כיצד הדברים יסתיימו.
לזכותה של הישורת האחרונה ייאמר שהיא הצליחה לפצות במידת מה על החלק המייגע. תפנית עלילתית חדה, שנבעה מנאמנות כפולה ומגילוי מפתיע מתוך מעגל קרוב ובלתי צפוי, הזריקה מחדש מנת אדרנלין שהעירה את הסיפור מתרדמתו. זה אומנם רחוק מלהיות סיום פנומנלי, אך קו העלילה של האנה והאיחוד המרגש והנוגע ללב שלה עם ניק אהובה בתוך התופת הבוערת, העניק לסיפור את המשקל הרגשי והחום האנושי שהיו חסרים לו לאורך הדרך.
בשורה התחתונה, מדובר במותחן שמתחיל בהבטחה גדולה ומציע כתיבה טובה וזורמת עם רגעי הומור שחור מצוינים, אך דועך באמצעו בשל עלילה שנמרחת והופכת משמימה לצד גודש טכני מייגע. בזכות השפה הקולחת, ההברקות של הנבלים והסיום שמצליח להחזיר מעט צבע ללחיים – הספר מקבל אצלי 3 כוכבים הוגנים: קריאה סבירה ששירתה היטב את תנאי השעה, אך נשארת בגבולות המותחן החולף.",982421,עד במנוסה,מייקל קוריטה,מעין זיגדון,סלע ספרים,2016,328,ספרות,מתח ריגול והרפתקאות,https://cdn.simania.co.il/bookimages/covers98/982421.jpg,https://simania.co.il/bookdetails.php?item_id=982421,https://simania.co.il/showReview.php?reviewId=137799,"חייו של ג'ייס וילסון, נער בן 14, משתנים מקצה לקצה ברגע שהוא מוצא עצמו עד לרצח אכזרי סמוך לביתו. 
כדי לחמוק מהרוצחים הוא מאמץ זהות חדשה ומצטרף למחנה קיץ בהרי מונטנה, בתקווה ששם איש לא ימצא אותו, לפחות עד שהמשטרה תשים 
את ידה על הרוצחים.    
הרוצחים, המוכרים לרשויות בתור האחים בלקוול, מחסלים את כל מי שעומד בדרכם אל הנער ומתקרבים אליו יותר ויותר בין הרי מונטנה הנידחים. 
הם רק לא לוקחים בחשבון את אית'ן ואליסון סרבין, מדריך הישרדות ואשתו החוואית, שיעשו הכול כדי לעזור לג'ייס לשרוד, על אף שאינם יודעים 
אפילו מי הוא מבין משתתפי מחנה הקיץ.   


""עד במנוסה"" לא מותיר לקורא אוויר לנשימה. על רקע הרי מונטנה הבוערים יצר מייקל קוריטה, מסופרי המתח המצליחים והמוערכים ביותר כיום בעולם, 
יצירה מקפיאת דם ובלתי נשכחת, שמשנה את כללי המשחק בספרות המתח העולמית.    

""עד במנוסה"" הוא ספרו ה-11 של מייקל קוריטה, והשני שרואה אור בעברית. קדם לו ""הנביא"", שגם הוא ראה אור בסלע ספרים, זכה לשבחי המבקרים 
והיה לרב מכר בישראל.",,Those Who Wish Me Dead,,,,82--53,,,he,Paperback,4,22,6,3106,27,0,1
137798,2026-09-21T17:58:30.000Z,2,0,בנדה,330606,"לטעמי ספר גרוע
למה לי אינטנסיביות חרדתית של מחשבות מלח צעיר שאינם נוגעות לסיפור?!
למה לי אפיזורדת דתיות כבדות ומעומעמות של נער מ1800?!

עלילה נקטעת שוב ושוב חסרת טעם,
אומנם התיאורים מאוד אומנותיים אך יש גבול.",2364,מובי דיק,הרמן מלוויל,גרשון גירון,ידיעות ספרים,2009,653,ספרות,ספרות קלאסית,https://cdn.simania.co.il/bookimages/covers0/2364.jpg?v=1781633373459,https://simania.co.il/bookdetails.php?item_id=2364,https://simania.co.il/showReview.php?reviewId=137798,"מובי דיק נחשב לרומן האמריקני הגדול בכל הזמנים. היה מי שכינה יצירה זו ""רומן הנשמה של האומה האמריקנית"". ספרו של מלוויל, שהיה לקלאסיקה, ראה אור לראשונה ב-1851 במהדורה מצונזרת בלונדון, ורק מאוחר יותר הודפס בארצות הברית. זהו סיפור קורותיו של ישמעאל, צעיר צמא הרפתקאות, המצטרף כאיש צוות לספינה היוצאת לציד לווייתנים. על הסיפון הוא מתוודע לרב-החובל המזדקן, קפטן אחאב, הרדוף בתשוקתו לצוד את מובי דיק, הלווייתן הלבן האימתני שקרע את רגלו מעליו. ישמעאל מגלה עד מהרה כי מסע הציד אינו אלא מסע נקמה נועז וחסר פשרות.

הרומן מסופר בגוף ראשון, פרט לפרקים המביאים את הגיגיו המטאפיזיים של אחאב. הוא עשיר בסמלים, במטאפורות ובתחבולות סגנון מגוונות, מפרודיה על דרשת הכומר בכנסייה ועד לקטעי דרמה בנוסח שייקספירי. שאלות ומחשבות על מהות הטוב והרע, על האמונה באל אחד ועל היחס לאחֵר ולחריג – כל אלו עולות בין דפי הרומן האפי המרתק, המובא כאן בתרגום חדש ומוער ומלווה באחרית דבר מעמיקה ומאירת עיניים.

הרמן מלוויל (1891-1819), מגדולי הסופרים בארצות הברית. מלוויל נולד בניו יורק למשפחת סוחרים אמידה שירדה מנכסיה. בצעירותו בילה שנים אחדות כנער סיפון באוניות מסחר ובספינות לציד לווייתנים. כתב עשרות רומנים, סיפורים קצרים, ספרי שירה ומסות, רבים מהם מבוססים על מסעותיו בעולם וחוויותיו בים. הרומן מובי דיק הוא ספרו הנודע ביותר.",,Moby Dick,,,,10-270661,פרוזה,,he,Paperback,4,121,32,21977,263,4,1
137797,2026-09-21T17:40:05.000Z,4,1,סאן,214607,"זה הספר האחרון בטרילוגיה.
מערכת היחסים של סיימון ובאז הרגישה לי קצת מדכאת בחצי הראשון של הספר, פשוט לא התחברתי אליהם כזוג.
בספר הקודם החבורה, הייתה אמריקה, ואני לא יכולה לכתוב מה קרה שם כי זה יהיה ספוילר, והספר השני כן תורגם לעברית, הוא נקרא ""הבן המורד"" אז אני בהחלט יכולה לעשות ספוילר לאנשים בטעות.
פה הם חוזרים לאנגליה, והם סוג של מתפצלים לשלוש עלילות שונות, שבסופו של דבר מתחברות אחת לשנייה.
סיימון ובאז חוקרים סוג של כת מסוימת, פנלופי מנסה לעזור לבן אנוש שהיא בכלל לא אמורה להכניס אותו לעולם של הקוסמים, ואגתה... היא פשוט, אגתה, מנסה לחיות חיים רגילים ואיכשהו מוצאת את עצמה מעורבת במשהו גדול יותר שמחבר אותה לעלילה של שאר החברים.

אני חושבת שקראתי אותו לאורך אולי ארבע שנים, אז למרות שהסיפור מתחיל ומסתיים בטווח של בערך שבועיים, אני הרגשתי שהם היו חודשים בנפרד.
זאת נקודה לזכות הספר אבל, שעצרתי את הקריאה בו כל כך הרבה פעמים, ובכל זאת בכל פעם שהרמתי אותו, הצלחתי בקלות להמשיך ולעקוב אחרי העלילה.
נהניתי מאוד מהחצי השני, כנראה כי התקרבתי כבר לסוף, הקצב פשוט היה הרבה יותר לטעמי, הבלבול של סיימון בנוגע ליחסים שלו עם באז', כבר לא היה קיים ממש בחלק הזה.
אני סוג של מבינה את הבלבול שלו, אבל זה אולי הסיבה שלא אהבתי לקרוא את זה, זה פשוט היה מדכא.
הוא כל הזמן שאל את עצמו: ""האם זה מה שאנשים עושים?""
אנחנו כאילו בתוך הראש שלו, והוא מתנשק עם באז, ואז אנחנו שומעים את המחשבות שלו והתהיות שלו, כאילו הוא פשוט לא מבין את זה.
ואני מרגישה כאילו אני... כנראה ארגיש אותו דבר אם הייתי במצב הזה.

לא שמתי לב לזה כשקראתי את הספר, אבל עכשיו כשאני חושבת על זה, היה לסיימון קושי עם למצוא תכלית ומטרה בחייו.
אני לא יכולה להסביר ממש למה, כי זה קשור לדברים שקרו בספרים הקודמים, אבל הוא... איבד את הזהות שלו, וזה הרגיש חרא גם לי להיות עדה לזה.
סיימון גם יתום, אז כשהוא איבד את הזהות שלו מבחינת הדברים שהוא החליט שמגדירים אותו, הוא באמת היה אבוד, כי הוא לא יכל להסתכל להבין מי הוא, מלהסתכל על המקום שממנו בא.
הוא לא ידע מאיפה הוא בא.

בכל אופן, אני מניחה שהיה בספר הזה משהו שלי אישית הרגיש קצת כבד, ואולי אפילו מבלבל אותי.
לא התחברתי למערכת היחסים של סיימון ובאז', כי זה היה קשה, כי הם לא הסתדרו, זה כאילו - רגשית, הם פשוט לא הרגישו בנוח אחד עם השני, ואז מינית, זה היה כל כך מבלבל עבור סיימון, ובאז' לא רצה ללחוץ.
שוב אני אפילו לא חושבת שזה היה מבלבל לסיימון כי הוא אף פעם לא היה עם גבר, אני חושבת שזה פשוט היה מבלבל מבחינה קיומית, כי הוא המשיך לשאול את עצמו: ""האם זה מה שאנשים עושים?""
כאילו משהו בו, מרגיש שונה, מאיך שאחרים מרגישים, והוא סוג של יודע את זה, והוא לא מבין את זה, ואני גם לא מבינה את זה האמת.

החצי השני היה מהנה.
כאילו, היו זוגות אחרים שגרמו לי לצרוח מרוב התרגשות, וגם היה מתח בקטע של ""אנחנו צריכים להציל את העולם!""
אני ממש לא אוהבת לקרוא אנגלית, כי זה לוקח לי יותר מדי זמן, אבל האנגלית פה הייתה קלה עבורי, והפרקים היו קצרים ומהירים, אז יכולתי פשוט לשבת 6 שעות רצוף בכיפור ולסיים אותו.
זאת לא הייתה הבחירה הראשונה שלי, אבל אני באמצע של יותר מדי ספרים כרגע, וזה הספר היחיד שהיה מתאים לכיפור פחות או יותר, האחרים היו אירוטיים מדי.",1004275,Any Way the Wind Blows,Rainbow Rowell,,,2021,579,,,https://cdn.simania.co.il/bookimages/covers100/1004275.jpg,https://simania.co.il/bookdetails.php?item_id=1004275,https://simania.co.il/showReview.php?reviewId=137797,"In Carry On, Simon Snow and his friends realized that everything they thought they understood about the world might be wrong. And in Wayward Son, they wondered whether everything they understood about themselves might be wrong.

In Any Way the Wind Blows, Simon and Baz and Penelope and Agatha have to decide how to move forward.

For Simon, that means deciding whether he still wants to be part of the World of Mages -- and if he doesn't, what does that mean for his relationship with Baz? Meanwhile Baz is bouncing between two family crises and not finding any time to talk to anyone about his newfound vampire knowledge. Penelope would love to help, but she's smuggled an American Normal into London, and now she isn't sure what to do with him. And Agatha? Well, Agatha Wellbelove has had enough.

Any Way the Wind Blows takes the gang back to England, back to Watford, and back to their families for their longest and most emotionally wrenching adventure yet.

This book is a finale. It tells secrets and answers questions and lays ghosts to rest.

Carry On was conceived as a book about Chosen One stories; Any Way the Wind Blows is an ending about endings. About catharsis and closure, and how we choose to move on from the traumas and triumphs that try to define us.",,,,,,,Simon Snow,3,he,Paperback,4,2,2,178,2,0,1
137796,2026-09-21T17:21:21.000Z,5,6,תמי,72142,"חוליאן, סופר פרואני מצליח ואמיד, שוכר את שירותיה של מרסדס כעוזרת הבית שלו. 
השניים מגיעים מעולמות שונים לחלוטין, אך ביניהם נוצר קשר מיוחד. 
כאשר חוליאן שומע את סיפורה של מרסדס ואת העובדה שלא ראתה את אמה במשך עשרות שנים, 
הוא מציע לה לצאת ולחפש אותה. 
מכאן מתחיל מסע משותף שהופך להרבה יותר מחיפוש אחר אדם – זהו מסע אל העבר, 
אל המשפחה ואל מערכות היחסים של שניהם.
הספר כתוב בצורה קלילה, זורמת ומשעשעת, אך עוסק גם בנושאים אנושיים ורגישים כמו בדידות, 
אהבה, משפחה, סליחה והצורך בקשר עם אנשים אחרים.
ספר חם, מצחיק לפרקים ומרגש.
מומלץ בחום.",223486,"ולפתע, מלאך",חיימה ביילי,אביבה ברושי,שוקן,2007,206,ספרות,ספרות מתורגמת,https://cdn.simania.co.il/bookimages/covers22/223486.jpg,https://simania.co.il/bookdetails.php?item_id=223486,https://simania.co.il/showReview.php?reviewId=137796,"ולפתע, מלאך הוא סיפורה של ידידות מופלאה הנרקמת בין חוליאן בלטראן, סופר פרואני אמיד ובטלן, ובין עוזרת הבית שלו, אישה פשוטה שחיוכה מאיר את הבית. בילדותה נמכרה מרסדס על־ידי אמה לשמש כמשרתת, ומאז היו חייה רצף של תלאות.
בלטראן מעודד את מרסדס להתחקות אחר אמה, ויוצא אתה למסע חיפושים רצוף מעמדים קומיים, המשקף את חיפושיו שלו אחר אהבה ושלווה ומאיר באור חדש את היחסים הקשים במשפחתו. לנוכח יכולת הסליחה והאופטימיות שמקרינה העוזרת התמימה הוא בוחן את עצמו מחדש ונוקט צעד מפתיע.

חיימה ביילי, מרצה באוניברסיטת ג'ורג'טאון, נולד בלימה ב1965־, ועבד כמגיש תוכניות טלוויזיה. ספריו הראשונים זכו להצלחה מיידית, והוא קיבל כמה פרסים, ביניהם פרס פלנטה לשנת 2005. זהו ספרו הראשון בעברית.
 
מן הביקורת:

""הדמויות, השפה ומבנה העלילה, כולם מאופיינים בפשטות מפליאה... בשפה זורמת ועלילה קולחת הוא מצליח להעביר את המסר 'משפחה לא בוחרים'.""
צופיה. ב. לאפר, הצפה

""בשפה זורמת ובעלילה קולחת ביילי מצליח להעביר את המסר ""משפחה לא בוחרים""... כאמת הקיומית שאין בִּלתָהּ"".
אריאל שנבל, מקור ראשון

""לשונו המיוחדת של חיימה ביילי שובה במהירות את לב הקורא... שפה ישירה ומלאת הומור... ספר שכולו אהבת אדם הנקרא בשטף ובחיוך.""
יואל כהן, לאשה",,"Y De Repnte, Un Angel",,,978-965-19-0734-0,40-10305,,,he,Paperback,4.2,13,5,1533,16,0,1
137795,2026-09-21T17:00:31.000Z,5,5,ליליאן די,325886,"יש משהו מהפנט ומצמית בו-זמנית כשמתוודעים למוח מבריק שמסרב לקבל את תכתיבי הגיהינום. לא הגעתי אל הספר הזה מתוך היכרות מוקדמת עם דמותו הציבורית של אבינתן אור; הוא כמעט ולא נכח במרחב התקשורתי, והכותרות היבשות שצצו פה ושם ידעו לספר רק את השורה התחתונה: היה ניסיון הימלטות, והוא כשל ברגע האחרון. אלא שהמרחק בין הכותרת בעיתון לבין מה שהתרחש שם בפועל הוא תהום של ממש.
לב-ליבו של הספר הוא אפוס של התעקשות אנושית כמעט בלתי נתפסת: חודשים ארוכים של חציבה וחפירה סיזיפית, יום אחר יום, לילה אחר לילה, בסבלנות של שחמטאי קר-רוח ובמשמעת ברזל, כשהוא מצליח להסתיר את המבצע ההנדסי המטורף הזה ממש מתחת לאפם של שוביו. הפיכחון הרציונלי שלו, היכולת לחשב מהלכים ולתכנן הימלטות בתנאי דחק ואפלה מוחלטים – מעוררים השתאות על גבול היראה. הקריאה בחלקים אלה מותחת ומורטת עצבים, ודווקא משום שהסוף ידוע מראש, הלב נחמץ ונקרע לרסיסים כשהגורל מתעתע בו באכזריות: בשנייה שבה הוא סוף-סוף מגיע אל החוץ, עם רגל אחת שכבר נוגעת באוויר החופשי, הוא נתפס. המעבר מהשיא הזה אל ההתעללות הקשה והחקירות האכזריות – תחת הפרנויה של שוביו שהיו משוכנעים כי מדובר במבצע מתואם עם גורם חיצוני – מכאיב פיזית ונפשית.
לצד העוצמה של מבצע הבריחה, הקריאה מלווה בתחושת החמצה מבנית מובהקת. הספר משליך את הקורא ישירות אל רגעי הלכידה והשבי, כמעט ללא פתח כניסה לעולמו של האיש עצמו. אמנם פה ושם הוא מפזר פירורים של תובנות מבריקות ומטלטלות – כמו השיח המרתק, המפוכח והמתובל בהומור דק שניהל עם בורא עולם, שיחה ראשונה מאז שעזב את העולם הדתי – אבל אלו רק הבזקים שמעוררים צמא עצום להעמקה נוספת. ברגעים הבודדים שבהם הוא חושף את הרבדים הללו, מבינים עד כמה מדובר באדם בעל עומק יוצא דופן; אלא שהוא אינו נותן מהם מספיק. החיסכון הזה ברקע האישי – מיהו אבינתן, איזה בית עיצב את החוסן הנדיר הזה ומהיכן נשאבים כוחות הנפש הללו – מותיר חלל מורגש. אותה תחושת החמצה פוגשת אותנו גם בסיום: הרגע המטלטל של השיבה הביתה זוכה לשניות בודדות בלבד, ללא התעמקות או עיבוד של רעידת האדמה הרגשית הזו, אף שחלפה כבר שנה שלמה מאז שחזר.
שפתו של אור טובה, ישירה ונגישה, מתובלת בהומור פנימי ובקלילות מפתיעה שמציצה מבעד לצללים, אך אין זו כתיבה ספרותית מלוטשת. הוא מביא תיעוד רציונלי ומדויק של פעולותיו, וכאשר הוא כבר מאפשר הצצה לנפש פנימה, היא חדה ומטלטלת אך מדודה וקצרה מדי. לולא החלק הפנומנלי והבלתי נתפס של חציבת נתיב המילוט, הספר היה מתקשה להחזיק מעמד ברף גבוה.
עדות יוצאת דופן על כוח רצון פראי, מוח מבריק וגבורה שקטה שנאבקת על חייה, שגם אם היא חסרה את הפריסה המלאה של מעמקי הנפש והשלמת התמונה האנושית הרחבה, היא נחרטת עמוק בזכות שיעור בלתי נשכח במה שמסוגלת רוח האדם לחצוב לעצמה בתוך האפלה.",1028586,מבעד לאדמה,אבינתן אור,,כנרת זמורה דביר,2026,222,עיון,ביוגראפיות,https://cdn.simania.co.il/bookimages/covers102/1028586.jpg?v=1788557369721,https://simania.co.il/bookdetails.php?item_id=1028586,https://simania.co.il/showReview.php?reviewId=137795,"""הם לקחו ממני הכל – את השמש, את האוכל, את הבגדים, אפילו את השם שלי. אבל בתוך הבור, מתחת לאדמה, הבנתי שיש דבר אחד שהם לעולם לא יוכלו לקחת ממני: את החופש לבחור מי אני בתוך החושך הזה.""

איך אפשר להיות כבול באזיקים – ולהישאר חופשי בנפש? איך אפשר, בעודך כלוא בבטן האדמה, לחיות מדי יום בהכרה, בצלילות, בבחירה? סיפורו של אבינתן אור, ששרד בשבי החמאס שנתיים ושמונה ימים, הוא עדות מעוררת השראה על כוחה של הרוח האנושית לנצח, גם בתנאים הקשים ביותר.

ספרו של אבינתן, מבעד לאדמה, הוא גם סיפור על תושייה ואומץ. באופן בלתי נתפס, במשך למעלה מ-700 ימים ולילות, הפך אבינתן את תחנות חייו לכלים ולמיומנויות שסייעו לו לשרוד: החל בילדותו ביישוב שילֹה, דרך עבודתו בחופשות הקיץ כפועל בניין ולימודיו לתואר בהנדסת חשמל, ועד לשירותו כלוחם בסיירת רימון. כל אלה הפכו את החושך הסמיך של המנהרות למבחן מתמיד של חוסן, שעליו ניסה להתגבר בעזרת כוח רצון ורוח איתנה. וכך, מתחת לאפן של מצלמות המעקב, בקפדנות ובזהירות, תכנן והוציא לפועל מבצע בריחה נועז, חפר במו ידיו מנהרת מילוט, ואף הצליח במשך כמה דקות יקרות מפז לנשום שוב אוויר נקי ולהביט בשמיים.

זהו סיפור עוצר נשימה על אדם מלא נחישות, שבחר לצמוח בתוך השברים – ומתוכם. אבינתן אור מזכיר לכולנו שהבחירה בחיים, במאבק על החירות ובתקווה לטוב – נמצאת תמיד בידיים שלנו: ""אני לא יכול לעשות הכל – אבל אני לא מוכן לא לעשות דבר"".",המסע העיקש לחיים בשבי החמאס | כתב: יהונתן טוקר,,,,,,,,he,Paperback,5,4,2,239,2,0,1
137794,2026-09-21T16:31:04.000Z,5,4,פרל,81926,"הספר ""אינדיאנים על גבעה 16"" (הוצאת משרד הביטחון, 2003) שכתב אביחי בקר, תיאר את קורותיה של פלוגה רובאית ג' מגדוד 51 של חטיבת גולני במלחמת יום הכיפורים. הספר הוא תוצר של מחקר מקיף שערך בקר, שהיה אז עיתונאי וכתב צבאי. הוא נבר במסמכים ובחומר היסטורי, קיים ראיונות עם חיילי הפלוגה ומפקדים בחטיבת גולני, והוציא מתחת ידו ספרון מרתק ומטלטל.
זה בוודאי לא הזיק שבקר, יוצא חטיבת גולני, הכיר ""דרך הרגליים"" את הווי הרובאים בחטיבה, את דמויות המפתח שבה וחווה מקרוב את ""פני המלחמה החזקה"" ההיא של אוקטובר 1973. הוא עצמו פיקד במלחמה על פלוגה בגדוד 12 של החטיבה (עד שנפצע בקרב ההבקעה לרמה הסורית).
על הפלוגה פיקד סרן יגאל פסו, חברו למחזור של בקר מהפנימייה הצבאית לפיקוד שליד בית הספר הריאלי בחיפה. את המחזור סימן מח""ט גולני דאז, אל""ם יקותיאל ""קותי"" אדם, ככזה שיכול לשפר את איכות המפקדים בחטיבה. עם גיוסם, בשנת 1969, ""שטיח אדום קידם את הקבוצה ופסו בתוכה שנהרה לגולני"" (עמוד 26). לפנימיונים שנענו לאתגר הגה מח""ט גולני דאז, אל""ם קותי אדם, הכשרה ייחודית.
""בחודשיים הראשונים לגיוסם, בטרם התפזרו להיות מ""כים בגדודים, הוא הציב את הפנימיונים שלו כצוות נפרד בסיירת גולני"" (עמוד 27). המח""ט ראה למרחוק וצדק. ב־1973 היו 12 מתוך 16 מפקדי הפלוגות בחטיבה בוגרי הפנימייה הצבאית. ""פרויקט הגמר של פרק הסיירת היה חדירה מעבר לירדן"" (עמוד 27).
פסו מונה למפקד הפלוגה כחצי שנה לפני שפרצה המלחמה, והתקשה לבסס את מנהיגותו. מאבקו בנורמות פסולות של הלוחמים הוותיקים, לנעליים הגדולות שהשאיר המ""פ הקודם, שמריהו ויניק, שעבר לפקד על סיירת גולני. הרובאים בפלוגה הטילו ספק ביכולותיו כמפקד קרבי. ""עם הנמנם הזה נלך לקרב?"" (עמוד 9). 
כשפרצה המלחמה לקחה הפלוגה חלק בקרבות הבלימה, ואף סיכלה חדירה של הקומנדו הסורי, בהמשך המלחמה, ב־9 באוקטובר, שנחת במסוקים סמוך לנפח. ""יותר פרי אלתור מאשר קרב סדור זה היה. הם רצו בין גדרות האבנים תוך ירי והטלת רימונים, כדורים ופצצות RPG שרקו"" (עמוד 41).
בספר העיר בקר כי ""לאזור הקרב שניהלה פלוגה ג' נזעק במקביל כוח של סיירת מטכ""ל עליו פיקד רס""ן יוני נתניהו. במהלך לחימתם של אלה נהרגו שניים מאנשי היחידה ושבעה נפצעו. עשרות גופות של סורים נותרו פזורות בשטח. אלא שמספרי תולדות מלחמת יום כיפור נעלם כלא היה חלקה המכריע במידה שווה של פלוגה ג' באירוע; משום מה הוא משויך באופן בלעדי לסיירת מטכ""ל"" (עמוד 43).
כך או כך שם קנה פסו את עולמו. ""הספקות שניקרו אודות כישוריו התחלפו בהערכה עצומה. לאחר שבעה חודשים בתפקיד, מ""פ חדש נולד"" (עמוד 44).
אבל אז הגיעה משימת החרמון. הקרב, מהקשים שבקרבות החי""ר שניהל צה""ל, כל כולו מופת של עקשנות וכוח רצון של רובאים בודדים, מתואר בספר לפרטיו. המבצע היה מהלך דו־חטיבתי. גולני תגיע רגלית, מלמטה למעלה, דוך־אנ־דוך, ותכבוש את מוצב החרמון הישראלי.
בתדריך ללוחמי החטיבה אמר המח""ט, אל""מ אמיר דרורי, כי זוהי ההזדמנות לבטל את ההישג הקרקעי היחיד שנותר בידי הסורים, שכן למחרת עתידה להיכנס לתוקפה הפסקת האש. ""מוצב החרמון הוא העיניים והאוזניים של המדינה, חסר לנו שהוא יישאר אצלם, אנחנו חייבים לעשות את זה"" (עמוד 7). דרורי הדגיש כי הוא מצפה לראות בבוקר למחרת הקרב ""את דגל ישראל ואת דגל גולני מונפים על החרמון, אנחנו ניקח אותו ביי הוק אור ביי קרוק. גולני, גולני, רק גולני יעשה את זה"" (עמוד 7).
אבל כל המילים הגדולות לא חיפו על כך שלמעשה, בבחירה בדרך הפעולה הזו שיחק צה""ל לידי הסורים שהחזיקו בשטח השולט ונערכו מבעוד מועד. גם מודיעין עדכני על היערכות הסורים בהר לא ממש היה. מג""ד 51, סא""ל יודק'ה פלד, אמר לאנשיו שהוא ""לא יודע איפה בדיוק נפגוש את הסורים"" (עמוד 6). 
על החלק השני של מבצע ""קינוח"", כיבוש החרמון הסורי, ""הופקדו שני גדודי מילואים מחטיבה 317 של הצנחנים, שהונחתו בעורף המערך באמצעות מסוקים. ההתנגדות הייתה קלה, ההתקפה עלתה בהרוג ושלושה פצועים בלבד"" (עמוד 71).
בשל הרצון, ככל הנראה, למקד את הספר בגולני תואר הקרב שניהלה חטיבת הצנחנים בפיקוד אל""מ חיים נדל באופן לקוני. אף שהוא כמעט ונשכח מהזיכרון הציבורי היה זה קרב מהספרים. שניים מגדודי החטיבה, שעליהם פיקדו הסא""לים (מיל.) חזי שלח ואלישע שלם, הוטסו במסוקי יסעור לשטח הררי קשה לתנועה והוטל עליהם לכבוש שני יעדים מבוצרים.
אחד המג""דים, חזי שלח, כתב לימים כי ""הצנחנים תיכננו את הקרב שלהם כך, שלא יעמוד מולם אויב רציני. בכוונת מכוון. לא תמיד זה מצליח. באותו לילה זה הצליח"". הצנחנים הפתיעו את הקומנדו הסורי, וניהלו את הקרב במקצועיות ובקור רוח, והקפידו, כתב שלח, להפעיל חיפוי ארטילרי צמוד, לנוע לאט ""ולהשתמש בהרבה אש ובלחימה מבוקרת"", עד לכיבוש מוצב החרמון הסורי. הקרב של גולני נראה אחרת לגמרי.
לוחמי גולני טיפסו במעלה החרמון ונתקלו בסורים בסמוך לגבעות שכונו במפות גבעה 16 (ומכאן שם הספר) ו־17. במקביל, סיירת גולני בפיקוד רס""ן שמריהו ויניק (המ""פ הקודם של פלוגה ג') נתקלה בכוח סורי ברכבל העליון. ויניק, שבמלחמה לא היה לילה ""שלא נתבע למארב או לפשיטה"" (עמוד 52), נהרג. 
הקרב היה קשה ואכזרי. ""גבעה 16 לא זקוקה היתה למצביאים באותו לילה אלא לעיקשים, לאמיצים ולתוקפנים"" (עמוד 61). מג""ד 51, פלד, דיווח למח""ט באנדרסטייטמנט של המלחמה כי ""הולך קשה"" (עמוד 63).
הגיבור האלמוני של הקרב היה קצין האג""ם החטיבתי, רס""ן יואב לוי ""יוצא שקד"" (עמוד 50). משנפצעו המח""ט והמג""ד, עבר הפיקוד אליו. לוי הורה ללוחמי גולני שהוסיפו להילחם לסגת מגבעה 17, ""ולאחר שווידא שאין יותר חיילים על גבעה 17 הפעיל ארטילריה לעברה. זה היה המהלך שהכריע סופית את הסורים"" (עמוד 65). את המוצב כבשו לבסוף חיילי גדוד העתודה של גולני, עליו פיקד דוד כץ.
רק מחצית מלוחמי הפלוגה שרדו את המלחמה מבלי שנפצעו או נהרגו. לקרב החרמון עלתה הפלוגה כשהיא מונה 60 לוחמים ומפקדים. כשעלה השחר ותם הקרב נותרו רק 19 מאנשיה שאינם פצועים או הרוגים. חטיבת גולני כולה איבדה בקרב 56 מאנשיה.
בין ההרוגים היה גם המ""פ, פסו, שנפל בקרב החרמון לצד מ""פ א' בגדוד וחברו למחזור מהפנימייה הצבאית, סרן שוקי ויאטר. מחזור ט""ו בפנימייה הצבאית, שחבריו כתבו טרם גיוסם כתבו בספר המחזור ""להתראות בישיבות המטכ""ל"" (עמוד 26), איבדו שישה מחבריהם בקרבות. למטה הכללי הגיעו רק דורון אלמוג, שעשה את המלחמה כמ""פ צנחנים בסיני, והיה לימים לאלוף פיקוד דרום, אביחי רונצקי, שלחם כמ""פ בסיירת שקד (ולאחר שחזר בתשובה היה לרב ובהמשך לרב הצבאי הראשי) ורון כתרי, ששירת כקצין מודיעין בפיקוד הדרום ובתפקידו האחרון שימש כדובר צה""ל.
בקר היטיב לתאר, בעברית שכבר אינה מצויה במקומותינו, את ההוויה בצה""ל באותן שנים, ובחטיבת גולני בפרט. תיאוריו של בקר את גבורת הרובאים הפשוטים והמפקדים, כמו גם גילוי מורך לב ואירועים של תופסים את הקורא ולא מרפים ממנו. הספר כתוב בתמצות ובקיצור אבל כל שורה, כך דומה, מעבירה היטב את המסר.
יתרה מכך, הוא גם לא חסך שבטו מאיש מן המעורבים, מהלל את הגיבורים האלמוניים ומטיח ביקורת באלו הראויים לה, בין שיהיו בכירי המפקדים או סוכני הזיכרון הלאומי. ""תכנון מחוכם יותר בדרגים הגבוהים היה חוסך את משאבי הגבורה הבלתי נדלים שנדרשו מהרובאים של גדוד 51"" (עמוד 73), קבע בצדק. ועדיין כשמגיעים לחרמון ומביטים למעלה, קשה שלא להשתאות מהאומץ של אלו שעלו כל הדרך למעלה, כנגד כל הסיכויים.",41986,אינדיאנים על גבעה 16,אביחי בקר,,משרד הביטחון,2003,88,ספרות,ספרות מקורית,https://cdn.simania.co.il/bookimages/covers4/41986.jpg,https://simania.co.il/bookdetails.php?item_id=41986,https://simania.co.il/showReview.php?reviewId=137794,"סגן יגאל פסו חש בוטח מתמיד כשהביט בחייליו לוחמי פלוגה ג' נערכים למסדר היציאה לקרב חייהם. הוא צריך היה להיאבק איתם חודשים ארוכים כדי להגיע לרגע הזה הגדול שבו באש ובמים ילכו אחריו, והנה הוא זכה. הוא בדק בקפידה שהחגור הדוק, שלא חסרים כדורים במחסניות ושהמימיה אינה משקשקת, טפח לחייל אחר חייל על השכם [...] כשסיים התייצב שוב לנוכח הפלוגה ובדבריו שזר את שרשרת הגבורה מיהודה המכבי ועד הלום.'תשמרו על עצמכם, אני צריך אתכם שלמים [...] אני לא רוצה סתם הסתערויות ומעשי גבורה, נהרוג אותם תורכי תורכי', אמר [...] לפסו היתה עוד הערה להוסיף, לחלוטין לא שגרתית. 'כל הירא ורך הלבב, מי שמרגיש לא טוב, מפחד, לא רוצה, לא מסוגל, לא משנה לי הסיבה, שיקום ויגיד. מבחינתי הוא משוחרר. אין לי שום כעס עליו'. דממה נפלה. 
                         *** 
אביחי בקר, יליד חדרה. בוגר הפנימייה הצבאית בחיפה והחוג להיסטוריה של עם ישראל באוניברסיטת תל - אביב. באוקטובר 1973 היה מפקד פלוגה בגולני ולחם ברמת - הגולן. היום עיתונאי ב""הארץ"".",פלוגה בקרב החרמון,,,,,48-3295,,,he,Paperback,5,4,2,9145,9,2,1
137793,2026-09-21T16:18:07.000Z,0,4,Mira,30743,"איזה כיף לכתוב ביקורת ראשונה. 
את אמארי רכשתי לפני ראש השנה כשהייתי בקניון למשהו אחר, ובצומת ספרים פגשתי את הסופר רז קלמנוביץ שחתם על ספריו, ודיברנו, מפה ושם דיברנו על פנטזיה ואמרתי שאוהבת את 2 הספרים של אמארי והוא ציין שיצא השלישי אז כמובן... נכנסתי שוב ורכשתי גם אותו.

אז לביקורת, לאוהבי הפנטזיה לא תתאכזבו, ולאחרים קצת יותר בעייתי, כיוון שלקרוא ספר זה חייבים להבין מה קרה ב-2 הראשונים.
אמארי היא ילדה רגילה שמגלה שיש לה כוחות קסם, ושאחיה שהיה נעדר וחשבנו שמת מתגלה בעולם הפלאים כקפוא.
אמארי משחררת אותו וחושבת שהכל יסתדר היא מוותרת על כוחות הקסם שלה לדילן ואן הלסינג שגם הוא כמוה נולד עם קסם, שזה מאוד נדיר, (2 הילדים היחידים שנולדו עם קסם ולא קיבלו בוסט).

אך, כמו שכתוב בכריכה האחורית איליין הארלו משתלטת על משרד ראש הממשלה ביכולת לשלוט במחשבות, ואמארי וחבריה מוצאים מהחוק ומנסים לתפוס אותם, כולל עולם האמיתי שלנו.
אמארי וחבריה מנסים למנוע את המלחמה הקריבה בין הקוסמים לבין המשרד לעניינים על-טבעיים.

היא מגלה שיש חפצים קסומים ומתועבים, שדילן ואן הלסינג, שלו הפסידה את רובו של כוחות הקסם שלה מנסה גם, ומנסה למנוע זאת ממנו, בינתיים לא יודעים שאחיה קווינטון קם לחיים מההקפאה.
העלילה מאוד מותחת וכיף לטייל בדימיון של אטלנטה, עם רוחות רפאים ודמויות בכל מיני מקומות חבויים ובתי כלא של עולם העל-טבעי.........

איך זה נגמר כמובן חייבים לקרוא, לאוהבי הפנטזיה ולנוער כמובן, כיף תקראו. =^-^=",1028655,אמארי והפלאים המתועבים,"ב""ב אלסטון",חנה לבנת,כתר,2025,320,ילדים,ילדים 12-9,https://cdn.simania.co.il/bookimages/covers102/1028655.jpg?v=1789108660024,https://simania.co.il/bookdetails.php?item_id=1028655,https://simania.co.il/showReview.php?reviewId=137793,המתח עולה בעולם העל טבעי,,,,,,,,,he,Paperback,,,1,20,1,0,1
137792,2026-09-21T16:04:35.000Z,0,1,chen12m,81739,"אהבתי את ״חנוך הרופא מכורזים״ אז רציתי לקרוא ספר נוסף של ישי שריד.
סיפור מאד פשוט, לא הרגשתי עומק..היה ברור מה הולך לקרות. הדמות הראשית הייתה תמימה ברמה מגוחכת ולא אמינה. ספוילר: || נגמר בלי שום מסקנה, פשוט באמצע || 
כבר בהתחלה הבנתי שאני לא מתחברת אבל בגלל שהספר קצר המשכתי וסיימתי.",1006852,מגלה החולשות,ישי שריד,,עם עובד,2023,223,ספרות,ספרות מקורית,https://cdn.simania.co.il/bookimages/covers100/1006852.jpg,https://simania.co.il/bookdetails.php?item_id=1006852,https://simania.co.il/showReview.php?reviewId=137792,"זיו משתחרר מהצבא בגיל עשרים ושלוש לאחר שירות ביחידת מודיעין מובחרת. הוא מבוקש מאד בגלל מומחיותו בגילוי חולשות במערכות הגנה של טלפונים ומחשבים, אבל בחייו האישיים הוא נואש לאהבה ולחברות, כבול באחריותו הכבדה לאחותו הצעירה והפגועה, וצל נעוריו הכואבים רובץ עליו. הוא מגויס לחברת סייבר שפיתחה מערכת פריצה לטלפונים חכמים. בנסיעותיו מטעמה ברחבי העולם הוא נקלע להרפתקאות בארמונות שליטים ובמרתפי טירות עתיקות, ונזהר לא לשאול שאלות מיותרות.
אולם הצלחתו המקצועית המרשימה של זיו אינה מצילה אותו מבדידות ומלב שבור.
הוא מנצל את כישוריו המיוחדים כדי לחדור לעומק חייהם של אחרים ולחסל איתם חשבונות. פתאום היעדים אינם אלמונים עוד, אלא קרובים אליו מאוד.

ישי שריד, מחבר רבי־המכר גן נעמי, השלישי, מפלצת הזיכרון ומנצחת, כתב סיפור התבגרות טרגי של אחד מטובי בנינו בעת הזאת, שהוכשר לחדור לקרביהם של אחרים ולחשוף את חולשותיהם ללא עכבות של מוסר, אך מסתבך בגלל אנושיותו ורגשותיו.",,Vulnerabilities,,,9789651329692,32-22282,ספריה לעם,831,he,Paperback,3.6,23,12,7572,33,0,1
137791,2026-09-21T15:58:02.000Z,3,1,chen12m,81739,"אהבתי את הספר, הוא היה פשוט וזורם כזה. אהבתי שקרה במקום אמיתי בארץ ישראל שעכשיו בא לי לבקר בו.",1026390,חנוך הרופא מכורזים,ישי שריד,,עם עובד,2026,242,ספרות,ספרות מקורית,https://cdn.simania.co.il/bookimages/covers102/1026390.jpg,https://simania.co.il/bookdetails.php?item_id=1026390,https://simania.co.il/showReview.php?reviewId=137791,"""לאדם חולה גם כמה ימים נוספים של חיים זה הרבה מאוד. פתאום כל מראה וכל צליל יקרים יותר מכל הזהב בעולם"".

חנוך, רופא מכפר כורזים, יוצא יום ולילה לטפל בתושבי הכפרים שליד הכינרת ומנסה להציל אותם ממחלות, מסבל וממוות. עליו להיאבק לא רק בגזרותיו של הטבע אלא גם בהתנכלויותיו הזדוניות של רבי מאיר, אב בית הדין הקנאי של הכפר.

יום אחד מופיע בכפר עושה ניסים, ישוע מנצרת שמו. בינו ובין חנוך נרקמת מערכת יחסים של קִרבה, לצד חשדנות ותחרות. האחד גיבור אנושי מאוד, שמודע היטב למגבלותיו, והאחר מתיימר להיות מושיע כול יכול.

זהו גם סיפורו של הדור הבא במשפחה, ילדיו של חנוך, אשר יוצאים למסעות מרתקים של התבגרות ובחירה בחופש, נגד כל הסיכויים.

ישי שריד מגולל סיפור מרתק על אודות תקווה וייאוש, משפחה ואבהות ועל התעקשותו של אדם טוב לרפא ולהציל בזמנים קשים. העלילה מתרחשת לפני אלפיים שנה, אך קרובה מאוד לימינו אלה.",,,,,,,ספריה לעם,875,he,Paperback,3.8,13,5,539,7,0,1
137790,2026-09-21T11:44:48.000Z,5,5,ספיר,337223,"ספר עוצמתי וחובה לקריאה בכל בית
ספר חזק מאוד העוסק בהתמודדות אנושית במבחן הקשה ביותר – זמן השואה. הקריאה בו חיונית לכל אדם המבקש להבין לעומק את ההיסטוריה האנושית ולקבל פרופורציות אמיתיות לחיים.
מעבר לערכו ההיסטורי, הספר מעניק רעיונות ותובנות מעמיקות להתמודדות עם תקופות קשות באמת, מציע כוח והשראה ברגעים מורכבים.
ספר מומלץ ביותר!",16512,האדם מחפש משמעות,ויקטור פראנקל (פרנקל),חיים איזק,דביר,1970,168,פסיכולוגיה,פסיכולוגיה  -  כללי,https://cdn.simania.co.il/bookimages/covers1/16512.jpg,https://simania.co.il/bookdetails.php?item_id=16512,https://simania.co.il/showReview.php?reviewId=137790,"ויקטור א' פראנקל הוא מייסד תורת הלוגותראפיה, הנחשבת כאסכולה הוינאית השלישית בפסיכותראפיה אחרי קודמותיה-הפסיכואנליזה של פרויד והפסיכולוגיה האינדיבידואלית של אדלר. 
מכהן כפרופסור לנאורולוגיה ולפסיכיאטריה בבית - הספר לרפואה של אוניברסיטת וינה, משמש פרופסור ללוגותראפיה באוניברסיטה הבינלאומית של ארה""ב אשר בסן דייגו, בעל תוארי ד""ר כבוד שהוענקו לו מטעם אוניברסיטאות שונות, ובמרוצת - השנים הוזמן להרצות את תורתו ב - 138 אוניברסיטאות ויותר בכל רחבי העולם. 
מאמרו הראשון נתפרסם בשנת 1924, על - פי יוזמתו של פרויד. 
מאז חיבר 26 ספרים שתורגמו ל - 18 שפות, לרבות סינית ויפנית. 
המהדורה האנגלית של הספר ""האדם מחפש משמעות"", שתרגמו לעברית מובא בזה, זכתה בארה""ב לתפוצה של שני מליון עותקים. 
ספר זה, כדברי אולפורט בהקדמתו, הוא ""מבוא מרתק לחשובה שבתנועות הפסיכולוגיות של ימינו"", הלוגותראפיה, שעיקרה בזה, לדברי הוגה ומייסד, שהיא ""מביאה את תפיסת - עצמו של האדם לכלל שלמות אחת...ומרכזת את תשומת - לבה בגישושיו של המין האנושי אחר משמעות נעלה יותר של חיי - האדם"".


בספרו הנודע ""האדם מחפש משמעות"" (שפורסם לראשונה ב-1946, ונמכר בלמעלה משני מיליון עותקים) מתעד פראנקל את חוויותיו כאסיר במחנה השמדה נאצי ומתאר את גישתו הפסיכותרפית למציאת משמעות בחיים. פראנקל נחשב לפורץ הדרך לגישת האקזיסטנציאליזם כאמצעי בפסיכותרפיה.
מאמרו הראשון נתפרסם בשנת 1924, ובחייו כתב 27 ספרים, שתורגמו לשפות רבות.",מבוא ללוגותרפיה,,,,,1-1333,,,hebrew,Paperback,4.5,508,79,69382,579,16,1
137789,2026-09-21T11:37:44.000Z,5,10,ספיר,337223,"ספר מומלץ בחום – מצחיק, חשוף ומעורר הזדהות!
אם אתם מחפשים קריאה קלילה, סוחפת וכתובה לעילא, הספר הזה הוא בדיוק מה שאתם צריכים.
העלילה עוקבת אחר גיבורה שעברה את גיל ארבעים ומוצאת את עצמה בנקודת שפל חרף הציפיות החברתיות שסובבות אותה: בזמן שכל חבריה בני גילה כבר מבוססים, נשואים ומגדלים ילדים, היא מחליטה לבטל את אירוסיה, העסק שהקימה פושט רגל, והיא נאלצת לחזור ללונדון כשהיא מרגישה שבורה ומנותקת ממסלול החיים ""הנכון"".
מתוך נקודת השפל הזו היא מחליטה להשיק פודקאסט אישי, שבו היא משתפת בפתיחות, בכנות וכאב, אך גם בהרבה הומור, את מחשבותיה, תהיותיה ורגשותיה העמוקים. הספר מלווה את חייה החדשים בלונדון – המפגשים המחודשים עם החברים הוותיקים, הדייטים וההיכרויות החדשות, הלבטים, החוויות, תוכניות לעתיד.
זהו רומן מקסים וקליל שכתוב נפלא, מלא בתובנות מרגשות על החיים בעשור החמישי, מסתיים בטוב ומשאיר טעם של עוד.",1025756,וידויים של דפוקה בת ארבעים ומשהו,אלכסנדרה פוטר,דנה טל,תכלת,2025,504,ספרות,ספרות מתורגמת,https://cdn.simania.co.il/bookimages/covers102/1025756.jpg,https://simania.co.il/bookdetails.php?item_id=1025756,https://simania.co.il/showReview.php?reviewId=137789,"היי וברוכות הבאות לווידויים של דפוקה בת ארבעים ומשהו, הפודקאסט לכל אישה שתוהה איך לעזאזל היא הגיעה לכאן, ולמה החיים שלה לא נראים בדיוק כמו שהיא דמיינה אותם. הוא מיועד לכל מי שאי פעם הסתכלה על החיים שלה וחשבה שכל זה פשוט לא היה חלק מהתוכנית. כל מי שעדיין מנסה נואשות להבין מה קורה פה לעזאזל בזמן שכולן סביבה מכינות בראוניז ללא גלוטן.
לפני רגע היה לנל הכול. ארוס נאה, עסק מצליח, חיים נעימים. אבל בגיל ארבעים ומשהו היא גרה בחדר שכור בבית של מישהו אחר, מובטלת, ורווקה, שוב. עכשיו היא צריכה לנסות להדביק את הפער: כל החברות שלה נשואות, אימהות לילדים, נשות קריירה מצליחות מטבחים שהשיש במטבח שלהן תמיד מבריק.

מאיפה מתחילים?
צעד אחר צעד נל חוזרת לחיים. היא מוצאת עבודה בתור כותבת הספדים, מייצרת חברויות לא צפויות, מקליטה פודקאסט מצליח בעילום שם, ומגלה שאף פעם לא מאוחר להתחיל מחדש.
אלכסנדה פוטר הבריטית כתבה ספרים רבים שכיכבו בטבלאות רבי המכר. וידויים של דפוקה בת ארבעים ומשהו תורגם לעשרות שפות, נמכר ביותר ממיליון עותקים ועובד לסדרת טלוויזיה מצליחה.",,,,,,,,,he,Paperback,5,3,2,168,5,0,1
137788,2026-09-21T09:32:34.000Z,2,3,סדן,52184,"עד עכשיו דווקא אהבתי את הספרים של מקויאן החל מ""כפרה"" הבלתי נשכח ועוד אחרים שקראתי בעברית ובאנגלית 
כך שהתחלתי לקרוא את הספר הזה בנפש חפצה...
מה אומר לכם? התאכזבתי.
מדובר פה בדיסטופיה מין מדע בדיוני ללא מדע. מקיואן עושה פה תרגיל שלכאורה הוא מעניין
הוא קופץ לתקופה של עוד כמאה שנים מתקופתנו. 
העולם הכללי שהוא יוצר כאן ובמיוחד זה של בריטניה משתנה פיזית כי חלקים של בריטניה כוסו במי האוקיינוס
ובעולם החדש הזה אינטלקטואל אקדמאי חוקר מה קרה למשורר (בדיוני) שחי בתקופתנו ובמיוחד לשירים וסונטות שנכתבו על ידו
תוך כדי שהוא מערב ומדלג בין חייו האישיים הנוכחיים (בעוד מאה שנים) של אותו חוקר לאותו משורר עטור שבחים ויצירתו.
הכל פה יוצא מאוד מבולבל. התקשיתי לעקוב מתי בדיוק מדבר הגיבור על עצמו ומתי הוא מדבר על אותו משורר ""קדום""...
ופשוט לא התחברתי גם בגלל שהנושא כנושא לא כל כך עניין אותי העלילה מקוטעת מדי ופשוט משעממת!
קראתי את רוב הספר ויכולתי כמובן גם לסיים אותו, אבל הבנתי שכך זה נמשך ונמשך... אז פשוט בשלב מסוים
הפסקתי לקרוא. וזה למרות שאני עדיין חושב שמקיואן הוא סופר מעניין וקריא אלא שהפעם ה""תבשיל"" לא הצליח לו והוא לא כל כך טעים...",1027285,מה שאפשר לדעת,איאן מקיואן,מיכל אלפון,עם עובד,2026,352,ספרות,ספרות מתורגמת,https://cdn.simania.co.il/bookimages/covers102/1027285.jpg?v=1777672607488,https://simania.co.il/bookdetails.php?item_id=1027285,https://simania.co.il/showReview.php?reviewId=137788,"ברומן חדש ועטור שבחים איאן מקיואן שב וטווה עלילה מרתקת ומסתעפת, מפתיעה ומכמירה לב, סיפור דיסטופי שצופן בתוכו סיפור עכשווי מאוד, שאהבה, בגידה ומוות משמשים בו בערבוביה.   

2014 – המשורר המהולל פרנסיס בלנדי קורא לאורחיו שיר שהוא בעיניו פסגת יצירתו. השיר לא יישמע שוב, הוא ייעלם כלא היה. האם היה למישהו עניין שלא יראה אור? 

כמאה שנה אחרי כן – יותר ממחצית מאוכלוסיית העולם הוכחדה, והים הטביע את לונדון וערים ענקיות אחרות. חוקר הספרות טום מטקלף חי בעבר ושואב ממנו נחמה, וכמו חוקרים רבים לפניו ובתקופתו הוא מחפש את השיר האבוד. עושרה של התקופה המסעירה, שהייתה ואיננה, וקסמה של ויויאן, אשתו המנוחה של המשורר המת, מציתים את דמיונו ומעניקים לו אשליה של מפלט ממשבר מקצועי ואישי. החיפוש האינטלקטואלי מתפתח למסע הרפתקני, ובסופו – תגלית מפתיעה.    

""שאיפתי ברומן הזה הייתה לאפשר לעבר, להווה ולעתיד לשוחח ביניהם, מעבר למחסומי הזמן,"" אמר מקיואן על יצירתו זו, ואין ספק שהדבר עלה בידו בכישרון גדול. 

הערה: אחרית דבר מאת אלי שאלתיאל

""זאת היצירה הטובה ביותר שמקיואן כתב זה שנים,"" דווייט גארנר, הניו יורק טיימס",,What We Can Know / Ian McEwan,,,,,ספריה לעם,876,he,Paperback,4,5,2,351,2,0,1
137787,2026-09-21T07:13:55.000Z,5,19,מורי,1554,"הספר הזה של נתן שחם הגיע אלי במקרה ואני לא מצטער על כך. אתם מגרדים בראש ומנסים להדביק שמות ספרים מפורסמים לנתן שחם. אז הנה: ""רביעיית רוזנדורף"" הנהדר. תניחו לראש. אבל, ויש אבל, הספר ""עצם אל עצמו"" הוא דווקא ספר המופת של שחם. אבל כן, אם אתם  מחפשים משהו להתחיל ממנו, רביעיית רוזנדורף הוא הבחירה.
ומה יש לנו כאן? לא ברור. האם זה מוריד מערך הספר? משחם? הצחקתם אותי. אבל אם להבהיר בכל זאת משהו מחוסר הבהירות, אומר שכללית שחם מדבר על הבניין שבאחת מדירותיה הוא גדל וממנה יצא, בתל-אביב כמובן. העניינים התגלגלו כך שהוא ואחיותיו רוצים להיות הבעלים הבלעדיים של הבניין, למנוע הריסתו והבאתו לידי שימור ושיפוץ, הפיכתו למוזיאון אחד האדם, אותו אדם טיפוסי וממוצע של העיר הלבנה. אבל האם הספר עוסק במסמכים, בבירוקרטיה ובסכסוכים? אפילו לא בשמץ מהם. שחם מביא לפנינו את סיפור הוריו, בעיקר אביב ויינברג הצייר, שאמנם צייר את ביאליק, אבל ביאליק מפורסם ממנו. וזה רק אביו. רבים מחבריו נכנסים ויוצאים מסיפוריו של אבנר עינב (עינב מוויינברג), העברית ללא רבב ונגישה לגמרי בלי ליטרלי ורנדומלי, מה שבהחלט עלול להקשות על צעירים, אבל אלא ממש לא לקוחות אפשריים לספר הזה.
רק כשאבנר לומד משפטים הוא מתיישב איכשהו מילולית ומפסיק להתרוצץ על פני ישראל ואירופה. חברו האידיאליסט המובהק ממנו, אלקנה, דוחק בו להצטרף למוסד כשנהוג היה להצטרף למוסד כי היתה מדינה בדרך וצריך היה לתמוך בא ללא סייגים משפטיים, והרי אבנר משפטן. אבל אבנר בחר אחרת ולרגע לא תשמעו על בית דין בו נכח והתפלמס. לא, זה לא ספר כזה. אין כאן חוט-שני להיאחז בו. דמויות נכנסות ויוצאות וזה לא מבלבל כי אלה חבריו אלקנה ועמוס ודרור, מירה, מיכל ובטי ומריאן ובלה. לכל אחד ואחת תפקיד בחייו של אבנר ובחיי העלילה וזה עף בקלות.
וכך, משבחר אבנר בשירות החוץ ונשלח לוושינגטון, מיכל אשתו השניה והראשונה של אלקנה חברו שנהרג בתאונת דרכים, בחרה לחזור לארץ לא כאקט פרידה מאבנר אלא כפרידה ממסיבות הקוקטייל המשמימות של וושינגטון. מעצם היותה אשתו של אבנר, הרי זה הפך גם לאביהם של אנוש ואלון. הלב נקרע בחיפושים אחר אלון במלחמת יום כיפור, כשהוכרז כנעדר, ולאחר מכן שהתברר שמת מפצעיו בשבי. בחור מיוחד היה אנוש וקשר עמוק נוצר בינו לאביו החורג אבנר.
מה שלא קורה בחייו של אביו של אבנר, ההכרה בהיותו צייר, באה הכרה זו מאוחר יותר וציוריו מתחילים להימכר היטב ובמחירים הולמים, דבר המקדם את הפיכת בית לב תל-אביב לעניין מעשי. ושוב, זה לא העניין המרכזי בספר, כי אם הדמויות שחלפו בחייו של אבנר עינב, חבריו, הנשים, הבנים,  המקומות,  המלחמות – החל במנדט הבריטי, במלחמת העצמאות, במלחמת ששת הימים, יום כיפור ומלחמת לבנון.
ספר מיוחד במינו.",5159,לב תל-אביב,נתן שחם,,עם עובד,1996,380,ספרות,ספרות מקורית,https://cdn.simania.co.il/bookimages/covers0/5159.jpg,https://simania.co.il/bookdetails.php?item_id=5159,https://simania.co.il/showReview.php?reviewId=137787,"מה שוויו של ""ביאליק על שפת הים"" שצייר רפאל וינברג בשנת חייו האחרונה של המשורר? 
מדוע לא חתם על הציור שצייר את בנו? 
מי באמת צייר את ""דיוקן של אשה עם ילד"", שקיבלה אלמנתו של הצייר במתנה הפריס? 
מדוע ישבה מריאן, המגיהה של ""זמנים חדשים"", בחדר חשוך ומשקפי שמש על עיניה? 
לאן נעלמה בטי ומי ירה בבלה זיידמן? 
למה התכוון הסופר קופרברג כשאמר כי בשביל ליצור אין די ביד קלה אלא נחוץ גם לב כבד? 
אין תשובות חד-משמעיות לשאלות האלו, וכך גם לשאלות אחרות שמעורר הספר  -  על הקשר בין המקום והזמן, ההוויה וההכרה, ההשקפה והאופי, השקר הלבן והאמת המרה, ועוד שאלות כיוצא בהן. 
הקורא הוא שיצטרך למצוא את התשובות בעצמו. 

הספר אינו מבקש אלא לעורר את המחשבה ואת הדמיון ולספר את קורותיהן של כמה משפחות שבאו לגור בשנות העשרים ברחוב קטן בלב תל - אביב, וסיפור חייהן, מאז ועד עתה, הן של אלו שהשתתפו בעשיית ההיסטוריה והן אלו שההיסטוריה נעשתה על גבם, מאיר פרקים אחדים מתולדות ארץ - ישראל. 
ספרו השמיני ב""ספריה לעם"" של מחבר ""קירות עץ דקים"", ""רביעיית רוזנדורף"" ו""סדרה"".",,,,,,32-20071,ספריה לעם,425,hebrew,Paperback,4.6,8,3,3678,58,0,1
137786,2026-09-20T21:56:37.000Z,0,6,Cats and Books,238022,"תקציר: קייקו תמיד הייתה עוף מוזר, עוד מילדותה ועד לשנות לימודיה באוניברסיטה. לכן, כשהתקבלה לעבודה בחנות נוחות, סביבתה הקרובה מצאה נחת מתוך מחשבה שקייקו מצאה את מקומה. וכך חלפו להן 18 שנה, וקייקו עדיין באותה המשרה... ואולי הגיע הזמן לשינוי?

""בשולי הנוחות"" הוא מסוג הספרים שכן אגיד שהם כתובים טוב ואף אמליץ עליהם לחובבי יפן, אך לא אוכל לומר שאהבתי באופן אישי.

כן הזדהיתי עם קייקו, הדמות הראשית, בקווים כלליים (על שונותה מהחברה ועל ההתמדה באותה עבודה מספר רב של שנים ברצף). וכן התחברתי לביקורת המחברת על החברה היפנית ודרישותיה מהפרט (על כך שיש מסלול אחד ויחיד ללכת בו ומי שלא צועד בו הוא ""פגום"" או לכל הפחות ""מוזר וחריג"") - אך לצערי הספר לא מציע פתרונות, רק מביע ביקורת, ובכלליות הוא מדכא, פסימי ומאכזב. למחברת כן יש כישרון כתיבה ויכולת להראות כיצד דמות שכנראה על הספקטרום חושבת ומרגישה, מה גם שאפשר לדון על הספר והנושאים שאותם מעלה רבות. לכן אני שלמה עם הבחירה לקרוא ולסיים את הספר, שגם מאוד קצר וקריא, ואף אמליץ עליו לרבים שזה סגנונם, גם אם אני חושבת שלא אקרא בו שוב בעצמי. מצד שני, אם מורטה תכתוב ספר שהוא יותר אופטימי ולטעמי האישי, אשמח לנסות.",996246,בשולי הנוחות,סָיַיקָה מוּרַטָה,עינת קופר,כתר,2019,145,ספרות,ספרות מתורגמת,https://cdn.simania.co.il/bookimages/covers99/996246.jpg,https://simania.co.il/bookdetails.php?item_id=996246,https://simania.co.il/showReview.php?reviewId=137786,"קֵייקוֹ פוּרוּקוּרה אף פעם לא התאימה. לא למשפחה שלה, לא לבית־הספר, ולא לילדים בני גילה. 
בגיל 18, כשהיא מתחילה לעבוד בחנות נוחות, היא מבינה לראשונה בחייה מה מצופה ממנה וחשה שלווה וייעוד. 
בעוד המנהלים, העובדים והלקוחות הולכים ובאים, קייקו נשארת על משמרתה בחנות 18 שנה ברציפות. היא שמחה בחלקה, אבל משפחתה וחבריה פחות: הם סבורים שהגיע הזמן שסוף כל סוף תמצא לעצמה בעל ובמקביל תפצח בקריירה שהולמת את גילה. קייקו, שמבינה את העולם בדרכה, בוחרת גם את הדרך להתמודד עם הלחצים המופעלים עליה.

סַיַיקָה מוּרַטָה, מהסופרות היפניות הבולטות בנות זמננו, משרטטת בספרה זה דיוקן בלתי נשכח של אישה, ומביטה באירוניה חדה על תרבות העבודה והלחצים החברתיים המופעלים על הפרט.

""בשולי הנוחות"" זיכה אותה בפרס אַקוּטַגאווה היוקרתי, היה רב־מכר גדול ביפן ובארצות־הברית ותורגם לעשרות שפות. הוא נבחר לרשימות הספרים הטובים ביותר לשנת 2018 על ידי 'הניו־יורקר', 'בוסטון גלוב', 'מיניאפוליס טריביון', 'אמזון' ואחרים.",,コンビニ人間,,,,,הסדרה הקטנה,,he,Paperback,4.5,42,18,5179,19,0,1
137785,2026-09-20T21:27:32.000Z,4,2,roeilamar,278705,"וואו, המחזה הזה מאוד לא אוהב נשים.. קראתי מחזות מיוון העתיקה שהיו פחות שונאי נשים מהמחזה הזה, וזה אומר משהו..

יש לנו כאן במרכז המחזה את אדולף, קצין ומדען, אב לבת אחת בת 17 (אבל ילדותית להחריד יחסית לבת 17, מרגישה יותר בת 7) בשם ברטה, שנולדה לו מאשתו המפלצת לורה.
לורה היא פחות או יותר השטן בדמות אישה. האמת שהיא מזכירה לי דמות אחרת של אישה מרושעת ממחזה אחר שבדיוק קראתי: הדמות של אינס מ""בדלתיים סגורות"". שתיהן שונאות גברים ומתנשאות מעליהם, ולשתיהן יש אובססיה חולנית לשליטה בכל מחיר והכפפת הסובבים אותן.
אז לורה שלנו רוצה שהבת שלה תגדל איתה, בבית אמוני - מסורתי, בעוד אדולף רוצה שברטה תחולץ מבית המשוגעים הזה לחיות עם ידיד עירוני שלו ולהתחנך בעיר לקריירה ולרציונליות.
אגב, יש סצנה במחזה בה ברטה רצה מפוחדת לאבא שלה, ומספרת לו שסבתא שלה (מצד האמא, עוד אישה מרושעת במחזה הזה..) מכריחה אותה לכתוב מסרים מרוחות רפאים, מכניסה אותה לסוג של טראנס, ובאותו ערב הסבתא קלטה שמה שהיא כתבה היה שורות מאיזה משורר שוודי ישן אז היא איימה עליה, וברטה המפוחדת רצה לאבא שלה.
אז, כן, אתם יכולים להבין למה הוא רצה להוציא אותה משם..

אדולף הוא ארכיטיפ של גבר ליברלי, רציונלי, ג'נטלמן שלא ""משחק מלוכלך"", בזמן שלורה היא מקיאווליסטית אכזרית שפועלת בשם בורות, תאוות כוח ונצרות, ומשתמשת באלמנט האמהי שלה כדי להכפיף את אדולף, שגדל עם מאמי אישיוז די קשות כפי שנגלה בסוף המחזה. אגב, בקטע של המאמי אישיוז של אדולף והרמיסה של הגבריות שלו על ידי כל הנשים בחייו, המחזה הזה מזכיר לי מאוד את הספר - סרט ""מועדון קרב"" מסוף המאה ה20. מעניין איך בהפרש של קצת יותר מ100 שנה יצאו שתי יצירות ששתיהן עוסקות בחרדה של איבוד הגבריות בתוך הסדר המודרני החדש בו מעמד האישה משתנה. 

בכל מקרה, המחזה סובב סביב התוכנית של לורה לנצח את אדולף, בין היתר באמצעות רופא חדש שהיא שוכרת ומפעילה עליו מניפולציות.
המחזה לוקח המון השראה מהטרגדיה היוונית. למעשה בהקדמה כתוב שסטרינדברג עצמו אמר במפורש שהוא לקח השראה מהמחזה ""אגממנון"", ולא קשה בכלל לראות את הדמיון.
בתור חובב של טרגדיות יווניות, אהבתי את האלמנט הזה, אפילו שעקב כך המחזה סובל - כמו רוב הטרגדיות היווניות - מפאתוס מוגזם להחריד שלא עובר חלק לקורא מודרני.
בטרגדיות יווניות טובות אני יכול לסבול את זה, גם כי המציאות המתוארת היא כל כך רחוקה ומוזרה במבט עכשווי שזה מרתק בכל מקרה, וגם כי הכתיבה היא מופתית ביופי שלה. כאן לצערי סטרינדברג לא מגיע לרמה המילולית של הטובים במחזות של אוריפידס או סופוקלס, אבל הוא גם לא מתרסק.
יש כמה רגעים קצת קרינג'יים, למשל כשאדולף בוכה, אשתו מתפלאת ש""מה, גבר בוכה?"" והוא מצטט את ""הסוחר מונציה"", אבל בפעמים אחרות אני מרגיש שהקרינג' מכוון ונועד ללעוג לאדולף.

אדולף הוא דמות ממש מעניינת כי מצד אחד יש בו את הצד הגברי - רציונלי - שוביניסטי הזה שתיארתי, ושחוזר כאן שוב ושוב עם יציאות בלתי פוסקות נוסח ""הם שחררו את העבדים השחורים אבל שמרו על העבדים הלבנים!"", אבל מצד שני יש לו צורך עצום ובלתי נשלט באישה שתכיל אותו. הוא במידה רבה לא נלחם נגד לורה כי הוא אוהב אותה ורוצה, במידה מסוימת, שהיא גם תמלא עבורו תפקיד אמהי. יש אצלו דיסוננס בין הצורך הזה לבין התפיסות המוצקות שלו על המציאות והגבריות המנהיגה שלו שמתבטאת בחלקים אחרים, ומול אשתו זה מרגיש כאילו הוא לכוד בין שני הצדדים האלה שלו.

רוצה להגיד: למרות שהתחלתי את הביקורת הזו ב""זה בעיקרון מחזה על גבר שסובל מאשתו המרשעת"", בזמן שבעיקרון כן, זה מה שהולך כאן, זה מכיל בתוכו דמות ראשית די מורכבת שמבטאת תסביך זכרי שהוא סך הכל לא כזה נדיר, בטח עם העובדה שהבדידות הגברית והכמיהה הגברית לאינטימיות הגיעה לשיאים חדשים במאה ה21. לא היו תופעות כמו אינסלים בזמנו של סטרינדברג, עכשיו יש, וזה הופך את המחזה לככל הנראה רלוונטי יותר היום מאשר מתי שהוא נכתב (אני אומר ככל הנראה כי לא הייתי בשבדיה של סוף המאה ה19 להעריך את הרלוונטיות שלו לתקופה..)

המחזה הזה לא באמת מציע פתרון או גאולה, הוא פחות או יותר זעקה שנכתבה מנקודת המבט של כותב שלפי המעט שהבנתי על הרקע לכתיבת המחזה, היה במצב דומה לדמות הראשית שלו בעת הכתיבה. אז זה קצת פתטי, עמוס ברחמים עצמיים, אבל זה אמיתי מאוד וארכיטיפי אבל לרוב לא קריקטורי.

8\10",45874,האב,אוגוסט סטרינדברג,,אור-עם,1989,,אמנות,מחזות,https://cdn.simania.co.il/bookimages/covers4/45874.jpg,https://simania.co.il/bookdetails.php?item_id=45874,https://simania.co.il/showReview.php?reviewId=137785,,,,,,,39-6027,,,he,Paperback,4.3,3,1,2166,28,0,1
137784,2026-09-20T19:17:34.000Z,4,3,מאיה,290086,"מאוד מאוד נהניתי.
בדרך כלל אני קוראת ספרות קלאסית יותר אבל חרגתי ממנהגי ואיזה כיף שכך!

כתוב מצוין, השימוש בשני גופי הדיבור מבריק ומאפשר זרימה נוחה וברורה לאורך כל הקריאה.

טוויסט באמת מפתיע ושהגיע ממקום לא צפוי, מה שקשה לעשות בספר בו הקורא כל הזמן מחפש את הטוויסט (אין אדם שלא חשדתי בו כמשתף פעולה ולרגע לא העליתי על דעתי ש*ספוילר!!* הוא יגיע דווקא מזיהוי שגוי של המושבע)

כל הקריאה דמיינתי את הספר כמחזה - אפשר לעשות כאן הפקה מטורפת! מינימליזם וחלוקה של במה לשני הסיפורים במקביל.. שמישהו מהקאמרי יפנה אליי בקיצור יש לי על מה לדבר.

בקיצור - אם אתם, כמוני, צריכים ספר שיוציא אתכם מפגרת קריאה - ממליצה בחום!",996931,המושבעים,סטיב קוואנו,ניצן לפידות,ידיעות ספרים,2019,398,ספרות,מתח ריגול והרפתקאות,https://cdn.simania.co.il/bookimages/covers99/996931.jpg,https://simania.co.il/bookdetails.php?item_id=996931,https://simania.co.il/showReview.php?reviewId=137784,"הרוצח הסדרתי לא עומד למשפט.
הוא חלק מהמושבעים.
הרצח היה החלק הקל, המהלך הראשון בלבד.
ג'ושוע קיין התכונן לרגע הזה כל חייו. הוא כבר עשה את זה בעבר, אבל הפעם זאת היתה המכה הגדולה.
משפט הרצח של המאה. וקיין היה מוכן להרוג בשביל כרטיס לשורה הראשונה.
אבל מישהו עלה על עקבותיו. מישהו שחושד שהאדם העומד לדין הוא לא הרוצח.
קיין יודע שאין לו הרבה זמן – הוא חייב להשיג הרשעה בלי להתגלות.
והוא גם יודע שהדרך היחידה להבטיח הרשעה היא לשבת על ספסל המושבעים.
 
 
""יוצא מן הכלל – הנחת מוצא מסקרנת, עלילה מותחת שאי־אפשר לעזוב וקליימקס מדהים.""
לי צ'יילד 
 
""ממכר לחלוטין, גיבור שקל לאהוב ויותר טוויסטים מבטורנדו... ספר שקוראים במכה.""
הגרדיאן
 
""דיאלוגים חדים, סצנות אולם משפט מחשמלות ודמויות מעוצבות ומפותחות היטב הופכים את ׳המושבעים׳ למותחן יוצא דופן.""
הוושינגטון טיימס",,Thirteen / Steve Cavanagh,,,978-965-564-941-3,,Eddie Flynn,4,he,Paperback,4.3,62,21,6957,65,2,1
137783,2026-09-20T17:27:34.000Z,4,10,rea,165045,"בצורה כישרונית, מפרקת הסופרת את האבל, על מותה בטרם עת של אמה.
הבת הבכורה בת 35, מתארת רגעים קטנים של הוויה ויחד עם אחיה, אחותה ואביה היא בונה ספר שהוא כולו מציאות עצובה, לעתים מצחיקה, אך על כל הספר מאפילה האם וההתמודדות עם החוסר שלה. 
יש בספר רגעים נוגעים ללב, והסופרת משתמשת בהומור ובאירוניה כדי להתמודד עם המציאות החדשה. 
חוץ מהמוות של האם, כותבת הסופרת על רגעים בחייה, בילדותה מצבי תודעה מוזרים שהיא חווה, חלומות, רגעי ערות, מלאי בלבול והכול בכישרון כתיבה שגורם לקורא לרצות לדעת מה קורה הלאה. 
הספר הוא קצר 170 עמודים. 
ערך את הספר: יואב רוזן.
הספר יצא בספרית פועלים הקיבוץ המאוחד. 
היה לי ממש כיף לקרוא את הספר. הסופרת כישרונית וסגנון הכתיבה שלה מיוחד ומקורי.",1028518,כולם שואלים מה נשמע,הדר אורלנוב,,הקיבוץ המאוחד,2026,176,ספרות,ספרות מקורית,https://cdn.simania.co.il/bookimages/covers102/1028518.jpg?v=1787928203953,https://simania.co.il/bookdetails.php?item_id=1028518,https://simania.co.il/showReview.php?reviewId=137783,"כל ההתעסקות הזאת בבצק, מסתבר שיש לזה מין תכונות מרפאות. העבודה עם הידיים. עם חומר, עם שוקולד, עם חמאה. כל זה איכשהו משפיע על נוירונים או משהו כזה ועושה משהו טוב למוח או למשהו.

מהם הדברים הקטנים, היומיומיים, מהם מורכב האֵבֶל? האם אפשר לקחת ממנו הפסקה, כדי לפגוש חברים או כדי להכין מרק אפונה? או שהוא כמו טינטון, אף פעם לא נעלם.

בכולם שואלים מה נשמע מתמודדים בני בית עם מותה בטרם עת של אֵם המשפחה. מבעד לעיניה של הבת הבכורה, בת ה־35, מתוארים רגעים עצובים ומצחיקים כאחד: השִׁבעה, הביורוקרטיות, חזרתם הזמנית של שלושת הילדים לבית ההורים והרגעים הבלתי נמנעים שבהם גם צריך לנסות ולחזור לחיים.

הדר אורלנוב, ילידת 1985, זוכת פרס שר התרבות לסופרים בראשית דרכם על ספר הביכורים שלה, איך לשרוד בכאילו בלב ים (אפיק, 2023). זהו ספרה השני.",,Everyone Keeps Asking How Youʼre Doing / Hadar Orlanov,,,,,ספרית פועלים - סיפורת,,he,Paperback,4,1,1,44,0,0,1
137782,2026-09-20T15:57:59.000Z,5,3,דנה,337262,"נהניתי מהספר! מעורר מחשבה ומותח, אפילו קצת מטלטל (במובן הטוב של המילה)
נשארתי עם הרבה שאלות ומקווה שיהיה ספר המשך. מומלץ למי שאוהב ספרי מסע ודיסוטופיה",1024597,בעל החיים,גדי בלורי,,אופיר,2025,319,ספרות,מדע בדיוני ופנטזיה,https://cdn.simania.co.il/bookimages/covers102/1024597.jpg,https://simania.co.il/bookdetails.php?item_id=1024597,https://simania.co.il/showReview.php?reviewId=137782,"איש אחד ניצל מחורבן העולם, נודד עשרים שנה בשממה, ומגלה שארית אנושות מעוותת ואלימה. האם הוא באמת האדם האחרון שנותר טהור?",,,,,,,,,he,Paperback,5,1,1,46,3,0,1
137781,2026-09-20T15:30:33.000Z,0,3,קולומטה,309313,"קריאה בספר קהלת לאור ספר של זלי גורביץ חשבונו של קהלת
את ספר קהלת מקובל לקרוא בחג הסוכות, ואני קוראת בו השנה סמוך לסוכות וסמוך לפרישתי לגמלאות. מהי בעצם פרישה לגמלאות? האם אני אמורה להתכווץ ולהתכנס, או לצאת למסע אל הקוטב? האם כל מה שבניתי עד כה היה ״הבל הבלים״, כדברי קהלת? ואם כך, מה באשר למה שעוד נותר לפניי — האם גם הוא, על אחת כמה וכמה, הבל הבלים? מתוך נקודת המוצא הזאת נמשכתי לספרו של זלי גורביץ׳: חשבונו של קהלת : אולי כדי ללמוד משהו על החשבון של קהלת, אבל גם על החשבון שלי; ובעיקר, אולי, על האפשרות לצאת מן החשבון הזה מורווחת.
כבר בתחילת ספרו מציע גורביץ׳ קריאה מפתיעה בקהלת, דרך אחד המושגים המזוהים עמו יותר מכול — ״הבל הבלים״. על פי גורביץ׳, ״הבל״ הוא בעת ובעונה אחת ריק, כלום וחוסר משמעות, אך גם האד היוצא מן הנשימה — סימן החיים עצמם. הוא נשען אמנם על משמעותו המילולית המוכרת של ״הבל״ כאד או נשימה, משמעות שגם פרשנים מודרניים רבים רואים בה מפתח להבנת הספר, אך אינו מבקש להחליף באמצעותה פירוש אחד באחר. החידוש שלו הוא דווקא בהחזקת שתי המשמעויות יחד: אין צורך להכריע אם החיים הם חסרי משמעות או מלאי חיים; הסתירה טמונה במושג עצמו.  כך גם במושג ״רעות רוח״: לא שטות גמורה שיש לבטלה, אלא ביטוי שמחזיק בתוכו גם רוח תועה, חמקמקה, שאין אפשרות לתפוס, וגם רוח כרעיון, מחשבה ואידיאה. גורביץ׳ אינו פותר את הסתירות של קהלת אלא הופך אותן למפתח הקריאה בו. החיים עצמם פרדוקסליים: קיבלנו אותם כמתנה מתוך ידיעה שהם סופיים. הסופיות יכולה לעורר את השאלה לשם מה לטרוח, ובה בעת דווקא היא דוחפת לחפש משמעות, לשאול ולחשוב. לכן השאלה איננה אם החיים הם משמעותיים או ״הבל הבלים״, אלא כיצד לחיות חיים סופיים וחמקמקים כבעלי משמעות. במונחים של תיאוריית הפרדוקס, לא או־או אלא גם־וגם: הסתירה אינה ניתנת לפתרון, והמשמעות נוצרת מתוך היכולת לחיות בתוכה.
מושג מפתח נוסף להבנת קהלת על פי גורביץ הוא החשבון. לא במקרה קורא  גורביץ׳ לספרו חשבונו של קהלת. החשבון הוא מן המושגים המרכזיים בספר, אבל קהלת שוב ושוב מערער על האפשרות שאפשר באמת ״לסגור חשבון״ עם החיים. ישנו החשבון הקטן, היומיומי: האדם מונה את מעשיו, הישגיו, הצלחותיו וכישלונותיו, ומצפה לאיזו התאמה בין מה שעשה לבין מה שמגיע לו. עשיתי כך וכך טוב - ראוי שייטב לי; עמלתי והשגתי -יצאתי מורווח. אלא שהעולם אינו מתנהל לפי החשבון הזה: יש צדיק אבד בצדקו ויש רשע מאריך ברעתו״. לפעמים גם בחשבון הקטן האדם יוצא מופסד. ויש גם חשבון קטן מסוג אחר : אותה פנקסנות יומיומית של עניינים, סידורים ומשימות, שמזכירה לי את עמיחי בשירו והיא תהילתך: ״״אלף פעמים התחלתי את חיי מכאן ואילך. בקצה הרחוב עומד אחד ומונה: את זה ואת זה ואת זה ואת זה״. אנחנו מונים, מסמנים, מסדרים, משלימים סעיפים; הזמן מתמלא, אבל לא בהכרח מקבל משמעות.
ומעל כל אלה ניצב החשבון הגדול, שבו האדם מראש אינו יכול לצאת מורווח: קיבלנו את מתנת החיים יחד עם הידיעה שהם סופיים. כל מה שנצבור, נשיג ונמנה עתיד בסופו של דבר להישמט מאחיזתנו. אולי משום כך קהלת אינו מבקש מאיתנו לנהל את החיים כך שבסוף החשבון יצא חיובי, אלא להבין שיש חשבונות שאי־אפשר לאזן. השאלה איננה כיצד לצאת מורווחים מן החיים, אלא כיצד לחיות חיים שיש בהם משמעות גם כאשר החשבון הסופי ידוע מראש. 
בהקשר זה, מושג שלישי שגורביץ׳ מציב במרכז הקריאה הוא ״עניין״. אצל קהלת, העניין איננו רק נושא או עיסוק טכני, אלא הדבר שהאדם נתון בו ושבאמצעותו הוא מעביר את חייו: עבודה, מחשבה, יחסים, שאלות, סידורים, יצירה ושמחה. כאן חוזר גם המתח שכבר הופיע בחשבון: אפשר למלא את הזמן באינסוף ״עניינים״ : למנות, לסמן, להספיק , ובכל זאת להישאר בלי משמעות; אבל אי־אפשר גם לחיות בלי להיות נתונים באיזה עניין. אולי לכן השאלה איננה איך להיפטר מן העניינים כדי להגיע אל ״החיים עצמם״, אלא אילו עניינים ממלאים את הזמן בלבד ואילו הופכים את הזמן לחיים שיש בהם משמעות.
שלושת המושגים האלה — הבל, חשבון ועניין — שימשו לי אפוא מצפן בקריאה: לחפש בכל פרק את הפרדוקס שקהלת חושף, את החשבון שבאמצעותו האדם מנסה ליישב אותה, ואת הדרך שהוא מציע לחיות ולעשות בתוכה גם כאשר החשבון נשאר פתוח.
אם כך, בפרק א׳ שואל קהלת למה לי חכמה, ומגלה את הפרדוקס הראשון: החכמה אמורה להעניק הבנה ושליטה, אך ככל שאדם מבין יותר הוא רואה יותר סתירות, עוול ואי־ודאות — ולכן ״יוסיף מכאוב״. אבל, הכאב אינו בהכרח כישלון החכמה אלא מחיר הידיעה. 
בפרק ב׳ הוא שואל: למה לי הנאה? כל מה שאדם בונה, צובר ומשיג הוא זמני, יעבור לאחר ואינו מבטיח שמחה; ובכל זאת אין מכאן שההנאה חסרת ערך. ההנאה אינה מבטלת את ההבל — היא דרך לחיות בתוכו.
בפרק ג׳ הפרדוקס הוא בין הזמן האנושי לבין הכמיהה לנצח: לכל דבר יש עת, אך האדם מבקש להבין את המכלול : ״את העולם נתן בלבם״ ,ואינו יכול להשיגו. החכמה היא לקבל את הזמניות ובכל זאת לשמוח ולעשות בתוך הזמן שניתן לנו.
פרק ד׳ מעביר את הפרדוקס אל הזולת: האחר הוא בעת ובעונה אחת מקור לקנאה, תחרות ותלות, וגם מקור לכוח, חום והגנה : ״טובים השנים מן האחד״. אי אפשר לחיות בלי אחרים, אבל גם אי אפשר לחיות עמם בלי להסתכן בפגיעה ובהיסחפות; לכן נדרשים קשב ושיקול דעת.
בפרק ה׳ האדם פוגש מערכות גדולות ממנו — אלוהים, שלטון, צדק וכסף. הוא זקוק לסדר שהן מבטיחות, אך מגלה שאין בהן ערובה לצדק, לביטחון או לסיפוק: גם ״עושק רש וגזל משפט וצדק״ מתקיימים בתוך היררכיה מסודרת, וגם ״אוהב כסף לא ישבע כסף״. הסדר נחוץ, אך אינו פותר את אי הסדר.
פרק ו׳ שואל: למה לי שפע אם איני יודע ליהנות ממנו? אפשר שיהיה לאדם הכול ובכל זאת לא יהיה לו טוב. מכאן שהפרדוקס אינו בין שפע למחסור בלבד, אלא בין עשר ובעלות לבין היכולת ליהנות: אפשר להחזיק הרבה ולהחמיץ את החיים עצמם.
פרק ז׳ הוא בעיני לב הקריאה הפרדוקסלית בקהלת. הוא מציב שוב ושוב חיים ומוות, אבל ושמחה, כעס וצחוק, חכמה ואי־ידיעה, צדקות וחטא, טוב ורע , ומראה שכל קוטב נושא אמת וגם גבול. לכן תשובתו היא: ״טוב אשר תאחז בזה וגם מזה אל תנח את ידך״ ; או בלשון תיאורית הפרדוקס  מעבר מ־either/or ל־both/and; ; ומכאן גם ״עשה האלהים את האדם ישר והמה בקשו חשבונות רבים״: עלינו לנסות לפתור פחות את הסתירות, ויותר ללמוד לחיות בתוכן.
פרק ח׳ מעביר את הפרדוקס לשאלת הסמכות והשליטה. בקריאה ניטשיאנית (משל שלוש תמורות הרוח: הגמל, האריה והילד ) האדם אינו צריך להיות גמל המציית בעיוורון, אך גם האריה המבקש ריבונות מגלה את גבולו: ״אין אדם שליט ברוח... ואין שלטון ביום המות״. , מכאן נפתחת האפשרות של הילד — לא לציית ולא לשלוט, אלא לומר לחיים ״כן״; אצל קהלת הדבר מתגלם בשמחה: ״לאכול ולשתות ולשמוח״.
פרק ט׳ מחדד שאין חשבון מוסרי או סיבתי יציב: ״מקרה אחד לצדיק ולרשע״ ו״לא לקלים המרוץ ולא לגבורים המלחמה״. ובכל זאת קהלת אינו מסיק שאין טעם לפעול, אלא להפך: לאכול, לאהוב ולעשות ״בכחך״. אי־הוודאות אינה מבטלת את המעשה; היא משנה את יחסנו לתוצאה.
פרק י׳ מתרגם את הפרדוקס לחכמת חיים מעשית: לפעול אך בזהירות, לדבר אך לדעת מתי לשתוק, לעמוד מול סמכות אך לא בפזיזות, לעבוד אך לא בעמל עיוור. החכמה היא לא להכריע תמיד לטובת קוטב אחד, אלא לדעת מידה, תזמון וגבול.
פרק י״א מוסיף צעד חשוב: אי־הוודאות אינה רק גבול שיש לקבל אלא גם סיבה לפעול : מי שמחכה לרוח הנכונה לא יזרע. כי בסופו של יום, גם שנות שמחה רבות אינן מוחקות את משקלם של ״ימי החושך״, דבר המזכיר בזהירות את רעיון סלידת ההפסד של טברסקי וכהנמן; ובכל זאת המסקנה אינה להישמר מן החיים אלא להפך: ״שמח בחור בילדותך״. דווקא משום שהחושך כבד והעתיד אינו ידוע, יש לזרוע ולשמוח עכשיו.
פרק י״ב מסיים בעגמומיות כפולה: הגוף מזדקן ומתפרק, וגם מסע החכמה אינו מגיע לידיעה שלמה : ״הבל הבלים... הכל הבל״, ואף ״עשות ספרים הרבה אין קץ״. ובכל זאת, ״את האלהים ירא ואת מצותיו שמור״ יכול להיקרא כעמדה פרדוקסלית אחרונה: לא פתרון של הסתירות, שהרי הן אינן פתירות, אלא הסכמה לחיות בתוך אי־הידיעה והיעדר השליטה מבלי לוותר על אחריות מוסרית, עשייה ושמחה. במובן זה, לחילונית כמוני, יראת האלוהים עשוייה להיות מיינסט פרדוקסלי, המאפשר לאחוז בשני קצוות הפרדוקס מבלי לבחור ביניהם, היות ובחירה היא בלתי אפשרית. 
נראה, אם כן, שכמעט בכל פרק קהלת עושה חשבון אחר: מה יתרון החכמה, ההנאה, העמל, השפע, הצדקות, היחסים או הכוח — ושוב ושוב מגלה שהחשבון אינו נסגר. אין התאמה הכרחית בין מעשה לתוצאה, בין צדקות לגמול, בין הישג לשמחה, ובחשבון הגדול ממילא הסוף ידוע מראש. אבל דווקא כאן נפגשים החשבון והפרדוקס: קהלת אינו מפסיק לחשב, אף שהוא יודע שאין חשבון שיוכל לבטל את ההבל. אולי לכן תוצאת החשבון שלו איננה רווח או הפסד אלא דרך חיים , מיינדסט פרדוקסלי, או יראת אלוהים, כל אחד על פי אמונתו, לאחוז ״בזה וגם מזה״, לפעול בלי ודאות, לשמוח בלי הבטחה, וליצור עניין ומשמעות בחיים שאי־אפשר לסגור את חשבונם.
מעבר למפתחות הפרשניים שהוא מציע, הקריאה בגורביץ׳ היא גם חוויה ספרותית בפני עצמה. הכתיבה שלו שירית, אסוציאטיבית ורבת־שכבות, ונשענת על ידע רחב במיוחד: מקורות יהודיים קלאסיים ומודרניים, שירה עברית, פילוסופיה מזרחית, ומערבית, ואנשי רוח מתרבויות שונות. ההשוואות שהוא יוצר בין קהלת לבין קולות רחוקים וקרובים פותחות בכל פעם אפשרות חדשה להבין את הטקסט העתיק. כך קהלת אינו נשאר ספר סגור בזמן, אלא נכנס לשיחה חיה עם דן אבידן, ועמיחי, עם המסורת היהודית, הבודהיסטית והמסופוטמית,  ועם מחשבה מודרנית ואמנות מודרנית— ודווקא ריבוי הקולות הזה מדגיש עד כמה השאלות של קהלת עדיין שלנו.
ובכל זאת, מה מציע קהלת לפנסיונרית? האם אפשר לאמץ mindset פרדוקסלי, או שמא היכולת לשאת סתירות היא תכונה מולדת שאינה נתנת ללמידה? ואם אפשר לפתח אותה, כיצד היא מתורגמת מחכמה מופשטת לאסטרטגיות בחיי היום־יום : כיצד להרפות מבלי לוותר, לתכנן ובו בזמן להישאר פתוחים לאי־ודאות, להכיר בגבולות מבלי להתכווץ, ולשמוח בחיים דווקא מתוך הידיעה שהם סופיים? אולי זו השאלה שאני לוקחת מקהלת אל הפרישה: לא כיצד לפתור את הפרדוקסים של החיים, אלא כיצד להחזיק את שני קצותיהם ולחיות בתוכם. על זה עוד נשאר לי לחשוב.",633783,חשבונו של קהלת,זלי גורביץ',,בבל,2008,270,יהדות,אמרות וסיפורים,https://cdn.simania.co.il/bookimages/covers63/633783.jpg,https://simania.co.il/bookdetails.php?item_id=633783,https://simania.co.il/showReview.php?reviewId=137781,"בחשבונו של קוהלת מציע זלי גורביץ' קריאה חדשה בספר קהלת המחיה את חוכמתו של קהלת ואת שירתו המופלאה, פותחת ופורשת את מילות המפתח המקוריות שלו - כמו ""הבל"", ""עניין"" ו""חשבון"", ומגלה מחדש את קהלת כאיש קרוב שניתן גם היום לקרוא בו ולשוחח איתו על החיים. בספר קהלת הפסוקים לעתים אינם קלים, אולם ככלל קהלת מדבר פשוט, פשוט עד כדי כך שהוא ממצה את תורתו במילה אחת - הבל. אלא שכדי להגיע לפשט של הבל יש לקרוא את הספר כולו ולהיטלטל איתו בין יתרון לחיסרון, בין סתירה לאיזןו, בין ייאוש לשמחה, בין שרירותיות לחוק. רוח קהלת היא רוח האדם היחיד העושה את חשבון עולמו בתחושה מתמדת של סוף, שכחה והיעלמות.",,,,,,462-388,,,he,Paperback,4.4,5,1,1901,19,0,1
137780,2026-09-20T14:08:18.000Z,5,4,דן,142200,"בספר ""ידיעה על חטיפה"" מאיר לנו גבריאל גרסיה מארקס בכובעו כעיתונאי על אירועי חטיפה של אזרחים בקולומביה שארעו בראשית השנות ה-90 של המאה הקודמת. ברקע, המלחמה העקובה מדם והמתמשכת בין ממשלת קולומביה לבין מילציות  של ברוני הסמים ובראשם זו של פבלו אסקובר ונסיונותיהם להפעיל לחץ על שלטונות המדינה למנוע את הסגרתם לארה""ב. זאת באמצעות חטיפה ממוקדת של עיתונאים וסלבריטאים המקורבים לאנשי מפתח בשלטון הקולומביאני. 
אין ספק שלעיתוי קריאת הספר יש משמעות לאופן שבו אתה חווה אותו. לקראת ציון יום השנה השלישית לאירועי ה-7/10 הקריאה בספר משליכה אותך כמו מטוטלת פעם לקולומביה המדממת ממלחמות הסמים שגבו אלפי קורבנות  ופעם לעזה, למה שעבר על החטופים שלנו והמאבק לשחרורם. אי  אפשר שלא לקרוא את תיאורי החטיפה והחוויות של החטופים, המאבק הציבורי למען שיחרורם, ומאמצי המשא ומתן ולא לחשוב על חטופינו בעזה – הפחד, חוסר הודאות, התקווה, הייאוש ושמחת השחרור. יש הבדל כמובן בנסיבות של שני האירועים ומי שיקרא יעמוד בקלות על הדומה (ויש כל כך הרבה דמיון ) ועל השונה, אבל עדיין מנקודת המבט הישראלית החוויה שהכתיבה של מארקס מעוררת בקורא - דומה. 
מארקס , בכיסוי של כרוניקה עיתונאית, הפך את פרשת החטיפה לסיפור עלילה מטלטל המתאר בגוף שלישי את הפרטים הקטנים והגדולים מנקודות מבט שונות  - של כל אחד מהחטופים, של משפחותיהם שנלחמו למען שחרורם ושל הגורמים השונים שנשאו ונתנו למען שחרורם ולמען השגת הסדר שיביא להסגרתו של אסקובר וישים קץ לעימות המתמשך בקולומביה. ממליץ בחום לקרוא משלוש סיבות – מארקס, קולומביה, עזה.",5216,ידיעה על חטיפה,גבריאל גרסיה מארקס,אילנה המרמן,עם עובד,1997,327,עיון,אלימות וטרור,https://cdn.simania.co.il/bookimages/covers0/5216.jpg,https://simania.co.il/bookdetails.php?item_id=5216,https://simania.co.il/showReview.php?reviewId=137780,"ספר זה של גבריאל גרסיה מארקס אינו בדיוני אלא כרוניקה של מעשים שהיו: ב- 1990 זעזעה את קולומביה סדרת חטיפות של נשים וגברים - מסלתה ושמנה של החברה הקולומביאנית - בידי עושי דברו של פאבלי טסקוארי המנהיג האגדי של קרטל הסמים של העיר סדיין.
שתי נשים מן החטופים שילמו בחייהן, האחרים התנסו במסכת ייסורים קשה שארכה חודשים רבים. גרסיה מארקס שוחח עם הקרבנות שניצלו ועם בני משפחותיהם ושחזר בדייקנות את השתלשלות האירועים, את הייאוש ואת התקוות, את הבדידות ואת הקשרים האנושיים שנוצרו, מקצתם גם בין החטופים לסוהריהם, והוציא מתחת ידו גם סיפור מתח הנקרא בנשימה עצורה וגם תעודה אנושית וחברתית, הפותחת אשנב אל מציאות עכשווית אלימה ומושחתת, שמחוללת שמות בחברה הקולומביאנית על כל מוסדותיה ורבדיה.

לתרגום העברי הוקדם מבוא אינפורמטיבי, הסוקר את הרקע של ההתרחשויות.",,,,,,32-20161,ספריה לעם,439,he,Paperback,3.7,64,9,13119,135,3,1
137779,2026-09-20T13:14:48.000Z,4,6,טל,191455,"הגעתי לספר הזה בלי יותר מדי ציפיות - מד""ב ישראלי הוא לא בדיוק הז'אנר הכי נפוץ בספרות מקור  אבל כבר מהעמודים הראשונים הוא פשוט תפס אותי.
מה שאהבתי במיוחד זה שהעתיד שאופיר עוז מתאר (עוד משהו כמו עשרים-שלושים שנה) לא מרגיש כמו פנטזיה מופרכת. שום דבר שם לא מנותק. הוא פשוט לקח את מה שקורה סביבנו היום עם משבר האקלים והטכנולוגיה, ומתח מזה קו ישיר, הגיוני ומאוד מטריד קדימה.

הספר צולל אל השאלות הגדולות והדחופות ביותר: ההרס העצמי של האנושות, משבר האקלים, בתי גידול חרבים ומציאות סביבתית עגומה לאחר שנקודת האל-חזור כבר נותרה מאחור. בתוך השבר הזה קם ""פרויקט אתנה"" , פרויקט-על שבו האנושות מפקידה את גורלה בידי כלי בינה מלאכותית למשך עשור, במטרה להפוך את כדור הארץ למקום בר קיימא.
בתוך המסגרת הגדולה הזו שזורים סיפורים קטנים יותר, ושם נמצא הלב של הספר: שאלות על מה זה בעצם אומר להיות אדם, כמה מקום אנחנו נותנים לבינ""ם לנהל אותנו, ואיפה בדיוק עובר הגבול בינינו לבין מכונה.
אם יש משהו שקצת הפריע לי, זה שהכתיבה לפעמים מעודנת וציורית מדי. במקומות מסוימים הרגשתי שהיה עדיף סגנון קצת יותר ישיר ופחות מייפה.
אבל בשורה התחתונה – הופתעתי ממש לטובה. ספר חכם, שאפתני, מקורי ומאוד רלוונטי לחיים שלנו כאן ועכשיו.
שווה קריאה.",1027267,פוסטהיסטוריה,אופיר עוז,,כנרת זמורה דביר,2026,236,ספרות,ספרות מקורית,https://cdn.simania.co.il/bookimages/covers102/1027267.jpg,https://simania.co.il/bookdetails.php?item_id=1027267,https://simania.co.il/showReview.php?reviewId=137779,"פרויקט הבינה המלאכותית ""אָתֶנה"" מקבל משימה בלתי אפשרית: שיקום האיזון האקולוגי של כדור הארץ והשבתו למצבו לפני המהפכה התעשייתית.

האנושות כובלת את אתנה בחוקי יסוד מחמירים: אתנה מחויבת לומר אמת, לשמור על אורח החיים של בני האדם, ולקבל אישור אנושי לפני כל צעד מהותי. מעל ראשה מרחף כל העת איום הגיליוטינה: כיבוי מיידי ובלתי הפיך של הפרויקט.

כעת, לפרויקט הבינה המלאכותית (הבּינׇם) המתקדם ביותר בהיסטוריה לא נותרה ברירה אלא לחשוב מחוץ לאלגוריתם.

פוסטהיסטוריה הוא פסיפס צבעוני של סיפורים אנושיים המובאים כרונולוגית מתחילת פעילות הפרויקט, ויוצרים תמונה מפתיעה ומענגת שנחשפת בדפים האחרונים. זו חווית קריאה מצחיקה ומטרידה – שיר הלל לתושייתו וקלקלתו של המין האנושי. פוסטהיסטוריה מציף שאלות של מוסר, תודעה מלאכותית, רצון חופשי, ובמה – למרות הכול – מוֹתר האדם מן הבּינם.

אופיר עוז הוא סופר ובלוגר, זוכה פרס משרד התרבות לסופרים בראשית דרכם על ספרו שם של התחלה, ופינאליסט תחרות eyelands על הרומן הטוב מכל העולמות. סיפוריו הקצרים פורסמו בכתבי עת בעברית, אנגלית, גרמנית ופרסית, וזכו בפרסים בארץ ובעולם. פוסטהיסטוריה הוא ספרו הרביעי.",,,,,,,,,he,Paperback,4,2,2,91,8,0,1
137778,2026-09-20T11:39:25.000Z,4,2,B.A BAracus,272319,"תומר, מאבטח לשעבר ביחידה לאבטחת אישים, יוצא לפרישה כפויה. בדיוק ברגע המתאים, או אולי הלא מתאים, הוא מקבל הצעה מפוקפקת לאבטח אח""מ חשוד מאוד בקוסטה ריקה.
מכאן מתפתח מותחן קומי ישראלי, קליל, זורם וכיפי.
אני שמעתי את הספר בגרסה הקולית, וחייב לציין במיוחד את הקריינות של מיקי גבע. אמנם לא האזנתי להרבה ספרים קוליים, אבל מבין אלה שכן, זו הקריינות הטובה ביותר ששמעתי עד היום.
הספר מוגש במקצועיות רבה, הדמויות מקבלות קולות שונים, והניואנסים הקטנים בקריינות עושים את ההבדל. לא פעם מצאתי את עצמי צוחק בקול רם.
בסך הכול, חוויית האזנה טובה, קלילה ומהנה מאוד.
⭐⭐⭐⭐☆
4/5 כוכביא",1002278,אין פילים בדרום אמריקה,מיקי גבע,,ספרי ניב,2021,274,ספרות,ספרות מקורית,https://cdn.simania.co.il/bookimages/covers100/1002278.jpg,https://simania.co.il/bookdetails.php?item_id=1002278,https://simania.co.il/showReview.php?reviewId=137778,"בהתחלה אנחנו רוצים להיות משהו, אבל אז צריכים אותך פה וצריכים אותך שם והנה, GAME OVER. אתה זוכר שהיו לך פעם חלומות?

כבר חשבתי שלי זה לא יקרה.
בטח לא עם שני חברי הילדות הכי טובים שלי.
בטח לא כמאבטח של סוחר סמים דרום אמריקאי.
בחלומות הכי ורודים שלי לא האמנתי שאתאהב ככה.
בטח שלא יקעקעו לי ציור של לב מעל הלב ובלי הרדמה.
אבל לחיים יש ניגון משלהם, לנו נשאר רק לנסות לנחש את השיר ולהישאר בקצב.

תומר שבת, מאבטחו לשעבר של ראש הממשלה, מקבל טלפון מפושע מפורסם עם הצעה שאיך שלא עונים עליה, בסוף מצטערים על זה.

זהו ספרו השני של הקומיקאי מיקי גבע, מחבר רב-המכר ״מלבי אקספרס״.",,,,,,,,,he,Paperback,4,2,1,578,0,0,1
137777,2026-09-20T10:53:54.000Z,4,5,פרל,81926,"""איך זה יכול להיות שהאחרונים לדעת על המלחמה הגדולה, שעכשיו, ממש עכשיו, עומדת להתנפל על שתי החזיתות, היו דווקא אלה שפגשו בה ראשונים – מתי מעט הלוחמים ברמת הגולן ובסיני?"" (עמ׳ 17).
בראש השנה האחרון חזרתי לספר ""פתאום היתה מלחמה"" שכתב אבירם ברקאי (הוצאת כנרת, זמורה, 2022). המחשבות על מתקפת הפתע של ה־7 באוקטובר 2023 הביאו אותי להתעניין במלחמות שבהן אחד הצדדים הפתיע והימם את הצד השני, ואין כמלחמת יום הכיפורים בכדי להדגים זאת. הספר הוא ניסיון של המחבר לפענח  איך קרה שהמלחמה, שכוונות מנהיגי האויב, תוכניות המלחמה שלהם, תנועות הצבא ושלל התרעות ומידע מודיעיני לגביה היו בידי צה""ל ודבר לא הועיל בכדי למנוע את התדהמה שאחזה בארץ כולה כשפרצה.
בסיום הספר ציטט ברקאי את הפילוסוף האוסטרי קארל פופר שאמר כי ""‏אם איננו ביקורתיים, תמיד נמצא מה שברצוננו למצוא: נחפש אישורים ונמצא אותם, נתעלם ולא נראה את מה שעלול לסכן אותם, נתעלם ולא נראה את מה שעלול לסכן את תאוריות המחמד שלנו. בדרך זו קל מאוד להשיג את מה שנראה לנו כאילו הוא הוכחה מוחצת, בזכות התאוריה אשר היתה מופרכת לו נבחנה בביקורתיות"" (עמ׳ 167). אזהרה זו, ראוי שתהדהד.
לינק לסקירה המלאה
https://wp.me/p4kTCp-85S",1003760,פתאום היתה מלחמה,אבירם ברקאי,,כנרת זמורה,2022,184,עיון,צבא ובטחון,https://cdn.simania.co.il/bookimages/covers100/1003760.jpg,https://simania.co.il/bookdetails.php?item_id=1003760,https://simania.co.il/showReview.php?reviewId=137777,"למה לא אמרו ""היכון למלחמה""? 
למה? 
כבר 15 שנה שאבירם ברקאי חוקר את מלחמת יום הכיפורים. המלחמה שמדינת ישראל עדיין נושאת את מטענה הטראומטי. לאחרונה הוא הרגיש שדי. הגיע הזמן להשתחרר מלפיתתה. אבל לא לפני שיסגור עוד פינה
אחת — איך קרה שהאחרונים לדעת על המלחמה, ולהתכונן כראוי לקראתה, היו דווקא מי שפגשו בה ראשונים — הלוחמים המועטים בסיני וברמת הגולן?
ברקאי שקע בפרוטוקולים, צלל לנבכי הארכיונים, ניהל שיחות ארוכות עם לוחמים, מפקדים וחוקרי מודיעין. הממצאים המטרידים נערמו. רשימת האחראים התארכה (לא, אי אפשר להטיל את הכול על אמ""ן ו""הקונצפציה""). שורת החמצות קשה לעיכול נחשפה. 
פתאום הייתה מלחמה מספר את סיפורה של יממה אחת. שבת, יום כיפור, אוקטובר 1973. 
שבת שכמעט כל מה שהיה יכול להשתבש בה — השתבש.
שבת שכמעט כל מה שהיה צריך לקרות בה — לא קרה.
שבת שטרפה את החיים של דור שלם. אולי גם את אלה של ברקאי.

אבירם ברקאי חוקר וכותב על מלחמות ישראל, מחבר הספרים: על בלימה - סיפורה של חטיבת השריון 188 במלחמת יום הכיפורים; בשם שמים - קורותיה של טייסת הפנטומים 201 במלחמת יום הכיפורים; משק כנפי הטעות - סדרת ראיונות עם האלוף אלי זעירא ובכירים נוספים בעקבות מקורות הערכת המודיעין השגויה טרום מלחמת יום הכיפורים; אנחנו על השחור - סיפור לחימתה של חטיבה 500 המורחבת במלחמת שלום הגליל; מעשה שלא היה – הפרכת תיאוריית הקונספירציה המרכזית של מלחמת יום הכיפורים;
אף על פי כן – אבני דרך בסיפור העם הנבחר והסכסוך הישראלי־פלסטיני. נוסף על כך, הוא מורה דרך, מרצה, מדריך נהיגה מתקדמת ומחברם של 12 ספרים בנושאי ג'יפים, אופנועים, חילוץ, טיילות־שטח, וגם של ספר ילדים אחד, בשביל הנשמה.
פתאום היתה מלחמה הוא ספרו ה־19.",,,,,,,,,he,Paperback,3.8,6,5,1269,15,1,1
137776,2026-09-20T08:49:02.000Z,0,4,dina,131284,"משאלת ה""זבוב על הקיר"", עם יד על הלב: עברה בכם המחשבה הזו? הרצון הזה להיות זבוב על הקיר בסיטואציה מסוימת, או בכלל? הסקרנות, לפעמים גוברת על דברים אחרים, אבל זו גם יכולה להיות חרב פיפיות. לא בטוח שנאהב את מה שנשמע, ולפעמים אי הידיעה שומרת עלינו.

שוגי, מורה לספרות בתיכון. נשואה ליריב, ואמא לשניים: ליבי הנמצאת בחייה בפתחו של עידן הטינאייג'ריות הסוער, ואחיה תום הקטן ממנה.
הבוקר בו קרה מה שישנה את חיי כולם התחיל בצורה הכי בנאלית שאפשר, שגרה אפרורית, ולא תמיד מבורכת.

חייה של שוגי עם יריב מתנהלים ברוטינה החסרה ניצוצות, הקשר שלה עם בתה בעייתי. קשה לה עם המריבות , ויותר מכך: השתיקות בינה לבין ליבי. חוסר ההבנה העומד בין שתיהן הוא כמו סלע שנראה כי הולך וגדל מיום ליום. לגבי בנה תום, היא מבינה דברים שמעדיפה להתעלם מהם ולטמון את הראש בחול. נמאס לה מהתלמידים שלה שיעשו הכל כדי להפוך את השיעור לקרקס.
אז באותו הבוקר כשנכנסה ליונדאי גטס שלה עם כוס הקפה הרב פעמית והיתה בדרכה לבית הספר, לא שיערה שכמה מטרים אחר כך, בצומת, הכל ייגמר כשרכב שלא ציית לרמזור האדום ייכנס בה. חבטה, וזהו.

שוגי מתה.
אבל לא ממש. המקום שהיא מגיעה אליו הוא מעין מסדרון ארוך, ושקט. מאוד שקט. יש בו קיר זכוכית דרכו היא יכולה לראות מה קורה מעבר לו.
והיא רואה. רואה ושומעת את בני משפחתה, חברתה, ועוד אנשים שלא הבינה מי הם, ובהמשך יתברר.
ואז כשהיא רואה את משפחתה ממעוף הציפור, קורה משהו. היא רואה אותם באור אחר. כאנשים שהם, במנותק ממנה. מסתכלת על יריב, משונה היה לבחון אותו כאחד הגברים, ללא הטייטל ""בעלה"".
היכולת הזו להיות צופה מהצד בחיים הממשיכים מעניקה לשוגי את האפשרות לחשבון נפש (שאולי קצת מאוחר מדי עבורה) לבחון את שהיה, להצטער על מה שלא יהיה, או שיהיה בלעדיה.
וזה היה הרגע בו הספר הכניס אותי למחשבות פילוסופיות משהו: על החיים, על המוות, ועל מה שביניהם. ציפי בן שלום כתבה נובלה מאוד חכמה, בה היא פונה לקורא כשהסאבטקסט מאוד פשוט: תחיו. פשוט תחיו. החיים הם כאן ועכשיו. ואל תצטערו על מה שעשיתם ועל מה שאמרתם. תצטערו על כל אותם דברים שלא עשיתם ולא אמרתם.
באופן אירוני, הספר הזה הוא לא על המתים, הוא דווקא על החיים. כי בספר הזה גם המתים לא ממש מתים, ויש בו לא מעט תובנות על החיים. על החלטות שאנחנו עושים, על הרגע בו היינו צריכים להשמיע את קולנו אבל לא מצאנו אותו, וחבל, כי רגע אחד אחרי יכול להיות מאוחר מדי.",1028639,ממעוף הציפור,ציפי בן שלום,,התחנה | אפיק,2026,144,ספרות,ספרות מקורית,https://cdn.simania.co.il/bookimages/covers102/1028639.jpg?v=1788750970390,https://simania.co.il/bookdetails.php?item_id=1028639,https://simania.co.il/showReview.php?reviewId=137776,"המחשבה הראשונה שלה כשהתעוררה אחרי ההתנגשות היתה שלא יכול להיות שהיא יצאה מהאירוע הזה בחיים, ושבטח עוד מעט היא תראה אור לבן בקצה מסדרון ותתקדם אליו. אור לבן לא מחמיא לצבע העור החיוור שלה, אבל היא הניחה שזה לא ממש משנה במקום שאליו היא הולכת. היעד אפילו מצא חן בעיניה, קצת, אבל האשמה תקפה מיד. הילדים! הם עוד צעירים, הם צריכים אותה. והוא! מה איתו? צריך אותה? זו גם שאלה, חשבה. והכלבה! היא בוודאות צריכה אותה. אז די עם מחשבות על מסדרון. הרי אם היא כאן חושבת את המחשבות האלה, מן הסתם היא עדיין לא מתה. ואם ככה, אז כדאי שתקום.

שוגי, מורה לספרות באמצע החיים, נפגעת בתאונת דרכים. אם תשאלו את מאות האנשים שפקדו את הלוויה שלה ובכו למשמע ההספדים עליה – היא מתה. שוגי ראתה אותם במו עיניה וגם שמעה את ההספדים, שלא מצאו חן בעיניה בכלל. אבל מה שעוד פחות מצא חן בעיניה זה לגלות שבמקום להישאר בחיים, או לכל הפחות למות כמו בן אדם – היא התעוררה במקום שממנו היא יכולה להשקיף על בני משפחתה מחדר אחד, סצנות אקראיות – כמו בתיאטרון כורסה. לראות ולא להיראות. לשמוע ולא לדבר. האם זה סוג של גיהינום שהומצא רק בשבילה?  

בעוד היא צופה בבני משפחתה מתמודדים עם האבל על מותה, שוגי לומדת דברים שלא ידעה קודם ומגלה סודות ששמרו מפניה. ובעיקר, היא לא מפסיקה לחשוש שגם סודה ייחשף בפניהם. 

ממעוף הציפור, ספרה השני של ציפי בן שלום, הוא ספר מעורר מחשבה, חד, מצחיק וסוחף. ספרה הקודם דום לב ראה אור בהוצאת שתים.",,,,,,,,,he,Paperback,,,1,56,0,0,1
137775,2026-09-19T21:25:22.000Z,4,3,סוקר על גלגלים,56626,"מעולם לא קראתי ספר של הסופרת הזו, אם כי שמעתי עליה כמובן. כששמעתי שעומד לצאת סרט על הספר הזה וצפיתי בטריילר המעולה שממש נתן לי וייבים של ""מאחורי עיניה"" המעולה, ידעתי שאני פשוט חייב לקרוא את הספר לפני כן. וכמובן שלאורך הקריאה הדמויות שהיו לי בראש היו של השחקנים בסרט, אבל זה ממש לא הפריע לי. גם התקציר ממש מסקרן והכריכה מהממת (איזה כיף ששמרו על המקורית). וכמובן שקראתי את מהדורת האספנים כולל האפילוג, שהיה תוספת נחמדה ועיבה את האווירה האפלה של הספר.
אהבתי מאוד את הכתיבה של הסופרת שהזכירה לי את זו של פרידה מקפדן האהובה עליי מאוד. בנוסף, אהבתי את המכתב לקוראים בתחילת הספר. כמובן שהבחירה לכתוב בגוף ראשון, כמו שאני אוהב, תרמה גם כן. העלילה מובאת מפיה של לואן, גיבורת הספר, יחד עם קטעים מכתב היד של וריטי המסתורית, שאותו לואן מוצאת במקרה וקוראת בסתר. ואם כבר הזכרתי את פרידה מקפדן, גם עלילת הספר הזה הזכירה לי את הספר ""עוזרת הבית"". למרות שרוב הסיכויים שאם מישהי העתיקה מהשניה, זו פרידה מקולין כי ""תעתוע"" יצא ראשון, אבל מה לעשות שאני קראתי אותו אחרון 🤷🏻‍♂️😉
הכתיבה משלבת הומור ציני, הקריאה זורמת וקולחת ולאורך הספר שוררת אווירה קריפית ומצמררת. ועל הכל מנצחת דמות אחת מופרעת בדיוק כמו שאני אוהב 😍
לא היו הרבה טוויסטים כמו שאני רגיל לקרוא בספרי מתח רגילים, אבל אולי ככה זה בד""כ עם מותחנים רומנטיים, אין לי מושג.. מה שבטוח, הסוף היה קריפי ומרגש גם יחד, וכאמור האפילוג הוסיף המון אז אל תוותרו עליו.
הערה חשובה לקראת סיום (וזו פעם שניה ברציפות שזה קורה לי 🤷🏻‍♂️), יש הרבה יותר מדי סקס בספר לטעמי. וגם לא תמיד יש לזה הצדקה עלילתית. כאילו הסופרת אמרה לעצמה: ""אין לי איך למלא את הספר.. אה לא נורא, נדחוף עוד סצנת סקס"". זו פעם ראשונה שאני קורא מותחן רומנטי, ואולי זה מקובל בז'אנר, אבל לי זה הפריע. אז אם זה חשוב לכם, קחו זאת בחשבון.
עכשיו רק נשאר לחכות בכיליון עיניים לסרט שיוצא ממש אוטוטו 😍
לסיכום, ספר מעולה של סופרת נהדרת שהיה לי כיף להכיר. אשמח להמלצות על ספרים נוספים בסגנון, אבל עם פחות סצנות סקס 🙏😊
טריגרים: רצח, התעללות בילדים, אובדן ילד",1005749,תעתוע [מהדורת אספנים - 2022],קולין הובר,נעמה תורן,כנרת זמורה דביר,2022,304,ספרות,מתח ריגול והרפתקאות,https://cdn.simania.co.il/bookimages/covers100/1005749.jpg,https://simania.co.il/bookdetails.php?item_id=1005749,https://simania.co.il/showReview.php?reviewId=137775,"לואן אשלי היא סופרת מתחילה עם חשבון בנק מרוקן, שמקבלת הצעה שלא ניתן לסרב לה. ג'רמי קרופורד - בעלה של וריטי קרופורד, סופרת פופולרית המרותקת למיטתה - מציע ללואן להשלים את סדרת רבי המכר של אשתו, במקומה. ללואן אין ברירה אלא להסכים.
היא מגיעה לבית משפחת קרופורד בכוונה להישאר שם לילה אחד או שניים, רק כדי למיין את אי־הסדר בחדר העבודה של וריטי ולאסוף את כל החומר הדרוש לה לכתיבת הספר הבא בסדרה. במהלך המיונים לואן מגלה כתב יד חבוי: אוטוביוגרפיה המכילה הודאות מצמררות שווריטי תיכננה לקחת איתה לקברה, ובהן גם האמת מאחורי האירועים שהפכו על פיהם את חייהם של בני הזוג. 
לואן מחליטה להסתיר את כתב היד מג'רמי, בידיעה שהתכנים המחרידים שחשפה שם ימוטטו את האב המתאבל. אבל ככל שרגשותיה של לואן כלפי ג'רמי מתעצמים, היא מתחילה לתהות אם זה נבון מבחינתה להמשיך לשמור את הסוד הזה. אחרי הכול, אם ג'רמי יקרא את האוטוביוגרפיה של אשתו, הוא לא יוכל להמשיך לאהוב אותה. 
מותחן רומנטי מאת קולין הובר, סופרת רבי המכר ותופעת הטיקטוק העולמית. 

קולין הובר כבשה, וממשיכה לכבוש, את המקום הראשון ברשימת רבי־המכר של הניו יורק טיימס ורשימות רבי המכר בעולם כולו עם ספריה איתנו זה נגמר, אהבה מכוערת, וידוי, בקצב הלב, לאהוב בלי סודות, להתחרט עליך ורבי־מכר רבים נוספים. היא חיה בטקסס עם משפחתה.
מוזמנים לבקר אותה ב־www.ColleenHoover.com


""פיתולי העלילה בתעתוע הציתו לי את המוח.""            הוושינגטון פוסט


""המותחן הרומנטי המושלם שישאיר אתכם דבוקים לכסא (וערים כל הלילה)
עד לסופו.""                                                   קוסמופוליטן


""אזהרה: תעתוע לא ימס את לבכם, הוא ישרוף את נשמתכם!""
קינדל קראק  בוק ריוויו",עם פרק חדש ובלעדי!,,,,,,,,he,Paperback,3.9,9,3,1586,20,0,1
137774,2026-09-19T17:28:55.000Z,3,2,סאן,214607,"לא תיכננתי לקרוא את זה, כלומר לא בדקתי על זה לפני שהתחלתי.
אבל קראתי כבר את ""הקיסר"" של עדן בל, אז חששתי כי היו סצנות מלוכלכות שלא רציתי לחוות גם בספר הזה.
עכשיו אחרי שקראתי, אני חושבת שהיא שומרת את הגרועים לסוף, כלומר לספר השני בדואט.

אין פה הרבה עומק או עניין מבחינתי, ההנאה מהספר היא מהקצב והכתיבה די בסדר, אבל אין שום דיאלוג או סצנה משמעותית.
זה לא מרגיש מיוחד, בתור מישהי שקראה כבר ספרים עם רעיונות דומים, אבל כן יש פה איזשהו משהו טיפונת שונה, כי הרקע של הדמות הגברית הראשית עדיין תעלומה.
אז העלילה היא כזאת, מליסה היא בת שבע עשרה, בלונדינית ממשפחה עשירה מאוד, והיא פוגשת את ריי, שהוא הגבר הגבוה האפל שלובש רק בגדים שחורים שאנחנו רגילים לראות ברומנים.
התקציר לא מגלה הרבה, אבל אני יכולה להגיד לכם דברים כלליים, כמו זה שמליסה בקושי חווה את העולם החיצון שלא בנוחות מאבטחים כי אבא שלה לא נותן לה להסתובב לבד.
גם יש פער גילאים של עשור בין מליסה לריי.
הוא לא מכריח אותה להיות איתו או משהו, כמו שאפשר אולי להניח מהתקציר, היא פשוט נמשכת לחופש שהוא מעניק לה.

אבא של מליסה, ג'רי, לא נותן לה לבחור מה שהיא רוצה לעשות ולאיפה היא הולכת, והספר מתחיל בזה שמליסה מתגנבת החוצה מהאחוזה, כי היא רוצה ללכת למועדון שדיברו עליו בתיכון.
לפי מה שהבנתי, היא בדיוק סיימה תיכון, אז הכול מתרחש בתקופת חופשת הקיץ.
אם יש אי דיוקים מכך שסופרת ישראלית כותבת על אמריקאיים ועל החיים באמריקה, לא שמתי לב וגם לא מעניין אותי.
אני בטוחה שהדמויות אומרות פה ושם דברים שאולי זה פשוט לא אפשרי להעביר מעברית לאנגלית, ולכן פוגע באמינות כלשהי, אבל אני לא יודעת למה אני כותבת על זה בכלל - אותי אישית זה באמת לא מעניין.

אני פשוט ניסיתי לדמיין את הסצנה שבה מליסה שואלת את ריי ""גמרת?"", על משהו לא מיני, ואז הוא ענה משהו בסגנון ""כשאני אגמור את תדעי"", באנגלית.
זה קצת דבילי, אבל באמת עצרתי לרגע לחשוב על זה בזמן שקראתי את הספר.
ווטאבר.
אין לי משהו שממש זכור לי או נחרט לי מהספר, אבל יש לי תקווה שהספר השני ""נפילה מגן עדן"" יהיה אולי טיפה יותר משמעותי עבורי.
נהניתי מהקצב, מכך שדברים קורים, וגם נהניתי גם מהדיבור המלוכלך.

למשל:
""קופצת למסקנות, בלונדי? את מזכירה לי את אמא שלי.""
""זה לא משהו לומר לבחורה שאתה מזיין.""

אני חושבת שזה היה מצחיק.
אבל כאילו, כל דבר שהוא טיפה מקורי ולא נשמע בדיוק כמו משהו שקראתי או שמעתי בעבר, מבדר אותי.
אני חושבת שמליסה נהיית יותר כיפית ומעניינת לקראת הסוף, ואני מקווה ליהנות מהספר השני יותר מבחינת הדיאלוג והדמויות.",1013991,טעימה אסורה,עדן בל,,יהלומים,2025,330,ספרות,ספרות קלה - רומנים,https://cdn.simania.co.il/bookimages/covers101/1013991.jpg,https://simania.co.il/bookdetails.php?item_id=1013991,https://simania.co.il/showReview.php?reviewId=137774,"""את קרן אור קטנה, אבל את מבקשת להיכנס לעולם של חושך.""
מליסה

ריי נכנס לחיי ברגע שאני הכי פחות מצפה לו ומזעזע את עולמי. אני מאמינה לו, אפילו שאני מתקשה להתמודד עם התובנות שנופלות עליי בזו אחר זו כמו שורה של קוביות דומינו. אני כמעט מאבדת את חיי בגלל העסקים של אבא שלי ובורחת לחפש מקלט בזרועותיו של גבר מסוכן לא פחות ממנו. האם ריי עומד להיות הגאולה שלי? או שיהיה חורבן שממנו אין לי כל דרך להימנע?

ריי

יש לי תוכניות גדולות, ומעולם לא תיכננתי לערב את מליסה באף אחת מהן. היא יפהפייה וקורנת מתום ומטוהר, כל מה שכמעט שכחתי שיכול להתקיים בעולם הזה. תקווה במקום של מוות. היא זקוקה להגנתי, אך אין לה מושג שאני זה שעלול לשבור אותה לרסיסים.

'טעימה אסורה' מאת סופרת רבי המכר עדן בל הוא רומן פשע בקצב מסחרר שיפיל אתכם מהרגליים. זה הספר הראשון בדואט 'הפרי האסור'. גם הספר השני, 'נפילה מגן עדן', ראה אור בהוצאת יהלומים. ספריה הקודמים של עדן, 'טרילוגיית החטאים', דואט 'הקיסר' ו'האציל', כיכבו ברשימות רבי־המכר וזכו להצלחה עצומה בקרב הקוראים.",,,,,,,הפרי האסור,1,he,Paperback,3.3,3,1,227,5,0,1
137773,2026-09-19T15:51:51.000Z,3,2,רוני pery,2978,ספרון סיפורים. זו הפעם הראשונה שאני קורא ספר של סטפן צוויג ולא מתמוגג לגמרי.,1010320,אדם בלתי נשכח,סטפן (שטפן) צווייג (צוויג),הראל קין,תשע נשמות,2024,100,ספרות,ספרות מתורגמת,https://cdn.simania.co.il/bookimages/covers101/1010320.jpg,https://simania.co.il/bookdetails.php?item_id=1010320,https://simania.co.il/showReview.php?reviewId=137773,"תנו לעצמכם להיסחף אחר ההומניזם הספרותי של שטפן צוויג. בכתיבתו המופתית, הוא מלמד אותנו את ערכן של החמלה וההדדיות, ואת צורותיהם השונות של האושר והאהבה.
בספר זה קיבצנו ארבעה סיפורים ונובלה, העוקבים אחר מפגשים בינאישיים מתקופות שונות: מירושלים בימי הכיבוש הרומאי ועד אירופה שבין שתי מלחמות העולם. היצירות לובשות נימה נוגה מעט אך אוהבת אדם תמיד. יש בהם הבנה עמוקה של אופי האדם ומניעיו; טקסטים קצרים הפועלים כאלגוריות קיומיות מושלמות.

זהו תרגומנו השנים־עשר ליצירותיו הספרותיות של צוויג. כולן בידיו של הראל קין, שמזה עשור מעניק קול נאמן ומודרני לאחד הסופרים החשובים של המאה העשרים.",An Unforgettable Man,,,,,,תשע נשמות,117,he,Paperback,4,7,4,1088,7,0,1
137772,2026-09-19T15:23:29.000Z,4,4,7ספרים,106152,"בגדול אני לא קורא כל כך ישראלים. אולי כי הם נכנסים לי יותר מדי מתחת לעור או קרובים מדי. הפעם קיבלתי מתנה ליומולדת אז התחלתי וגם סיימתי. מדובר בכמה סיפורים שמצטלבים פה ושם וזה קונספט חביב עלי. המחבר גם נוקט פה ושם בטקטיקות לא שיגרתיות שבהם הוא נותן מספר קווי סיפור אפשריים ובוחר להמשיך באחד מהם.  המחבר נוגע בטראומות חדשות/ישנות שחידשו  לנו מאז השביעי לאוקטובר וכדור שני ליוצאי שואה מאוד ברור לי על מה מדובר. יש גם ניסיון מענין לחבר לצד בלתי מעורב מהצד השני, אגב נזק אגבי כזה או אחר. בגדול אני לא חושב שזה יעזור כי כמו שהרוב קובע אצלנו אז כך גם אצלם וזה לא בכיוון טוב משום מקום. לא מכיר ספרים אחרים של סופר זה אבל הספר הזה לא רע. הוא קולח, מחבר יפה את הדמויות גם אם לפעמים באופן פלסטי למדי. המושלם מושלם מדי לעיתים. 
הלילה הוא ארוך אבל שווה את הזמן (לא לפני השינה).",1027391,הלילה הארוך ביותר,אשכול נבו,,כנרת זמורה דביר,2026,222,ספרות,ספרות מקורית,https://cdn.simania.co.il/bookimages/covers102/1027391.jpg?v=1778856686692,https://simania.co.il/bookdetails.php?item_id=1027391,https://simania.co.il/showReview.php?reviewId=137772,"הטיסה של הזמרת קרן עידן מתבטלת והיא חייבת להגיע לתינוקת שלה בלונדון. אז היא עולה על יאכטה בנמל חיפה, בלי לדעת שזו רק תחילת האודיסאה שלה. הטיסה של צביקה, חובש במילואים, שאמורה לנחות בישראל, מופנית לקפריסין. וגם אצלו, זה לא יהיה השיבוש האחרון בתוכניות. כשתומר, עורך דין צמרת, ננעל מחוץ לדירה שלו, הוא נוסע לבית קפה שפתוח כל הלילה. שם הוא פוגש אישה שמטלטלת את עולמו, ומוציאה אותו למסע. 

אלה ועוד הם גיבורי הלילה הארוך ביותר. בים, באוויר וביבשה, הם מנסים בכל כוחם להגיע הביתה. בדרך הם פוגשים זה את זה, מחפשים (ולפעמים מוצאים) אור ומשמעות בתקופה חשוכה. ומחכים, כל כך מחכים, שהבוקר יגיע.

אשכול נבו מגיש לנו יצירה סוחפת ומסעירה, המגששת אחר קרקע יציבה ובטוחה – על סף תהום. בעודה מעוגנת בכאן ובעכשיו, היא ממריאה מעל למציאות היום־יומית ונושאת עמה את קוראיה. ההצטלבויות העדינות שנבו רוקם בין גיבוריו יוצרות רשת ביטחון, המזכירה לנו שגם כשנדמה שהכול נשמט, עדיין אפשר להיאחז במילים, במוזיקה, באדם.

ספריו של אשכול נבו תורגמו ל־14 שפות, וזכו בפרסים ספרותיים בארץ ובחו""ל. ב""ניו יורק טיימס"" תיארו את כתיבתו כ""מהפנטת"", וה""קוריירה דה לה סרה"" קבע שהוא אחד הסופרים הבולטים בדורו בעולם.",,Homebound / Eshkol Nevo,,,,,,,he,Paperback,3.8,21,10,747,10,1,1
137771,2026-09-19T15:15:53.000Z,5,4,לי יניני,94544,"""הקול קול יעקב והידיים ידי עשיו"" (פרק כ""ז פסוק כ""ב)
לא בכדי בחרתי לפתוח את הסקירה בפסוק הזה. ב""שריקה"" שמעתי היטב את קולו של לינווד ברקלי, אך לא פעם הרגשתי גם את נוכחותו של סטיבן קינג, אמן המתח העל-טבעי והאימה הפסיכולוגית.
לינווד ברקלי כמעט אף פעם אינו מאכזב, אך הפעם הוא בוחר לסטות מעט מהנתיב המוכר ולספר סיפור אפל, מסתורי ומטריד יותר מהרגיל. 
אנני בלאנט היא סופרת ילדים מצליחה ואהובה. שנה קשה במיוחד מטלטלת את חייה: ילד נהרג בתאונה טרגית בהשראת אחד מספריה, ובאותה שנה נהרג גם בעלה, ג'ון, בתאונת דרכים. כעת היא נותרת לבדה עם בנה, צ'רלי. בניסיון להשתקם ולפתוח דף חדש, ובעידודו של עורך ספריה, אנני עוברת עם צ'רלי לעיירה הקטנה בלאנקאו.
צ'רלי, שמתקשה להסתגל למקום החדש ולחיים ללא חברים, מחפש דרך להפיג את השעמום. יום אחד הוא מגלה במחסן שבחצר סט ישן של רכבות צעצוע, והגילוי הזה עתיד לשנות הכול.
מאותו רגע מתחילים להתרחש בעיירה אירועים מוזרים. למרות שאין מסילת רכבת בקרבת מקום, נשמעת שוב ושוב שריקת רכבת. אנשים נעלמים, תאונות קטלניות מתרחשות בזו אחר זו, ותחושת איום הולכת ומתפשטת. לכל המקרים הללו יש מכנה משותף אחד, והטרגדיות מתגלגלות כמו אפקט דומינו שאין דרך לעצור.
במקביל, הארי קוק, מפקד המשטרה המקומי, מגלה בעיירה חנות חדשה לרכבות צעצוע בשם ""צ'ו-צ'ו רכבות"". בעל החנות, אדווין נייבלר, הוא אדם יוצא דופן למראה ולהתנהגות. הוא לובש וסט טלאים מעוטר בכתובות שונות וכובע מוזר, ומבלה את כל שעות היממה בחנותו.
אבל אדווין אינו מונע מכסף. לדבריו, מטרתו היא לשנות את חייהם של אנשים. השאלה היא כמובן: באיזה מחיר?
הארי משוכנע שמשהו אינו כשורה מאז נפתחה החנות. נדמה שכל מי שרוכש רכבת צעצוע מסתבך בדרך כלשהי עם אותם אירועים בלתי מוסברים. האם מדובר בצירוף מקרים, או במשהו אפל בהרבה?
ברקלי מוביל את הקורא בהדרגה אל הפתרון, תוך בניית מתח מדויק ומדוד. זהו סיפור מסתורי, מצמרר ומסקרן, המשלב אלמנטים על-טבעיים, קצב מצוין ודמויות מעוצבות היטב, שלכל אחת מהן סיפור רקע משמעותי.
העלילה נעה בין שני צירי זמן: סיפורה של אנני בלאנט בהווה, וציר נוסף המתרחש בחודשים שלאחר אירועי ה-11 בספטמבר. החיבור ביניהם נחשף לאט ובהדרגה ומוסיף עומק לעלילה.
מומלץ לחובבי לינווד ברקלי ולכל אוהבי המתח האפל בעל הנגיעות העל-טבעיות. רק קחו בחשבון שהפעם ברקלי מגיש משהו מעט שונה מהסגנון המוכר שלו, ודווקא השינוי הזה הופך את ""שריקה"" למסקרן כל כך.
בשורה התחתונה: עלו על הרכבת הזו רק אם אתם מוכנים למסע אפל, מסתורי ומפתיע, כזה שהשריקה שלו תמשיך להדהד גם אחרי שתסגרו את הספר.
לי יניני",1028484,שריקה,לינווד ברקלי,מיכל כהן,מודן,2026,453,ספרות,מתח ריגול והרפתקאות,https://cdn.simania.co.il/bookimages/covers102/1028484.jpg?v=1787415904313,https://simania.co.il/bookdetails.php?item_id=1028484,https://simania.co.il/showReview.php?reviewId=137771,"סופרת הילדים המצליחה אנני בלאנט עוברת שנה איומה. אחד הקוראים שלה נהרג בתאונה בהשראת ספריה, ובעלה האהוב נהרג בתאונת דרכים. בניסיון להשתקם, היא ובנה צ'רלי עוברים לגור בעיירה קטנה במדינת ניו יורק. כדי להפיג את השעמום והבדידות, צ'רלי בודק מה יש בבית החדש ובסביבתו, ונרגש כשהוא מוצא רכבת צעצוע ישנה במחסן הגינה. אבל יש משהו מטריד בצעצוע החדש שלו: מהרגע שצ'רלי מוצא אותו, צלילי רכבת מוזרים מעירים את אנני בלילה, למרות שאין מסילה פעילה בכל האזור, ודברים מוזרים מתחילים להתרחש בשכונה. לאט לאט מבינה אנני שהיא עברה מסיוט אחד לסיוט אחר, מפחיד פי כמה.
ההתרחשויות  המשונות מזכירות לתושבי העיירה את שנת 2001, שבה מפקד המשטרה המקומית ניסה למצוא את הקשר בין הדברים המשונים שקרו בעיירה: אנשים נעלמו, חפצים נגנבו, ותאונות קטלניות משונות התרחשו זו אחרי זו. לכל התאונות היה מכנה משותף אחד: הקורבנות רכשו רכבת צעצוע מחנות הרכבות החדשה בעיירה. האם מה שהתרחש בעיירה בתחילת המילניום משפיע על אנני וצ’רלי בימינו אלה?
לינווד ברקלי, מחבר רבי־המכר 'אני אהרוס אותך', 'בנשימה עצורה' ו'בפיר המעלית', ממציא את עצמו מחדש בשריקה, ומצליח לפרוץ שוב את גבולות כישרונו. בכתיבה שנונה ומלאת רגש מתכתב הספר עם קלאסיקות אימה מודרניות, והתוצאה היא מותחן שאי אפשר להפסיק לקרוא.

”נפלא.” סטיבן קינג 
”צליל שריקת הרכבת שוב לא יישמע לכם אותו דבר.” מגזין פיפל
”לינווד ברקלי צועד בעקבות סטיבן קינג.” פייננשל טיימס",,The Whistle / Linwood Barclay,,,,,,,he,Paperback,5,2,1,68,3,0,1
137770,2026-09-19T14:38:59.000Z,5,1,חואן,336783,"דרך אבסורד הספר מעביר הומור ואוצר מילים עם חרוזים.
ממש ממכר לקריאה לילדים.",900789,המלך ששי הראשון,אולף לופגרן,תלמה אליגון רוז,כנרת זמורה ביתן,,,ילדים,ילדים   7-3,https://cdn.simania.co.il/bookimages/covers90/900789.jpg,https://simania.co.il/bookdetails.php?item_id=900789,https://simania.co.il/showReview.php?reviewId=137770,,מעלילות ששי הארנב,,,,,42-9208028,,,he,Paperback,5,1,1,2319,5,0,1
137769,2026-09-19T10:50:48.000Z,5,1,נוני,268447,ספר שמצליח לשחזר את הטעמים מבית אמא,1016716,עשתידכ - ספר הבישול העיראקי,לורן רביד,,לאנצ'בוקס,2012,222,בישול ואפיה,בישול ואפיה,https://cdn.simania.co.il/bookimages/covers101/1016716.jpg,https://simania.co.il/bookdetails.php?item_id=1016716,https://simania.co.il/showReview.php?reviewId=137769,"""עַשְׁתִידְכּ"", אומרים העיראקים בסיומה של ארוחה, כשמבקשים הם להודות לבעלת הבית על תבשיליה הטובים. פירושן של שתי המילים – עָאשְׁת ואִידְכּ – שהיו לאחת: תבורכנה ידייך, וכל המגלגל אותן על לשונו לקינוח, כך מאמינים יוצאי בבל, ימתיק את שפתיו.

	 

	את המילה ""עשתידכ"" שמעה לראשונה שושי אורן, ילידת הונגריה, כשהכירה את בעלה איציק, יליד עיראק, בהיותם בני 16. מהר מאוד התאהבה לא רק בו ובבני משפחתו, בהם אחותו לורן רביד ובעלה אדמון, אלא גם במטעמי המטבח העיראקי שהפליאו להכין: תְבִּית שמחבק את הבית בריחות נעימים, זְנְגוּלָה ללקק את האצבעות ובְּעְבְּע תמרים מתוקים כדבש.

	 

	בין פָּאצָ'ה לעָגָ'ה הבינה שושי, מי שהקימה עם בעלה את קבוצת שילב ועומדת איתו בראשה, שאת האוצר הזה יש לשמר. את מתכוניה של לורן שעברו מדור לדור דרך הידיים,העיניים והלב החלה לתעד למזכרת והעלתה אותם על הכתב. יחד כינסו את המרשמים המשפחתיים ואספו אותם באהבה לספר זה.

	 

	לצד סיפורי אלף לילה ולילה על יהודי בבל ותרבותם, על מטבחם המפואר ועל הגעגועים לבגדד, תמצאו כאן תמונות מעוררות תיאבון והוראות הכנה בדוקות ומדויקות של המיטב שבמתכוני עיראק: קובות ממולאות הפתעות, סמבוסק פריכים, וכמובן, ארוחת הבוקר של שבת, שזכתה לכינוי ""סביח"", עם החצילים המטוגנים, הביצים החומות, הלאפות והעמבה שצובעת את הכול בצבעי הזריחה. הכינו אותם, וגם לכם יגידו בסוף הארוחה: ""עשתידכ"".

	 

	כתבו עלינו:

	ידיעות אחרונות, שרית סרדס טרוטינו: ""עשתידכ"" הוא יותר מעוד ספר בישול. מדובר במסע מעורר תיאבון אל עבר המטבח העיראקי המסורתי, משובץ בסיפורים בנוסח העדה / ישראל היום, הילה אלפרט: ""עשתידכ"" התחיל את דרכו כמין מחברת מתכונים המבקשת לאצור סיר משפחתי ותפח להיות ספר בישול מקיף ומגרה / גלובס, חיליק גורפינקל: ספר נהדר המלא כרימון לא רק במתכונים משובחים ובצילומים מגרים אלא גם בהסברים, סיפורים ומכתמים מרתקים ומאירי עיניים / ביג טיים, אלון צרפתי: ""עשתידכ"" מקפיץ את מזונם של עולי בבל לראש הפרמידה ומביט בלבן של העיניים של המטבח הצרפתי.",,,,,,,,,he,Paperback,5,2,4,8707,9,1,1
137768,2026-09-19T06:23:17.000Z,5,4,שאנטי,336980,"קראתי את כל הסדרות של עידו סתר כילד בשנות ה-60. לא החמצתי אף ספר שלו שהגיע לספריית הילדים בקיבוץ. ומאוד אהבתי.
מהתוכי השובב תוכידס, דרך גיבור העל הישראלי עוז יעוז, ועד המרובע הכחול.

שמו האמיתי של הסופר עידו סתר (שם עט) היה חזי (יחזקאל) לופבן, שלימים גם כתב את סדרת הטלויזיה ""המסעדה הגדולה"".
הוא נולד בזמן הפרעות הגדולות בישוב (1929) בעיר הצעירה תל אביב, שהייתה אז רק בת 20...

הוא לחם בפלמ""ח לפני קום המדינה.

והיה לו גם חוש הומור מיוחד.

הביקורות, בלי יוצא מן הכלל, היו קטלניות: הסגנון בוטה, הסופר גזען, והספר תת רמה, ולא חינוכי בעליל!

אך אנחנו הילדים, קראנו בשקיקה, ונהנינו.
 
כדי להבין את הסגנון המיוחד, אולי אפשר פשוט להביא דוגמא קטנה.
הנה כך תיאר עידו סתר את הנבל/רשע של הספר הזה, קואן הקטלן: 

הוא לא אהב לצחוק ולא ידע לבכות, הוא לא אהב לחוס ולא ידע לסגת, הוא לא אהב לשכוח ולא ידע להפסיד - כזה היה ראש מחלקה 1-1 בריגול הסיני... אוזנו האחת הייתה כרותה אך הוא שמע באוזן אחת מה שאחרים לא שמעו בשתיים ושמו בלבד העביר צמרמורת של פחד בלב כל יריביו. הרוסים קראו לו: קואן הקטלן. האנגלים קראו לו: האיש בלי האוזן. הצרפתים קראו לו: נחש עקלתון. אך שמו היה קואן פונג וכולם ידעו כי לצאת נגדו - זה לצאת לקראת מוות בטוח.",325131,עוז יעוז נגד השליח הסיני,עידו סתר,,טברסקי,,,,,https://cdn.simania.co.il/bookimages/covers68/685234.jpg,https://simania.co.il/bookdetails.php?item_id=325131,https://simania.co.il/showReview.php?reviewId=137768,,,,,,,,,,he,Paperback,5,2,2,1610,8,0,1
137767,2026-09-19T00:13:22.000Z,2,2,Abe,254276,"אוי ווי. כמה אדם יכול לעבור, אבא? או שמא עליי לומר ""האינסוף ברוך הוא"".
אנחות המיאוס שעלו ממני עת הקריאה יכלו להעלות כדור פורח לסטרטוספרה. גם שם היה רחוק קילומטרים רבים מגובה גאוותו של המחבר.

הספר הגיע אליי בדרך לא דרך: חבול, בלוי, מרוט. שדרתו מעוכה, בפינה העליונה שלו נראה כאילו ננשך ונלעס. שמאטע של ממש, ככה דמיינתי את ""הכלב אכל לי את שיעורי הבית"". האמת, אני חושב שככה הוא צריך להמכר. אם בכלל.
הוא גם הגיע עם המלצת קריאה ותחינה: ""אחי, אתה חייב לקרוא את זה, רק תתאמץ לנטרל את הציניות שלך. בבקשה"". אוי טאטע, בלי ציניות? החיים קשים גם ככה.

שוין, ניגשתי למלאכה. למה? אני לא באמת יודע, עוד לא יוצא לי מהראש הראיון האחרון ששמעתי בטעות ברדיו עם אדון בן ארי. אבל היה לי מקום חם בלב להמלצה הזו, והיא הגיעה רגע לאחר שיצאתי לנסיעה ארוכה, ובאמתחתי רק שני ספרים (שלושה, אחד פילוסופיה). תמיד היה לי חלום לקרוא ספר ולתלוש את דפיו בזה אחר זה, עם התקדמותי בעלילה. מעולם לא הצלחתי לנהוג ככה. זימה עדינה עלתה בי בחושבי שסוף סוף מצאתי קורבן ראוי. 
לו רק ידעתי שזימה היא הדבר האחרון שכדאי להגיע איתה לספר הזה. במהלך הקריאה ניגשתי מספר פעמים להיבדק. לא נקלטתי, אבל זה היה קרוב. 
חוסר נוחות הלכה והתפשטה בי, האם זו הטרדה? האם היו צריכים לבקש את הסכמתי למה שקרה, אולי לצרף אזהרת טריגר? לרוב, אין לי בעיה עם זימה ספרותית. אפילו עם וולבק אני מסתדר די טוב.
בערבה רחוקה, לא היה דבר מוזר יותר מלקרוא את SWIM. אולי בגלל זה, זה היה הגיוני. לחסל אותו ביומיים. חיכיתי כל כך שהוא יגמר. אבל הוא לא נגמר.
היה נראה לי כמעט מיותר לציין את אילן היוחסין של בן ארי, בו הא משתמש לא פעם (אלוהים עדי, גם לא חמש). אבל נוכחתי לגלות בשיחות סלון (בהוסטלים ביבשת הרחוקה) שהישראלי הממוצע פחות ממוצע משחשבתי. ובכן, אין בי אהדה גדולה למשפחת האצולה בעיני עצמה אליה משתייך המחבר. היה מוטב לו היה מתנער וכותב בזכות עצמו, ומשלא עשה זאת – בוא, לפחות תכתוב אמיתי, בגוף ראשון. מה כל המשחקים האלה? אם כבר ברברת, לפחות שהנוער ילמד משהו.   
וזה מוביל אותי ללב ליבו של הספר כמו הבעיה האיומה שלא מאפשרת לו להיות קריא. מה אדוני רוצה? האם כל הספר לא נועד אלא לפאר ולהלל את הרפתקאותיו המיניות, לרבות ""כיבושו"" ה""""מפואר"""" של ניקול קראוס? אולי בכלל לפרוש את משנתו העברית פונטית? או בכלל זה הסיפור האנושי שייתפוס אותי?
לא ברור. בן ארי פשוט פולט מילים ומדפיס אותם, לעיתים גם קשקושים וציורים. הוא לא מנסה באמת להסביר את מה ש""הבין"". הרפרנסים הספרותיים שלו לרבנים וספרות יהודית מגוחכים ומשמשים בעיקר לניים דרופינג בעוד נושא שרוב הקוראים לא מבינים בו. 

מילא ספרות פסאודו משהו, אבל מה זה בכלל, מיסטיקה? דת? לאדון מחבר יש כאן משהו. אני לא אומר שהוא עלה על משהו חדש, לא לא. מדובר על מאעכר של מילים וביטחון עצמי. אבל עדיין, קראתי קצת מסביב לספר, הקשבתי. בהן צדק ניסיתי לנטרל את הציניות שלי. השארתי אותה באתונה, יחד עם שני יורו ובקבוק מים, לרגליו של פליט או מהגר שקיבץ נדבות בתחנה המרכזית. ביקשתי להתעניין, על מה הוא מדבר? הרעיון הרי קיים, הוא גם לא חדש. לשפה שלנו אכן יש כוח. כוח יוצר ומרפא, רוחני. אלפי שנים, תפילות וספר אחד שהוא הוראות הרכבה לעולמנו. אבל לשפה גם כוח אחר, שיכול לקחת אותיות תמימות ולחבר אותן ביחד למשפטים הזויים, שבונים פרקים שלמים שמבצעים עבירות סדום במוחו של הקורא. פרקים שנהפכו לספר מלא במילים שהצליחו לחמוק מאיזשהו עורך דמיקולו, כנראה לאור היוקרה הפלסטיקית שמביא עמו המחבר והמעריצות האבודות שנופלות ברשתו על לא מענטש היותו. ובכן,  אחד המדרשים האהובים עליי ביותר בתרבות העתיקה שלנו הוא על האות בית שפותחת את התנך. איך יכול להיות שהתנך לא נפתח ב א' שואלים, הראשונה מכולן. צורתה של 'ב' היא החשובה, תסתכלו עליה ותבינו. ואם לא, קדימה לפתוח תלמוד (מסכת חגיגה, ב'). על כן, באמת ובתמים סוקרנתי וקיוויתי שהספר יכול לעשות משהו, את מה שבן ארי טוען שקרה לו.

אבל, בן ארי לא באמת מנסה להנגיש משהו. כהרגלו, הוא מנסה לבדל את עצמו כמיוחד. להתעליין. רק הוא יודע, ההסברים שלו עלומים כמעט כמו התהודה סביבו. נהלל, התאבדויות, סמים. בסוף, אנוכי נטול הציניות התמלא בחמלה וכמעט התעצב עבור גון, למה? קצת פחות סיגריות, מין וקשקושי נבואה ויותר רצינות וכבוד לקורא, היה יכול לצאת כאן משהו. מצאתי את עצמי קורא שוב ושוב את ההסברים שלו על האותיות, מנסה להבין. אי אפשר לומר שניחנתי ביכולת קליטה איטית. אבל שכה יהיה לי טוב, יהיה זה שקר להגיד שהבנתי.

הצלחתי לדלות רגעים יפים מהספר, כמו שנאמר כאן בביקורת אחרת, יש רגעים אנושיים בספר, קשים ואף מרגשים. בן ארי מוכשר, הוא עוקץ רגעים מוכרים  בישראליות ונועץ אותם על הלוח תחת הגדרה שנונה שמעלה בך חיוך. למשל: ""דוד היה מהישראלי שהבודהיזם-לייט שתרגלו רק הרחיק אותם מהארה על ידי זה שנתן דרור ליצרם הגברי הבסיסי – הדחקה"".

חבל שאור הסנוורים שיוצא מעכוזו מסמא אותו עצמו ולא מאפשר לו להתרכז בכתיבה. הספר הוא פסטיבל של אוננות עצמית. זהו, אמרתי את זה.  
לא קריא, לא נעים והחזיר לי את הציניות כפולה משהייתה. 

נ.ב
מיותר לציין שהספר הזה הוא א גרוייסע מציאה של ממש. בלתי ניתן להחלפה. אפילו לא עבור הרלן קובן בלי להעליב. קוראי אשכול נבו ואילן הייטנר דפדפו אותי בבוז. אולי בגלל הפרצוף שעשיתי שהצגתי אותו, או כששאלו אותי מי המחבר. נדמה לי שזה היה עווית. לבסוף החלפתי אותו בעיתון לייבוש הנעליים.",1000297,SWIM,גון בן-ארי,,כתר,2021,408,ספרות,ספרות מקורית,https://cdn.simania.co.il/bookimages/covers100/1000297.jpg,https://simania.co.il/bookdetails.php?item_id=1000297,https://simania.co.il/showReview.php?reviewId=137767,"גיא נברון חטף את הנבואה הקדושה של האינסוף־ברוך־הוא בגיל עשרים וחמש, וסיים בכך אלפיים שנות שתיקה נבואית.

 האינסוף דיבר דרכו את הספר הזה. 

הוא עבד עליו במשך עשר שנים כדי שהנבואה תגיע אליך. זה מה שגיא נברון היה כותב על העטיפה של הספר הזה, אם היו נותנים לו. אבל מפני שלא הוא כותב אלא אני, אני איאלץ להתחיל שנה לפני כן, בדברים שגיא מסתיר. 

באיזשהו אופן, גיא היה חייב איזה שיגעון שיציל אותו מהעולם. אבל גיא השתגע באופן ששינה גם לי את החיים.

SWIM זה ראשי תיבות אינטרנטיים של 'מישהו שהוא לא אני. מישהו שהוא לא אני קיבל בנבואה את פשר האלף־בית העברי, הבין את סוד המשיחיות, שקע בחובות עצומים, בדיכאון אובדני. מישהו שהוא לא אני נסע לניו יורק בעקבות האהבה, גילה גופה קשורה לעץ, נכנס לטריפ יחד עם סבא שלו, ערך עשרות טקסי אַייוַואסְקָה, האמין עד הסוף בדברים עד שהם נשברו ואז האמין באחרים. מישהו שהוא לא אני שקע בהזיות גדוּלה ודיבר עם אלוהים או שאלוהים דיבר דרכו.' 

מישהו הלך וניקה מראה והתחיל, לאט־לאט, לראות באימה מי מסתכל במי.

זהו ספרו הרביעי של גון בן ארי, סופר, מוזיקאי ותסריטאי.",,,,,,,,,he,Paperback,3.4,10,5,2360,14,1,1
137766,2026-09-18T17:02:45.000Z,1,4,ארנון,53692,"הספר הזה הוא יצירת מופת באותה מידה שקשקוש ענק של פולוק הוא יצירת מופת. למי שנהנה מזוועות כאלה - שיבושם לו.

בסדר, אני יודע שמבקרים רבים  גמרו את ההלל (על שניהם...), אבל ממש נמאס לי מהפלצנות הנוראה הזו.

אז ככה: מדובר בספר מופרע במיוחד, עם עלילת בלהות  (??) חסרת כל היגיון, שבנוסף לכך משתמש בלי הרף בשפת ביבים (""שפה רזה"" כותבים המבקרים) המלאה
למשל בדפיקות ומציצות (מה שללא ספק עושה אותו ל""חתרני"" בעיני המבקרים המקצועיים ומעלה בעיניהם את ערכו). בקצרה: ספר חרא,  שחראיותו אינה נופלת
 מהחרא שבו לקראת סוף הספר חיל האויר הצרפתי מפציץ את תל אביב - היא דולי סיטי (או שלא) במה שהוא כנראה הזיות פרועות של גיבורת הספר.

לסיכום: הזהרו ממבקרים שממליצים על ספר כזה, ואל תאמינו להבלים שלהם על חשיבותו. הדבר היחידי
שלמדתי מקריאתו הוא עד כמה עמוקה מחלת הנפש התרבותית שעוברת על העולם בכלל, ועל ישראל בפרט.",2223,דולי סיטי [מהדורת 2007],אורלי קסטל-בלום,,הקיבוץ המאוחד,2007,155,ספרות,ספרות מקורית,https://cdn.simania.co.il/bookimages/covers0/2223.jpg,https://simania.co.il/bookdetails.php?item_id=2223,https://simania.co.il/showReview.php?reviewId=137766,"הספריה החדשה גאה להגיש לקוראיה נוסח חדש, משופץ ומותקן, של 'דולי סיטי', אחד הרומאנים הגדולים של הספרות העכשווית. רומאן מבריק ושנון, המפרק ללא-רחם את הקלישאות של האימהות ושל הישראליות. האֵם היהודייה, האֵם הישראלית, ועצם יחסינו עם ארץ-ישראל, הותכו כאן יחדיו לתמונה מעצימה, מצחיקה וחודרת עד אימה. תפיסתנו את עצמנו מעורטלת ברומאן באכזריות משום שהלשון שלנו – המטאפורות ודרכי-הביטוי – מוליכות בו למעשים והופכות מפנטזיה למציאות ולעלילה.
 
'דולי סיטי', מן הפסגות בכתיבתה של אורלי קסטל-בלום, הופיע לראשונה ב-1992, ועד מהרה הפך לנקודת-ציון בספרות העברית. תרגומיו ראו אור באנגליה, ארה""ב, גרמניה, צרפת, הולנד, שוודיה ויוון. הספר נכלל באוסף העולמי של ""היצירות הייצוגיות"" של ארגון אונסקו. 
    
במשאל שערך עיתון 'מעריב' (יוני 2007) בין אנשי ספרות מובילים – מבקרים, עורכים, מו""לים וחוקרי ספרות – נבחר 'דולי סיטי' בין עשרת ספרי הפרוזה ""הטובים ביותר שנכתבו בעברית מקום המדינה"" (יחד עם ספרים של יעקב שבתאי, דויד גרוסמן, א.ב. יהושע, עגנון, יזהר, עמוס עוז, יהושע קנז ועמליה כהנא-כרמון).
 
""עשור וחצי אחרי שראתה אור לראשונה, חוזרת 'דולי סיטי', אחת היצירות החשובות ביותר והטובות ביותר בספרות העברית החדשה, אל המדפים. הנה תל-אביב של הפנטזיה הכי מסויטת שלכם, והיא נראית עכשיו דומה מאוד למה שנשקף מחלונכם. הנה מיתוס האימהות מפורק, מעוצב מחדש ונבחן בַּמיקרוסקופ הכי תבוני שהופעל עליו אי-פעם. והנה החיבור האולטימטיבי בין אהבת-אם לאהבת-מולדת, כשדולי הרופאה משרטטת את מפת ארץ-ישראל על גופו של בנה, כי צריך לחתוך בבשר החי: כל החרדות, כל עוצמת המערבולת הרגשית הקרויה 'אהבה', מצויות כאן, יחד עם מינון גבוה במיוחד של כושר המצאה ויזואלי ולשוני. המהדורה המחודשת היא שילוב נכון של צורך שיווקי עם הכרח תרבותי: אל תחמיצו"". (אריאנה מלמד, ynet)",,,,,,,הספריה החדשה,,he,Paperback,3.3,81,11,10014,63,0,1
137765,2026-09-18T10:14:11.000Z,4,9,DRefaeli1,85290,"בגיל 18 קראתי את הספר לראשונה. 100 שנים של בדידות הוא כנראה משא כבד מדי ללב צעיר, ואכן כרעתי תחת הנטל, ונכנסתי לדכאון של חודש שבו לא יצאתי מהבית, עד שהשתקמה רוחי.
20 שנים מאוחר יותר רכשתי את הספר שוב וחודשים ארוכים הבטתי בו בחשש מה עומד על מדף הספרים. לבסוף אזרתי אומץ והתחלתי לקרוא בו. 
סיימתי אותו היום ולשמחתי הרבה - עד כה הדיכאון לא נראה באופק (מעבר לדכדוך הרגיל של ישראל שנת 2026). 
הספר טוב ומשעשע וצבעוני. אך בה בעת הוא גם קודר ומדכא, לפחות בעיניי. 
הזמן נע בו במעגלים, ללא תכלית ניכרת. גיבוריו לא זוכים לאושר אמיתי. הבית הקטן והעלוב נעשה גדול ומפואר, ואז נובל ונהרס, ושוב משתקם, ושוב מתרעע. וחוזר חלילה. וכמוהו גם משפחת בואנדיה (יום טוב, בספרדית). חוסה ארקדיו ואארוליאנו נולדים ומתים וצאצאיהם בעלי אותם שמות שוב נולדים ושוב מתים. ושוב מתאהבים בדודה אמראנטה. 
חוסר צדק ניכר בכל. בתחילה עוד יש התקוממות נגדו, והאישה שנורית למוות רק בגלל שנשך אותה כלב מעוררת את אאורליאנו לצאת למלחמה, שסופה כישלון גמור. אבל בהמשך גם זה גווע. כל בניו של הקולונל נרצחים. חייל משמר חותך לשניים ילד ששפך עליו בטעות מיץ. חברת בננות טובחת בשלושת-אלפי פועלים מתמרדים שדורשים שיפור בתנאי עבודתם, ומצליחה להסתיר את העניין מהציבור. נשים מתות בלידתן, גברים נרצחים על לא כלום. דמויות מתנהגות באי צדק מופגן זו לזו. גורל טראגי אוחז בפיטרו קרספי ובמאוריסיו בבילוניה. ובעוד המון אחרים.
אם כך - בשביל להנות מהספר צריך להיות מסוגל להתנער מכל זה ולהביט בדברים בריחוק משועשע, שהוא הטון הכללי של הספר. משהו שכנראה לא הצלחתי לעשות בגיל 18.
יש בתחילת הספר תרשים עם שמות - שנאלצתי לחזור אליו במהלך הקריאה בשביל לוודא על מי מדובר. ועדיין גיליתי טעות אחת בשיוך המשפחתי (אם-סבתה הפכה לסבת-סבתה. טעות של המתרגם? או במקור?), שמצטרפות לטעויות ספורות של השפה שאני מניח שהם של המתרגם. אבל סך הכל התרגום יפה, גם אם השפה קצת ישנה. 
משהו ברוחב היריעה וצורת הכתיבה מזכיר לי קצת את סיפור פשוט של עגנון. 
אני חושב שהספר ארוך מדי. איפהשהו באמצע כבר התחלתי לאבד עניין. כל הטריקים החלו לחזור על עצמם. הטון היבש שבו הדברים נאמרים, הצורה שבה מותה של דמות מדווחת לקורא ואז חוזרים ומספרים על קורותיה עד המוות. ההומור המוזר שלא מכסה, בעיניי, על העצב. תיאורי המין התאוותניים.
עם מה יוצאים בסיום הקריאה? בעיקר התחושה שהזמן נע במעגלים ושלחיים אין פואנטה. 
ועם זאת - אני ממליץ על הספר.",11209,מאה שנים של בדידות,גבריאל גרסיה מארקס,ישעיהו אוסטרידן,עם עובד,1982,369,ספרות,ספרות מתורגמת,https://cdn.simania.co.il/bookimages/covers1/11209.jpg,https://simania.co.il/bookdetails.php?item_id=11209,https://simania.co.il/showReview.php?reviewId=137765,"קורותיה המופלאות של משפחה המתגוררת בעיירה אגדית בקולומביה מסופרות ברומן זה, שהוא אחד ממופתי הפרוזה של אמריקה הלטינית בימינו. 
קורות המשפחה, שהיא מעין מיקרוקוסמוס הפועל לפי חוקים פנימיים שאינם תלויים בעולם ובזמן הריאליים, הן למעה כרוניקה של האנושות כולה. 
מאה שנים של אהבה ואמונה ויאוש, שאיפה לאושר ואכזבה, ולבסוף חזרה אל בדידותו של היחיד, מקופלות ברומן - אפוס בלתי רגיל זה, שסיפור העלילה המרכזי שלו משובץ שלל צבעוני של מעשיות עם מרתקות והוא מלהיב את דמיונם של קוראים בכל העולם. 

הסופר הקולומביאני גבריאל גרסיה מארקס נולד ב - 1928 בעיירה אראקאטאקה, היא ""מקונדו"" האגדית העוברת כחוט השני בכל יצירתו והמגיעה לשיא עיצובה ב""מאה שנים של בדידות"", שזכה לפרסום בין - לאומי. 
כסופרים רבים של אמריקה הלטינית נדד לארצות שונות, בהן מכסיקו שם שהה שש שנים, וספרד שבה חי שלוש שנים. 
ב - 1971 שב למולדתו. מספריו: ""השלכת"" (1955), ""איש אינו כותב אל הקולונל"" (1961), ""לוויתה של האם הגדולה"" ו""השעה הרעה"" (1962). 
מארקס עוסק גם בעיתונות ובכתיבת תסריטים לקולנוע.",ספריה לעם - #167/8 | תרגם מספרדית: ישעיהו אוסטרידן,Cien Anos de Soledad / Gabriel Garcia Marquez,,,,32-20621,ספריה לעם,167,hebrew,Paperback,4.4,932,97,31775,685,6,1
137764,2026-09-18T08:45:44.000Z,5,3,Eli.A,2475,"ספר מעולה, מרתק, 3 נשים שונות בתכלית שמגוייסות ללאחר תחילת מלחמת העולם השניה בבריטניה ליחיה סודית העוסקת בפענוח צפנים של גרמניה,בתחילה הן גרות בבית של אחת מהשלושה,אלופה במילוי תשבצים,שחיה עם אם אדוקה ובלתי נסבלת,הבת שהרגישה שכל שנות חייה עברו תחת משטר אימים של האם,מקבלת אומץ בעקבות 2 השותפות ועוזבת את הבית.תחת הפצצות הבליץ הגרמניות ותחת הלחץ לפענח את הצפנים המורכבים ברקע סיפורי הרומנטיקה שהן חוות, עד לסיום המפתיע שעוברת אחת מהן.מומלץ בכל פה.",1002804,צופן הוורד,קייט קווין,שי סנדיק,אריה ניר,2021,624,ספרות,מתח ריגול והרפתקאות,https://cdn.simania.co.il/bookimages/covers100/1002804.jpg,https://simania.co.il/bookdetails.php?item_id=1002804,https://simania.co.il/showReview.php?reviewId=137764,"""ספר נפלא, עלילה עוצרת נשימה, אווירה תוססת."" (דיינה ג'פריס, מחברת ""אשתו של מגדל התה"").

1940, בלצ'לי פארק, בקינגהאמשייר
שלוש נשים שונות מאוד זו מזו מגויסות לבלצ'לי פארק המסתורית, האחוזה שבה מכשירים את מיטב המוחות בבריטניה למאמץ מודיעיני משותף, בשאיפה להתמודד עם איומי מלחמת העולם השנייה. אוסלה נערת החברה התוססת – אשר זוכה לחיזוריו של פיליפ, נסיך יוון יפה התואר – משתוקקת להוכיח שהיא הרבה יותר מאשר סנובית מקושרת, ועמלה על תרגום סודותיו של האויב. מב מפלסת את דרכה משכונות העוני של לונדון ולומדת להפעיל מכונות פענוח מסובכות. בת' הביישנית יוצאת בבת אחת לעולם ומגלה כישרון יוצא דופן בפענוח צפנים. בין הנשים הצעירות נרקמת ידידות אמיצה ושותפות גורל סביב שליחותן הסודית בהגנה על ארצן, אך לקראת סוף המלחמה, רצף של סודות ובגידה מוביל לקרע בין השלוש, ונראה כי אין ממנו דרך חזרה.

1947, לונדון 
ערב חתונתם המלכותית של הנסיכה אליזבת והנסיך פיליפ
בשעה שהממלכה מתכוננת לאירוע המרגש, אסון מאיים להתרחש. אוסלה, מב ובת' נאלצות להתגבר על הניכור, לחטט בפצעי העבר ולאחד שוב כוחות למען טובת העם והמולדת. הן יוצאות במרוץ נגד הזמן כדי לפצח יחד את הצופן האחרון, לפני שיהיה מאוחר מדי והן וארצן ישלמו את המחיר. 
""סאגה סוחפת ומהפכת דפים שמקימה את ההיסטוריה לתחייה בזכות דמויות בלתי נשכחות ועלילה מרתקת.

""קייט קווין לא מאכזבת."" (פבלישרז וויקלי)",,,,,,550-299,,,he,Paperback,4.4,17,3,2986,15,0,1
137763,2026-09-18T07:06:44.000Z,4,10,פאוסט,20161,"דעתי על הספר הזה היא לא שחור או לבן, היא אדום: סבלתי, נהניתי, התעקשתי, התמוגגתי ואף חשתי התרוממות רוח לקראת הסיום.

״האדום והשחור״ ראה אור בשנת 1830 ומן הסתם היה פחות קשה להבנת התקופה לבן תקופתו, אני נאלצתי להשלים פרטים חסרים רבים. מדובר בתמורה שהתרחשה בתקופת המהפכה הצרפתית ומה שבא אחריה שכן סטנדל (אגב שמו היה מארי-אנרי בל) מביא בספרו איתות אזהרה של חברה מדממת. 
בשנה שבה התפרסם הרומן ראו אור בצרפת גם ״עור היחמור״ של בלזק וגם ״הגיבן מנוטרדאם"" של ויקטור הוגו. נדמה כי הצרפתים של אותה תקופה עברו תמורה רוחנית וחברתית כה עמוקה וטראומטית בעקבות נשורת המהפכה וקריסת שלטון נפוליאון, עד שהספרות הגדולה לא יכלה שלא לבקוע את החומות וכמו מוגלה, לא נעצרה בתוך הגלד. סטנדאל, בלזק והוגו לא רק תיעדו את זמנם, הם ניקזו את הרעל והתסכול של דור שלם שאיבד את מקומו בעולם.

אני חייב להיות כנה לגבי חוויית הקריאה בספר: אולי זה התרגום של קנז ואולי עייפות חומר שלי אחרי כמה רומאנים עצומים בגודלם שקראתי לאחרונה אבל לא היה לי כיף או זורם לקרוא חלקים רבים בספר אבל אני מהעקשנים. הפרקים הרגישו לפעמים גדושי פרטים פשוט לא מעניינים, תובעניים ומתישים. החלק הראשון של הרומן מציב תשתית טובה ממש עם תיאור עיירה או עיר פיקטיבית במקום חלומי ופסטוראלי לכאורה שלאחר עידן נפוליאון והכל נשמע על מי מנוחות לרגעים אך העלילה לא התרוממה עד שהבנתי שהרקע כנראה הוא העניין ולא דמויות המשנה עצמן. הדמיון לחלקים באנה קרנינה בולטים ממש והחלק הראשון הוא רומן התאהבות והתבגרות שחולשת על פני דפים רבים ותיאורים משמימים לעיתים. התבנית של אישה נשואה שלומדת מהי התאהבות. התפנית האמיתית מתרחשת עם המעבר לחלק השני ועזיבתו של הגיבור ל-""פאריס"" (כן כן, בספר מוזכרת פאריס ולא פריס ולא בכדי: תרגום שמחזיק בתוכו הדהוד מבריק ולא מקרית לשמו של פאריס המיתולוגי, שהמיט חורבן על טרויה בשל תשוקתו והרס עצמי בלתי נשלט). אך דווקא שם, בתוך השפע הפריזאי, הקריאה מתחילה לגבות מחיר נפשי. היצירה הופכת לרפטיטיבית באופן סגנוני וכמעט מוזיקלי בדומה ליצירה מינימליסטית במוזיקה קלאסית מודרנית (לדוגמא לה מונטה יאנג או טרי ריילי): אותה סצנה, אותו דפוס להתנהגות ולהתלבטות, חוזרים על עצמם שוב ושוב ושוב ושוב אך זהו אינו שיעמום טהור, גרוע מכך! בכל פעם שהתבנית החברתית או הנפשית משתכפלת, היא מקבלת עוצמה שונה במיקרונים שקשה כלל להבחין בשינוי, הגוון, אולי גוון חדש בכל זאת אך קשה להבדיל בין הפרקים בשלב מסוים, הכל נשמע אותו דבר אבל אחר. 

התשישות הזו נובעת במידה רבה מההבנה כי סטנדאל שרטט כאן תיאור מקרה קיצוני של מה שאני לפחות איבחנתי כהפרעת אישיות גבולית כמאתיים שנה לפני שהפסיכיאטריה הגדירה אותה באופן רשמי. לא אעשה ספויילר אז ללא שמות אבל אתה נכנס לסחרחרת של הפכפכות, שבה אי אפשר לדעת איזה אדם יתעורר בבוקר ולאיזו תהום רגשית הוא יגרור את סביבתו והתופעה של אישיות גבולית תופסת כמעט לחברה כולה ולא בהכרח לאדם ספציפי למרות שנדמה כי כן.  
ההתאהבות בדמויות כאלו היא ניסוי מורט עצבים בקורא. פרידריך ניטשה, שהיה ממעריציו המושבעים של סטנדאל, הגדיר אותו כפסיכולוג הראשון של אירופה וכמי שהקדים את זמנו בגילוי מעמקי הנפש האנושית, ומבקרים רבים ציינו כי הריאליזם של סטנדאל איננו רק תיאור של חברה, אלא ניתוח נוירוטי של המחשבה בלתי פוסקת.
מתוך הדינמיקה הזו קל להבין את ההשפעה הכבירה שהייתה לאדום והשחור על הספרות הרוסית הגדולה שתבוא בהמשך המאה. הרנסאנס הספרותי הצרפתי של תחילת המאה ה-19 סלל את הדרך ישירות לרנסאנס הרוסי. ז'וליאן סורל גיבור הספר בעיני הוא אביו הרוחני המובהק של רסקולניקוב או של הנסיך אנדרי בולקובסקי. הרוסים פשוט שברו דמות אחת אל מספר דמויות ובפירוט מסוג אחר כשהמזוכיזם שבקריאה מקבל טוויסט אחר לגמרי בספרות הרוסית. בשורה התחתונה הניתוח הפסיכולוגי הדק של התפתחות הרומן והסמביוזה למבנה החברתי הוא ארוע מכונן בספר הזה.

הסוף חברים, הסוף שווה הכל, הרגע הדוסטוייבסקיאני שמגיע לקראת הסיום (אותו אני חייב לקרוא שוב!) מעמיד את הכל באור חדש. שישים העמודים האחרונים של הספר, דרמה מזוקקת, טרגדיה והחשבון נפש הציבורי והאישי שנעשה בהם, הופכים את כל הסבל שבדפי האמצע למוצדק לחלוטין. סטנדאל, שטען בחייו כי הוא כותב עבור ""המעטים המאושרים"" וחזה כי יבינו אותו באמת רק קרוב למאה שנה לאחר מותו, מוכיח בסופו של דבר כי כל חזרה סגנונית וכל שחיקה נפשית שהעביר את הקורא היו רק ההכנה לבניית אחת מהפסגות הדרמטיות והבלתי נשכחות בתולדות הרומן המודרני לטעמי.

הציון שלי: 8 מתוך 10
כחוויה אחת מתמשכת הקריאה היא סבל ששווה כל רגע. מזוכיזם טהור לפרקים אבל העונג שבסוף שווה כל רגע למי שמוכן להתמיד, לקרוא קלאסיקה לא קלה ועם המון משמעויות רלוונטיות עד היום.",2091,האדום והשחור [מהדורת 1981],סטֶנדָל (סטֶנדָאל),יהושע קנז,זמורה ביתן,,439,ספרות,ספרות מתורגמת,https://cdn.simania.co.il/bookimages/covers9/98531.jpg,https://simania.co.il/bookdetails.php?item_id=2091,https://simania.co.il/showReview.php?reviewId=137763,"האדום והשחור – כרוניקה של המאה התשע-עשרה. לשמו של הרומן התקשרו פירושים רבים. בספר עצמו, האדום מיוחס לצבעי המדים של נפוליאון, והשחור הוא צבעם של בגדי הכמורה. זוהי יצירת מופת המורכבת מרבדים שונים הניתנים לפירושים רבים. היצירה מספקת תיאור חברתי ופוליטי של התקופה.",,Le Rouge et le Noir / Stendhal,,,,3-13699,,,hebrew,Paperback,4.3,36,7,9243,74,0,1
137762,2026-09-18T04:51:27.000Z,4,1,רוני pery,2978,ספרון שכרכו בו שני יצירות של שני סופרים. אני מבין למה אבל מעדיף את סטפן צוויג.,983598,"הכוכב מעל היער, לראות אישה",סטפן (שטפן) צווייג (צוויג),הראל קין | גדי גולדברג,תשע נשמות,2016,84,ספרות,ספרות מתורגמת,https://cdn.simania.co.il/bookimages/covers98/983598.jpg,https://simania.co.il/bookdetails.php?item_id=983598,https://simania.co.il/showReview.php?reviewId=137762,"ישנן יצירות שעצם העמדתן זו ליד זו עשויה לגרום לחוויה ספרותית נוספת, בוהקת בין שתיהן. כאלה הן הכוכב מעל היער שכתב שטפן צוויג בהיותו בן 23, אחד מסיפוריו היפים ביותר, לצד לראות אישה מאת הסופרת השווייצרית אנמארי שוורצנבך,  שכתבה בגיל 21 נובלה פורצת דרך בתמטיקה הלסבית שלה, כמו גם בסגנונה הספרותי. הנושא המשותף: רגע הולדתה של אהבה.
“כשרכן פעם פרנסואה, המלצר הצנום והמטופח בקפידה, מעל לכתפה של הרוזנת הפולנייה היפה אוֹסטרוֹבסקָה בשעת ההגשה, אירע דבר משונה. העניין נמשך רק שנייה ולא היו בו לא עווית ולא רתיעה, לא תנועה ולא תזוזה. אף על פי כן היתה זאת אחת מאותן שניות הטומנות בחובן אלפי שעות וימים.""
(שטפן צוויג, הכוכב מעל היער)
“לראות אישה: לשנייה אחת בלבד, בטווח הקצר של המבט, ואחר כך לאבד אותה שוב בעלטת מסדרון כלשהו, מאחורי דלת שאסור לי לפתוח — אבל לראות אישה, ובה בעת להרגיש שגם היא ראתה אותי, שעיניה תולות בי מבט שואל, כמו נגזר שניפגש על סף הזרוּת, על אותו גבול תודעה אפל וקודר.""
(אנמארי שוורצנבך, לראות אישה)",,"Der Stern über dem Walde, Eine Frau zu sehen",אנמארי שוורצנבך,,,1298-12,,,he,Paperback,3.5,23,8,2661,30,0,1
137761,2026-09-18T03:24:28.000Z,4,1,ליליאן די,325886,"יש רגע מסוים בקריאה שבו מתרחש שברון לב כפול: לא רק בגלל הטרגדיה שעל הדף, אלא בגלל ההבנה שהספר עצמו החליט להרים ידיים. ""צבע השמיים שלנו"" מתחיל עם כל הנתונים הנכונים להפוך לדרמה אנושית סוחפת ונוגעת ללב, אך ככל שהעמודים מתקדמים, הוא מתפרק אל תוך מנגנון שבלוני של רומן היסטורי מסחרי, ומוותר על האמת הפנימית שלו לטובת קיטש ונוסחאות שחוקות.
נקודת המוצא דווקא מבטיחה ועוצמתית. העלילה מפגישה בין שני קצוות מנוגדים בהודו של סוף המאה העשרים: מוקטה, ילדה שנולדה אל תוך המציאות המחרידה של מסורת ה""דוואדאסי"" – מנהג עתיק שבו ילדות ממשפחות עניות מוקדשות כביכול לאלים, כסות דתית מקודשת לזנות ממוסדת ולניצול מחפיר בידי גברי המעמד הגבוה – מחולצת ברגע האחרון ומגיעה אל בית בורגני מוגן במומבאי. שם, בין אב שמבקש לראות בה שווה בין שווים לאם צוננת ועוינת שרואה בה מקור לטומאה ולאסון, היא פוגשת את טארה, בתו של בעל הבית, ובין השתיים נרקמת ברית חברות מורכבת ושברירית.
החלקים הראשונים של הספר מחזיקים קצב מצוין, אך הפער בין שני הקולות זועק מיד: הפרקים של מוקטה פשוט נפלאים, קורעי לב וכתובים היטב. הם פועמים בכאב חשוף ובאימה אותנטית, וההלם התרבותי של המעבר מהכפר לעיר, יחד עם איבוד יכולת הדיבור שלה בעקבות הטראומה, יוצרים רגעים ספרותיים מרסקים ומדויקים שמהדהדים עמוק בבטן ללא טיפה של זיוף. לעומתם, הפרקים של טארה מחווירים; גם אם בילדות החיכוך ביניהן העניק לה עניין מסוים, הרי שדמותה של טארה כאישה בוגרת התגלתה כדלה, חסרת משקל סגולי ומשמימה למדי.
אלא שאחרי נקודת השיא של הילדות, כשהסיפור נקרע לשניים ויוצא למסע חיפוש מעבר לים, משהו מהותי נשבר בטקסט. במקום צלילה למורכבות של אשמה, אבל וכפרה, העלילה בחלק של טארה נמרחת שוב ושוב סביב אותן מחשבות מעגליות וחסרות עומק. כדי לפצות על כך, הסופרת מתחילה לייצר דרמה מלאכותית, ומכאן המדרון תלול: רצף בלתי נתפס של צירופי מקרים על גבי צירופי מקרים, שבהם עולם עצום של מיליארדי בני אדם מתכווץ פתאום לנוחות תסריטאית מופרכת, שבה כל דמות נתקלת בדיוק במי שהיא צריכה למצוא – עד לשיא שבו טארה נתקלת במקרה בבתה של מוקטה ומצילה אותה.
הסיום הוא כבר כניעה מוחלטת למוסכמות הוליוודיות מתקתקות. אני ממש לא פריקית של סופים, אבל סוף כזה, שבו הכל מסתדר פתאום בנוחות מביכה וצפויה, מעיד לצערי על כל הספר. הניסיון לקשור טרגדיה כואבת בסרט ורוד של פייסנות הוליוודית מוחק את האומץ של הפתיחה ועושה עוול צורם לכאב האמיתי שנבנה בהתחלה. ""צבע השמיים שלנו"" מספק קריאה שרצה מהר ומחזיקה רגעים בלתי נשכחים בזכות קולה המרסק של מוקטה, אך ההתפשרות על נוסחאות שחוקות הופכת אותו מרומן בעל פוטנציאל לעוד מוצר מדף צפוי שמשאיר בעיקר טעם של החמצה.",989385,צבע השמים (השמיים) שלנו,אמיטה טראסי,רחלי לביא,אריה ניר,2018,376,ספרות,ספרות מתורגמת,https://cdn.simania.co.il/bookimages/covers98/989385.jpg,https://simania.co.il/bookdetails.php?item_id=989385,https://simania.co.il/showReview.php?reviewId=137761,"מסען המטלטל של שתי חברות ילדות, שעולמותיהן מצטלבים ואז משתנים לעד בלילה אחד הרה גורל.

הודו, 1986: מוקטה, ילדת כפר בת עשר נלקחת למקדש האלה ילאמה לעבור טקס שבסופו תוכרז לזונת מקדש, כמו אמה וסבתה לפניה. במאמץ למלט אותה מגורלה, היא נשלחת לעבוד כמשרתת בביתו של אשוק, פעיל חברתי בעיר מומבאי. תוך זמן קצר הופכות מוקטה וטארה, בתו בת השמונה של אשוק, לחברות נפש. טארה, המתעלמת מתכתיבי המסורת ומהבדלי המעמדות שביניהן, חושפת בפני מוקטה עולם חדש – עולם של משחקים, מוזיקה, קריאה – ועוזרת לה להחלים מפצעי עברה. 
אך לילה אחד בשנת 1993, מתנפץ עולמן. מוקטה נחטפת מבית משפחתה של טארה ונעלמת. טארה ואביה מוכי הצער בשל מות האם והיעלמה של מוקטה מהגרים לאמריקה כדי להימלט מזיכרונות העבר המקיפים אותם בכל פינה. 
אחת-עשרה שנים לאחר מכן, חוזרת טארה להודו, נחושה למצוא את מוקטה ולהתמודד עם רגשי האשמה המלווים אותה. החיפוש מוביל אותה לעולם התחתון של בתי הבושת והסחר בנשים, וטארה מתחילה לחשוף סודות נושנים לגבי משפחתה שלה, שעשויים להסביר מה עלה בגורלה של מוקטה. 
צבעם של השמים נע מהכפר ההודי המסורתי אל העיר ההומה מומבאי, ומביא את סיפורן של שתי נשים אמיצות המשמיעות את קולותיהן של מיליוני נשים שקולן מושתק. זהו ספר יפהפה ושובר לב על חברות בלתי אפשרית, על בגידה ובסופו של דבר, על גאולה.

אמיטה טראסי נולדה במומבאי, הודו, וגדלה בה. כיום היא מתגוררת ביוסטון, טקסס. בקרו אותה באתר האינטרנט שלה, www.amitatrasi.com.
""בידיה המוכשרות של טראסי נאספים סיפורים אישיים מורכבים, הנעים בין זמנים שונים ויבשות שונות, לצומת שבו הם מתחברים לסיפור שלם אחד שימשיך להדהד בנו גם לאחר קריאת הדף האחרון."" LIBRARY JOURNAL",,Amita Trasi - The Color of Our Sky,,,,,,,he,Paperback,4.2,24,6,8624,36,0,1
137760,2026-09-17T16:33:20.000Z,4,1,ז'אן ולז'ן הישראלי,337146,אתה לא יכול לכתוב משפט סיום יותר אייקוני מהאחד של הספר הזה,11962,חוות החיות  (כריכה רכה),ג'ורג' אורוול,אברהם יבין,עם עובד,2001,108,ספרות,ספרות מתורגמת,https://cdn.simania.co.il/bookimages/covers1/11962.jpg,https://simania.co.il/bookdetails.php?item_id=11962,https://simania.co.il/showReview.php?reviewId=137760,"""זו ההיסטוריה של מהפכה שסטתה מדרכה והתירוצים המצוינים שניתנו על כל צעד ושעל לסילופה ועיוותה של התורה המקורית."" 

	 

	כך תיאר ג'ורג' אורוול את חוות החיות בדש הספר כשיצא לאור ב 1945. הסָטירה הנוקבת על ברית המועצות ושברו של חזון המהפכה בידי מי שנחשב ה""מצפון של בני דורו"" עדיין מסעירה את קוראיה ומעוררת מחלוקת. עתה, שנים לאחר קריסתה של ברית המועצות וסיומה של המלחמה הקרה, הקריאה החוזרת בחוות החיות מן הראוי שתשוב ותאיר את הגוונים ובני הגוונים של משל פוליטי נפלא זה. הקורא מוזמן לקריאה מחודשת בספר שהושווה לא אחת למסעות גוליבר של סוויפט.

	 

	מהדורה מעודכנת בתרגומו המופתי של אברהם יבין ואחרית דבר מאת הפרופ' אלי שאלתיאל.

	
		במהדורה הראשונה של הספר בעברית ליוו את הספר איורים.
	
		במהדורה זו הוצאת הספרים החליטה להשמיטם, והם אינם כלולים בה.",,Animal Farm,,,,32-20525,,,hebrew,Paperback,4.4,577,55,17972,293,0,1
137759,2026-09-17T16:29:38.000Z,4,0,ז'אן ולז'ן הישראלי,337146,אם כל הספר היה טוב כמו השליש האחרון זה בקלות היה 11/10 אבל זה צריך להסתפק בציון 8.5/10,32526,1984 [מהדורת 2003],ג'ורג' אורוול,ג.אריוך,עם עובד,2003,251,ספרות,ספרות מתורגמת,https://cdn.simania.co.il/bookimages/covers3/32526.webp?v=1784485074879,https://simania.co.il/bookdetails.php?item_id=32526,https://simania.co.il/showReview.php?reviewId=137759,"""האם האח הגדול קיים?""
""ודאי שהוא קיים. המפלגה קיימת. האח הגדול הוא התגלמות המפלגה.""
""האם הוא קיים באותו מובן שאני קיים?""
""אתה לא קיים.""
 
1984, הרומן הדיסטופי הנודע ביותר בספרות העולם ועדיין המפתיע בחיותו ובאקטואליות שלו, ראה אור לראשונה ב־1949. ג'ורג' אורוול חוזה בו חזות דמיונית קשה על דמותו החברתית והפוליטית של העולם בעתיד, עולם השרוי במלחמה בין גושית מתמדת ואשר בו המפלגה שולטת שלטון עריצים אבסולוטי. 
 
בעולם זה, שנדרשת בו נאמנות אידאולוגית ללא סטייה קלה שבקלות, שהכול בו מפוקח בכל עת באמצעים אלקטרוניים ואחרים ואין בו מקום לאישיות ולפרט, מתנהל גיבור הספר וינסטון, אדם שעדיין מסוגל לחשיבה משלו. כשנוצר קשר אהבה בינו ובין אישה צעירה ששמה ג'וליה, והשניים מנסים לממש את אהבתם האסורה ולמצוא להם זכות ויחוד משלהם, מעשיהם הופכים לביטוי של מרי שמעורר עליהם את זעמו הדורסני של המשטר.
 
במלאת שבעים שנה לפרסומו הראשון של 1984 אנו מגישים תרגום חדש של ספר חשוב זה.
 
תרגום חדש: ארז וולק 
 
עיצוב העטיפה: יוסי למל מבכירי המעצבים הגרפיים בישראל העוסק בסוגיות חברתיות ופוליטיות.",,,,,,32-11048,ספריה לעם - קלאסיקה,154,hebrew,Paperback,4.5,1230,122,43867,818,9,1
137758,2026-09-17T16:28:34.000Z,5,0,ז'אן ולז'ן הישראלי,337146,"כל הזמן חשבתי ""לעזאזל איך הפרולוג יתחבר לשאר הסיפור"" ואז הטוניסאי הגיע אחרי שסיימתי איזה 80 אחוז מהספר, וזה היה ממש מטורף",689899,ילד 44,טום רוב סמית,הדסה הנדלר,כתר,2009,436,ספרות,ספרות מתורגמת,https://cdn.simania.co.il/bookimages/covers68/689899.jpg,https://simania.co.il/bookdetails.php?item_id=689899,https://simania.co.il/showReview.php?reviewId=137758,"בברית המועצות של סטלין אין פושעים ואין מעשי פשע מלבד פשעים נגד המדינה.
לכן, כשגופתו של ילד נמצאת על פסי רכבת במוסקבה, נשלח אל הוריו לב סטיפנוביץ´ דמירוב, סוכן נאמן של המשרד לביטחון המדינה, כדי לשכנע אותם שבנם מצא את מותו בתאונה. 
אבל האם הוא משוכנע בכך בעצמו? 
ואולי בכל זאת פועל בגן העדן הקומוניסטי רוצח סדרתי? 
בחשאי ובניגוד לעמדת הממונים עליו, כשהוא נרדף על ידי עמיתיו משירותי הביטחון הסובייטיים, נסחף לב לחקירה שתוביל אותו למצוד עוצר נשימה אחרי רוצח אכזרי ברחבי ברית המועצות, מצוד שבסיומו תחכה לו הפתעה מצמררת.

ילד 44, ספרו הראשון של הסופר האנגלי טום רוב סמית (יליד 1979), הוא רומן מתח מקורי ומסעיר, המשחזר את אווירת הטרור של השלטון הסטלינסטי ושוזר בה עלילה בלשית אפלה ומורכבת. 
עם צאתו לאור הוא הוכתר כאחד מספרי המתח המשובחים של השנים האחרונות, תורגם מיד לשפות רבות וזכה בפרס ""דוקרן הפלדה"" למותחן הטוב ביותר של 2008.

""הישג אמיתי... רומן מתח משכנע שנקרא בנשימה אחת.""
גרדיאן

""עלילת המתח סוחפת מתחילת הספר ועד סופו.""
ניוזוויק",כתר - מתח,,,,,10-277164,ילד 44,1,he,Paperback,4.4,451,168,31059,539,12,1
137757,2026-09-17T16:27:40.000Z,5,0,ז'אן ולז'ן הישראלי,337146,"על כמה ספרים אתם יכולים לומר שהייתה בהם סצינת סקס שגרמה לכם לבכות?
אני יכול להעיד על עצמי: רק ספר אחד. וזה הספר הזה.
הייתי בן שש עשרה כשקראתי את זה ובכיתי וחשבתי ""הולי שיט הם מזדיינים""
כן זה בקלות אחד הספרים הכי טובים שקראתי בחיי. ממליץ גם למי שלא אוהב אירוטיקה בגלל שזה ממש לא הפוקוס של הספר הזה, גם אם יש איזה 3 וחצי סצינות של אונס. הרוב זה דמויות חוטפות בראש ובנייה של קתדרלה. וקן פולט כותב נהדר",19663,עמודי תבל,קן פולט,ציפי בורסוק,מודן,1989,640,ספרות,ספרות מתורגמת,https://cdn.simania.co.il/bookimages/covers1/19663.jpg,https://simania.co.il/bookdetails.php?item_id=19663,https://simania.co.il/showReview.php?reviewId=137757,"עמודי תבל הוא רומן, שבו כל מה שקוראיו של קן פולט מחפשים: תככים, קצב מהיר, מניעים נסתרים, נקמה וסיפורי אהבה. אך מה שעושה את עמודי תבל שונה הם זמן ההתרחשות - המאה ה12-, המקום - אנגליה בימי הביניים והנושא - בניית קתדרלה.
קן פולט משחזר את האווירה, את המאורעות ואת הדמויות בכל פרט: ערי החומה, היערות, המצודות והמנזרים הופכים להיות קרקע מוכרת. יחד עם ההתוודעות לחיי בעליה השררה העשירים, מכיר הקורא גם את עיתות המלחמה, את חיי היומיום, את בעלי המקצועות ומעל לכול - את בניית הקתדרלה הנמשכת על פני 40 שנה, ומשפיעה על חייהם של כל המעורבים בהקמתה ועל אופיה של אנגליה כולה.

עמודי תבל היא יצירת מופת מרתקת ועוצרת נשימה, הסוחפת את הקורא אל מחוזות אחרים במקום ובזמן, אך מוכרים במניעים ובמאוויים.",,,,,,,,,hebrew,Paperback,4.4,325,93,23789,300,3,1
137756,2026-09-17T16:23:54.000Z,5,0,ז'אן ולז'ן הישראלי,337146,"זה ספר שקראתי בזמן המלחמה עם איראן. אירוני לקרוא ספר פוסט אפוקליפסי בעולם אפוקליפסי.
לארי, ניק והטרלוד הם כנראה ברשימת חמשת עשרת הדמויות האהובות עלי מכל דבר שהוא ושלושתיהם מהספר הזה. 
קראתי את זה באנגלית והולי שיט הפרקים של פחזבל ""CIBOLLAAAAAAA!!!!!!!"" אחי וואט דה פאק
בכל מקרה,
M-O-O-N זה אומר ""הספר השני הכי טוב של קינג שקראתי"" (אחרי בית כברות לחיות)",3409,העמדה,סטיבן קינג,,מודן,,1056,ספרות,ספרות מתורגמת,https://cdn.simania.co.il/bookimages/covers0/3409.jpg,https://simania.co.il/bookdetails.php?item_id=3409,https://simania.co.il/showReview.php?reviewId=137756,"העולם מושמד: טעות אנוש בת עשירית השניה בפרויקט של משרד ההגנה האמריקני פותחת מכתב שרשרת של מוות. הטובים מתים עם הרעים, הלוחצים על הכפתורים עם המופעלים. אין חנינות, הכסף לא יכפר על דבר.אחוז אחד בלבד נותר בחיים ובעולם החדש. עולם שומם, ללא מוסדות אך עם כל המשאבים, שאין מי שיפעילם. זהו עולם שבו קומץ של ניצולים מוכי איימה חייבים לבחור עמדה, ולהתמודד עם השאלות למה נותרו בחיים, למה דווקא הם נבחרו, לאן הם הולכים. עולם שבו הטוב והמוסרי שבירים מתמיד, והסיוט הנורא ביותר של הרשע מתגלם באיש בעל חיוך קטלני וכוחות על טבעיים: רנדל פלאג, האיש האפל.העמדה הוא ספר מדהים, מרתק, מעורר מחשבה, אימה, ובוחן כליות ולב. איפה יהיה כל אחד מאתנו? איזה עמדה ננקוט אנחנו? עד כמה נלך איתה?לפניכם הגירסה המלאה של הספר האפוקליפטי של סטיפן קינג, על עולם מוכה מגיפה השרוי במאבק יסודי בין טוב ורע. אפוס אמיתי, מצמרר, שלא פוחד לשאול את השאלות. הפחד הוא רק התשובות של גיבוריו, ושל קוראיו.ספריו האחרים של סטיפן קינג שראו אור בעברית עד כה: ``הניצוץ``, ``הקמיע``, ``בית כברות לחיות שעשועים``, ``עין הדרקון``, ``רזה``, ``זה``, ``מיזרי``, ``החצי האפל``, ``המשחקים של ג`ראלד``, ``דברים שצריך``, ``נדודי שינה``.",,,,,,20-48467,,,hebrew,Paperback,4.4,191,34,18812,198,1,1
137755,2026-09-17T16:19:44.000Z,5,0,ז'אן ולז'ן הישראלי,337146,קראתי את זה בשבועיים הראשונים של מבצע שאגת הארי. השבועיים הכי טובים בחיים שלי. אני בן 17 וחצי כרגע ונכון לעכשיו זה הספר הכי טוב שקראתי בחיי,1000464,עלובי החיים [מהדורת כתר - 2021],ויקטור הוגו,אביטל ענבר,כתר,2021,668,ספרות,ספרות קלאסית,https://cdn.simania.co.il/bookimages/covers100/1000464.jpg,https://simania.co.il/bookdetails.php?item_id=1000464,https://simania.co.il/showReview.php?reviewId=137755,"איך היה נראה העולם אילולא היו בו גיבורים אמיתיים?
 החיים לא האירו פנים לז'ן וַלזַ'ן, בחור טוב לב התומך באחותו האלמנה ובשבעת ילדיה. כשלמשפחה לא נותר כסף לאוכל, ז'ן גונב כיכר לחם ממאפייה, נעצר ונשלח לכלא לחמש שנים. ולז'ן מנסה שוב ושוב לברוח, אך נתפס, וכך מאריך את מאסרו לתשע–עשרה שנים של מרירות ושנאה. כשז'ן משתחרר סוף–סוף, הוא מגלה שעברו הפך אותו למנודה. הוא יוצא לטהר את שמו ולהיאבק למען הצדק ולמען העניים המדוכאים. שלל דמויות מלוות אותו במסעו אל עולם טוב יותר: קוֹזֶט הילדה הנטושה, מַריוּס הצעיר המהפכן, זַ'בֶר השוטר הנוקשה, ההגמון הזקן והטוב, פַנטין האומללה ועוד. כולם נאבקים על קיומם ועל אושרם בתוך חברה אכזרית ומושחתת, המיטלטלת בין מהפכה חברתית והסתאבות מוסרית.  ויקטור הוגו (1885-1802), מגדולי הסופרים והמשוררים הצרפתים, כתב ספרים רבים, מחזות ושירה ונודע כלוחם למען צדק חברתי. יצירתו עלובי החיים נחשבת מאז פרסומה בשנת 1862 לאחת הקלאסיקות הגדולות של הספרות הצרפתית. עד היום היא מרתקת ומרגשת קוראים נלהבים בכל רחבי העולם, וזכתה לעיבודים לקולנוע, לטלוויזיה, לבמה ולרומן גרפי.",,Les Misérables / Victor Hugo,,,,,כתר - קלאסיקה,,he,Paperback,4.6,8,2,421,11,0,1
137754,2026-09-17T14:06:15.000Z,1,0,רוני pery,2978,ספרון שנקרא בשקיקה כמו שסטפן צוויג יוגע לכתוב,1010565,סוד בוער,סטפן (שטפן) צווייג (צוויג),הראל קין,תשע נשמות,2024,136,ספרות,ספרות מתורגמת,https://cdn.simania.co.il/bookimages/covers101/1010565.jpg,https://simania.co.il/bookdetails.php?item_id=1010565,https://simania.co.il/showReview.php?reviewId=137754,"שטפן צוויג, אמן ההצצה לנבכי הנפש האנושית, מפנה הפעם את מבטו אל רגע מכריע בהתבגרותו של אדגר, נער אוסטרי־יהודי שיוצא לחופשה קצרה עם אימו בהרים, מחוץ לווינה. שם הוא נקלע למערבולת רגשות לא שגרתית, שמאיצה את כניסתו אל עולם הסוד של הגדולים, מאתגרת את כל מה שידע על העולם ועל עצמו, וגם מערבת אותו בכמה הרפתקאות ומערכות יחסים שכמותן לא שיער.

צוויג נוגע בידיים חשופות בנפש המתבגר, במנגנוני הבגידה, ההסתרה, הבושה, החרטה וההשלמה, עם קריצה מפורשת לפסיכואנליזה: לחברו זיגמונד פרויד. התוצאה היא נובלה קאמרית מופתית, מסחררת בעלילתה וחכמה בתובנותיה.
סוד בוער עומדת בשורה אחת עם 24 שעות בחיי אישה, מכתב של אלמונית ופחד, נובלות שראו אור ב""תשע נשמות"" בתרגומו הנפלא של הראל קין. במובנים רבים, הספר הזה משלים מקבץ יצירות מאת צוויג, שבהן דמויות מורכבות אחדות ניצבות בתפאורה ציורית ומנהלות מאבק אינטימי להגדרת הסובייקטיביות.",Brennedes Geheimnis,Brennedes Geheimnis,,,,,תשע נשמות,118,he,Paperback,4.2,13,7,1266,12,0,1
137753,2026-09-17T13:29:20.000Z,5,0,יוסף,337137,זה ממש יפה ומאוד אהבתי העלילה ממש יפה ובסוף פתאום הכל מתחבר בבום ואוו,980596,השוודי,רוברט קארייל,רות שפירא,מודן,2015,334,ספרות,מתח ריגול והרפתקאות,https://cdn.simania.co.il/bookimages/covers98/980596.jpg,https://simania.co.il/bookdetails.php?item_id=980596,https://simania.co.il/showReview.php?reviewId=137753,"ארנסט גריפ, סוכן של המשטרה החשאית  השוודית, מוזמן לסייע בחקירת אסיר אנונימי, כנראה שוודי, המוחזק בבסיס צבאי אי שם על אדמת ארצות־הברית. שנים של חקירות באמצעים שהשתיקה יפה להם לא הצליחו לחשוף את זהותו של האסיר, אבל לשונה פרידמן, סוכנת האף־בי־איי, יש חשדות מוצקים נגדו. היא בטוחה שהוא חלק מתא טרור שפעל בקנזס בשירות האסלאם הקיצוני והביא למותם של חפים מפשע. והיא צודקת. אבל לא לגמרי. את זהותו האמיתית איבד האסיר כבר לפני שנים באסון הצונאמי בתאילנד יחד עם אשתו ושתי בנותיו שטבעו. חבול ומבולבל הוא מצליח להגיע לכפר נופש נטוש, ושם מוצא את עצמו מנסה לאחות את שברי חייו לצד חבורה של ניצולים אחרים שפגש. בהנהגתו של סוחר נשק אמריקאי, הם הוגים תוכנית שתקנה להם עתיד טוב יותר. תוכנית שתשיג להם כסף קל ללא פגיעה באחרים. תוכנית שלא מביאה בחשבון את בוגדנותו של סוחר הנשק.  
את הפרק הזה בחייו מסתיר האסיר. אבל הוא לא היחיד שמסתיר חלקים מעברו - גם לארנסט גריפ יש חיים כפולים שהוא חושב שאיש אינו מכיר. אלא ששברי השיחות שהוא מנהל עם האסיר מבהירות לו שדווקא האדם האנונימי ביותר בעולם יודע עליו יותר מכל אדם אחר, ושעל האדם הזה עליו לסמוך, כדי להציל את חייו.        

בספר הביכורים שלו רוברט קארייל בוחן את הדי האחד־עשר בספטמבר, ומאיר את הפשרות המוסריות שאנשים ומדינות נאלצים לעשות בשם הביטחון 
והשרידות.",,,,,,,,,he,Paperback,3.1,8,2,1466,7,0,1
137752,2026-09-17T10:15:36.000Z,3,6,שולמית,332030,"הגעתי ל״843 ימים של הפקרה״ בציפיות גבוהות. שלומי אלדר הוא עיתונאי שאני עוקב אחריו עוד מימי השהות בלבנון וניכרים בספר מקורות רבים ומגוונים עבודה עיתונאית רצינית וחשיפות מעניינות.

ובכל זאת, בכל הנוגע לסוגיית החטופים התאכזבתי. מצאתי את עצמי קורא לעיתים יותר טור דעה ארוך שבמרכזו הביקורת על ביבי מאשר תיעוד שמבקש להתמודד עם מלוא המורכבות. אולי כבר בשם הספר היה רמז לכך שהמסקנה קודמת למסע. הבעיה בעיניי אינה עצם הביקורת (שגם אני שותף לה פעמים רבות) אלא התחושה שנותר מעט מדי מקום לספק, לדילמות ולמציאות שלא תמיד מתיישבת עם הטיעון המרכזי. שהספר לא מאפשר לקורא להתמודד עם מורכבות ובכך גם לפתח ביקורת ששונה מזו שהגיע איתה לעמוד הראשון.

במובן הזה הקריאה הזכירה לי דווקא את ״מתיר אסורים״ של יאיר מירון שקראתי לא מזמן. זו כמעט תמונת מראה - ב״מתיר״ מצאתי המון  ניואנסים, מתחים ודילמות שסיפור החטופים הציב בפני מקבלי ההחלטות באמ״ן ומחוצה לו - וכל זה בלי לוותר על ביקורת נוקבת על המערכת - הצבאית, המודיעינית, התקשורתית ומה לא. 
כאן הרגשתי שהנרטיב הברור בא על חשבון המורכבות. דווקא לנוכח החומר העיתונאי והציפיות מהמחברים  843 ימים של הפקרה הוא בעיניי החמצה.",1028640,חטופים – 843 ימים של הפקרה (הסיפור המלא),שלומי אלדר,,כנרת זמורה דביר,2026,512,עיון,פוליטיקה - ישראל,https://cdn.simania.co.il/bookimages/covers102/1028640.jpg?v=1788767631184,https://simania.co.il/bookdetails.php?item_id=1028640,https://simania.co.il/showReview.php?reviewId=137752,"בבוקר 7 באוקטובר 2023 התחולל האסון הגדול בתולדות ישראל: טבח של 1,164 בני אדם וחטיפת 251 חיילים ואזרחים – בהם נשים, ילדים וקשישים – על ידי ארגון הטרור חמאס. הם נעקרו באכזריות מתוך שלוות בתיהם בעוטף, ממסיבת הטבע ביער ומשגרת החג בבסיסי צה""ל, ונלקחו אל מעבר לגבול, היישר לתוככי הגיהינום של עזה. הצעיר ביניהם היה בן תשעה חודשים. המבוגר בן 86.

כך החלו 843 הימים שזעזעו את המדינה, טלטלו את ערכיה, ושינו, אולי לנצח, את דמותה.

הספר חטופים – 843 ימים של הפקרה הוא סריקת מערכות מקיפה ראשונה, החודרת את מעטה החשאיות, ענני השמועות, ההדלפות והספינים, שערפלו עד כה את תמונת המשא ומתן והמאבק לשחרור החטופים. במסע, שהשתרע בין ירושלים לוושינגטון ובין קהיר לדוחה, גבו העיתונאים שלומי אלדר ורות יובל מאות עדויות, חשפו מסמכים והתכתבויות פנימיות, והרימו את המסך מעל מה שהתרחש בזמן אמת מאחורי הקלעים.

שלב אחר שלב, מתוארים בספר המהלכים במשחק השחמט חסר הרחמים - משחק דמים שהותיר את החטופים מאות ימים בשבי, שם מצאו עשרות מהם את מותם. בספר נחשפים במלואם הוויכוחים בין הדרג הביטחוני לפוליטי, בתוך מטה המשפחות ובקרב צוותי המשא־ומתן הישראלי וגם זה של חמאס.

הכותבים חושפים גם את תרומתם האמיתית של המתווכים המצרים, הקטרים והאמריקאים, את הסיוע שנתנו גיבורים אלמונים שפעלו מתחת לרדאר, את ההשפעה שהייתה למשא־ומתן על תנאי השבי של החטופים, ואת בישול מהלך המט המפתיע שהחזיר לבסוף - חיים ומתים - את כולם.",,,רות יובל,,,,,,he,Paperback,2.5,4,1,114,1,1,1
137751,2026-09-17T06:20:24.000Z,4,3,פרל,81926,"הספר ""מידוויי"" מאת קפטן מיצואו פושידה וקומנדר מאסאטאקה אוקומיה (הוצאת מערכות, 1981) תיאר את הקרב הימי הגדול במלחמת העולם השנייה בין היפנים לאמריקנים, שהיווה את נקודת מפנה במערכה על האוקיינוס השקט. הצלחת הצי האמריקני בקרב בלמה למעשה את התפשטות העצמה היפנית והנחיתה מכה אנושה על הצי הקיסרי היפני. ייחודו של הספר בכך שתיאר את האירועים, ובכלל זה התקפת הפתע המוצלחת על הצי האמריקני בפרל־הארבור ב־7 בדצמבר 1941 וקרבות נוספים, מ""הצד השני של הגבעה"" (אם לשאול משם ספרו המפורסם של לידל־הארט), כלומר מנקודת מבטם של היפנים עצמם.
""המחבר העיקרי, קפטן פושידה, היה קצין מצטיין בזרוע האוויר של חיל־הים. עם תחילת מעשי האיבה היה מפקד כנף בכיר בכוח המשימה של נושאות־המטוסים, שהיה, למעשה, כוח־המהלומה העיקרי של חיל־הים היפני. בתפקידו זה הוביל את התקפת־האוויר על פרל־הארבור, וכן גם מהלומות אוויריות נוספות אותן ביצע כוח־משימה זה. בכל המבצעים הצטיין, והפגין יכולת מעולה. קפטן פושידה נכח בקרב מידוויי מתחילתו ועד סופו על סיפון נושאת־המטוסים ""אקאגי"", אניית־הדגל של כוח נאגומו. מיד אחרי הקרב הועבר לתפקיד מדריך במכללת המלחמה של חיל־הים, כשמשימתו המיוחדת לחקור את הקרב ולהכין דו""ח בהסתמך על כל הדוחות האפשריים, רשמיים ופרטיים גם יחד"" (עמ׳ 15). שותפו, קומנדר אוקומיה, לחם בקרב כקצין מטה בנושאת־המטוסים הקלה ""ריוג׳ו"".
כבר ב־1921 ""הציג הצי לפני קציניו לעתיד את הדוקטרינה ש""האויב הפוטנציאלי הוא אמריקה"" שבו ושיננו באוזנינו שהצי מצדד בהתפשטות דרומה, ושפירושה של התקדמות זו הוא התנגשות עם ארצות־הברית"" (עמ׳ 27).
אדמירל איסורוקו יאמאמוטו, המפקד היפני העליון בים, היה ""מודאג בראש ובראשונה מהאיום הפוטנציאלי הגלום בכוחות הצי האמריקני החזקים שהיו מרוכזים באיי האוואי. אם, כפי שחזה מטה חיל־הים, יהיה מרבית הכוח הימי של יפן עסוק בפלישה לאזור הדרום טרם שהכוחות האמריקניים ישותקו לפחות זמנית, צפה אדמירל יאמאמוטו סכנה חמורה מכל שארה""ב עלולה לתקוף במערב האוקיינוס השקט לפני שחיל־הים היפני יוכל להיערך־מחדש כדי לקדם התקפה כזו. הוא סבר אפוא שכדי למנוע את הסכנה הזו, חיוני לגמרי להכות את צי ארה""ב באוקיינוס השקט, ובעת־ובעונה־אחת לנהל את המבצעים בדרום"" (עמ׳ 35).
בסיכום אחרון, קבע יאמאמוטו, ""יוכרעו ההצלחה או הכישלון של האסטרטגיה שלנו באוקיינוס השקט על־ידי השאלה אם נצליח להשמיד את צי ארצות־הברית, או ביתר דיוק את כוחות־המשימה של נושאות־המטוסים שלו"" (עמ׳ 71).
ההחלטה לתקוף במידוויי התקבלה לאחר הפשיטה האווירית שביצעו לוטננט־קולונל ג׳יימס דוליטל מחיל־האוויר האמריקני ואנשיו ב־18 באפריל 1942. ""בעוז ותושייה האופייניים ל""יאנקים"", הצליח האויב, ככל הנראה, לפתח אמצעים להזנקת מטוסי יבשה כבדים מנושאות־מטוסים, והוא השתמש בתחבולה זו כדי לחדור בעד מערכת ההגנה היפנית"" (עמ׳ 78).
התכנית המקורית הייתה שמפציצים מסוג 25־B ימריאו ממרחק של כ־500 מיילים מהחוף היפני ויתקפו בלילה. בפועל, הכוח הימי האמריקני התגלה ודוליטל ואנשיו המריאו מנושאת־המטוסים ""הורנט"" ותקפו ביום. כאשר ""השליכו טייסיו של דוליטל את פצצותיהם על טוקיו ועל ערים יפניות אחרות"" (עמ׳ 80), הם גרמו למטכ""ל היפני להכריע בשאלה האם לתקוף במידוויי ולבקש קרב ימי מכריע.
מפקד הצי, אדמירל יאמאמוטו בחר לשים דגש בתכנית המבצע על אוניות־המערכה ולא על יכולות הכוח האווירי, על אף שנחשב לפטרון של טייסי הצי היפני ולמי שהאמין יותר מכל מפקד בכיר אחד בפוטנציאל הגלום בהם (ולראייה האופן שבו בוצעה תקיפת נמל פרל־הארבור). ""ייתכן שיאמאמוטו עצמו לקה בנטייה האופיינית ליפנים לדבוק בעבר. או שמא התברר לו שהקונספציות הישנות קבועות כה עמוק עד כי לא יהיה בכוחו להכניס בן־לילה שינויים קיצוניים"" (עמ׳ 86).
נהוג לומר, כתבו המחברים, ""שהמלחמה מורכבת משרשרת של שגיאות הנעשות על־ידי שני הצדדים, וכי הניצחון נופל בחלקו של הצד השוגה פחות. אין ספק שאדמירל יאמאמוטו ופקודיו שגו כהנה וכהנה, כולל שגיאות כאלו שקשה לנו למצוא להן הסבר הגיוני. אך במקום להאשים, חשוב שנהרהר בלקח שניתן ללמוד משגיאות אלה, ומן התבוסה שבאה בעקבותיהן"" (עמ׳ 86).
משחקי המלחמה ששיחקו היפנים כהכנה לקרב, לא דימו את המציאות וניכר שמנהליהם חבשו ""משקפיים ורודות"". קשה למצוא, כתבו המחברים, ""דוגמה מוחשית יותר לחוסר המחשבה ולשחצנות המטופשת מאשר הגישה שאפיינה את משחקי המלחמה בעת ההכנות למבצע מידוויי. כאשר (לאחר קביעת חוקי המשחקים) נרשמו תשע פגיעות של האויב ושתי נושאות־מטוסים יפניות הוטבעו בעקבותיהן, צומצמו התוצאות הללו באופן שרירותי"" (עמ׳ 237). פושידה גם האשים את אדמירל צ׳ואיצ׳י נאגומו, מפקד כוח המהלומה הראשון של נושאות־המטוסים, בהיותו פאסיבי וחסר יוזמה ובכך שסירב להקשיב לאזהרות קציני המטה שלו.
בפועל, ""דיווחים אמריקניים שפורסמו לאחר המלחמה מבהירים היטב שצי ארה""ב באוקיינוס השקט ידע על תכנית הפלישה של היפנים למידוויי כבר לפני שכוחותינו יצאו לדרכם מהנמלים ביפן. כתוצאה מהישג מדהים של המודיעין האמריקני, הצליח האויב לפענח את הקוד העיקרי שהיה אז בשימוש בצי היפני. כך למד האויב על כוונותינו כמעט ברגע בו אנו עצמנו החלטנו עליהן"" (עמ׳ 132).
בעת שהצי היפני שט לעבר האי מידוויי, כתבו המחברים, מפקד צי האוקיינוס השקט האמריקני, אדמירל צ׳סטר נימיץ ואנשיו, ""שאנו האמנו שלא ידעו דבר ולא היו מוכנים, ידעו למעשה על כוונותינו והמתינו בכוננות מלאה לתקוף בבוא העת"" (עמ׳ 135).
בקרב, ב־4 ביוני 1942, נעו לקראת מפגש שני הציים, היפני בפיקוד אדמירל צ׳ואיצ׳י נאגומו, והאמריקני בפיקוד אדמירל ריימונד א׳ ספרואנס. היה ברור שהניצחון יהיה בידי הצי שיחשוף ראשון את כוח האויב, יתקוף אותו וישמידו. ""אדמירל ספרואנס, שפיקד על הכוח האמריקני, תכנן להנחית את המהלומה הראשונה כאשר נושאות־המטוסים שלנו קלטו ותדלקו את מטוסיהן השבים ממידוויי. ההמתנה להזדמנות הפז באה לבסוף על שכרה. הטרף נמצא בהישג יד, והצייד ארך־הרוח נהנה מכל היתרונות"" (עמ׳ 171).
בהקדמה לספר כתב האדמירל ריימונד א׳ ספרואנס, שפיקד בקרב על כוח־המשימה שכלל את נושאות־המטוסים ""אנטרפרייז"" ו""הורנט"", כי ""הצלחתנו בקרב מידוויי הושגה בעיקר הודות למודיעין המעולה שאפשר לנימיץ למצות את מלוא כשרונו"" (עמ׳ 12). כשרון זה, בא לידי ביטוי במנהיגות שהייתה ""נועזת אמיצה וחכמה. הוא הזעיק את כוחות־המשימה 16 ו־17 מדרום האוקיינוס השקט וללא כל שהיות הציבם בעמדת מארב מצפון־מזרח למידוויי. הוא פרס את הצוללות שעמדו לרשותו מצפון־מערב לאי. הוא חיזק את הגנת האי עצמה בחיילי ""מארינס"", ארטילריה ומטוסים, ושיגר מערכת חיפושים אל מעל לאזוריו החיוניים. הוא גם שיגר כוחות לאיים האלאוטיים"" (עמ׳ 13).
ספרואנס, שעשה את עיקר תפקידיו כמפקד בספינות שטח, קבע כי ""המחברים זוקפים לזכותנו (בלא הצדקה) את העובדה שהיטבנו לבחור את עיתוי ההתקפה על נושאות־המטוסים היפניות, כשהללו היו בעמדה של חולשה – סיפוני ההמראה היו עמוסים מטוסים מתודלקים, חמושים ומוכנים לפעולה. לאמיתו של דבר כל שאני יכול לזקוף לזכותנו באותה עת הוא תחושה חריפה של הצורך בהפתעה"" (עמ׳ 11). לדבריו היה לו ולאנשיו רצון עז ""לפגוע בנושאות־המטוסים של האויב בכל כוחנו, ומוקדם ככל שיכולנו להגיע אליהן"" (עמ׳ 12).
בשיאו של הקרב, סיפר ספרואנס, ""גיחת הסיור ששלח האדמירל פלצ׳ר אחר הצהריים מן ה""יורקטאון"" איתרה ה""היריו"" ודיווחה עליה; לאחר מכן נפגעה ה”יורקטאון"" בשתי פגיעות טורפדו בהתקפה השנייה של מטוסים שהמריאו מ""היריו"" ולבסוף הכו המטוסים של ""אנטרפרייז"" ו""הורנט"" ב""היריו"" מכה ניצחת"" (עמ׳ 12).
פושידה, שהוצב על נושאת־המטוסים ""אקאגי"", תיאר את הרגע בו תקפו אותה מטוסי הצי האמריקני בהובלת סגן ריצ׳רד בסט: ""נשאתי את עיני וראיתי שלושה מטוסי אויב שחורים צוללים לעבר הספינה שלנו. אחדים ממקלעינו הספיקו לירות כמה מטחים עצבניים לעומתם, אבל כבר היה מאוחר מדי. הצלליות הגדולות של מטוסי־הצלילה אמריקניים מדגם ""דונטלס"", הלכו וגדלו, ועד מהרה שוחררו מכנפיהם כמה עצמים שחורים. פצצות! הן באו היישר אליי! אינסטינקטיבית השתטחתי על הסיפון, וזחלתי אל מאחורי מחיצת עמדת הפיקוד"" (עמ׳ 174). תחילה, סיפר פושידה, ""הגיעה לאוזני הצווחה המפחידה של מפציצי־הצלילה, ולאחריה נשמע כל הנפץ של פגיעה ישירה. הבזק מסנוור ולאחריו התפוצצות שנייה חזקה בהרבה מן הראשונה"" (עמ׳ 174).
באפילוג של הספר נכתב כי ""ההיסטוריון הימי האמריקני הנודע פרופסור סמואל א' מוריסון מגדיר את ניצחון כוחות ארצות־הברית במידוויי כ""ניצחון של מודיעין"". המחבר מצטרף בהחלט לדעה זו, שכן אין כל ספק שהגילוי המוקדם של תכנית ההתקפה של היפנים היה הסיבה היחידה הבולטת והמידית לכישלון היפנים. כפי שזה נראה מהצד היפני, הצלחת המודיעין האמריקני פירושה היה כישלון לצד שלנו – כישלון בנקיטת האמצעים המתאימים לשמירת סודיות תכניותינו. אילו נשמרה כוונתנו לפלוש למידוויי באותה סודיות בה נשמרה תכנית ההתקפה על פרל־הארבור הייתה תוצאת הקרב עשויה להיות שונה"" (עמ׳ 224).
אך יש לציין כי ""משגה נוסף היה אי־שימת דגש ביעד המרכזי של המבצע – השמדת צי האויב"" (עמ׳ 226). הצי היפני הניח שיצליח לפלוש לאי בטרם יגיע לזירה הצי האמריקני, ""אך אין ספק שהיה עליו להתכונן לאפשרות ההפוכה"" (עמ׳ 226). בסופו של דבר, קבעו, ""הסיבה השורשית למפלה היפנית, לא רק בקרב על מידוויי אלא במלחמה כולה, נעוצה עמוק באופי הלאומי היפני"" (עמ׳ 237). פושידה ואוקומיה כתבי כי ""כאומה, חסרות לנו הבגרות הנפשית וההתניה הדרושה כדי לאפשר לנו לדעת מתי ומה להקריב, כדי להשיג את יעדנו העיקרי"" (עמ׳ 238).
היפנים ידעו שעליהם לנהל מלחמה קצרה, ושלאחר הפעלת כוח מוצלחת שתשלול מהאמריקנים את היכולת לפעול ביעילות באוקיינוס השקט, עליהם לחתור להסכם. אחרת, ידעו, נוכח יחסי הכוחות, יצליחו האמריקנים להתאושש (כפי שאכן קרה) ויביסו אותם. את היפנים דירבנה העובדה שאמריקנים תקפו, בפשיטת דוליטל, את עריהם המרכזיות (ויש דמיון למצבה של ישראל). אולם למרות הבנות אסטרטגיות אלו, הסגירות הקוגניטיבית, הדוגמטיות המחשבתית (שלא לומר עריצות) של הקצונה הבכירה והדבקות בקונספציות ובתפיסות הפעלה מבצעיות שעבר זמנן, הוליכו את היפנים לכישלון, אף שהיה בכוחם לנהל מלחמה אחרת, מוצלחת פי כמה. גם לנו בישראל יש מה ללמוד מכך.",9300,מידוויי,מיצואו פושידה,מרגנית ויינברג,מערכות,1981,296,עיון,הסטוריה  של המאה ה- 20,https://cdn.simania.co.il/bookimages/covers0/9300.jpg,https://simania.co.il/bookdetails.php?item_id=9300,https://simania.co.il/showReview.php?reviewId=137751,"סיפורו של חיל הים היפני - מאת מיצואו פושידה לשעבר קפטן חיל הים הקיסרי היפני ומאסאטאקה אוקומיה לשעבר קומאנדר חיל הים הקיסרי היפני.

קרב מידווי היה נקודת מפנה במערכה על האוקיינוס השקט, והוא מציין את אחד משיאיה של מלחמת העולם השנייה. הניצחון האמריקני בקרב זה עצר את התפשטות העצמה היפנית והנחית מכה אנושה על הצי הקיסרי היפני ועל טייסי זרוע האוויר שלו. במידווי נפוצה יחידת עילית שהובילה את הצי היפני להתקפת הפתע המוצלחת על הצי האמריקני בפרל הארבור ב־7 בדצמבר 1941.

הספר מידווי מגולל את פרשת עלייתו ונפילתו של הצי היפני, וזאת מנקודת מבטם של היפנים עצמם. הוא מתאר את תהליך בנין הכוח בשנים שבין שתי מלחמות העולם, את ההכנות למלחמה ואת שכרון הניצחון היפני שבא בעקבות הצלחתם בפרל הארבור, עיקרן של הספר הוא תיאור מפורט של קרב מידווי וניתוח הגורמים למפלה היפנית. כדברי המחברים: ""בסיכום האחרון, הסיבה השורשית למפלה היפנית לא רק בקרב על מידווי אלא במלחמה כולה נעוצה עמוק באופי הלאומי היפני [...] כאומה, חסרות לנו הבגרות הנפשית וההתניה הדרושה כדי לאפשר לנו לדעת מתי ומה להקריב כדי להשיג את יעדנו העיקרי"".

שני מחברים, מיצואו פושידה ומאסאטאקה אוקומייה, שימשו כקצינים בצי היפני ונטלו חלק בקרב מידוויי. ספרם נכתב בהסתמך הן על ניסיונם האישי והן על מחקרים שערכו בחומר ראשוני ממקורות יפניים, והוא בבחינת מסמך אותנטי מאלף ומעורר למחשבה.",הקרב שחרץ את גורלה של יפן,Midway: the Battle That Doomed Japan / Mitsuo Fuchida | Masatake Okumiya,מאסאטאקה אוקומיה,,9650500103,,,,hebrew,Paperback,4.7,7,1,3461,56,1,1
137750,2026-09-17T02:25:39.000Z,4,14,בנצי גורן,80134,"יש תקופות שהספרות חוזרת אליהן שנים רבות אחרי שהסתיימו. הזמן מאפשר לסופר להתבונן בהן ממרחק, להבין מה היה חשוב ומה היה שולי, ולהפוך את הזיכרון לסיפור. לעומת זאת יש תקופות שבהן הספרות נכתבת כמעט מתוך האירועים עצמם, כשהפצעים עדיין פתוחים וכשאיש אינו יודע כיצד יסתיים הסיפור.
""הלילה הארוך ביותר"" של אשכול נבו שייך לסוג השני.

כל הסיפורים בספר מתרחשים בישראל של אחרי 7 באוקטובר, בתוך מציאות שכבר הפכה עבורנו, באופן כמעט בלתי נתפס, לחיי היום יום: מלחמה מתמשכת, מילואים, הותר לפרסום, משפחות מפונות, בתים שנעזבו, טיסות שמתבטלות, אנשים שמנסים להגיע הביתה ואנשים שכבר אינם בטוחים היכן נמצא הבית שלהם. המלחמה נמצאת בכל אחד מהסיפורים, אבל לא תמיד בחזית. לפעמים היא רק אזעקה, דלת שננעלה, טיסה ששינתה את מסלולה או ארגז שהגיע למשפחה. ודווקא דרך הפרטים הקטנים האלה מצליח נבו לספר משהו גדול יותר על התקופה שבה אנחנו חיים.

זהו קובץ סיפורים, אבל הגבולות ביניהם אינם מוחלטים. דמויות ורמזים עוברים מסיפור אחד למשנהו, וככל שמתקדמים בקריאה מתחילה להיווצר התחושה שלא מדובר באוסף מקרי של סיפורים אלא בפסיפס אחד של חברה שעברה טלטלה ועדיין מנסה לאסוף את עצמה.

אני אוהב את הכתיבה של אשכול נבו: הוא כותב בשפה נגישה וקולחת, אינו זקוק למשפטים מפוארים כדי לגעת בקורא, ובעיקר יודע להתבונן בבני אדם. גם כשהמלחמה נמצאת ברקע, הוא אינו כותב על ""המלחמה"" כמושג מופשט אלא על האנשים שהיא נכנסה אל חייהם ושינתה אותם. מה קורה לזוגיות, הורות, אהבה, בדידות, אשמה, געגוע והצורך בבית, כל אלה ממשיכים להתקיים גם כשהמציאות סביבם השתבשה.

מבין הסיפורים אהבתי במיוחד את ""הארגז הכחול"". הוא מתחיל כמעט בסיטואציה יומיומית: אב שננעל מחוץ לבית משום שבתו החיילת נרדמה ולא שומעת את הדפיקות בדלת. אבל כבר בפרטים הראשונים נמצאת התקופה כולה. המנעול הנוסף הותקן בעקבות 7 באוקטובר, כדי להעניק לילדים תחושת ביטחון. שנה אחר כך אותו מנעול עצמו משאיר את האב בחוץ. מכאן יוצא הסיפור למסע אחר לגמרי, שבמרכזו הארגז הכחול שבו הצבא מחזיר למשפחה את חפציו האישיים של חייל שנפל.

יש משהו חזק מאוד בבחירה הזאת. מלחמה שלמה מצטמצמת לפתע לארגז ובתוכו חפצים. אדם שהיה עולם שלם עבור הוריו, אחיו וחבריו חוזר הביתה באמצעות הדברים שהיו עליו. נבו אינו זקוק כאן לתיאורים גדולים של קרבות או גבורה. דווקא החפצים והמפגש האנושי שנוצר סביבם מצליחים להעביר את האובדן.

אהבתי מאוד גם את ""באש ובמים"". כאן נבו לוקח אותנו אל משפחה שיוצאת לקפריסין, ואל בעל ואב, מילואימניק והלום קרב, שאינו מצליח לעלות על המטוס שיחזיר אותו לישראל. המסע שלו ממשיך בים ומגיע גם להידרה, האי היווני המזוהה כל כך עם לאונרד כהן ומריאן שלו.

בעיניי, זה אחד המקומות שבהם נבו מצליח במיוחד לחבר בין מסע גיאוגרפי למסע פנימי: אדם שמנסה לחזור הביתה אבל צריך קודם להבין אם הוא בכלל מסוגל לחזור אל החיים שהיו לו.

זה לדעתי גם החוט המחבר בין הסיפורים בספר. שוב ושוב אנשים מנסים לחזור הביתה - במטוס, בסירה, במכונית או פשוט דרך דלת הבית, אבל הבית שאליו הם מבקשים לחזור כבר אינו בדיוק אותו בית. משהו השתנה בו, ומשהו השתנה בהם.

נהניתי מאוד מהספר. אולי משום שהוא אינו מנסה להסביר את 7 באוקטובר ואת כל מה שבא אחריו. מוקדם מדי להסברים כאלה. במקום זאת אשכול נבו עושה משהו שהספרות יודעת לעשות היטב: הוא אוסף רגעים, אנשים וסיפורים קטנים ומנסה באמצעותם לתאר איך נראים החיים כאשר ההיסטוריה הגדולה נכנסת פתאום אל המטבח, אל חדר השינה, אל המכונית ואל היחסים שבין בני אדם.

ושמו של הספר מקבל כך משמעות נוספת. הלילה הארוך ביותר אינו בהכרח לילה אחד, הוא התקופה כולה.  תקופה מחורבנת למדי, אבל כידוע תמיד הכי חשוך לפני עלות השחר.",1027391,הלילה הארוך ביותר,אשכול נבו,,כנרת זמורה דביר,2026,222,ספרות,ספרות מקורית,https://cdn.simania.co.il/bookimages/covers102/1027391.jpg?v=1778856686692,https://simania.co.il/bookdetails.php?item_id=1027391,https://simania.co.il/showReview.php?reviewId=137750,"הטיסה של הזמרת קרן עידן מתבטלת והיא חייבת להגיע לתינוקת שלה בלונדון. אז היא עולה על יאכטה בנמל חיפה, בלי לדעת שזו רק תחילת האודיסאה שלה. הטיסה של צביקה, חובש במילואים, שאמורה לנחות בישראל, מופנית לקפריסין. וגם אצלו, זה לא יהיה השיבוש האחרון בתוכניות. כשתומר, עורך דין צמרת, ננעל מחוץ לדירה שלו, הוא נוסע לבית קפה שפתוח כל הלילה. שם הוא פוגש אישה שמטלטלת את עולמו, ומוציאה אותו למסע. 

אלה ועוד הם גיבורי הלילה הארוך ביותר. בים, באוויר וביבשה, הם מנסים בכל כוחם להגיע הביתה. בדרך הם פוגשים זה את זה, מחפשים (ולפעמים מוצאים) אור ומשמעות בתקופה חשוכה. ומחכים, כל כך מחכים, שהבוקר יגיע.

אשכול נבו מגיש לנו יצירה סוחפת ומסעירה, המגששת אחר קרקע יציבה ובטוחה – על סף תהום. בעודה מעוגנת בכאן ובעכשיו, היא ממריאה מעל למציאות היום־יומית ונושאת עמה את קוראיה. ההצטלבויות העדינות שנבו רוקם בין גיבוריו יוצרות רשת ביטחון, המזכירה לנו שגם כשנדמה שהכול נשמט, עדיין אפשר להיאחז במילים, במוזיקה, באדם.

ספריו של אשכול נבו תורגמו ל־14 שפות, וזכו בפרסים ספרותיים בארץ ובחו""ל. ב""ניו יורק טיימס"" תיארו את כתיבתו כ""מהפנטת"", וה""קוריירה דה לה סרה"" קבע שהוא אחד הסופרים הבולטים בדורו בעולם.",,Homebound / Eshkol Nevo,,,,,,,he,Paperback,3.8,21,10,747,10,1,1
137749,2026-09-16T20:39:03.000Z,5,1,דנה,285971,"״מסיבה של שקרנים״-קלסי קוקס

הוצאת ידיעות אחרונות

316 דף

                 WOW!!!!!!!!!

הכל מתחיל מבית ויקטוריאני ענקי שנבנה בסוף המאה ה-19. הוא נבנה עבור איידה ע״י וילהלם פוגל, בעלה. היתה להם תינוקת שנפטרה ממחלה, אולם איידה מתאבדת מצער  ווילהלם עזב את הבית. וכך, במשך מאה שנה ומעלה, חשבו שזה בית רוחות.

בשנת 2010 הוא שופץ מסיבית ונרכש ע״י איתן מתיוס, פסיכיאטר מצליח,  שנשוי לדני, אשתו הצעירה ואב לבת תינוקת בשם שרלוט וגם אבא של סופי שחוגגת sweet 16 בבית הפאר. גם קים, אמא של סופי מוזמנת ליום ההולדת.

ודני, כקונדיטורית שהיתה, אופה לסופי עוגה חלומית.

היא חושבת בראשה על איתן שהוא לא יודע את כל האמת.

(זה גורם לי לחדווה שמשהו הולך לקרות כאן😳).

יש לסופי חברה טובה בשם מיקיילה. שתיהן הכירו בגיל 3 והן לא עזבו אחת את השניה כל השנים (מזכיר לי את חברתי היידי שמגיל 8 לא עזבנו אחת את השניה).

לשרלוט יש מטפלת בשם אורלה, אישה בת 70. בכל ערב כשהיא מסיימת לעבוד, יש לה הרגשה שיש משהו רע בבית הזה.

אורלה הגיעה אליהם דרך המלצה של השכנה המבוגרת וורה.

האומנם?

קים כועסת על מה שהגיע לה עם הבית הזה, היא שיפצה במו ידיה כשלא היה לה ולאיתן מספיק כסף למשפצים, היא הגתה את רוב האדריכלות של הבית ועיצובו ועכשיו דני נהנת בו במקומה. מרגיז מאד!

אני מרגישה נעלבת במקומה, זה היה החיים שלה, זה אמור להיות החיים שלה.

אבל בתור אשתו השיכורה, תמיד, של איתן, היא שילמה את המחיר.

כל אחת מהדמויות מספרת את הצד שלה בגוף ראשון. ובכך רואים עד כמה הם שקרנים ומסתירים סודות.

מאד מעניין, הספר סוחף אותי, בתענוג.

מה דני חוותה שכולם חוששים שתתנהג יפה כלפי בתה שרלוט?

מי משאיר לה פתקים שלא מגיע לה לחיות חיים מושלמים?

למה קים כל הזמן עצבנית?

מה אורלה מסתירה?

וואו, המתח בשיאו, כל ״החברים״ זו ערימה של צפעונים, כל הבית ״חי״ והאנשים נמצאים שם כעכברים במבוך של שקר.

הסופרת מתעתעת בקורא כשההפתעה מגיעה מעבר לפינה בהתנגדות חזיתית.

בהחלט ספר נהדר!!!!

מאד מומלץ!!!!!",1028557,מסיבה של שקרנים,קלסי קוקס,שרון פרמינגר,ידיעות ספרים,2026,320,ספרות,מתח ריגול והרפתקאות,https://cdn.simania.co.il/bookimages/covers102/1028557.jpg?v=1788399892269,https://simania.co.il/bookdetails.php?item_id=1028557,https://simania.co.il/showReview.php?reviewId=137749,"זהו יום הולדתה השישה־עשר של סופי מתיוס. אביה לא חסך בהוצאות: נשף יוקרתי ומוגזם, אחוזה מפוארת על שפת צוק ורשימת המוזמנים הכי שווה שאפשר לדמיין. אבל רגע אחרי שמכבים את הנרות על העוגה והאורות שבים ונדלקים, נשמעת צרחה. שנמשכת כאורך הזמן שבו גוף צולל מטה באוויר.

רשימת האורחים קטלנית:

דני – האם החורגת הצעירה והיפהפייה, שמאז לידת בתה אכולת ספקות עצמיים. 

אורלה – המטפלת האירית, הנוטה להאמין באמונות טפלות וחשה שסכנה מרחפת מעל הבית. 

מיקיילה – חברתה הטובה ביותר של כלת השמחה, ואולי לא תמימה כמו שכולם חושבים. 

קים – האקסית הערמומית של אבא, שמעולם לא התגברה על הכעס שלה. 

כולם מוזמנים למסיבה. לא כולם יֵצאו ממנה בחיים. 

מסיבת סוויט סיקסטין נוצצת וגדולה מהחיים – מהסוג שיודעים להפיק רק בטקסס – נהפכת לזירת פשע קטלנית במותחן אפל, מסחרר ומלא תפניות, המעניק ניחוח רענן לתעלומות בנוסח ""מי עשה את זה?"". 

הסופרת קלסי קוקס גרה באזור הגבעות של טקסס, מגדלת שתי בנות וצופה במותחנים בריטיים – כל החומרים הדרושים ליצירת ספר מתח שחייבים לקרוא עד הסוף. לקוקס, בוגרת תואר שני בכתיבה יוצרת, יש חיבה מיוחדת לדמויות מורכבות, לטוויסטים מפתיעים ולמסיבות שכולם מדברים עליהן. מסיבה של שקרנים הוא ספר הביכורים שלה, ואם יהיה לכם מזל – היא תזמין אתכם גם לאירוע הבא.",,,,,,,,,he,Paperback,4.5,2,2,67,2,1,1
137748,2026-09-16T17:19:43.000Z,4,14,קיבוצניק,162298,"הקרב על בריטניה בקיץ 1940 זכה כבר לספרים רבים, למשל ""דו קרב"" המצויין של ג'ון לוקץ'.
למי שרוצה ללמוד על ההיסטוריה של התקופה, האסטרטגיה של המלחמה ועל דמותו של צ'רצ'יל כמנהיג, לא זה הספר להתחיל ממנו.
דרך יומנים אישיים לארסון מתמקד בחיי החוג הפנימי שסביב צ'רצ'יל, איך נראתה שגרת יומו, לילותיו בעת ההפצצות על לונדון, סופי השבוע באחוזה הכפרית צ'קרס וחיי בני המשפחה. החל מקלמנטין האישה שלצידו, מרי ביתו הצעירה שלומדת לאהוב, וקולדוויל מזכירו הפרטי שאינו יודע מאיפה נפל עליו הבוס האקסצנטרי הזה. לאט לאט הוא משנה את דעתו.
הספר מתמקד בשנה הקשוחה שבין מאי 1940 שבו נפלה צרפת, לבין מאי 1941 רגע לפני פלישת הגרמנים לבריה""מ. שנה שבה עמדו הבריטים לבדם וצ'רצ'יל נותר מגינה האחד של התרבות המערבית, מחכה לנס האחד שעליו הטיל את כל יהבו - הצטרפות ארה""ב למלחמה.
בשורות האיוב המגיעות זו אחר זו, הסיורים בערים המופצצות ללא הרף, לונדון, קובנטרי, פלימות' ובריסטול. להראות את עצמו לציבור, לשדר עוז רוח. כשבחרי חדרים פניו קודרות, והשכרות מטביעה את הנטל העצום.
עכשיו כשאנחנו רואים מה קורה לתרבות הזו שעליה נלחמו אז כך, נשאלת השאלה האם זה לא היה לשווא.",1028556,הנפלא והשפל,אריק לארסון,נעם רחמילביץ',בבל,2026,660,עיון,הסטוריה  של המאה ה- 20,https://cdn.simania.co.il/bookimages/covers102/1028556.jpg?v=1788365217046,https://simania.co.il/bookdetails.php?item_id=1028556,https://simania.co.il/showReview.php?reviewId=137748,"ביומו הראשון של וינסטון צ'רצ'יל כראש ממשלה, פלש אדולף היטלר להולנד ולבלגיה. פולין וצ'כוסלובקיה כבר נפלו, ופינוי דנקרק היה במרחק שבועיים בלבד. במשך שנים-עשר החודשים הבאים יזם היטלר מערכה מתמשכת של הפצצות מסיביות שגבתה את חייהם של כ-45,000 בריטים. על צ'רצ'יל הוטל לאחד את עמו ולשכנע את הנשיא פרנקלין רוזוולט שבריטניה היא בעלת ברית ראויה, ושהיא נחושה להילחם עד הסוף. 

בהנפלא והשפל מראה לנו אריק לארסון כיצד לימד צ'רצ'יל את העם הבריטי את ""אמנות חוסר הפחד"". זהו סיפור של הליכה על סף תהום פוליטית, אך גם דרמה ביתית אינטימית, המתרחשת על רקע צ'קרס, מעון הכפר של ראש הממשלה; אחוזת דיצ'לי, מקום המפלט שלו בימי המלחמה, שאליה הוא נסוג עם פמלייתו בלילות שבהם הירח מלא וסכנת ההפצצות בשיאה; וכמובן דאונינג 10 בלונדון. 

כשהוא מסתמך על יומנים, מסמכים ארכיוניים מקוריים ודוחות מודיעין שחלקם היו חסויים עד לאחרונה, מציע לארסון מבט חדש על שנתה הקשה ביותר של לונדון. 

על רקע ליקוי המאורות הפוליטי של ימינו, הנפלא והשפל מחזיר אותנו אל תקופה של מנהיגות אמיתית, שבה, בימים של אימה מצמיתה, הצליח צ'רצ'יל, ברהיטות, באומץ לב ובנחישות, לאחד אומה שלמה. 

הספר עמד שבועות ארוכים בראש רשימת רבי המכר של הניו יורק טיימס ונבחר לאחד הספרים הטובים של השנה על ידי שורה ארוכה של כלי תקשורת מובילים.","סאגה על צ‘רצ‘יל, משפחה ונחישות בתקופת הבְּלִיץ","The Splendid and the Vile: A Saga of Churchill, Family, and Defiance During the Blitz / Erik Larson",,,,,,,he,Paperback,4,1,1,105,0,0,1
137747,2026-09-16T14:28:04.000Z,5,3,יפעתי,42322,"זיו ואלי-ה פותחים ומסיימים את הספר בתודה ואני מודה להם עליהם. 
אתם זוג מעורר השראה. 
הספר נפתח ברגעי האימה במיגונית המוות ומתפצל לשני סיפורים. 
אלי-ה מתאר שוב את רגעי החטיפה, הדרך לעזה, המכות, המנהרות וההישרדות. 
ו- זיו- מתארת את ההישרדות לצד האובדן והשכול של אחיינה, עמית ז""ל וחברתו קארין ז""ל, את המאבק לשחרורו של אהובה מהשבי לצד אמו, משפחתו והמדינה כולה. 
גם שמסתיימים 505 ימי השבי הם נמשכים עד היום ה - 738 ומתארים את הצטרפותו של אלי-ה למאבק לשחרור אלון ויתר החטופים מהשבי, עד החטוף האחרון. 
מאבק, בארץ ובחו""ל, הרצאות, הסברים מול הכחשה ומעשי חסד מרגשים. 
זיו ו - אליה מאחלת לכם חיים מאושרים של ביחד, שתמשיכו לכתוב את הפרקים הבאים של חייכם. 
זכיתם אחד בשנייה ואנחנו זכינו בעל כורחכם להכיר אתכם ואת יתר החטופים והחטופות, חבל רק שזה קרה בנסיבות האלו. 
ספר מרגש, מומלץ בחום.",1028632,עיישה - לבנות בית יחד מתוך ההריסות,זיו עבוד,,ידיעות ספרים,2026,280,ספרות,סיפורי חיים,https://cdn.simania.co.il/bookimages/covers102/1028632.jpg?v=1788705415510,https://simania.co.il/bookdetails.php?item_id=1028632,https://simania.co.il/showReview.php?reviewId=137747,"כולנו ראינו את הסוף הטוב. את החיבוק שהיה לרגע אחד תמונת ניצחון. מה שלא ראינו זה את מה שקורה כשהמצלמות כבות, האיחוד נגמר וצריך ללמוד מחדש איך לחיות יחד.

אלי־ה שרד במנהרות החמאס כשהוא משוכנע לכל אורך הדרך שזיו נרצחה בטבח. זיו, שנפצעה והצליחה לשרוד את מיגונית המוות, נלחמה מאז אותו יום בכל כוחה להשיב הביתה את האיש שהיא אוהבת. במשך 505 ימים כל אחד מהם ניהל מלחמה אחרת.

כשסוף־סוף נפגשו, הם גילו שלא רק הזמן הפריד ביניהם. אלי־ה חזר מהשבי עם טראומה עמוקה ועם צלקות שאיש אינו רואה. זיו חזרה ממאבק בלתי פוסק להשבתו, ששינה גם אותה, לצד ההתמודדות עם הטראומה שהיא נושאת מאז שבעה באוקטובר.

כל אחד מהם נשא כאב אחר, פחדים אחרים וזיכרונות שאי־אפשר פשוט להשאיר מאחור. 

הם גילו שהשחרור מהשבי היה רק תחילתו של המסע האמיתי.

איך בונים מחדש זוגיות כשכל אחד חי חיים אחרים לחלוטין במשך זמן רב כל כך? כיצד מחזירים את האמון, הקרבה והאינטימיות כשבנפש עדיין מתחוללת מלחמה? ואיך לומדים לאהוב מחדש, כשגם האהוב וגם האהובה כבר אינם אותם האנשים שהיו?

בספרם המשותף הראשון, עיישה, זיו עבוד ואלי־ה כהן מספרים בכנות ובאומץ על רגעי השבר, על הטיפולים, על הוויכוחים, על התקווה, על הבחירה היומיומית להמשיך יחד ועל הדרך הארוכה שהובילה אותם מן המנהרות אל החופה.

 

עיישה הוא ספר על אהבה גדולה ששרדה 505 ימים של חושך, על זוגיות שנבחנה עד קצה גבול היכולת האנושית, על האפשרות לצמוח גם מתוך השבר ועל הבחירה לדבוק בחיים גם כשהעבר אינו מרפה.",,,אלי-ה כהן,,,,,,he,Paperback,4.5,2,1,45,2,0,1
137746,2026-09-16T11:34:07.000Z,2,2,רוני pery,2978,כתוב בצורה יבשה ומשעממת ולכן נטשתי. גם לספר תעודי בחלקו צריך כשרון כתיבה.,648222,הביתה,אסף ענברי,,ידיעות ספרים,2009,276,ספרות,ספרות מקורית,https://cdn.simania.co.il/bookimages/covers64/648222.jpg,https://simania.co.il/bookdetails.php?item_id=648222,https://simania.co.il/showReview.php?reviewId=137746,"""באחד משני חדרי הרווקות תלו הבחורות בסתר, על חוטים שהן מתחו תחת למיטות, תחתוניות משי וכותנות לילה מהבית, שמהן לא יכלו להיפרד לטובת מחסן הבגדים. 
כל עוד גרו באוהלים וברפת נטולת הפרטיות, החביאו אותן בתרמיליהן; 
עכשיו לבשו אותן וחוו שוב, כמו בברית המועצות, ריגוש מחתרתי.
""הביתה הוא סיפורו של קיבוץ מלידתו עד מותו. 
זהו סיפורם של אנשים שעזבו את ביתם כדי להגיע הביתה. 
הם נטשו את הוריהם, את שפתם ואת אמא רוסיה למען ארץ משלהם, וניסו להיפטר מהכמיהה האנושית למשפחה, לפרטיות ולרכוש, כדי ליצור חברה טובה יותר על פי הבנתם. 
חלקם השכילו למות לפני שמפעל חייהם התנפץ. 
חלקם עדיין כאן.

בסגנונו העז והתמציתי מגולל הספר עלילה סוחפת ומעוררת השתאות, המבוססת על שחזור עובדתי מדוקדק. 
הוא מוליך את סיפור חייו של הקיבוץ דרך כל שלבי ההתהוות, ההיסדקות וההתרסקות, ומתמקד בשבעה גיבורים ראשיים - באהבותיהם, בריביהם ובגילויי הרוך והאכזריות, העוצמה והגיחוך. 
הביתה הוא מעשה ספרותי נועז, המשתחרר מן ההבדלה המקובלת בין הספרותי לתיעודי, והופך בכך ליצירה מרשימה ומרטיטת לב; 

יצירה הלופתת את שאלות היסוד של ההיסטוריה והתרבות הישראלית, ומעניקה להן חיים, רגשות, כאב וגדולה. - דב אלבוים.

אסף ענברי נולד ב-1968 בקיבוץ אפיקים, וכיום הוא תושב קיבוץ גשר. 
למד ספרות כללית באוניברסיטת תל אביב והמשיך ללימודי ספרות עברית באוניברסיטת בר-אילן, שבה כתב דוקטורט על הגותו הספרותית והתרבותית של ביאליק.מלמד במכללת כנרת ובמכללת עלמא בתל אביב. מפרסם זה עשרים שנה מסות וסיפורים בכתבי עת ובעיתונים. 
נשוי לנעמי ואב לאריאל.",,Home,,,,,פרוזה עברית,,he,Paperback,4.1,166,51,18129,239,2,1
137745,2026-09-16T10:15:28.000Z,3,5,לי יניני,94544,"""הטרגדיה של החיים איננה המוות, אלא מה שמת בתוכנו בזמן שאנחנו חיים"". נורמן קאזינס

הרומן נע בין גרינסבורו שבאיווה בשנת 1967 לבין שנת 2019, ובמרכזו חברות עמוקה בין שלוש נשים מרקעים שונים, שסודות מן העבר ממשיכים לעצב את חייהן ואת חיי משפחותיהן.

העלילה נפתחת בשנת 2019, בהלוויית אמן של שתי אחיות שהתרחקו זו מזו. להפתעתן מגיעה למקום קיטי, כוכבת קולנוע מפורסמת, והופעתה מעוררת מיד שאלה: מה היה הקשר בינה לבין אמן? המפגש המסתורי מניע את העלילה ומוביל לחשיפת סודות משפחתיים מן העבר.

כדי להבין את משמעות המפגש בהלוויה, חוזרת העלילה לגרינסבורו של שנת 1967.

בטי-קיי וקיטי נפגשות כשותפות לחדר בבית הספר לאחיות, אף שאין ביניהן כמעט דבר משותף. בטי-קיי היא בת איכרים שעזבה את הכפר כדי להגשים את חלומה, ואילו קיטי נשענת על יופייה ופיקחותה כדי להסתיר סוד מעברה. למרות השוני הן רוקמות קשר אמיץ, ובהמשך מצטרפת אליהן ג'יני, המבקשת לטפל בחיילים שנפצעו בווייטנאם. בשל צבע עורה, חלומה להיות רופאה נבלם.

טרגדיה בחייה של בטי-קיי מפרידה בין החברות, אך קיטי ממשיכה לתמוך בה ברגעים הקשים והגורליים ביותר. גם לאחר שדרכיהן נפרדות, הקשר ביניהן נשמר לאורך השנים — הרחק מעיני הסובבים.

בשנת 2019, כשקיטי מגיעה להלוויית אמן של שתי האחיות, נחשף הקשר הסודי בינה לבין המנוחה. הופעתה מאלצת את הבנות להתמודד עם שאלות שלא נשאלו בחייה של אמן ועם סודות שעשויים לשנות את האופן שבו הן מבינות את משפחתן.

העלילה קולחת ומסקרנת, גם אם חלק מן ההתפתחויות צפויות. המעבר בין ההווה לעבר מעשיר את הסיפור, והדמויות פותחות צוהר לתקופת מלחמת וייטנאם — לפצועי המלחמה, להלומי הקרב ולהתמכרות לסמים.

זהו ספר מרגש וסוחף, העוסק לפני הכול בכוחה של חברות ארוכת שנים. לצדה הוא בוחן תעוזה והתבגרות, יציאה נגד מוסכמות חברתיות, נאמנות ומערכות יחסים מורכבות בתוך המשפחה — ובייחוד בין אם לבנותיה.

נדרשים כמה עמודים כדי להיכנס לעולמה של העלילה, אך לאחר מכן היא צוברת תנופה והופכת למרתקת.

מולי פיידר מצליחה להעביר לקוראים את רוח תקופת מלחמת וייטנאם ואת הפצעים שהותירה בחברה האמריקאית. אף שנכתבו ספרים והופקו סרטים רבים על המלחמה, הרומן מעניק לנושא ממד אישי דרך חייהן של הדמויות.

בשורה התחתונה: זהו רומן על המחיר ועל האפשרויות הטמונים בבחירה לקחת סיכון. בטי-קיי מעיזה לחרוג מן המסלול שהוכתב לה, והבחירות שלה מעניקות לסיפור את לבו הרגשי. למרות פתיחה מעט איטית ועלילה שאינה תמיד מפתיעה, הספר מרגש, סוחף ומומלץ.

מומלץ לחובבי רומנים היסטוריים וסיפורים על חברות נשית, סודות משפחתיים והבחירות שמעצבות חיים שלמים.
לי יניני",1025400,בנות השמש,מולי פיידר,צילה אלעזר,ידיעות ספרים,2025,360,ספרות,ספרות מתורגמת,https://cdn.simania.co.il/bookimages/covers102/1025400.jpg,https://simania.co.il/bookdetails.php?item_id=1025400,https://simania.co.il/showReview.php?reviewId=137745,"רגע אחד בחיים מצית חברות של פעם בחיים...
גרינסבורו, איווה, 1967. לבטי-קיי ולקיטי, שותפות לחדר בבית הספר לאחיות, אין כמעט שום דבר במשותף. בטי-קיי היא בת איכרים שסיכנה את יחסיה עם משפחתה כדי להגשים את חלומותיה הרחק מעיירת הולדתה הכפרית. לעומתה, קיטי הקוסמופוליטית נשענה תמיד על יופייה ועל פיקחותה כדי להסתדר בחיים – וכדי להסתיר סוד הרסני מעברה, שממנו היא לא מצליחה להימלט. למרות השוני, השתיים חולקות את הרצון להוכיח את עצמן בעולם משתנה ורוקמות קשר אמיץ ובלתי צפוי בזירת לימודים גברית ועוינת.

עוד בטרם מסתיימת שנת לימודיהן הראשונה, הטרגדיה מכה, ובעל כורחן דרכיהן של השתיים נפרדות. כנגד כל הסיכויים, החברות ביניהן נהפכת לחברות ארוכת שנים וחובקת עולם, ששורדת אהבות, נישואים, כישלונות ומוות, מהג'ונגלים בווייטנאם ועד לחוגי הזוהר של הוליווד. עד שלילה מושלג אחד מביא את הקשר ביניהן לצומת דרכים מכריע.

גרינסבורו, איווה, 2019. שתי אחיות שאיבדו קשר זו עם זו מוכות תדהמה כאשר בהלוויה של אמן מופיעה כוכבת קולנוע מפורסמת. במהלך סוף שבוע סוער אחד נאלצות האחיות להתמודד עם הסיפור האמיתי של משפחתן, סיפור שישנה את חייהן לעד...

""סיפור עוצר נשימה על חברות יוצאת דופן. מולי פיידר כתבה רומן בלתי נשכח."" – ברנס אנד נובל

""סיפור מורכב, חודר ויפהפה, רומן שאסור להחמיץ."" – הוושינגטון אינדיפנדנט",,The Sunshine Girls,,,,,פרוזה,,he,Paperback,3.5,6,2,133,3,0,1
137744,2026-09-16T09:14:38.000Z,4,5,roeilamar,278705,"למחזה הזה הגעתי דווקא דרך סרט. ""הקופסה"" של ריצ'רד קלי, אחד המוחות הכי מרתקים שאי פעם עסקו בקולנוע. אחת הדמויות הראשיות בסרט היא מורה, ויש סצנה בה היא מנתחת את המחזה הזה מול כיתה. גם אח""כ המחזה יחזור ויתחרז לו עם נושאי הסרט (למעשה, הסרט הוא במידה מסוימת הרעיון של ""בדלתיים סגורות"" מוגדל ליקום שלם), אז בהתחשב בפנומנליות של הסרט ושל גוף העבודה של קלי בכלל (קיבלתם כאן גם המלצת מחזה וגם המלצת סרט ביחד!) ניגשתי לקרוא את המחזה.

הדבר המעניין כאן זה עד כמה המחזה הזה מרגיש מודרני ועכשווי. זה בגלל שהמחזה הזה הוא בעיקרון - רק בינינו, כן? - פרוטו תוכנית ריאלטי שכזה.
כלומר, העלילה של המחזה היא 3 אנשים דפוקים שנסגרים בחדר אחד בלי שום הסחת דעת כדי לעשות אחד לשני את המוות (ליטרלי). מזכיר לכם משהו? כן, זה פחות או יותר ""האח הגדול"". היורשים של סארטר צריכים לקחת מהם תמלוגים..

זה מחזה קצר (50 עמודים בפורמט קטן) כך שהגימיק שלו לא מתיש את עצמו, והוא מצליח להיות סוער ודינמי בתוך האורך הקצר הזה. יצירה קולחת שהיה כיף לקרוא ואני מניח שעוד יותר כיף לראות על הבמה.
מה שכן, יש במחזה הזה מדי פעם את הדרמטיות וההתנסחות הצרפתית הטיפוסית הזו שאני לא ממש אוהב. נו, עם כותב כמו סארטר, הוגה צרפתי די סטריאוטיפי, אני מניח שזה היה צפוי חח..

הזווית המעניינת במחזה הזה, שאני חושב שהפופולריות של ""האח הגדול"" די מוכיחה, זו העובדה ששלוש הדמויות סובלות ייסורים בכך שהן שוהות בחלל אחד, אבל אף אחת מהן לא מסוגלת ובמובנים מסוימים גם לא רוצה לעזוב. מה שתפס אותי כאן זה לא ""הגיהנום הוא הזולת"", אלא העובדה שהגיהנום הוא הזולת כי אתה לא מסוגל להתנתק ממנו, כי אתה חייב אותו שם.
שלוש הדמויות כאן צריכות כל אחת משהו מהאחרים, כדי להגיע להשלמה פנימית עם עצמן. הזהות והשלמות שלהם נסמכת על אנשים אחרים, רק שהאנשים האחרים האלה הם לא בני אדם טובים שרוצים להעניק את העזרה הזו, אלא רואים גם הם את שני האנשים האחרים בחדר כאובייקטים למען מטרתם. מה גם ששלושתם מקבלים כוח ואישור לזהות שלהם ככל שהם גורמים לאחרים לסבול יותר (בעיקר הדמות של אינז).

זה מחזה מרתק מבחינה פסיכולוגית, וגם מרתק מבחינה שטחית - כפי שאמרתי, הוא קולח, סוער, וייחודי.

מה שכן, אולי הייתי רוצה לראות את המחזה הזה חודר עמוק יותר לדמויות ולדינמיקה הזו ביניהן. סה""כ שלוש הדמויות הן די שטחיות. יש גם אנשים שטחיים אני מניח, ובכל זאת.

8\10 תראו את ""הקופסה"", ותקראו את המחזה הזה.

נב - שכחתי לכתוב על התרגום עצמו! אז ככה: התחלתי לקרוא בתרגום הישן הזה, אבל אז עברתי לתרגום חדש יותר של יקירי אלי ביז'אווי (זכור לטובה מתרגומי המופת שלו למולייר). ההבדלים לא כאלה מהותיים, למרות שמדי פעם התרגומים קצת סותרים אחד את השני. נראה שביז'אווי נאמן יותר למקור, הוא גם מוריד את המשלב של השפה מהשפה המדוברת - גבוהה של התרגום עליו אני כותב כאן, לשפה מדוברת רגילה. אז לשיקולכם איזה תרגום לקרוא.",7728,בדלתיים סגורות,ז'אן-פול סארטר,חיה ומיכאל אדם,אור-עם,1982,60,אמנות,מחזות,https://cdn.simania.co.il/bookimages/covers0/7728.jpg,https://simania.co.il/bookdetails.php?item_id=7728,https://simania.co.il/showReview.php?reviewId=137744,"בדלתיים סגורות (בצרפתית: Huis clos) הוא מחזה אקזיסטנציאליסטי מאת ז'אן-פול סארטר. המחזה נכתב בצרפתית בשנת 1944, והוצג לראשונה במאי אותה שנה בתיאטרון הוויה-קולומבייה, זמן לא רב לפני שחרור פריז מעול הכיבוש הנאצי.
במחזה מופיעות ארבע דמויות (אחת מהן, המשרת, מופיעה לזמן קצר בלבד), והוא המקור לאחד הציטוטים המפורסמים ביותר של סארטר: “הגיהנום הוא הזולת“ (l'enfer, c'est les autres). המחזה עובד לקולנוע פעמים רבות, וידועה במיוחד גרסתה של הבמאית ז'קלין אודרי משנת 1954.",,,,,,39-6009,,,he,Paperback,4.1,28,7,9171,31,1,1
137743,2026-09-16T06:14:19.000Z,5,4,doro,157127,"ספר מרתק שהצליח לפרוט בהרמוניה משובחת על מיתרי כמיהתי הקמאיים להבנת יקומנו.
הספר מציג קונספטים מעניינים על הקבועים המתמטיים והפיזיקליים לצד ספקולציות על מהותם של יקומים המתנהלים עם ערכים שונים משלנו.
הגיבור בספר, באמצעות שינוי מצב תודעתו בעזרת נוסחא סודית מערבל את מארג המציאות וחולף מבעד לפרגוד אל עולמות קסומים שכל אחד ייחודי ויכול לשמש כמצע לקו עלילה משלו.
לבסוף הסיפור מתכנס לנסיבות הוויתו של הגיבור תוך שימוש מושכל במיסטיקה ולא ארחיב כאן בכדי לא להרוס את ההפתעה.

המלצתי על ספר זה להרבה מהקולגות שלי ועתה אני ממליץ עליו לכולכם, משוכנע שתהנו",1014700,רשומות הכוכבים הנידחים של דוקטור אורבך,ירון אבטליון,,אוריון,2025,267,ספרות,מדע בדיוני ופנטזיה,https://cdn.simania.co.il/bookimages/covers101/1014700.jpg,https://simania.co.il/bookdetails.php?item_id=1014700,https://simania.co.il/showReview.php?reviewId=137743,"דוקטור טוביה אורבך הוא רופא בגמלאות, מתמטיקאי מחונן וחובב אסטרונומיה. הוא חי בגפו בביתו שבנחלאות ירושלים בשנות השבעים והשמונים של המאה שעברה, חיים שגרתיים ושוליים - עד שהוא מגלה במחקריו דרך לצאת למסעות בתודעתו אל כוכבים רחוקים, נידחים ומוזרים.
ב""מסעות"" שהוא עורך ממעבדתו שבעליית הגג, הוא מתוודע לעשרות כוכבים בגלקסיות רחוקות, לצורות חיים ייחודיות ולשלל תופעות משונות - אבל לחרדתו הוא גם מגלה שמסעותיו משנים את המציאות המוכרת, את הזמן, המרחב, היקום וגם אותו ללא היכר.
בניסיון להחזיר את היקום לקדמותו, הוא נעזר בתיאוריה מתמטית - פיזיקלית יוצאת דופן שאותה פיתח במשך עשרות שנים, עד הסוף (או האין־סוף) שבו הוא מגלה את האמת המטלטלת על היקום ועל עצמו ועל הקשר המפתיע והבלתי ייאמן ביניהם.
בספר מנסה המחבר לטוות (או להתיר) את הקשר האפשרי בין היקום, התודעה, הבריאה, ממדים גבוהים ונמוכים, מתמטיקה, פיזיקה, ומה שאנו מכנים ""מציאות"".
הספר בוחן כמה תרגילים מחשבתיים שנלקחו מעולם האי-גיון והדמיון: מה יקרה ליקום ולתודעה האנושית אם המספר הכי ידוע – פאי (3.14), ישתנה ויקטן מתחת לערך 1.52367 ? האם ייתכנו כמה ממדים לזמן כמו למרחב? מה קורה לזמן בעולם שבו חסר ממד מרחב אחד? האם ייתכן חצי ממד? איך עשויות להיראות צורות ריבוי שונות מאלו שבעולמנו? כיצד סדר קודשים במשנה קשור לעיוותים בזמן ועוד הרבה.",או: מה יקרה ליקום ולתודעה ביום שבו 1.52367 >=π?,,,,,,,,he,Paperback,5,1,3,515,3,1,1
137742,2026-09-16T05:41:26.000Z,3,4,אורי החמודה,183049,"הספר הזה הוכחה לוקחים פלוט מעניין ומחריבים אותו עם סצנות אירוטיות למה?
אי אפשר סצינות אירוטיות  וגם סיפור למה זה לא יכול להיות יחד, למה ספר עם עלילה נהפך להיות ספר אירוטי וזה עיקרו.
ומותר לקרוא ספר כזה פעם ב, אבל לא צריך להפוך אותו למשהו נחות. למה?",1028597,ניסוי באהבת אמת,כריסטינה לורן,מיקי מלץ,אהבות,2026,396,ספרות,ספרות קלה - רומנים,https://cdn.simania.co.il/bookimages/covers102/1028597.jpg?v=1788611356239,https://simania.co.il/bookdetails.php?item_id=1028597,https://simania.co.il/showReview.php?reviewId=137742,"פליסיטי ""פיזי"" צ'ן מרגישה אבודה. נכון, יש לה קריירה מדהימה, היא סופרת רומנים רומנטיים, עם כמות מרשימה של רבי מכר ברזומה שלה; אבל כשמבקשים ממנה לשאת נאום בטקס חלוקת תארים, היא מבינה לפתע שהיא לא מיישמת בחייה האישיים את הדברים שהיא כותבת עליהם. 

פיזי לא הייתה אף פעם מאוהבת באמת. תשוקה? כן, בהחלט. אבל התחושה הזאת של להתעלף-ממנו, של לא-יכולה-להפסיק-לחשוב-עליו? לא. שום דבר כזה. מה קורה כאשר האופטימיות, שבמשך כל הקריירה שלה היא ניסתה להנחיל לקוראיה, מתחילה להיראות כמו שקר? 

קונור פרינס, בימאי של סרטים תיעודיים ואב חד-הורי, אוהב את עבודתו בין השאר כי היא מאפשרת לו לגור ליד הבת שלו. אבל כאשר הבוס שלו חובב-הרווחים מודיע לו שעליו ליצור תוכנית ריאליטי, ושהעבודה שלו תלויה בפרויקט, קונור מוצא עצמו מחוץ לסביבתו הטבעית. הוא נואש למצוא איזשהו כיוון רומנטי. פגישה מקרית עם פיזי מספקת לקונור את הפתרון המושלם. מה אם הוא יוכל להראות לעולם את מלכת הרומנטיקה בכבודה ובעצמה מתאהבת עד מעל לראש? פיזי מסרבת בתוקף – אלא אם הוא יקבל את רשימת הדרישות שלה. כשהוא אומר כן, וההפקה של ניסוי באהבת אמת מתחילה, קונור תוהה אם השידוך המושלם הזה יופיע מתישהו בכרטיסיות התסריט גם בשבילו. 

כשהאורות נדלקים וכל העיניים מופנות אליה, מתברר שה-באושר-ובעושר שפיזי כבר כמעט ויתרה עליו, עשוי להימצא ממש מאחורי המצלמה.",,The True Love Experiment,,,,,הספרנית,,he,Paperback,3,1,1,41,1,1,1
137741,2026-09-15T19:24:13.000Z,5,13,משה,76795,"הוצאת ""אסיה"" מוציאה ספרים מעניינים ולא שיגרתיים. בשבוע הספר האחרון רכשתי כמה מספרי ההוצאה. הראשון שקראתי היה ""נזירים מדברים"" עליו אני מאוד ממליץ ותוכלו לקרוא בסימניה את הביקורת עליו.
הספר הזה ישר קפץ לעין, המילה ""מא"" בצירוף הסימנית הידועה בסינית על כריכת הספר מיד תפסו את תשומת ליבי. האמת שמאוד הופתעתי שתורגם ספר לעברית בנושא, זהו אמנם מושג מאוד חשוב להבנת תרבות יפן, אבל מלבד אנשים שעוסקים באמנויות יפניות כגון אמנויות הלחימה, איקבנה, טקס התה, כותבי שירי הייקו וכדומה מעטים האנשים שנחשפו אליו.
אם להגדיר בקיצור וממוקד ""מא"" הוא משהו שאנחנו לא רואים, אבל מרגישים היטב.
דוגמא טובה היא ציור יפני גדול על מגילה, מה שרואים בציור הוא צב קטן בתחתית הימנית ואולי איזה זכר לעשב ליידו וזהו כל השאר לבן, הקלף גודלו כ200X40ס""מ, הצב בקוטר של כ-10ס""מ. מה קורא למתבונן? עיניו מייד נמשכות לצב ומתמקדות בו מכיוון שהרקע הלבן הגדול מחזק ומעצים את נוכחותו של הצב, זה מה ש""מא"" עושה, הוא מעצים את חוויית המתבונן. אגב ציור זה נמצא במוזיאון טיקוטין בחיפה, מוזיאון לאמנות יפנית, בהחלט מומלץ.
אתן עוד דוגמא מתחום אומנויות הלחימה, אם תתבוננו בקאטה תראו שהיא מורכבת מתנועות חדות ומהירות ומתנועות איטיות ואף עצירות מלאות לרגע. למעשה התנועה האיטית והעצירה מחזקות ומעצימות את האפקט של התנועה המתפרצת והמהירה שתבוא אחריהן. אם כל הקאטה הייתה באותו הקצב היא הייתה משעממת לצפיה וכנראה הרבה פחות מרשימה. 
מושג ה""מא"" קיים כמעט בכל היבט בחיי היפנים ובמיוחד באמנויות שלהם.
הספר הזה מאוד מעניין מכיוון  שהוא ממחיש את מושג ה""מא"" תוך מתן דוגמאות ממגוון רחב של תחומים בתרבות היפנית, החל מאדריכלות נוף, גנים, מוסיקה ועד לטקס התה, שירה, אמנויות לחימה ועוד. אני מאוד שמח שספר בנושא זה תורגם לעברית וחושף לראשונה את הציבור להבטים שאינם נראים בתרבות היפנית.
אגב הבטים אלו נמצאים גם בתרבות שלנו רק אנחנו קוראים להם בשמות אחרים ומתבוננים עליהם בצורה קצת אחרת. שווה קריאה.",1027732,מָא - המרווח שבין הדברים,קן רודג'רס,אירית ויינברג,אסיה,2026,226,עיון,פילוסופיה  - מזרח,https://cdn.simania.co.il/bookimages/covers102/1027732.jpg?v=1781273453347,https://simania.co.il/bookdetails.php?item_id=1027732,https://simania.co.il/showReview.php?reviewId=137741,"המושג היפני המסורתי מָא מתייחס להפוגה, למִרווח במרחב ובזמן. לָרגע שאין בו פעולה, והוא מתמלא באנרגיה העוצמתית של השקט והדממה. מָא הוא הרֵיקוּת שבה הזמן, המרחב והמחשבות מוּשהים, רֵיקוּת שהיא הזמנה למוּדעוּת.

מָא הוא הדומייה שבין הצלילים, הנשימה שבין המילים, המרווחים שבין האבנים בגן זן, האתנחתא של רקדן, המתח שבין משיכות המכחול.

החלל הלבן והנוֹכֵח שעוטף את הקליגרפיה, הוא שמעניק לה את עוצמתה. המרחק המדויק שמפריד בין שני אומני לחימה מהותי לקרב ביניהם. המֵתים שממשיכים לנכוח בחיינו, מחדדים בהיעדרם את עצם קיומנו.

הספר מורכב מ-18 מאמרים פרי עטם של אמנים ומורי דרך בתרבות היפנית ומלווה ב־80 תצלומים מרהיבים. הוא יקסום לא רק למתעניינים בתרבות ובפילוסופיה היפניות, אלא לכל מי שמבקש להשתחרר מהלחצים ומהאתגרים של חיי היומיום ולפתח גישה מאוזנת ומהורהרת יותר כלפי העולם.

קן רודג'רס (1952–2024) היה סופר, עורך, חקלאי ותושב ותיק של קיוטו, הידוע בעיקר כמייסד־שותף של כתב העת 'קיוטו ג'ורנל'. מתוך תשוקה לטיפוח דיאלוג בין־תרבותי, הוא ערך פרסומים רבים שהאירו את האסתטיקה היפנית, הפילוסופיה הבודהיסטית וחיי היומיום. הותיר מורשת עשירה של כתיבה חדה ורגישות עמוקה ל""מרווחים שבין הדברים"".

ג'ון איינרסן הוא צלם, מעצב ועורך־מייסד של 'קיוטו ג'ורנל'. פירסם שלל ספרי צילום וזכה בפרס הנציב של הסוכנות לענייני תרבות של יפן. הוא מתגורר סמוך למקדש ננזנג'י בקיוטו.",,Ma: The Japanese Secret to Contemplation and Calm - An Invitation to Awareness,ג'ון איינרסן (עורכים),,,,,,he,Paperback,5,1,1,107,1,0,1
137740,2026-09-15T18:54:40.000Z,5,4,סדן,52184,"בדרך כלל אני קורא יותר בעברית, אבל איכשהו יצא לי לקרוא שני ספרים באנגלית
אחד אחרי השני... (אגב, אני קורא בעוד שפות אבל זה לא לעניין כרגע...)
מרלין מונרו הייתה אחת מכוכבות הקולנוע הגדולות ביותר! בשנות החמישים של המאה הקודמת
והספר הזה נכתב ממש בשיא תהילתה! היא לא ממש כתבה אותו בעצמה אלא העסיקה סופר צללים
והספר מורכב ממה שהיא סיפרה על עצמה בהקלטות לפחות לשני סופרי צללים...
טכנית אכן כתוב הספר בגוף ראשון והדברים מעניינים מאוד...
היא נולדה כנראה כילדה בלתי-חוקית וגדלה בכל ילדותה ונערותה אצל משפחות אומנות
והיא מספרת פה בגילוי לב על הסבל שסבלה כילדה עניה ללא אבא. שהיה עבורה רק תמונה על הקיר...
 ואמא שלה שבקושי הכירה אותה שילמה 
לאותן משפחות אומנות שתגדל אצלן כי לא יכלה בגלל עבודתה
 להחזיקה בבית. ואיך בגלל נתוניה הפיזיים הבולטים תרתי משמע נמשכו אליה הנערים... (ומאוחר יותר גם המבוגרים)
ואותן התחלות צנועות שהיו לה בסרטים ולפתע הקפיצה המטאורית שהובילה אותה לכוכבות!
יש פה כמה פרטי רכילות מעניינים מאוד על כוכבי הקולנוע של אז אלא שהמיזם הזה נפסק באמצע והוא מגיע רק עד לתקופת נישאיה לכוכב הבייסבול ג'ו דה מג'יו
 הטקסט נשאר אצל סופר הצללים ולאחר שזה מת בתחילת שנות השבעים ""מצא"" אותו אחד משותפיו והוציא אז רק בשנת 1974 את הספר הזה.
כי מונרו מתה בנסיבות מסתוריות כבר בשנת 1962 בהתאבדות לכאורה אבל מותה בגיל שלושים ושש בלבד
 עורר גל של שמועות על קשריה (המיניים) עם הנשיא ג'ון קנדי ואחיו רוברט (שניהם נרצחו כידוע...) 
בכל אופן בתחילת שנות השבעים התעורר עניין מחודש בקשר אליה וכמעט מיותר לספר שהיא הפכה לאייקון תרבותי ואמנותי.
בכל מקרה הספר מאוד קריא בעיניי! ולמי שקורא באנגלית אני ממליץ עליו מאוד!",860444,My Story: Illustrated Edition,Marilyn Monroe,,Taylor Trade Publishing,,,,,https://cdn.simania.co.il/bookimages/covers86/860444.jpg,https://simania.co.il/bookdetails.php?item_id=860444,https://simania.co.il/showReview.php?reviewId=137740,"Little known and long unavailable, this autobiography, written by actress and starlet Marilyn Monroe (1926-1962), describes her early adolescence, her rise in the film industry from bit player to celebrity, and her marriage to Joe DiMaggio. In this personal account of a very public life, she tells of her first (non-consensual) sexual experience, her romance with the Yankee Clipper, and her prescient vision of herself as the kind of girl they found dead in the hall bedroom with an empty bottle of sleeping pills in her hand.",,,,,1589793161,,,,he,Paperback,5,1,1,175,0,0,1
137739,2026-09-15T17:18:20.000Z,4,12,strnbrg59,205930,"בקצב של היומיים האחרונים, יהיו בסימניה עד לראש השנה תשפ""ח 386 סקירות על ""היום השישי"". לכן אני מרגיש מחויב לכתוב משהו מחוץ לקופסה...

יש לי, אישית, יחס מורכב עם מסע אחורנית בזמן. פעם, נהניתי בתומי ממסעים כאלה בטלוויזיה. יותר מאוחר, מישהו הסביר לי שהדבר בלתי אפשרי עקרונית; אם נסע מישהו אחורה ורצח חלילה את אמו, אז לא היה נולד ולא היה מי שיסע אחורה לרצוח את אמו.

אותה הוכחה לוגית הספיקה לי עד ששמעתי על תאוריה שלפיה היקום מתפצל בכל רגע לאינסוף יקומים, כשכל יקום מתאים לאירוע אחד ויחיד שיכול להתרחש בכל רגע. כלומר, אין יקום אחד אלא עץ של יקומים מסתעפים. במודל הזה, אם מישהו רק יכול לקפוץ (איכשו) מהיקום שלו ליקום אחר כזה שבו נרצחה אמו לפני שהספיקה ללדת, אז הוא יכול להיות האדם שרצח אותה. ואחר כך לחזור ליקום שלו. תאורטית, כמובן.

בכל אופן, בין אינסוף אותם יקומים, יש, לצד היקום שאני ואתם חיים בו, יקומים שבהם צה""ל היה מוכן בבוקר ה-7.10.23 ולא קרה כלום. יש, לצערי, יקומים המתפצלים מאותו יקום שבהם אויבינו התארגנו מחדש וביצעו מתקפה קטסטרופלית ממש, ויש יקומים שבהם לא קרה לא זה ולא זה, ויקומים שבהם קרה זה אף זה. יש אפילו יקום שבו אתר סימניה מתקן באגים בתוכנה שלו.

לאור ההסברים האלה, אפשר לראות את עלילת ""היום השישי"" כך: אין אף אחד ממש משנה את תוואי ההיסטוריה. כל התוואים האפשריים כבר קיימים. מה שקורה הוא שגיבורת הספר מצליחה לשנע את עצמה בין שני יקומים. אפילו את זה לא בדיוק, כי גירסה שלה חייבת להמשיך לחיות באותו יקום שהיא רוצה לעזוב. אולי מה שעובר מיקום ליקום הוא רצף תודעתי. אבל מאחר וכל מעבר בין זמנים, על פי כללי העלילה שבספר הזה, מתרחש כשהפרט ישן, אפשר לשאול באיזה מובן יש בכלל רצף תודעתי הרי אצלי הרצף הזה מתנתק כל פעם שאני נרדם.

הסוגייה עולה באופן חד לקראת הסיום, כשאלון (סליחה על הספוילר) אומר
""[אני הולך] להרוס את כל העולם שבתוכו גדלתי...יש לי שם חברים, יש לי שם עבר, הווה...וחשבתי שגם עתיד...""

אני מציע שנבין את זה כך: שום דבר לא ייהרס ממש. כל מה שיקרה הוא שהרצף התודעתי של אלון ואמו ידלג מהיקום הרע ליקום הטוב. מי שהיה ביקום הרע, ימשיך לחיות שם.

אבל מדובר בסיפור בדוי מלהתחילה, אז בואו נשכח את הפרדוקס של רציחת האם ונניח לצורך העניין שיש רק יקום אחד ובאמת אפשר לשנות את תוואיו. אם כך, צצה קושיה מוסרית. תחשבו: אדם חוזר עשרים וחמש שנים אחורנית. אם הוא משנה את תוואי ההיסטוריה אז הוא משמיד את כל מי שנולד באותן עשרים וחמש שנים! מדובר באיזה שלושה מליארד בני אדם (על פי הקצב הנוכחי של הילודה על פני כל הפלנטה).",1026604,יום השישי,אריאל שנבל,,כנרת זמורה דביר,2026,,ספרות,ספרות מקורית,https://cdn.simania.co.il/bookimages/covers102/1026604.jpg?v=1773876286950,https://simania.co.il/bookdetails.php?item_id=1026604,https://simania.co.il/showReview.php?reviewId=137739,"מה הייתם עושים אילו יכולתם למנוע את השבעה באוקטובר?

אחרי שבעלה נופל בימיה הראשונים של המלחמה, מקבלת הגיבורה של יום השישי הזדמנות חד־פעמית לשנות את העבר. למנוע אסון. להציל את הגבר שהיא אוהבת ולהפוך את גזירת הגורל – לא רק שלה אלא של עם שלם. האם תצליח? ומה יהיה מחיר ההצלחה?

יום השישי הוא מסע סוחף בין כבישים ריקים ונופי געגוע, זיכרונות משפחתיים והחלטות מכריעות. במיומנות ובקצב עוצר נשימה ועתיר פעולה הספר מתמרן בין העבר היהודי להווה הישראלי, בין נופי עוטף עזה להרי הרוקי הנישאים, בין נבואות זעם ואפשרויות נחמה, בין מה שהיה לבין מה שאולי עתיד להיות. בין הדפים מתפתח מרוץ נגד הזמן, נגד כיוון השעון ונגד כיוון ההיסטוריה.

זהו רומן מקורי ומעורר מחשבה על אהבה ונחישות, אחריות ובחירה, הפרטי מול הלאומי – סוגיות שמעסיקות כל ישראלי וישראלית בשנים האחרונות.

יום השישי הוא ספר הביכורים של העיתונאי אריאל שנבל.

אריאל שנבל, נשוי ליעלי ואב לארבעה, גר בפתח תקווה. את דרכו בתחום התקשורת החל ב־1999 ב""רדיו ללא הפסקה"", ומשם עבר לעיתונות הכתובה - בתחילה ב""מעריב"" ומאז 2006 כפרשן לענייני ארה""ב, עורך וכתב בכיר בעיתון ""מקור ראשון"", שם גם מתפרסם מזה עשרים שנה טורו השבועי האישי. שנבל אוחז בתואר ראשון במדעי המדינה ותקשורת ובתואר שני בהיסטוריה אמריקאית, שניהם מאוניברסיטת בר־אילן.",,,,,,,,,he,Paperback,4.3,9,5,296,4,0,1
137738,2026-09-15T16:25:05.000Z,4,13,יוסף,4805,"""'את שומעת' אמר כממשיך את השיחה מאתמול, 'אתמול בערב זכרתי משהו בקשר ל'סוף דבר' שמופיע בתהילים או בקוהלת, והבוקר פתחתי את התנ""ך וראיתי את מה שכתוב בסוף קוהלת. 'הנה , תראי'. והוא הלך והביא את התנ""ך ופתח אותו: 'סוף דבר הכל נשמע, את האלוהים ירא ואת מצוותיו שמור, כי זה כל האדם'"" (עמ' 344). כך אמר יעקב שבתאי לעדנה אשתו, עשרה ימים לפני מותו, וכך נקבע שמו של הספר 'סוף דבר' עליו עבד בשנים לפני מותו אך לא סיים.

יעקב ועדנה שבתאי נפגשו ב־4 באוגוסט 1950, מעט אחרי אחת בלילה. יעקב שבתאי נפטר ב־4 באוגוסט 1981, גם כן מעט אחרי אחת בלילה, כשלצדו עדנה — שלושים ואחת שנים בדיוק לאחר פגישתם הראשונה. הצירוף הזה, שכמעט נדמה ספרותי מדי מכדי להיות אמיתי, מעין מסגרת מדויקת שנמתחה סביב חייהם המשותפים, מתאים מאוד לספר 'כי היום עובר', שבו מספרת עדנה שבתאי את חייו של יעקב מנקודת מבטה: את התהוות הקשר ביניהם, את החיים המשותפים, את הכתיבה, את חיי היומיום, ואת הקשיים הזוגיים — הרגילים והמורכבים יותר — שנבעו במידה רבה גם מאישיותו ומדרך חייו של יעקב.

אבל הספר הוא הרבה יותר מממואר זוגי על החיים לצד יעקב שבתאי. זהו גם תיעוד מפורט ומרתק של התהוותו כסופר: מן השנים שבהן כתב פזמונים ומחזות, דרך המעבר לסיפורים קצרים, ועד העבודה הממושכת, הסיזיפית והכמעט אובססיבית על ""זכרון דברים"" ועל ""סוף דבר"", פסגות יצירתו. עדנה מצליחה להמחיש היטב את המחיר הנפשי והגופני של הכתיבה הזאת: את אינסוף התיקונים, את הספקות, את המחיקות והחזרות, ואת המאמץ העצום שנדרש ממנו כדי להגיע לנוסח המדויק. 
בספר מתוארת בפירוט גם הסאגה סביב דחיית כתב היד של זכרון דברים ב'ספריה לעם' של עם עובד, ולעומתה את קבלתו בהתלהבות בידי מנחם פרי, שזיהה בו כבר בשלב מוקדם יצירה יוצאת דופן, העתידה להיות מן החשובות בספרות העברית. קטעים מ'זכרון דברים' כבר התפרסמו קודם לכן בכתב העת החדשני שערך פרי, וכששבתאי ביקש ממנו רשות להציע את הספר לעם עובד, הסכים פרי מיד — לטענתו, משום שהיה משוכנע שהם ממילא לא יקבלו אותו.

קשה שלא לחוש שהיצירה הייתה עבורו לא רק ייעוד אלא גם כוח שוחק, כמעט מכלה. מחלת הלב שממנה סבל הייתה כנראה בעלת רקע גנטי, ולכן אי אפשר לדעת אם העבודה האינטנסיבית החישה את מותו — או אולי דווקא להפך: אם הצורך לכתוב, להשלים ולדייק היה אחד הדברים שהחזיקו אותו בחיים.
לצד זה, הספר הוא כמובן גם סיפורם של חיי הנישואים: אהבה עמוקה, תלות הדדית, מתחים, בגידות וויתורים לא פשוטים מצדה של עדנה. דווקא האיפוק שבו היא מספרת על הדברים הקשים מעניק להם כוח. היא אינה כותבת כתב אישום, וגם אינה מנסה לטשטש את המחיר ששילמה על החיים לצדו.
עם זאת, לאחר הקריאה מתברר עד כמה זהו גם סיפור חלקי ומעוצב. נועה, בתו של שבתאי מדליה גוטמן, למשל, אינה מוזכרת כלל, אף שעדנה עצמה מספרת שילד מחוץ לנישואים היה מבחינתה קו אדום. איננו יודעים מתי נודע לה הדבר; ייתכן שרק לאחר מותו, ולכן קשה לדעת כיצד לפרש את ההשמטה. דווקא כאן מתחדדת העובדה שאין זה ספר על חייו של יעקב שבתאי במובן הביוגרפי המלא, אלא על חייו כפי שנראו מתוך חייה של עדנה לצדו. כותרת המשנה של הספר אומרת בעצם הכול: ""חיי עם יעקב שבתאי"".

הספר עצמו כתוב בפרוזה פשוטה, ישירה וללא יומרה. הפרקים הראשונים, המתארים את שנותיהם הצעירות, הם בעיניי החלק הפחות מוצלח בו, אבל ככל שהשנים מתקדמות, וככל ששבתאי מתבגר ומבשיל כסופר, גם הספר נעשה דחוס, מורכב ומעניין יותר. לכך מצטרפת גלריה רחבה של דמויות מן הבוהמה והספרות התל־אביבית של שנות השישים והשבעים, כך שהספר נעשה בהדרגה לא רק סיפורם של יעקב ועדנה שבתאי, אלא גם מעין רקוויאם לעולם תרבותי שלם שכבר איננו.

בסופו של דבר זהו ספר חזק משום שהוא משלב שלושה סיפורים בעת ובעונה אחת: סיפור אהבה מורכב, דיוקן של אמן טוטאלי, ותיאור כמעט מבפנים של הדרך שבה נוצרת ספרות גדולה. הוא מאפשר לראות לא רק את הספרים המוגמרים, אלא גם את השנים הארוכות של העבודה, החרדה, חוסר הביטחון והעקשנות שקדמו להם. התחושה שהיצירה של שבתאי לא נולדה מתוך רגעי השראה נדירים, אלא מתוך עבודה בלתי פוסקת, כמעט חסרת רחמים. ""זכרון דברים"" ו""סוף דבר"" נראים לאחר הקריאה פחות כמו שני ספרים שנכתבו, ויותר כמו מפעל חיים שגבה מחיר כבד — ממנו ומן הקרובים אליו.",996138,כי היום עובר,עדנה שבתאי,,הקיבוץ המאוחד,2019,361,ספרות,סיפורי חיים,https://cdn.simania.co.il/bookimages/covers99/996138.jpg,https://simania.co.il/bookdetails.php?item_id=996138,https://simania.co.il/showReview.php?reviewId=137738,"היא היתה בת חמש־עשרה והוא היה בן שש־עשרה כשנקשרו חייהם ב־4 באוגוסט 1950; ועד למותו ב־4 באוגוסט 1981 היו להם שלושים־ואחת שנים של חיים סימביוטיים, שלעתים דמו יותר לים סוער מאשר לחוף מבטחים. על שנים אלה מספר הספר הזה בגילוי־לב, בלי טיוח.

	 לקראת גיל שלושים פרצה אצל יעקב שבתאי, אוהב החיים והנאותיהם, תשוקת הכתיבה; מפזמונאי צמח למחזאי מצליח ולמחברם של קובץ סיפורים ושל שני רומאנים. בשבע־עשרה השנים שנותרו לו עד מותו בגיל 47 כפה על עצמו יום־יום, ביד ברזל, משמעת כתיבה מוחלטת – כתיבה מסתעפת ועתירת ניואנסים, אשר האתגר שהעמידה בפניו היה להרגשתו ""כמו לטאטא את אלנבי מכיכר המושבות עד קולנוע מוגרבי במברשת שיניים"". כתיבתו עשתה היסטוריה: הספרות העברית נחלקת לזו שהיתה לפני 'זכרון דברים' ו'סוף דבר' ולזו שאחריהם; שני הרומאנים שינו כליל את פניה.

	 איך נעשה הצעיר התמים, הילדותי ושופע החִיות סוֹפר מהפכני, ההופך במשמעות החיים בצל הנוכחות המתמדת של המוות ההולך ומתקרב, הולך ומשתלט? איך התהוו יצירותיו בהקשר של חיי היום־יום שלו, עם המהמורות והמשברים? אחורי הקלעים של האירועים המשמעותיים של הספרות העברית נפרשים כאן, מלוּוים במכתבים אישיים, בתוכניות עבודה ובמסמכים נדירים.

	 אבל הספר עוצר הנשימה הזה אינו ביוגרפיה של יעקב שבתאי מילדותו עד מותו – אלא הוא תולדותיו של קשר, קשר ""פטאלי כל־כך"", ""כמו בין הברק לרעם"". מותווים בו שני מסלולים, זה של עדנה שבתאי, המספרת, וזה של האיש שלה, מסלולים שהתפתלו, נקטפו זה אל זה, השתרגו, אך גם פנו זה נגד זה. שוב ושוב נבלמו בוויתורים כואבים הרצון והניסיונות של הכותבת לפרוש את מלוא מוטת כנפיה־שלה.

	 מבין הדפים נודפת הארוֹמה של ישראל של פעם, בשנות החמישים, השישים והשבעים, שהספר הזה, כמו ספריו של יעקב שבתאי עצמו, הוא גם רקוויאם לה.",חיי עם יעקב שבתאי,,,,,,,,he,Paperback,4,4,2,1617,25,0,1
137737,2026-09-15T13:39:09.000Z,5,3,לקרוא ברון - חנות ספרים,102077,"""גבריאלה, גבריאלה, גבריאלה. ליבי פועם את שמה בקצב הולך ומתגבר הולך ומתחזק, ממלא אותי בתחושה שלא האמנתי שאי פעם אחוש שוב"".

הספר הזה הוא מעין המשך לספר פנינה בשלג, אך הפעם הגיבורים הם אייזיק וגבריאלה. בספר הקודם הכירו הקוראים את אייזיק כחברו הטוב של מתאו וכארוסה של אחותו של מתאו, אשר נספתה בגרמניה בפוגרום ליל הבדולח. את גבריאלה הכירו הקוראים כאחותה הצעירה של ג'וליאנה, שלה אחות תאומה ושמה שרה.
הספר הזה פותח בשנת 1945, עם סיום מלחמת העולם השנייה. עוד בספר הקודם הכירו הקוראים את אייזיק כמפקד הפרטיזנים, אשר מתאו הצטרף אל כוחותיו במטרה להיאבק ברשע אשר איים להשתלט על העולם. בכל אותו זמן שבו מתיאו ואייזיק לחמו ביערות ובמקביל עסקו בהצלתם של המוני יהודים, דווקא עקבותיהם של הקרובים ביותר לליבם אבדו להם. אייזיק לא ידע מה עלה בגורל משפחתו ובטח לא ידע מה עלה בגורל גבריאלה, ה""ילדונת"" שמרגע שאייזיק ומתאו מצאו זה את זה מחדש, משהו התעורר בליבו כלפיה, אך הוא הקפיד לשמור על מרחק ממנה כי ידע שהוא לא יכול: היא רק ילדה (צעירה ממנו בשמונה שנים) ובנוסף מה יהיה עם זכרה של אווה ועם רגשותיו של מתאו?
בתחושות אלה נגדע הפוטנציאל לאהבה גדולה מהחיים, אבל אז הסתיימה המלחמה, אייזיק ומתאו חברו לחיילי הבריגדה היהודית וסייעו בקליטתם של אלפי פליטים יהודים, שורדי המחנות, כשיום אחד בין השורדים התגלו גם ג'וליאנה וגבריאלה ששרדו את אושוויץ וחצו את הגבול בדרך קשה ומפרכת חזרה לאיטליה. כך קרה שג'וליאנה ומתאו וכן אייזיק וגבריאלה זכו להתאחד מחדש והפעם החליט אייזיק לא לתת לניצוצות לגווע. עם זאת פעמים רבות מרגיש בעיקר לאייזיק כי שניהם הולכים במסלולים מקבילים שאולי לעולם לא יצליחו להיפגש?
כפי שגבריאלה מסבירה בפרקיה עבור מי שלא היה שם המלחמה הסתיימה, אבל עבור מי שהיה שם המלחמה עדיין מתרחשת בקרבו במלוא עוזה. את גבריאלה רודפים זיכרונות קשים, שתוקפים בעיקר בלילות. בפרט כמי שחוותה עינויים קשים מתוקף היותה אחות תאומה תחת ידיו האכזריות של ד""ר מנגלה ימח שמו וזכרו ו""רופאים"" נוספים הידועים באכזריותם לא פחות. הזיכרונות המזוויעים מונעים ממנה לעצום עין כשאייזיק אינו לצידה בלילות. אייזיק מודע לעניין, אך מצד שני גם ליבו לא נותן לו מנוח ומטבע הדברים רוב פעולות הנקם שלהם הוא שותף מתקיימים בלילות בחסות החשיכה. אם כך מה יהיה על מערכת היחסים שלהם? הם אומנם אוהבים אבל לכל אחד מהם מאבקים משלו שבהם הוא לא יכול לשתף את הצד השני.
בספר אייזיק וגבריאלה עתידים לעלות לארץ ישראל ומחכים לאשרות העלייה החוקיות שלהם. בינתיים הם באיטליה ועזבו שוב את בית משפחת דה רוסי, לטובת עזרה במחנה פליטים באיטליה שממנו יעלו בצורה חוקית, אך בעיקר לא חוקית המוני יהודים לארץ ישראל. 
הספר מרגש, מטלטל כואב ועצוב, אך יש בו גם המון תקווה ובעיקר ממחיש הספר את חוזקו ועמידותו של העם היהודי, דרך החוזק והעמידות של אייזיק וגבריאלה, כל אחד בדרכו שלו. בטוחה אני שמתישהו דרכיהם יצטלבו גם אם לאחר פיתולים רבים והם יזכו לנחלה ולמנוחה, שלהן הם ראויים כל כך.",1008768,נקמת הלב,אן רוז,,יהלומים,2023,352,ספרות,ספרות מקורית,https://cdn.simania.co.il/bookimages/covers100/1008768.jpg,https://simania.co.il/bookdetails.php?item_id=1008768,https://simania.co.il/showReview.php?reviewId=137737,"""מוות יביא מוות ועצב יביא עצב. פניה של גבריאלה מבזיקות לנגד עיניי ושאלה חדשה מתעוררת בתוכי, ומה תביא אהבה?""

המלחמה נגמרה.
איטליה שוחררה. אנחנו חופשיים.
האומנם?
ומי ישחרר את נשמתנו מהכלא שבתוכנו?

אייזיק וגבריאלה חוזרים לטוסקנה ותקווה לחיים חדשים מתעוררת בליבם, אך לצד התקווה מתעוררים גם רגשות אחרים, חשש, פחד, אשמה ונקמה.
לאחר שחוו על בשרם את התופת, הם מבקשים עכשיו לצמוח מתוך הכאב והכעס, לזרוע אהבה באדמה שהושקתה בשנאה ולהפריח את מדבר ליבם. כל זאת כשאשמה תהומית וסודות גדולים רוחשים מתחת לפני השטח, מאיימים על אושרם ועל עתידם.
זהו סיפור אהבה אשר יסעיר את ליבכם, ישאב אתכם אל נבכי נשמתם, אל הגעגוע ואל האשמה, אל תחושת הנקם הבוערת בעצמותיהם ומאיימת לכלות כל חלקה טובה.
האם הנקמה תשקיט את אש השנאה? ואולי האהבה היא שתביא את הנקמה הגדולה מכולן?

נקמת הלב מאת סופרת רבי המכר אן רוז הוא רומן היסטורי עוצר נשימה, המביא את סיפור אהבתם של אייזיק וגבריאלה, מלווה אותם במסע המפרך אל האהבה ואל הסליחה, אך גם במסע החשוב מכולם, המסע אל עצמם.
מומלץ לקרוא לפני את הספר פנינה בשלג. ספרים נוספים של הסופרת שראו אור בהוצאת יהלומים: בלו סקיי, ריין סטורם, סימנים בעץ ואש חיה, כיכבו ברשימות רבי המכר וזכו להצלחה רבה.",,Revenge of the Heart,,,,1285-133,,,he,Paperback,5,3,2,437,4,1,1
137736,2026-09-15T12:51:59.000Z,2,1,doro,157127,"העונה החמישית, באמת שניסיתי בלב חפץ להתחבר. לצערי זה פחות הלך.
דבר ראשון, הסיפור כתוב בגוף שני, המספר מדבר אל הקורא בגוף שני נקבה (את). מה שאולי היה אמור לעורר סימפטיה עם הדמות (השלכה עצמית של הדמות הראשית אל הקורא) אך עקב השוני השפתי והיותי קורא זכר, זה פשוט לא עובר חלק. נבליג על נקודה זו.
דבר נוסף שצורם בספר הוא מיעוט הדמויות, אם זכור לי נכונה מדובר ב-6 שמדובר עליהם ביותר ממספר חד ספרתי של עמודים וגם הן אינן משכנעות במיוחד בממשותן.

באופן כללי ולאורך הספר, עלה בי הרושם שנורו חיצי גישוש לכיוון נושאים שהיו טרנדיים נכון לעת כתיבתו למשל:
ניחוח woke-י ותיאורים גרפיים של יחסים חד מיניים ורב מיניים ללא כל צורך עלילתי ממשי.
יחסי שליטה אלימים ובפרט בין אדם בוגר וילדה בת 10.
""השאלת"" ביטויים מסופר מד""ב\פנטזיה בולט בלשון המעטה (סנדרסון)

חבר הפציר בי להמשיך את הסדרה עד סופה וכך עשיתי. לא אומר שהיא גרועה באופן גורף אך בהחלט מתחת לממוצע בעיניי.",1006659,העונה החמישית,נ.ק. ג׳מיסין,צפריר גרוסמן,אופוס,2022,392,ספרות,מדע בדיוני ופנטזיה,https://cdn.simania.co.il/bookimages/covers100/1006659.jpg,https://simania.co.il/bookdetails.php?item_id=1006659,https://simania.co.il/showReview.php?reviewId=137736,"זאת הדרך שבה העולם מגיע לקיצו. שוב.
אסוּן היא מורה בעיירה הקטנה טירימו. היא מגדלת את בנה ובתה עם בעלה הפחח. החיים שלה נראים פשוטים, אבל היא מסתירה סוד נורא. לאסוּן יש כוחות אורוגניה שמסוגלים להציל את העולם או להחריב אותו, וכעת מסתבר שגם הילדים שלה מסוגלים להשתמש בכוחות הללו. בעולם שעובר אסונות אקולוגיים איומים בכל כמה מאות שנים, איך היא תוכל להגן עליהם מההמון הזועם?
דאמאיה היא ילדה שמגלה את כוחות האורוגניה ויוצאת למסע אל המאזן, האקדמיה שמלמדת ילדים כיצד להשתמש באורוגניה לתועלת הציבור ומגינה על האורוגנים מפני שאר האנושות. היא תגלה מהר מאוד כי המאזן יכול להיות מסוכן יותר מכל אדם שממתין לה בחוץ.
סיאניט היא אורוגנית מורשה של המאזן שיוצאת למשימות ברחבי העולם. למשימה האחרונה שלה, שהיא אולי המסוכנת מכול, היא נשלחת עם אחד האורוגנים החזקים ביותר בעולם, שככל הנראה איבד את שפיותו.
שלוש הנשים יצאו למסע בעולם שבור ונתון לאסונות שבו הן יצטרכו למצוא את מקומן ואת יכולותיהן ולהתמודד עם הסודות הקדומים והנוראים של העולם.

נ. ק. (נורה קייטה) ג׳מיסין היא יועצת קריירה, בלוגרית פוליטיקה וזללנית מקצועית שחיה בניו יורק. היא כותבת מגיל עשר, אף שעבודותיה הראשונות לעולם לא יראו אור. ""העונה החמישית""  ושני המשכיו זכו בפרס הוגו לספר הטוב ביותר והיא האישה השחורה הראשונה שזכתה בפרס זה והראשונה שזכתה בפרס שלוש שנים ברציפות על ספרי טרילוגיה אחת.",,,,,,348-7186,העולם השבור,1,he,Paperback,4.4,7,2,1390,15,0,1
137735,2026-09-15T12:16:01.000Z,3,3,פרל,81926,"באחרונה שבתי וצפיתי בסדרה הדוקומנטירית ""האחת"" (שיצרו אמנון רבי וסימה קדמון וביים גלעד טוקטלי) שסיפרה את סיפורה של טייסת הקרב 201 המכונה ""האחת"" במלחמת יום הכיפורים. מכאן קצרה הדרך לשוב ולקרוא את ספרו של אבירם ברקאי ""בשם שמים"" (הוצאת כנרת־זמורה־דביר, 2013) שבו תיאר את נתיב הקרבות של הטייסת.

לאחר שפרסם את ספרו ""על בלימה"", בו סיפר את סיפורה השלם של חטיבת השריון 188 במלחמת יום הכיפורים, הפך ברקאי לאחד הבולטים שבחוקרי המלחמה ההיא. בספר שכתב על ""האחת"" ניכר שביקש לספר סיפור דומה, הפעם בזירה האווירית במלחמה. ברקאי בחר דווקא בטייסת הזו, משום שבעשרים ימי לחימה בלתי פוסקים ""נדרשה טייסת 201 לגיוס כללי של תעצומות נפש – החליפה שלושה מפקדים, איבדה יותר לוחמים שבויים ומטוסים מכל שאר טייסות הקורנס, ושוב בלי למצמץ, בלי להתבכיין, הסירה מעל צווארה את אבני הריחיים והמשיכה, כדרכה בקודש, אל המשימות הקשות ביותר"" (עמ׳ 9). 

גם המטוס שהטיסו אנשיה, מטוס הפנטום F-4 (""קורנס"" כפי שכונה בחיל האוויר) מתוצרת ארצות־הברית, היה רלוונטי לבחירה בה. ""באוקטובר 73 היה רק מטוס אחד שבאופן טבעי, התמקם במרכז הבמה, מילא את התפקיד הראשי בהצגה הלא מתוכננת, שנכפתה גם עליו. מטוס שידע לעשות ה כ ו ל : סיוע קרוב, אמנעה, תקיפות עומק, יירוט"" (עמ׳ 8).

כשקלט החיל את הפנטום לאחר מלחמת ששת הימים, אמר עליו אחד הטייסים ש""בהתחלה הוא נראה נורא מכוער. אחרי טיסה אחת הוא נראה יפה, ולבסוף, אחרי שמתרגלים אליו, הוא נהיה הכי יפה בעולם"" (עמ׳ 31). עד מהרה הפך המטוס ל""סוס העבודה"" של החיל והטייסת, שהיתה הראשונה שקלטה אותו, היתה לראש החנית.

עם פרוץ המלחמה, ב־6 באוקטובר 1973, כתב המחבר, נאבקו כוחות השריון של חטיבה 188, ""ביחסי כוחות בלתי שפויים, בנחילי טנקים וחיל רגלים סוריים, שמנסים לחצות את המכשול הקרקעי של רמת הגולן, בדרכם לעמקי הגליל והכינרת (עמ׳ 169). באותה עת תקפו מעל 20 מטוסים מצריים את בסיס חיל האוויר שבשארם א־שייח׳.

את שני מטוסי הכוננות בבסיס איישו אז סרן אמיר נחומי, שהודח מקורס טיס, עשה את שירות החובה בסיירת שריון ולימים השלים את הקורס במגמת קרב, סגן דני שאקי ושני נווטים. כולם מטייסת 107. ""שתיים, תניע"" (עמ׳ 162), הורה נחומי לשאקי. שני מטוסי הפנטום המריאו לפגוש באויב, גם הם ביחסי כוחות בלתי שפויים.

נחומי ושאקי, והנווטים שאתם, ""לא מוותרים למצרים, שהתנפלו להם ככה על אופירה, ורצים אחריהם, מתיישבים עליהם, ממתינים לצפצוף הנעילה של הטיל, סוחטים הדקים, ונחומי מתהפנט מול המיג הראשון שראה אי־פעם בכוונת, והופך אותו לפטריה בוערת"" (עמ׳ 163). 

השניים הפילו כמה מטוסי אויב בטרם תוגברו במטוסי קרב נוספים שהניסו את המצרים. בתום הקרב, נחת נחומי, ""מותש אך חדור די אנרגיה ג’ינג’ית להעביר מסר, עונה, ""נגמר,"" ובולם בחוזקה מול לוע מכתש הפעור לרוחב המסלול, ופתאום נזכר שרק אתמול היתה מתקפת פתע עניין רחוק שקשור ביפנים, באמריקאים, במכונת הקרנה וסרט ישן"" (עמ׳ 163). הטייסים והנווטים עוטרו על אומץ לבם בעיטור המופת. 

הקטע הזה הוא המחשה להפתעה שבה נחתה המלחמה על המדינה, הצבא וגם חיל האוויר, שהיווה את ""תעודת הביטוח"" של צה""ל. מנגד, לא ברור מה בינו לסיפורה של ""האחת"".

בפרוץ המלחמה שהה מפקד טייסת 201 בחו""ל ואת מקומו מילא סגן מפקד הטייסת (סמ""ט א׳), רס""ן רון חולדאי. אחת המשימות הראשונות שביצעה הטייסת במלחמה היתה תקיפה של שלישיית מטוסים סמוך לפורט סעיד. היתה זו הגיחה המבצעית הראשונה של טייס הקרב הצעיר גדעון אילת.

""מה עושים? לו היו איתנו פצצות המצרר שזרקנו סתם בחולות, ‏לא היה נשאר מהם זכר, חושב אילת. נותרנו עם תותחים צליפות. כמו ששת הימים. וצליפות עושים מנמוך. ושם מחכים הגאנדישים מוכווני המכ""ם. זה מה שיש, מחליט אילת, אני הולך להילחם לפי מה שהחיים סידרו לי"" (עמ׳ 179). הם תקפו. ""יפה, חושב אילת. פגיעות לא רעות. הפתענו אותם. שיימשך ככה"" (עמ׳ 179). בדיוק אז התחילו לעוף לעברם טילים והמחישו לטייסים שההפתעה היא דווקא בצד של האויב והשמיים כבר לא שייכים רק להם, אלא גם לנ""מ המצרי והסורי.

בסוף יום הלחימה הראשון הסביר סמ""ט א׳, חולדאי, ""לכל מי שעדיין לא הבין, או הפנים, או שניהם גם יחד, שהמדינה נתפסה עם המכנסיים למטה, ועל חיל האוויר מוטל תפקיד הבלימה"" (עמ׳ 189). לפני סיום התדריך אמר חולדאי לפקודיו: ""חבר׳ה, תסתכלו טוב אחד על השני בחדר הזה. לא כל מי שיושב כאן עכשיו ישב כאן גם בסוף הדרך"" (עמ׳ 190). אמר, ולא ידע כמה צדק.

ב־7 באוקטובר יצאה הטייסת, עם טייסות נוספות מהחיל למבצע ""דוגמן 5"", תקיפת סוללות נ""מ בסוריה. אך הסוללות, שהיו ניידות, זזו עם תחילת המלחמה. גם לאויב, התברר היה מה לומר. המבצע היה כישלון צורב, וכמה מטייסיה נפלו בשבי.

אבל למרות הכישלון הצורב, הטייסת המשיכה ללחום. למחרת, בגיחה למצרים שהוביל רס""ן איתן בן אליהו (סגן המפקד הקודם ששירת בטייסת בהצבת חירום) נתקלו מטוסי הטייסת במיגים מצריים. ""בד לאק בשבילם, מחייך בן אליהו ומתמרן לעמדת יתרון על הראשון. עשר דקות לאחר מכן הוא סופר את השניים הראשונים שלו במלחמה, ומבין מחולדאי שגם לזכותו נזקפת הפלה, ושומע מאלי זהר על מיג נוסף שהלך לעולמו"" (עמ׳ 290).

כמה ימים לאחר מכן, באור ראשון של ה־12 באוקטובר, תקפה שלישיית מטוסים מהטייסת, בהובלת סרן (מיל׳) דני חלוץ, סוללת טילים בסוריה. למרות אש הנ""מ הכבדה שנורתה לעברם הם איתרו את המטרה, סוללת טילים הממוקמת דרומית לעייר חאן א־שייח', סמוך לכביש בין קוניטרה לדמשק. חלוץ, במטוס המוביל, ""צולל בכיוונה, שם כוונת, לוחץ פיקל, ורואה את שלו ואילת נכנסים אחריו. בול. בול. ועוד בול. הסוללה הושמדה. הביתה. מתברר שאפשר לתקוף סוללות טילים בסוריה ולחזור בשלום"" (עמ׳ 365).

ב־11 באוקטובר הגיעו לטייסת קצינים מאמ""ן בכומתות אדומות, ובהם סא""ל בשם סמי נחמיאס, מהלוחמים הראשונים בסיירת מטכ""ל. סמוך לעיירה בנהא, אמר לטייסים, בתוך גשר בלב הדלתא המצרית, עובר כבל תקשורת שדרכו עוברת כל התקשורת הקווית המצרית. ""המשימה שלכם היא לפגוע בגשר ולנתק את קווי התקשורת. לאלץ את המצרים לעלות לאוויר ולאפשר לנו ליירט את התשדורות שלהם"" (עמ׳ 342). למשימה יצאו שתי רביעיות. רביעיית תקיפה בפיקוד סמ""ט ב׳, סרן אמנון גוריון, ורביעיית יירוט לחיפוי, בפיקוד איתן בן אליהו.

ברדיוס קטן מהגשר ממוקמים שלושה שדות תעופה. כך שהסיכוי שייתקלו באויב ויהיו במיעוט היה גבוה. בשעה 11:55 קרבה רביעיית התקיפה לגשר. ראשון תקף המוביל, גוריון. במטוס אחריו אבנר נווה ""משחרר חימוש, שובר החוצה מהמטרה. פיצוץ גדול"" (עמ׳ 345). גם שני המטוסים אחרים תקפו ופגעו. בטיסה חזרה עטו עליהם המיגים. ""שבור"" (עמ׳ 347) פקד בן אליהו בקשר.

בקרב שהתפתח הופלו שניים ממטוס רביעיית היירוט. שני אנשי צוות נפלו בשבי, שניים נהרגו. מטוסם של בן אליהו והנווט יאיר דוד, ""נווט הפנטום הוותיק ביותר בטייסת, צנחן בעברו"" (עמ׳ 341), מצא עמו בין שני מיגים, אבל בקור רוח הצליח בן אליהו להינעל על המיג, רק כדי לגלות שהטייס המצרי נטש בבהלה.

בטייסת מתחו על התנהלות בן אליהו ביקורת קשה, ונשאלת השאלה המהותית מדוע לא האיץ את מהירות רביעיית היירוט. יתכן, כתב המחבר, ""שרדיפה אחר הפלה בקרב אוויר היא חלק מהותי מאופיו של כל טייס יירוט. האתוס של חיל האוויר. כשריח הציד עולה באפך, את מסיט הצידה את כל יתר הנגזרות של המסע שזה עתה נשלחת אליו"" (עמ׳ 358).

היו מפקדים שפעלו אחרת במלחמה, דוגמת מפקד טייסת הפנטומים 107, סא""ל יפתח ספקטור, שאסר על אנשיו לחתור להפלות על חשבון המשימות (ונזף בעצמו מול כל הטייסת כשהפר את הפקודה שהוא עצמו נתן והפיל מטוס אויב). בזהירות יש לומר שלו הקרב היה מסתיים בתוצאה טובה יותר, סביר ששום ביקורת כנגד בן אליהו לא היתה מושמעת. כך או כך השאלה מדוע פעל כי שפעל נותרה בספר ללא פתרון של ממש.

במהלך המלחמה, נאלץ מפקד הטייסת, ששב מחו""ל, לנטוש את מטוסו לאחר שהתגלתה בו תקלה. הוא נפצע בגבו ויכולתו לטוס נפגעה. בשל כך, ומסיבות נוספות, ב־13 באוקטובר מונה איתן בן אליהו למפקדה של הטייסת. לאנשיו אמר שכעת ""אין מקום לניצני מרי ולביקורת לא מרוסנת על הפיקוד"" (עמ׳ 393). שם המשחק אמר להם הוא משמעת. ""משמעת מקצועית, מבצעית, עצמאית וצבאית"" (עמ׳ 393). בסוף דבריו הקצרים אמר להם: ""אנחנו נמשיך לטוס"" (עמ׳ 393), והדגיש את הביחד שבדבר. ""אנחנו נמשיך ונישלח לכל היעדים הכי קשים, ואני אהיה שם איתכם בכל המשימות. בהצלחה לכולנו"" (עמ׳ 393). וכך היה."" 

המחבר הקפיד, באופן ראוי לשבח, לחבר את פועלה של הטייסת לנעשה בחזיתות השונות. כך למשל, ציין מה נעשה בטייסת בלילה שבין ה־15 ל־16 באוקטובר בעת שבשעה 01:25 ""מהדהדת ברשת הקשר בחדר המלחמה באום חשיבה מילת הקוד ""אקווריום"", ושדרת הפיקוד הבכירה של צה""ל, בראשות רא""ל אלעזר, יודעת שברגע זה ממש החלו סירות גומי, ובהן כוח החלוץ של חטיבת צנחני מילואים, לצלוח את התעלה"" (עמ׳ 413). כמה דקות מאוחר יותר, ""ושמה של עיר הנמל המקסיקנית ""אקפולקו"" בוקע ממכשירי הקשר ומצביע על הגעת ראשוני הצנחנים לגדה המערבית של התעלה"" (עמ׳ 413). היה זה המפנה במלחמה.

לילה מאוחר יותר, כתב, ""ביום רביעי לפנות בוקר, כשירח חייכן התלוי בשמים הופך את חולות סיני הלבנים ליצירה מכושפת, נפתחת אש תופת על פלוגת החוד של גדוד 890"" (עמ׳ 421). ברקאי תיאר כיצד ""מאות מצרים מחופרים, מצוידים בעשרות מקלעי גוריונוב ומרגמות כבדות, הופכים את חולות סיני לבית מטבחיים, וצווארם של הצנחנים הוא המונח מתחת למאכלת"" (עמ׳ 421). מה תרמו אז מטוסי הטייסת לקרב היבשתי ברור פחות.

משום מה בחר המחבר לספר גם את סיפורו של טייס מטוסי המיראז’ רס""ן (לימים תא""ל) גיורא אפשטיין. עם גיוסו נפסל עקב בעיית פרופיל במיון לקורס טיס. ""התנדב לצנחנים, סיים מסלול, מפקד כיתה, מדריך צניחה, חזר לשלוש שנים לקיבוץ, ושוב צבא"" (עמ׳ 450). אז הצליח להתקבל לקורס הטיס וסיים בהצטיינות. בהמשך עבר להטיס מטוסי קרב ולצבור הפלות. ב־20 באוקטובר בגיחה מעל מצרים הוא נתקל במטוסי מיג מצריים. הוא סגר מרחק ""ושם כוונת, ומ־300 מטרים סוחט צרור ארוך מתותחי ה־30 מ""מ, ולנגד עיניו מתפוצץ המשוגע באוויר"" (עמ׳ 452). אפשטיין ידע שבעוד שקרב אימונים זה פוקר על גפרורים, ""קרב אמת זה פוקר על כסף. הרבה כסף"" (עמ׳ 453). בקרב הפיל אפשטיין ארבעה מיגים. על האופן שבו לחם עוטר אפשטיין בעיטור המופת. זה סיפור נהדר, רק שגם כאן לא ברור מדוע הוא נכלל בספר.

ברקאי, שכקצין שריון לחם ונפצע ב־1973 ובהמשך דרכו היה מ""פ טנקים וקצין ניוד בשלדג ובסיירת מטכ""ל, ערך מחקר מעמיק ויסודי וראיין כמפקדים ולוחמים רבים בחיל ומחוצה לו. חשוב מכך, הוא יודע לספר סיפור. אבל יש אבל... סא""ל (מיל’) ד""ר עודד מגידו כתב פעם על ספר אחר סקירה ב""הארץ"", וקבע שהוא ""הוא ספר מלחמה פופולרי, לטוב ולרע. אפשר לקרוא אותו ולקבל תמונה כללית המתארת פחות או יותר את אירועי המערכה. בשום אופן אין לראות בו מקור מהימן לאירועים אלה"". הדברים תקפים גם כאן. הספר שכתב נקרא כספר מתח, כמעט בלתי ניתן להנחה מהיד. אבל היסטוריה זה לא.",968656,בשם שמים (שמיים),אבירם ברקאי,,כנרת זמורה דביר,2013,589,עיון,צבא ובטחון,https://cdn.simania.co.il/bookimages/covers96/968656.jpg,https://simania.co.il/bookdetails.php?item_id=968656,https://simania.co.il/showReview.php?reviewId=137735,"""כבר רבע לשתיים, חושב סרן מוטי קימלמן, נציג חיל האוויר הבכיר ביחידת האיסוף המרכזית של חיל המודיעין על פסגת הר כנען... הכול רגוע, הוא אומר לעצמו. פתאום הוא שומע שלוש מילים. והן חוזרות על עצמן כמו פזמון. וקימלמן מרגיש שכל שערותיו סומרות, כשמכל עבר הוא שומע 'יש לי קליקים'. 'יש לי קליקים'. 'יש לי קליקים'... והקליקים מתרגשים עליו מכל הכיוונים, מכל הרמקולים, מכל העמדות. 'כל חיל האוויר הסורי באוויר!!!' הוא צורח לתוך שפופרת הטלפון המוצפן. ראש מדור התרעה במחלקת מודיעין חיל האוויר שומט את השפופרת מידו, מדלג את שלושת המטרים שמפרידים עד חלון ההזזה הקטן, שחוצץ ביניהם ובין תא הרמשל""ט, מטיח אותו בעוצמה במסילה וצועק בקול סדוק, 'תזניקו! תזניקו! מלחמה! מלחמה!""

בשם שמים הוא סיפורו של חיל האוויר הישראלי במלחמת יום הכיפורים מבעד לעיני המפקדים והלוחמים של טייסת אחת. לא סתם אחת, ""האחת"" – חלוצת טייסות הפנטומים והנודעת מכולן. בעשרים ימי לחימה בלתי פוסקים נדרשה טייסת 201 לגיוס כללי של תעצומות נפש  - היא ביצעה את המשימות הקשות והמסובכות ביותר, החליפה שלושה מפקדים ואיבדה 15 מטוסים ו-40 אחוז מלוחמיה - 23 אנשי צוות אוויר נהרגו, נעדרו או נפלו בשבי. בסיומה של הסערה הגדולה התברר כי חרף מצבה הקשה טייסת 201 היתה לאגדה והוציאה מקרבה מספר חסר תקדים של נושאי תפקידים בכירים - עשרה אלופי משנה, שבעה תת-אלופים, שני אלופים, שני מפקדי חיל ורמטכ""ל אחד. בשם שמים הוא מסע מרתק, מרגש, כואב ומתסכל בעקבות אנשים ואירועים בלתי נתפסים. סיפורה של מלחמה אחת, ובעיקר של הלוחמים בסרבלי הטיסה שעשו אותה.  בכתיבה סוחפת ובסגנונו הריאליסטי הייחודי חודר אבירם ברקאי מבעד לשכבת העננים ולחזות הקשוחה של הטייסים היישר אל חדרי ישיבות הממשלה, ועדת החוץ והביטחון של הכנסת, המטכ""ל והמודיעין על שלוחותיו השונות. באמצעות כ-200 עדויות וראיונות עם אנשי צוות אוויר וצמרת מערכת הביטחון, פרוטוקולים ומסמכים שונים, מנסה ברקאי לפצח מה בדיוק קרה שם, בקו פרשת המים של החברה הישראלית, במלחמה שאחריה שום דבר כבר לא היה אותו הדבר. 

אבירם ברקאי הוא מ""פ שריון (במיל'), בוגר מלחמת יום הכיפורים. חוקר צבאי, מחברו של רב-המכר על בלימה שגולל את סיפורה של חטיבת השריון 188 במלחמת יום הכיפורים. ברקאי הוא מורה דרך, מרצה, חובב שטח, ג'יפאי, המוכר לקהל מעריצים גדול כחלוץ ז'אנר ספרות טיולי השטח הממונעים, שסלל בתחילת שנות התשעים. בשם שמיים הוא ספרו ה-14.

""ספר מרתק ומרגש הנותן לקורא תחושה מזעזעת של השתתפות בחוויית הלוחמים."" עמוס עוז

""ברקאי, מפקד מחלקת טנקים במלחמה, הוציא מתחת ידו ספר מרשים. כתיבתו קולחת, סוחפת."" אורי דרומי, מוסף ספרים הארץ 
""קראתי את הספר בנשימה אחת. מומלץ לכל לוחם ומפקד."" מתן וילנאי","טייסת ""האחת"" במלחמת יום הכיפורים",,,,,,,,he,Paperback,4,11,5,6817,52,2,1
137734,2026-09-15T11:41:34.000Z,0,3,פלפל ירוק,133706,"ספר מתוק!
אהבתי את הדמויות ואת האיורים- איזה איורים מתוקים. החמור , בניגוד לבדיחות ולהשמצות על חמורים- פעיל וחרוץ, בעוד הארנב מדבר גבוהה גבוהה, החמור פשוט עושה בלי רעש וצלצולים.
אבל אל דאגה, הארנב החמוד לא מושמץ והוא גם תורם בסוף משהו למסיבה. 
הארנב והחמור מייצגים שני סגנונות של גישה לפעולה, אחד חולם בלי קשר למציאות והשני פועל בצניעות אך במיידיות. יש פה לקח ללמוד, אמור מעט ועשה הרבה. 
ספר ממתק. אמנם אני מבוגרת, אבל שמעתי פעם מישהי שאמרה שאם ספר ילדים כתוב טוב, גם מבוגרים יהנו ממנו.",1022730,העיקר שפיל ישמח,שחר סיטנר,,הקיבוץ המאוחד,2025,36,ילדים,ילדים   7-3,https://cdn.simania.co.il/bookimages/covers102/1022730.jpg,https://simania.co.il/bookdetails.php?item_id=1022730,https://simania.co.il/showReview.php?reviewId=137734,"פַּעַם אַחַת אַרְנָב וַחֲמוֹרהִסְתַּכְּלוּ בְּלוּחַ הַשָּׁנָה וְגִלּוּשֶׁהַיּוֹם יֵשׁ יוֹם הֻלֶּדֶת לֶחָבֵר שֶׁלָּהֶם, פִּיל.אַרְנָב אָמַר: ""בּוֹא נְשַׂמֵּחַ אֶת פִּיל.נַעֲשֶׂה לוֹ מְסִבַּת הַפְתָּעָה מִשְּׁנֵינוּ!""
לְאַרְנָב הָיוּ עוֹד הֲמוֹן דְּבָרִים לְהַגִּיד. וּמַה חֲמוֹר עָשָׂה בֵּינְתַיִם?
שחר סיטנֶר היא תסריטאית וסופרת ילדים, מחברת הספר 'יומולדת חצי מעצבן'.
אָבִיץ (אבי א. כץ) הוא מאייר, צייר ואנימטור.",,,,,,,,,he,Paperback,,,1,43,2,0,1
137733,2026-09-15T11:35:40.000Z,5,0,טל,275827,"מעולה, שנון מצחיק וקליל",316861,גלנקיל,לאוני סוואן,,עם עובד / ספריה לעם,2008,357,ספרות,מתח ריגול והרפתקאות,https://cdn.simania.co.il/bookimages/covers31/316861.jpg,https://simania.co.il/bookdetails.php?item_id=316861,https://simania.co.il/showReview.php?reviewId=137733,"בוקר אחד מוצאים את ג'ורג' הזקן שוכב מת באחו ירוק בגלנקיל שבאירלנד, ואֵת תקוע בגופו. 
""אתמול הוא עוד היה בריא,"" אומרת מוֹד ואוזניה רוטטות בעצבנות. ""זה לא אומר כלום,"" עונה לה סֵר ריצ'פילד, ""הוא הרי לא מת ממחלה. אֵת חפירה הוא לא מחלה."" 
הדו-שיח הזה, תם וחכם כאחד, פותח חקירה בלשית מאומצת שנועדה לגלות מי רצח באכזריות שכזאת את ג'ורג', הרועה המסור של מוד וסר ריצ'פילד ומיס מייפל ואותלו, ושל עוד כמה עשרות כבשים וכבשות, טלאים ושֹיות, שמרגע זה השתבשו חייהם ללא תקנה. 

ואולם, הכבשים האלה, שהרועה המופלא והמסתורי שלהם היה מקריא להם סיפורים ערב-ערב, יודעים פרק או שניים בספרות מתח. צעד-צעד הם מפלסים את דרכם אל פתרון התעלומה – דרך שמוליכה אותם על פני כרי עשב ומצוקים ומשכנות בני אדם, וגם על פי תהומות: תהומות שבחוץ ותהומות שבפנים, אם בטבע ואם בנפש האדם ובהמתו. 
ככה נרקמת לה עלילה בלשית יוצאת דופן, מותחת ומשעשעת ומענגת להפליא.

ספר שנהיה רב־מכר מיד בצאתו לאור לפני כשנתיים, וכבר תורגם לשפות רבות.
	
""מותחן הכבשים הטוב ביותר שתקראו השנה"" (גארדיאן)

""סיפור כתוב בשנינות, עתיר המצאות מבריקות, מקורי להפליא -- משונה וחי, מבדח, ועם זאת אפל ומפתיע. קריאה כיפית, רומן ראשון מבטיח."" (בוקליסט)

""רגעים קומיים רודפים זה את זה בסיפור מתח מבדר ושמח, מסופר מנקודת מבט רעננה"" (דיילי מייל)

""סיפור מתח ייחודי וחכם, עם עדר שלם של בלשים צמריריים מקסימים. [בגללם] יתכן שלעולם לא אוכל עוד צלעות כבש..."" (קרל היאסן)

""סיפור מענג"" (פבלישרס ויקלי)

""בדיוק כשחשבתם שראיתם כבר בלשים מכל מין וזן, הרי לכם בלש בעור של כבש. הדמויות אנושיות כמובן מעניינות פחות מהכבשים, ונימת הסיפור המשתאה, העקבית, שלא ממצמצת - פשוט קסומה."" (קירקוס)",מותחן כבשים,Glennkill /Leonie Swann,,,978,32-21146,ספריה לעם,592,he,Paperback,3.7,249,65,12046,284,5,1
137732,2026-09-15T11:04:11.000Z,5,3,B.A BAracus,272319,"מה היה קורה אילו יכולנו לחזור ל־6 באוקטובר?
סיימתי עכשיו את ״יום השישי״ של אריאל שנבל, ומזמן לא קרה לי שקראתי ספר של מישהו אחר והרגשתי שהוא דורך בתוך שדה מחשבות שאני מכיר כל כך טוב.
נקודת המוצא של ״יום השישי״ כמעט בלתי אפשרית לעמוד בפניה: האפשרות לחזור לאחור ולנסות למנוע את 7 באוקטובר.
שנבל בונה עולם של פנטזיה יהודית, שבו באמצעות לחש סודי ניתן לחזור בזמן. מכאן הוא לוקח את הקורא לניסוי מחשבתי שהולך ומתרחב, כי ברגע שאתה משנה אירוע אחד, גם אם זה האירוע שהיית נותן הכול כדי למנוע, אתה כבר לא יודע איזו שרשרת אירועים שחררת במקומו, ועד לאן יגיע אפקט הפרפר.
בלי להיכנס לספוילרים, ״יום השישי״ מתחיל במשאלה שכמעט כל ישראלי חשב עליה מאז אותו בוקר:
אילו רק היינו יודעים.
אילו מישהו היה חוזר יום אחד לאחור.
אילו יכולנו להעיר את המערכת, להזיז כוח, לסגור כביש, להקפיץ מסוקים, לשנות את הדבר הנורא שאנחנו כבר יודעים שעומד לקרות.
אבל החלק המעניין באמת הוא מה שבא אחר כך: האם שינוי ההיסטוריה בהכרח מתקן אותה?
וכאן שנבל מתחיל לפתוח בפני הקורא דלתות לתרחישים הרבה פחות מנחמים.
טעימה לאלה שמדברים בקלות דעת על מלחמת אחים, ועד כמה רחוק היא באמת יכולה להגיע.
וטעימה לשאלה עד כמה גרוע עוד יכול היה אסון אוקטובר להתפתח.
ותאמינו לי, יש לאן.
״גיבור״, ״הכריש״, ״אל נקמות 2 - רקוויאם״ (גילוי נאות, הספר שלי), ועכשיו גם ״יום השישי״.
ארבע דיסטופיות ישראליות מהשנים האחרונות, שנכתבו מתוך מקומות שונים מאוד, אבל חולקות בעיניי משהו משותף: הן לוקחות סדקים שכבר קיימים בחברה ובמדינה, מרחיבות אותם, ושואלות מה יקרה אם יום אחד הם יהפכו לשבר.
חלק מהספרים האלה, במידה מצמררת, הקדימו מוטיבים שקיבלו משמעות אחרת לחלוטין אחרי 7 באוקטובר.
אולי זה תפקידה של דיסטופיה טובה.
לא לנבא את העתיד, אלא לעמוד בשער כמו נביא זעם, להצביע על הסדקים בהווה ולהזכיר לנו דבר שקל מאוד לשכוח:
לא לעולם חוסן.",1026604,יום השישי,אריאל שנבל,,כנרת זמורה דביר,2026,,ספרות,ספרות מקורית,https://cdn.simania.co.il/bookimages/covers102/1026604.jpg?v=1773876286950,https://simania.co.il/bookdetails.php?item_id=1026604,https://simania.co.il/showReview.php?reviewId=137732,"מה הייתם עושים אילו יכולתם למנוע את השבעה באוקטובר?

אחרי שבעלה נופל בימיה הראשונים של המלחמה, מקבלת הגיבורה של יום השישי הזדמנות חד־פעמית לשנות את העבר. למנוע אסון. להציל את הגבר שהיא אוהבת ולהפוך את גזירת הגורל – לא רק שלה אלא של עם שלם. האם תצליח? ומה יהיה מחיר ההצלחה?

יום השישי הוא מסע סוחף בין כבישים ריקים ונופי געגוע, זיכרונות משפחתיים והחלטות מכריעות. במיומנות ובקצב עוצר נשימה ועתיר פעולה הספר מתמרן בין העבר היהודי להווה הישראלי, בין נופי עוטף עזה להרי הרוקי הנישאים, בין נבואות זעם ואפשרויות נחמה, בין מה שהיה לבין מה שאולי עתיד להיות. בין הדפים מתפתח מרוץ נגד הזמן, נגד כיוון השעון ונגד כיוון ההיסטוריה.

זהו רומן מקורי ומעורר מחשבה על אהבה ונחישות, אחריות ובחירה, הפרטי מול הלאומי – סוגיות שמעסיקות כל ישראלי וישראלית בשנים האחרונות.

יום השישי הוא ספר הביכורים של העיתונאי אריאל שנבל.

אריאל שנבל, נשוי ליעלי ואב לארבעה, גר בפתח תקווה. את דרכו בתחום התקשורת החל ב־1999 ב""רדיו ללא הפסקה"", ומשם עבר לעיתונות הכתובה - בתחילה ב""מעריב"" ומאז 2006 כפרשן לענייני ארה""ב, עורך וכתב בכיר בעיתון ""מקור ראשון"", שם גם מתפרסם מזה עשרים שנה טורו השבועי האישי. שנבל אוחז בתואר ראשון במדעי המדינה ותקשורת ובתואר שני בהיסטוריה אמריקאית, שניהם מאוניברסיטת בר־אילן.",,,,,,,,,he,Paperback,4.3,9,5,296,4,0,1
137731,2026-09-15T09:58:02.000Z,1,1,mzsrtgzr2,181843,ספר שני שלו שאני מנסה גם זה לא מהנה ולא מעניין באסה,37134,הרחבת תחום המאבק,מישל וולבק,עמית רוטברד,בבל,2001,152,ספרות,ספרות מתורגמת,https://cdn.simania.co.il/bookimages/covers3/37134.jpg,https://simania.co.il/bookdetails.php?item_id=37134,https://simania.co.il/showReview.php?reviewId=137731,"איש מחשבים צעיר וחסר ייחוד נשלח למורת רוחו להפיץ את בשורת המחשב ברחבי צרפת. אולי, הוא אומר לעצמו, המעבר הזה לפרובינציה ""ישנה לי את המחשבות; ללא ספק באופן שלילי, אבל הוא ישנה לי את המחשבות; לפחות יהיה שינוי בכיוון, תהיה טלטלה."" אבל חייו הולכים ומתבררים כירידה מתמשכת אל השאול של חיי היומיום. שום דבר דרמטי, רק החיים שכל אחד מכיר: עבודה, בילויים, מין, צרכנות, טלוויזיה. גיבור הרומן חסר השם, שנפרד מחברתו לפני שנתיים ומאז נותר בגפו, יוצא למסע הכפוי עם עמית לעבודה, טיסראן, צעיר בן 28 חסר חן ועדיין בתול. השניים כמהים לאהבה ולסקס, למגע אנושי וללטיפה, ומחפשים אותם ברכבת, במסעדות, במועדוני לילה ובמקומות העבודה. לשווא. כי בחברה שלנו, המין מייצג מערכת מיון שנייה, נפרדת לחלוטין מזו של הכסף; והיא נחשבת למערכת מיון אכזרית לפחות כמוה. ההשלכות של שתי המערכות זהות לחלוטין. כמו הליברליזם הכלכלי חסר המעצורים, ומסיבות זהות, הליברליזם המיני מייצר תופעות של התרוששות מוחלטת. יש כאלה שעושים אהבה כל יום; אחרים חמש או שש פעמים בחייהם, או אף פעם לא. יש כאלה שעושים אהבה עם עשרות נשים; אחרים עם אף אחת. זה מה שמכנים ""חוק השוק"". במישור הכלכלי, שניהם שייכים אמנם למחנה המנצחים, אך במישור המיני, למחנה המובסים. יציאתו לאור של הרומן הראשון של וולבק הרחבת תחום המאבק היתה אות הפתיחה למה שהפך במהירות ל""תופעת וולבק"". מישל וולבק הוא כיום הסופר הצרפתי המאתגר ביותר, השנוי ביותר במחלוקת, ולבטח המפורסם ביותר בספרות הצרפתית העכשווית. ספריו של וולבק תורגמו לעשרים וחמש שפות וזיכו אותו בפרסים בצרפת ובאיטליה. ספרו החלקיקים האלמנטריים ראה אור בהוצאת בבל.",,Extension du Domaine de la Lutte / Michel Houellebecq,,,,462-101,,,he,Paperback,3.9,73,15,9674,63,0,1
137730,2026-09-15T08:41:22.000Z,0,3,אנאקין,30873,"אני רק בתחילת הקריאה של הספר, אין לי בעיה עם ריבוי הדמויות, מניח שמי שקרא את ""שיר של אש ושל קרח"" יכול להתמודד עם הרבה דמויות, מה שמאוד מתסכל אותי זו ההתעקשות לשלב את הקטעים הארוכים ב*צרפתית* ולהכריח אותי לרדת להערות לקרוא את התרגום, זה מוציא מהשטף של הקריאה ונראה לי החלטה מאוד מוזרה בתרגום, קצת התעללות בקורא (התחלתי במקביל להאזין למהדורת השמע באנגלית ושם כמובן כל הטקסט מופיע באנגלית). 
אשמח לדעת מה דעתכם ואיך התמודדתם עם המכשול הזה.",206120,מלחמה ושלום [מהדורת 2015 - כרכים: א' ▪︎ ב'],ל.נ. טולסטוי,לאה גולדברג,הקיבוץ המאוחד,2015,1060,ספרות,ספרות קלאסית,https://cdn.simania.co.il/bookimages/covers20/206120.jpg,https://simania.co.il/bookdetails.php?item_id=206120,https://simania.co.il/showReview.php?reviewId=137730,"מלחמה ושלום — הרומן המפורסם ביותר, ואולי הגדול ביותר של כל הזמנים, מספר את סיפורן המרתק של שורת דמויות  ייחודיות, חד־פעמיות, על רקע פלישת נפוליאון לרוסיה בשנת 1812.

מלחמה ושלום הוא בו־זמנית רומן אפי, רומן משפחות ורומן היסטורי; רומן מלחמה, רומן אהבה ורומן פסיכולוגי.

בספר מגוון רחב של גיבורים ספרותיים בלתי נשכחים, ובראשם הדמויות ההיסטוריות של נפוליאון בונפרטה והמצביא הרוסי קוטוזוב, מכאן, והדמויות הבדיוניות המדהימות בחיוניותן של אנדרי, נטשה ופייר, מכאן.

זהו רומן שעלילתו וגיבוריו נעים בין חופש לכורח, בין אינדיבידואליות למציאות חברתית; רומן שכל מי שקרא אותו או יקרא אותו אי־פעם יחזור אליו שוב ושוב.

***
על פי עדותו של טולסטוי עצמו, נולד הרעיון לכתיבת רומן על מלחמת 1812 במהלך העבודה על רומן מחיי הדֶקרבריסטים שהעלה בדעתו עוד בשנת 1856. בתחילה נועד להיות ""רומן משפחתי"". תוך כדי כתיבה עולה הרעיון על ""פואימה"", דהיינו, יצירה אֶפית גדולה בדומה ל""איליאדה"" של הומרוס ו""פאוסט"" של גתה. וכך נעשה ה""רומן"" - לאפופיאה היסטורית, שחוטי עליללתה מתארגנים סביב שני מרכזים - ה""מלחמה"" וה""שלום"".
מורכבות המבנה של ""מלחמה ושלום"", מיזוגן של מגמות ז'אנריות שונות, האנציקלופדיות הסגנונית, ההפלגות הנועזות בהבנת טבע האדם – מעמידים את יצירת ל.נ. טולסטוי בשורת יצירות-המופת הכבירות ביותר של התרבות האנושית.",,,,,,31-6122,,,he,Paperback,4.7,13,4,6004,28,1,1
137729,,0,1,מני,81291,"מבחינה ספרותית - פשוט. אבחון ""דמויות"" בבית הספר. אבל אני בעיקר אהבתי את השפה",1028654,מפנקסו של מורה,יעקב חורגין,,ארץ,1925,,ספרות,ספרות מקורית,,https://simania.co.il/bookdetails.php?item_id=1028654,https://simania.co.il/showReview.php?reviewId=137729,,,,,,,,,,he,Paperback,,,1,23,1,0,1
137728,2026-09-15T04:25:29.000Z,4,5,אדום החזה,73687,"איך מסכמים בערך 5,000 שנות מלחמה בכ-250 עמודים? ובכן, מסתבר שאפשר. פשוט צריך לוותר על כמה קרבות, כמה גנרלים, כמה מיליוני הרוגים ובעיקר על הרצון לספר הכול.

דאייר לא באמת כותב ""היסטוריה של מלחמות"" אלא היסטוריה של המלחמה עצמה: איך בני אדם עברו ממקל ואבן, דרך קשתות, רובים, טנקים ומטוסים ועד לפצצות גרעיניות, רחפנים ואלגוריתמים. ובעיקר, למה אנחנו ממשיכים לעשות את זה.

החלק המוצלח בספר הוא הניסיון לזהות דפוסים. במשך רוב ההיסטוריה, מלחמה בין המעצמות הייתה עניין די שגרתי. ואז הגיע הנשק הגרעיני, ופתאום מעצמות גילו שהרעיון של ""בואו נראה מי חזק יותר"" עלול להסתיים בכך שלא יישאר למי לספור את הנקודות. מאז, לפחות יש נטייה להילחם דרך אחרים, להילחם במדינות קטנות יותר, או לנהל מלחמות מוגבלות וקצרות.

וזה המקום שבו הספר הופך, בלי שהתכוון לכך, למעניין אפילו יותר מכפי שהיה כשיצא ב-2021. כי מאז המציאות המשיכה לעבוד שעות נוספות. רוסיה פלשה לאוקראינה, ישראל ואיראן עברו מעימות עקיף לעימות ישיר, וב-2025 גם הודו ופקיסטן ניהלו ביניהן סבב קצר למדי של מלחמה קונבנציונלית. כלומר, הכלל עדיין מחזיק לא רע, אבל העולם בהחלט בודק לו את קצוות המסגרת.

הבעיה העיקרית של הספר היא גם הסיבה שקוראים לו ""ההיסטוריה הקצרה"": לפעמים בדיוק כשמתחיל להיות מעניין, דאייר מסמן וי, סוגר את הפרק וממשיך הלאה. אם יש לכם תחום בהיסטוריה הצבאית שאתם כבר מכירים, אל תצפו כאן לעומק. זה יותר אספרסו מאשר קפה שחור של שבת. מצד שני, אם אתם רוצים ספר שנותן בפרק זמן קצר תמונה רחבה של הדרך שעשינו מלהכות זה בזה במקלות ועד לאפשרות התיאורטית למחוק את הציוויליזציה בלחיצת כפתור, זה ספר מוצלח מאוד.

ואולי זו התובנה המדכאת ביותר שלו: הטכנולוגיה השתנתה בצורה מדהימה. אנחנו פחות בטוחים לגבי האנושות.",1020905,ההיסטוריה הקצרה של המלחמה,דאייר גווין,,תכלת,2023,366,עיון,הסטוריה - כללי,https://cdn.simania.co.il/bookimages/covers102/1020905.jpg,https://simania.co.il/bookdetails.php?item_id=1020905,https://simania.co.il/showReview.php?reviewId=137728,"מלחמות מלוות אותנו משחר ההיסטוריה, עד שנדמה כאילו הן חלק בלתי נפרד מן האופי האנושי. האם זה באמתכך? האם יצר הלחימה וההרג אכן טבוע בנו, או שאולי אפשר לדמיין עתיד ללא מלחמות כלל?
ההיסטוריון הצבאי גווין דאייר בוחן את הסוגיה תוך שהוא סוקר את ההיסטוריה של המלחמה האנושית מהציידים־לקטים ועד האיום הגרעיני — ומגבש מסקנות בלתי נמנעות על טבע האדם.
דאייר מעלה שאלות מעניינות נוספות, בהן:• מה הופך מלחמה למלחמת עולם?• האם המלחמה הקרה באמת מאחורינו?• מדוע המזרח התיכון הוא אחד המקומות היחידים בעולם שעדיין מתנהלים בהם סכסוכים צבאיים?• כיצד ייראו המלחמות של המאה ה־ 21 , בצל ההתפתחות הטכנולוגית וההתחממות הגלובלית?
ההיסטוריה הקצרה של המלחמה הוא ספר קולח, תמציתי ומאיר עיניים, המציג תובנות חדשות על אירועים היסטורייםמסעירים, מסביר מונחים מורכבים בשפה בהירה, ובעיקר מספר את סיפורו של המין האנושי מנקודת מבט מרתקת.",,,,,,,,,he,Paperback,3.5,2,1,47,5,0,1
137727,2026-09-15T02:22:16.000Z,5,9,ליליאן די,325886,"לקטלג את ""מישהו לרוץ איתו"" כספר נוער זה כמעט עיוורון שיווקי, אם לא החמצה גמורה של היצירה. אמנם הגיבורים שלו בני שש-עשרה וסמטאות ירושלים הן המרחב שבו הם נעים, אך מדובר ביצירת מופת שחוצה גילים ונכנסת ישירות מתחת לעור. הכתיבה של דויד גרוסמן בספר הזה פשוט פנומנלית: עברית פיוטית אך פשוטה להפליא, צלולה, נטולת מליצות או מאמץ מזויף לעשות רושם. זו שפה שקופה לחלוטין, שאינה חוצצת בינך לבין פעימות הנפש של הדמויות, אלא נוגעת בדיוק כירורגי בעצב החשוף ומבתרת את הלב.
במרכז הספר נעים שני צירים מקבילים במרדף עירוני מסחרר. בציר האחד נמצא אסף – נער מהוסס ומגושם, הכלוא בתוך עכבות, פחדים חברתיים ושיתוק של עודף מחשבות. הוא מושלך בעל כורחו אל הרחוב כשהוא אוחז בחבל של דינקה, כלבה עזובה. כאן טמון אחד המשלים המבריקים של הספר: דינקה היא ההיפך המוחלט מהאינטלקטואליזציה המשתקת של אסף. היא מייצגת אינסטינקט טהור, דופק, תנועה ואמת בלתי מתפשרת. כשהיא מושכת אותו בריצה מטורפת במעלה הסמטאות, היא גואלת אותו מהקיפאון, כופה עליו לפעול מהבטן, ומתפקדת כמעין חוט אריאדנה המחבר בין שני קצוות של בדידות. דרך העקבות שדינקה מוליכה אליהם, נרקם אחד המהלכים המרגשים בעלילה: אסף מנהל רומן שלם ומתאהב עד כלות בנערה שמעולם לא פגש. זוהי התאהבות ארכיאולוגית – הוא לומד להכיר את תמר דרך חפצים, שירים, שברירי פתקים והאופן שבו אנשים זרים מביטים לאחור בגעגוע אליה, ואוסף את דמותה פירור לפירור היישר אל תוך תודעתו.
בציר השני, המרתק והטעון מכולם, ניצבת תמר. נערה עזת נפש שגזזה את שערה, השילה מעליה את עולמה המוגן וירדה בעיניים פקוחות למרחב אפל ומאיים של הוסטל אמני רחוב, מתוך משימת חילוץ טוטאלית להצלת נפש אבודה ויקרה לה שנבלעה שם. על אף שהמערך סביב פסח וההוסטל מרגיש לעיתים גדול מהחיים – כמעין אגדה אורבנית ירושלמית – המטען הפסיכולוגי שרוחש מתחתיו אמין, מתוח ומצמרר. החלק של תמר כתוב ביד אמן נעלה: כל סצנה שלה רוויה בסאבטקסט מתוח, בחשדנות דרוכה ובשתיקות שבהן כל מילה נשקלת במאזניים דקים. סצנת השירה שלה בליל שבת בתוך המעון – כשהיא שרה אל תוך האפלה ומפיחה רוח חיים בנפש שרוקנה מעצמה – היא שיא ספרותי קורע לב. אצלה אין חישובי סיכויים; כפי שהיא מנסחת זאת בפשטות מוחצת, פשוט לא הייתה לה שום ברירה. לכן, כשהצירים מצטלבים והמפגש ביניהם מתרחש לבסוף, אין כאן התרסקות מביכה של פנטזיה, אלא רגע מחשמל שבו חוסר הביטחון של אסף מתמוגג בהדרגה מול היעדר הזיוף המוחלט שלה.
לצד הפסגות הללו, הקו של אסף סובל לעיתים מעודף משקל של שגרה ביתית וסרחי עודף שמאטים את הקצב. בייחוד בולטת חולשתו של הקשר מול רועי: הדינמיקה הזו יכלה להאיר פצע עמוק של תלות והיררכיה חברתית כואבת, אך היא לוקה בדיאלוגים עמוסים וגרוטסקיים של ""מלך כיתה"" שבלוני, ובהתפרצות אומץ פתאומית מצד אסף שחסרה את העידון וההדרגתיות הנדרשים. ברגעים האלה הכתיבה מאבדת מעט מהאחיזה המדויקת שלה.
אך כשהעלילות מתלכדות אל תוך מסע ההיחלצות וההחלמה המשותף, הספר ממריא לגבהים נדירים. המאבק העיקש להחזיר אדם אל החיים כתוב ללא הנחות וללא קיצורי דרך. כמי שאלרגית באופן עקבי לסופים טובים ומתקתקים, הסיום כאן הוא יצירת מופת בפני עצמה: חסד שהספר הרוויח ביושר, שבו המציאות עדיין שומרת על כובד משקלה ועל צלקותיה, ושריון הפלדה של תמר מתפרק סוף סוף על כתפו של אסף בבכי שהיא מכנה בעקשנות ""אלרגיה לעצב"". והתובנה שסוגרת את העמודים האחרונים – שאין בעולם מתנה גדולה יותר מלמצוא אדם שכל כך נוח לשתוק איתו – מזקקת את כל החוויה. ספרות גדולה, עמוקה ומפעימה, שמגדירה מחדש מהי מסירות נפש ואיזה כוח עצום יש לרגע שבו מפסיקים לרוץ לבד ומוצאים מישהו לרוץ איתו.",50964,מישהו לרוץ איתו,דויד גרוסמן,,הקיבוץ המאוחד,2000,341,ספרות,ספרות מקורית,https://cdn.simania.co.il/bookimages/covers5/50964.jpg,https://simania.co.il/bookdetails.php?item_id=50964,https://simania.co.il/showReview.php?reviewId=137727,"""מישהו לרוץ איתו"" הוא סיפור מתח, וחיפוש ואהבה. 
אסף, נער ביישן וגמלוני בן שש עשרה, נעקר משגרת יומו כשהוא נשלח למשימה חסרת סיכוי:
לאתר את הבעלים של כלב גדול ופרוע שנמצא משוטט ברחובות ירושלים - והוא זה שיריץ כבסחרחורת את העלילה של אסף בספר. 
כך מגיע אסף לאנשים ולמקומות שבאמצעותם נגלה לו, כמו בפאזל, סיפור מופלא השואב אותו לתוכו - סיפורה של תמר, נערה בודדת וסוערת, שנלכדה בסבך של עולם אפל ומסוכן, ונאבקת בו באומץ. 

תמר היא הגיבורה הגואלת של ``עלילת ההצלה``, שבספר. 
תוכניתה נועזת, כמעט מטורפת, ולאסף הנדהם והמוקסם אין ברירה אלא להילכד איתה בסיפור שלה, לרוץ איתה עוד לפני שהכל ברור לו ולפני שהוא פוגש אותה ממש. 
לשניהם יהיו אלה ימים של מסע אל גבולות ההעזה, הנדיבות וההקרבה; מסע של התבגרות מואצת. 
הסיפור, שמתחיל כסיפור לבני הנעורים, הולך ומתבגר מפרק לפרק (ופרקי תמר מלכתחילה ``מבוגרים`` יותר מאלה של אסף בן-גילה). השניים יחצו ``גבול`` ביחד, ויגיעו לגילוי עצמי ולגילוי האהבה. 
קוראים שונים, או קריאות מגוונות, יוכלו ללכת שבי אחרי ה``רומנסה`` המודרנית הזאת, הריאליסטית והמבריקה, של גרוסמן. 

אפשר לקרוא בספר למען העלילה המפתיעה בתהפוכותיה; אפשר להתרגש מהעיצוב החם והחכם של תהליכי הנפש של הדמויות, השונות כל כך זו מזו ועם זאת מוצאות בתוכן את ``החלק של הלגו בנפש`` שמחבר אדם לאחר; ומי שמבקש לעקוב אחר גלגולי הגיבור ה``גרוסמני`` בין ספריו ימצא גם עניין רב ב``תיקון`` שעוברים כאן הגיבורים, החסומים מן העבר, החל מ``רץ`` - ביכולת שניתנת להם לפרוץ את המעגל, לתת את עצמם לאחרים, להשמיע בחוץ את הקול הפנימי, הנבדל והטהור אף שמתפלשים אתו במחילות הפנימיות הכי אפלות.",,,,,,31-3253,הספריה החדשה,,hebrew,Paperback,4.3,1502,166,53600,934,8,1
137726,2026-09-14T20:34:26.000Z,4,4,רותי-פ,3858,"""המהלך על כלונסאות""  מאת יוסף ארליך. הוצאת עקד 1975
בגב הספר כתוב: ""רומן זה, שעלילתו מתרחשת על רקע תל אביב, עוסק בפרשת חיים סוערת של אישה צעירה ומשכילה – מורה במקצועה – אשר ידעה אהבות נכזבות בחייה, ושל גבר צעיר ויפה, אך חסר השכלה. השניים מתקשרים ביניהם התקשרות של חשבון, ואולם הצעיר בוגד באישה מטעמי קאריירה – ואף על פי כן נכנע בסופו של דבר"".

הספר מכיל 197 עמודים, הוא צנוע וממוקד בהתייחסות של בני אדם אל זולתם בחיי יומיום שיגרתיים, החל מיחס דואג ותומך ועד ליחס משפיל ופוגע, דרך קשת האפשרויות של התנהגות בני אנוש. אהבתי את סגנון התיאור המאופק של הדמויות. כל אחת מהן פועלת במטרה לממש את מאווייה, רובן באיזשהו אופן תמים ופשוט. מהלך הרומן מוביל אלי כיוון שהקוראת לא רוצה בו, וזה חלק מקיסמו. נוצרת אווירה מיוחדת, פסיכולוגיסטית, אך ללא כל הכבדה. ממעשיהם היומיומיים של הגיבורים לומדים על רגשותיהם וכוונותיהם. המקום הוא תל אביב ואיזור השרון. הזמן הוא שנות השלושים של המאה העשרים, בטרם הקמת המדינה וכך פוגשים עיסוקים והרגלי חיים שכבר עברו מהעולם. 
למי שאוהב רומן מאופק – הספר מומלץ.",411824,המהלך על כלונסאות,יוסף ארליך,,עקד,1975,197,ספרות,ספרות מקורית,https://cdn.simania.co.il/bookimages/covers41/411824.jpg?v=1788196448680,https://simania.co.il/bookdetails.php?item_id=411824,https://simania.co.il/showReview.php?reviewId=137726,,,,,,,,,,he,Paperback,4,1,1,231,3,0,1
137725,2026-09-14T15:50:32.000Z,5,9,רוני,4470,"ספר מעולה. איך לא הגעתי אליו עד היום? לא ברור לי. מזל שקיבלתי אותו מתנה לפני מספר חודשים. כתוב בצורה מרשימה וסוחפת. ייתכן שגם התרגום העדכני שלבטח שונה מהמקור של הספר בהוצאת ""עם עובד"" 1964 עוזר כאן. הכתיבה בגוף ראשון של ילדה בת 8-9 המתארת את קורות משפחתה בעיירה דרומית בארה""ב על רקע הגזענות המושרשת נגד שחורים - מאוד מוצלחת ונוגעת ללב. דמותו של אב המשפחה עו""ד אטיקוס פינץ'  -  דמות מוסרית ממדרגה ראשונה המתמודד עם גידול 2 ילדיו ג'ם בן ה-12-14 וסקאוט (ג'ין לואיז) בת ה8-9 ומצד שני התמודדותו כאדם מוסרי המתבקש להגן על פועל שחור קשה יום המואשם   -על לא עוול בכפו - באונס אשה לבנה. התמודדות מול עיירה שכולה נגועה בגזענות ולמעט מספר אנשים שרואים את העוול, כולם כאחד מצדיקים את עונש המוות המוטל על הנאשם. סיפור יוצא מן הכלל ושמחתי להזדמנות שהייתה לי לקרוא.",11952,אל תיגע בזמיר,הרפר לי,צבי ארד,עם עובד,1989,278,ספרות,ספרות מתורגמת,https://cdn.simania.co.il/bookimages/covers1/11952.jpg,https://simania.co.il/bookdetails.php?item_id=11952,https://simania.co.il/showReview.php?reviewId=137725,"סיפור אנושי נודע (נתפרסם בסרט בשם ""מות הזמיר"") על הבעיה הגזעית בדרום ארצות - הברית. בחמימות ובהומור, המזכירים במקצת את מרק טוין, מסופרות הרפתקאות שני ילדיו של פרקליט בעיירה על רקע משפטו של כושי הנאשם באונס. פרשה רבת - מתח ורוויה שנינות ואהבת - אדם, כתובה בידי מספרת - מלידה. נל הרפר לי נולדה בשנת 1926 במונרוביל שבאלאבאמה והיא בת - משפחה לגנרל רוברט לי, מפקד צבא הדרום במלחמת האזרחים האמריקנית. למדה משפטים באוניברסיטת אלאבאמה ובאוניברסיטת אוכספורד שבאנגליה. ""אל תיגע בזמיר"" הופיע ב - ,1960 זיכה אותה בפרס פוליצר והיה לרב - מכר שתורגם לעשר לשונות והוסרט.",,To Kill a Mockingbird / Harper Lee,,,,,ספריה לעם - קלאסיקה,76,hebrew,Paperback,4.5,329,45,21251,195,1,1
137724,2026-09-14T13:06:44.000Z,5,3,רוני pery,2978,סטפן צוויג כמו סטפן צוויג. זורק אותך מצד לצד בכישרון עילאי. עילוי,1011927,הדחף,סטפן (שטפן) צווייג (צוויג),ליה נירגד,כתר,2024,96,ספרות,ספרות מתורגמת,https://cdn.simania.co.il/bookimages/covers101/1011927.jpg,https://simania.co.il/bookdetails.php?item_id=1011927,https://simania.co.il/showReview.php?reviewId=137724,"שני חיילים, פליטי מלחמה, מגיעים כל אחד בנסיבות משלו למדינה הניטרלית שווייץ בזמן מלחמת העולם הראשונה. האחד לאגם ז'נבה, השני לאגם ציריך. האחד משתוקק לשוב אל מולדתו, אל אשתו וילדיו, ואילו לשני המולדת נדמית כעת, בזמן המלחמה, כמקום של כלא וכפייה. אלא שגם אם בעיתות מלחמה המולדת אינה מתחשבת ברצונם של החיילים, נראה כי בכל זאת נותרת בידם מידה מסוימת של בחירה.

תקרית על אגם ז'נבה והדחף, שני סיפוריו של שטפן צווייג המתורגמים כאן לראשונה לעברית ומקובצים יחדיו, נוגעים בעוצמה, בתבונה וברגישות בחיי הנפש של חיילים ובדילמות ומצבים שמלחמה מעוררת.",,Episode am Genfer See,,,,,הסדרה הקטנה,,he,Paperback,4.4,23,11,1695,7,0,1
137723,2026-09-14T09:52:06.000Z,0,16,רויטל ק.,86782,"אבא שלי שאל אם אנחנו מעוניינים בספרי אגתה כריסטי הישנים שלו.
הוא כבר לא יקרא אותם שוב, הם סתם יושבים בבית, ספרי כיס ישנים, צהובים, הדפים נושרים מהם.
יש לי הרבה נוסטלגיה, אבל ספק אם בעצמי אקרא אותם שוב.
בכל זאת, לא התאפקתי ולקחתי כמה מהאהובים עלי ביותר פלוס האחד הזה.
זה דווקא לא היה אחד מהאהובים עלי ולא חשבתי שארצה לקרוא אותו שוב, אבל עם עובד שמוציאים סדרת תרגומים חדשה לאגתה כריסטי בדיוק הוציאו לאור את הספר הזה בשם ״רצח במסיבת האלווין״.
קראתי את הפרק הראשון באתר עברית וגיליתי שאני לא זוכרת כמעט כלום מהספר הזה, ובפרט לא מי הרוצח.
אז חשבתי לעצמי שאם כבר יש לי ביד את הספר בהוצאה הישנה למה לא לקרוא אותו שוב.
את סיפור המסגרת זכרתי: ילדה מכריזה בקול רם במסיבה שכשהיתה צעירה יותר ראתה רצח. כששואלים אותה למה לא הלכה למשטרה היא מסבירה שבזמנו היא לא הבינה שמה שראתה היה רצח, רק לאחרונה היא נזכרה במה שראתה וקלטה את זה. אף אחד לא מאמין לה, היא ידועה כילדה שקרנית שממציאה ומנפחת אבל אז - היא נרצחת בעצמה. והמניע המתבקש הוא שהרוצח שמע את ההכרזה שלה, נבהל ומיהר להשתיק אותה.

אז לקחתי את הספר וקראתי אותו שוב.
אבל משהו לא הסתדר לי... הפרק הראשון שקראתי באתר עברית והפרק הראשון בהוצאה הישנה - היו דומים אמנם, אבל לא הרבה יותר מזה.
הפרק הראשון בתרגום החדש מעניין. וקומי.
הגברת אוליבר, סופרת בלש חובבת תפוחים ומרוכזת בעצמה, מוזמנת למסיבה. בזמן ההכנות למסיבה היא יושבת ונואמת נאומים אסוציאטיביים לחלוטין בזמן שסביבה יש המולה שלמה של הכנות ואף אחד לא באמת מקשיב לה. גם כשהיא כבר קמה כדי לעזור קצת  דעתה מוסחת ע״י דלי של תפחים, הפרי האהוב עליה.
ההוצאה הישנה נראית כמו תמצית, כאילו מישהו סיכם את הפרק הראשון של הספר המקורי ומיהר הלאה, להגיע לרצח.
והתחושה בקריאת המשך הספר היא שככה זה לאורך כל הספר: שהמתרגם התעצל או חשב אולי שהפרטים לא מעניינים ונתן לנו סיכום בלבד של הספר, של הדיאלוגים, של הדמויות.
לא אופתע לגלות שהספר המלא טוב יותר מזה שקראתי עכשיו, זה שזכרתי במעורפל מאוד כספר משעמם, ועכשיו גם ברור לי למה.

בעצם, חשבתי כשסיימתי את הקריאה (זה היה מהיר - הוא קצר, או ככל הנראה - מקוצר), כמו הילדה מהספר - גם אני ראיתי רצח כשהייתי צעירה יותר, רק שלא הבנתי בזמנו שמדובר ברצח: 
המתרגם הקודם רצח את הספר בדם קר, אבל בקריאה הראשונה שלי לא הבנתי את זה ורק היום, במבט לאחור, אני יכולה לראות את זה.",500393,תעלומת הרצח במסיבה,אגתה (אגאטה) כריסטי,,מ. מזרחי,,,ספרות,מתח ריגול והרפתקאות,https://cdn.simania.co.il/bookimages/covers50/500393.jpg,https://simania.co.il/bookdetails.php?item_id=500393,https://simania.co.il/showReview.php?reviewId=137723,,,,,,,,ספרי מסתורין,,he,Paperback,5,2,1,1494,5,0,1
137722,2026-09-14T07:03:27.000Z,5,1,אורי החמודה,183049,אחד הספרים הטובים שקראתי בראש השנה  למרות שהוא טלנובלי.,992751,בית הסחלבים,לוסינדה ריילי,דפנה לוי,מודן,2019,535,ספרות,ספרות מתורגמת,https://cdn.simania.co.il/bookimages/covers99/992751.jpg,https://simania.co.il/bookdetails.php?item_id=992751,https://simania.co.il/showReview.php?reviewId=137722,"אחד הזיכרונות הקסומים ביותר של ג´וליה מילדותה הוא חממת הסחלבים באחוזת וורטון פארק. שם הייתה יושבת, מוגנת ממזג האוויר האנגלי הקר, ומאזינה להסברים של סבהּ ביל על הצמחים האקזוטיים. כעת ג´וליה מזדמנת שוב לוורטון פארק, ופוגשת את קיט קרופורד, יורש האחוזה, שאותו לא פגשה מאז הייתה ילדה והוא – נער מתולתל וגמלוני. קיט נותן לה יומן שנמצא מוסתר באחד המבנים באחוזה, וג´וליה יודעת שהיחידה שתדע מי כתב אותו ומתי היא סבתה אלזי.

   אלזי מספרת לג´וליה על האחוזה בתקופה שלפני מלחמת העולם השנייה, ובעיקר על אוליביה, נערה שנולדה בהודו והגיעה לאנגליה לכבוד ""העונה"" הלונדונית במטרה למצוא שידוך הולם. היא מספרת לה כיצד התאהבה אוליביה בלורד הארי, יורש האחוזה, אף שהוא לא היה בטוח שיוכל לאהוב אישה באופן הזה. הנסיבות ההיסטוריות הן שעיצבו לבסוף את יחסיהם, כאשר הארי נשלח למלחמה, ונפל בשבי היפנים. הוא השתחרר לאחר שנים, אך דווקא כאשר עמד לחזור הביתה מבנגקוק, מצא שם, בניגוד לכל היגיון, אהבה כנה ואמיתית.

   ג´וליה מגלה סיפור על משולש אהבים עוצמתי שהוסתר במשך דורות, והסיפור הזה – כך מסתבר לה – עתיד לטלטל גם את חייה שלה.

   בית הסחלבים הוא רומן מרגש שנע בין נשפים לונדוניים לבקתות תאילנדיות, בין צינת האי הבריטי ללחות הטרופית, בין עלמה אנגלייה מיוחסת לנערה תאילנדית, ובעיקר – בין מחויבות כובלת לאהבה עוצמתית. כל זאת בתקופה היסטורית שטלטלה את חייהם של מיליונים.

   לוסינדה ריילי פרסמה רבי–מכר שתורגמו לעשרות שפות ונמכרו במיליוני עותקים ברחבי העולם. זהו ספרה הראשון המתורגם לעברית.",רומן היסטורי,,,,,,,,he,Paperback,3.9,31,8,11724,46,0,1
137721,2026-09-14T05:34:57.000Z,4,11,בר,163000,"""...וכל תחושת הזמן והשתלשלות העניינים בספר רופפת מאוד.""

זהו ציטוט מתוך הספר שמדבר על הספר ""תולדות האהבה"" שקיים בתוך הספר שאני קראתי ""תולדות האהבה"" ובקיצור- ספר בתוך ספר והשתלשלות אירועים וזמנים רופפת בצורה אולי מעט מתישה לעיתים, אבל אמנותית להפליא. 

קשה כל כך להסביר על מה הספר כי מדובר במסע מופלא וגם מופרע אודות איש אחד- ליאופולד גורסקי, שכתב פעם ספר. הספר התגלגל לחברו ובסופו של דבר מצא את דרכו להגיע אל נערה ששמה אלמה. בין ליאופולד לאלמה ישנם יחסים משיקים לאורך הספר שסופם להתאחד לקו אחד. כל מילה נוספת שאגיד על הספר תהרוס אותו ולכן אפסיק כאן. 

אין ספק שהספר מבולבל והזמנים משתנים. הרגשתי ממש צורך להתרכז על מנת להבין פרטים מהעלילה שמצד אחד דוהרת בקצב מסחרר ומהצד השני נשארת עמומה והולכת הלוך ושוב. לעיתים מרגיש הקורא חוסר אונים שכזה בניסיון להבין על איזו דמות מדובר ובאיזה זמן אנחנו אבל ההמתנה משתלמת ובסופו של הספר כל הפרטים מתגלים. 

לא אשקר, פעמים רבות הלכתי לאיבוד אבל עדיין הסקרנות שבכתיבה המופלאה הזו שאבה אותי לקרוא עוד ועוד. אפשר להתווכח האם מדובר ב""טריק"" קצת מרגיז שמוליך את הקורא בדרך לא נודעת או שמא ביכולת כתיבה ברמה גבוהה ביותר שמצליחה לספר לנו סיפור בצורה משכנעת ולא תבניתית. 

בסופו של דבר זהו ספר רגיש ועדין המדבר על החיים עצמם לצד החמצה, פחד, כאב גדול וגם בעיקר אהבה- המניע העיקרי להיותנו כאן. ספר מיוחד שמשאיר אחריו שובל של מחשבות. 

""עכשיו, כשחיי שלי כמעט בסופם, אני יכול לומר שהדבר שהכי הדהים אותי בנוגע לחיים הוא טווח היכולת להשתנות. יום אחד אתה אדם ולמחרת אומרים לך שאתה כלב. בהתחלה קשה לשאת את זה, אבל כעבור זמן מה אתה לומד לא לראות בזה אובדן, יש אפילו רגע שבו אתה נלהב לגלות כמה מעט צריך להישאר על כנו כדי שתוכל להתמיד במאמץ המכונה, באין מילה טובה יותר, להיות אדם.""",60939,תולדות האהבה,ניקול קראוס,שאול לוין,כנרת זמורה דביר,2005,268,ספרות,ספרות מתורגמת,https://cdn.simania.co.il/bookimages/covers6/60939.jpg,https://simania.co.il/bookdetails.php?item_id=60939,https://simania.co.il/showReview.php?reviewId=137721,"ליאו גורסקי מנסה לשרוד עוד קצת, מקיש על הרדיאטור מדי ערב כדי להודיע לשכנו מלמעלה שהוא עדיין חי, מושך מבטים בדלפק החלב בסטארבקס. 
אך לא תמיד היו אלה פני הדברים: לפני שישים שנה, בכפר הפולני שבו נולד, ליאו התאהב וכתב ספר. 
ואף על פי שהוא אינו יודע זאת, ספרו שרד גם הוא-חצה דורות ואוקיאנוסים ושינה את חייהם של אנשים אחדים.

אַלמָה בת הארבע-עשרה נקראת על שם אחת הדמויות בספר. 
היא טרודה עד מעל לראשה בהשגחה על אחיה הקטן, ציפור (שחושב שאולי הוא המשיח) ובכתיבה במחברתה: איך לשרוד בטבע - כרך שלישי. 
אך כאשר מגיע מכתב מסתורי בדואר, היא יוצאת להרפתקה במטרה למצוא את הדמות שאת שְמה היא נושאת ולהציל את משפחתה.
תולדות האהבה, סיפור שופע צחוק, תשוקה וכוח דמיון מופלא, הוא סיפור שובר לב אך גם מאחה לב, המסתיים במילים המהדהדות מתוך הודעת הפטירה של ליאו גורסקי בן ה-80: ""באמת, אין הרבה מה לומר. 

הוא היה סופר גדול. הוא התאהב. אלה היו חייו.""",,The History Of Love,,,,2-0070214,מחברות לספרות,,he,Paperback,3.9,530,71,34831,584,5,1
137720,2026-09-14T02:22:40.000Z,5,15,רץ,43497,"תרבות, שקיעה וכניעה

בעבר נרתעתי מקריאת ספריו של מישל וולבק, בשל החיבור בהם בין רעיון אינטלקטואלי למיניות בוטה – צירוף שנראה בעיניי מלאכותי ומזוייף. אולם מפגש מחשבתי שינה את נקודת מבטי: לאחרונה הכנתי הרצאה על העיר סדום, ודרכה הבנתי לעומק את האלגוריה המיתולוגית של המקום שאיבד את קנה המידה האנושי, המוסרי והחברתי. המיניות הבוטה שמוצגת בסיפור המקראי, היא ביטוי להדרדרות מוסרית של חברה שבה התקיימה מערכת חוקים מעוותת ואבסורדית. הקריאה המחודשת הזו בסיפור העתיק הולידה בי את ההבנה שספריו של וולבק בכלל, והרומן ""כניעה"" בפרט, מתפקדים כאלגוריה מודרנית מבריקה לאותה תופעה.

רומן ההגות והבדיוני למחצה של מישל וולבק, ""כניעה"", מתפקד כאלגוריה מודרנית שבה אירופה מתוארת כחברה מנוונת. הרומן מציג שילוב מורכב בין מיניות בוטה לבין אינטלקטואליות מרירה ומנוכרת, וממחיש חורבן מסוג אחר – לא גשמי ופתאומי, אלא שקיעה תרבותית, רוחנית ודמוגרפית איטית המבשרת את קצו של המערב.

את השקיעה והכניעה הזו מתאר וולבק ברומן המרתק שלו באמצעות גיבור העלילה, פרנסואה, פרופסור לספרות המאה ה-19 המתמחה באחד מסופריה העלומים, היסמנט, ואת הקריירה המפוארת שלו הוא חייב לדמות זו. ישנה אירוניה חזקה בכך שיוצר אחד יצר יצירה חיה, נושמת ופורצת דרך, ואילו האחר – החוקר פרנסואה – מתפקד כסוג של טפיל המנסה לבנות את עולמו האקדמי על ספרות נשכחת, כמו הביטוי החי על המת. פרנסואה כתב דוקטורט מבריק על היסמנט, מה שסלל את דרכו להיות מרצה מהמניין בסורבון. למרות שהוא בן 44 בלבד, שיאו האקדמי מאחוריו: זולת ספר אחד הוא הוציא מאמרים בודדים בלבד, הקריירה שלו תקועה, והוא משתעמם מהרצאותיו שהעניין בהן מצד הסטודנטים הולך ופוחת. חלק מקהל שומעיו המצומצם הן סטודנטיות עטויות רעלה המרמזות על תרבות אחרת שעולה.

למרבה ההפתעה, פרנסואה כמעט בור בנושאים אחרים; הוא מעולם לא סיים קריאת ספר היסטוריה, ואת העולם הוא רואה אך ורק דרך עיניו של מושא המחקר שלו, הסופר היסמנט, ואף תוהה לא פעם מה היסמנט אומר על המציאות. הוא חי בבדידות, מנוכר להוריו הקשישים ולמשפחתו, יש לו מעט מאוד חברים, ואת ימיו הוא מעביר במפגשים מיניים מנוכרים עם סטודנטיות, עד שהוא מתחיל לפתח רגש מסוים כלפי מרים, סטודנטית צעירה – האם זוהי נקודת המפנה?

וולבק אינו כותב על מפגשים מיניים ארעיים ומנוכרים סתם כך; עבורו, הם מהווים ביטוי מובהק לליברליזם קיצוני שדחה מעליו את מבנה המשפחה, את רעיון הצורך בהולדה, ואת חשיבותה של חברה המאורגנת בקהילות. כדי להעצים את תמונת המצב, וולבק משלב בעלילת הרומן דמויות פוליטיות אמיתיות לחלוטין ממרחב הפוליטיקה הצרפתית, ובהן מארין לה פן (ראש מפלגת הימין הקיצוני ""החזית הלאומית"") ונשיא צרפת לשעבר פרנסואה הולנד, לצד פוליטיקאים בולטים נוספים. השילוב הייחודי הזה – בין מציאות פוליטית מזוהה לבין תרחיש בדיוני עתידי שבו מתרחש מהפך שלטוני דרמטי כמו עלייתו של מנהיג מוסלמי בשם מוחמד בן-עבס – מעניק לספר את העוקץ הסאטירי והמטריד שלו, שגרם לי לראות בו נבואה או מראה מעוותת למצבה של החברה האירופית.

הספר הזה מציב בפנינו מושג פוליטי מטריד ומעורר מחשבה: האפשרות שאימפריות או מדינות מסתאבות ומתבהמות פוליטית וחברתית עד שהן קורסות, או נכנעות ללא שפיכות דמים מיותרת, משום שעברו תהליך מודע או חצי-מודע של התאבדות פוליטית ומוסרית. העניין המטריד ביותר בקריאתו  של הספר, הוא האופן שבו הוא מזכיר, ברבים מרעיונותיו, את המציאות של ישראל העכשווית – מה שהפך את היצירה הזו עבורי למרתקת, מבהילה ובועטת כאחד.",976978,כניעה,מישל וולבק,עמית רוטברד,בבל ומשכל,2015,280,ספרות,ספרות מתורגמת,https://cdn.simania.co.il/bookimages/covers97/976978.jpg,https://simania.co.il/bookdetails.php?item_id=976978,https://simania.co.il/showReview.php?reviewId=137720,"האינדיבידואליזם הליברלי היה יכול לחגוג כאוות נפשו את התמוססות המבנים המתווכים שלו, כלומר המפלגות, התאגידים והקאסטות, אבל ברגע שתקף את המבנה האחרון, כלומר המשפחה, ולפיכך את הדמוגרפיה, הוא חתם על כישלונו הסופי; 
ואז מגיע, באופן הגיוני, עידן האיסלאם.
רובר רֵדיזֶ'ה

פרנסואה הוא פרופסור לספרות בסורבון המתמחה ביצירתו של הסופר בן המאה ה-19 ז'וריס–קרל הויסמנס. 
בזמנים רגילים הוא היה יכול לקוות לחיים שלווים, לקריירה אקדמית משעממת אך מספקת ואולי אפילו למערכת יחסים משמעותית עם אהובתו מרים, סטודנטית יהודייה.

אבל ההיסטוריה, הדמוגרפיה והפוליטיקה רצו אחרת: 
השנה היא 2022 וצרפת, על סף מלחמת אזרחים, לאחר תקופה ארוכה של אובדן–ֿדרך, אי שקט חברתי ואלימות גואה, בוחרת בנשיא חדש. 
הפוליטיקה הישנה, כמו שאר ערכי הרפובליקה, החברה והמשפחה, פשטה את הרגל, ובסיבוב הבחירות השני נאלצות המפלגות המסורתיות שהנהיגו את צרפת מזה חצי מאה לפנות את הבמה למארין לה פן, מועמדת הימין הקיצוני ולמוחמד בן–עבס, מועמד האחווה האיסלאמית.",,Soumission / Michel Houellebecq,,,,462-474,הספרייה של בבל,,he,Paperback,3.5,82,25,8598,79,2,1
137719,2026-09-14T00:00:45.000Z,5,7,נפתול,282248,"לא חשבתי שהספר יתפוס אותי בעוצמה כזו כשגיסי הביא לי אותו. כמה חודשים הוא ישב על מדף הספרים שממתינים שאתפנה אליהם. שלשום לקחתי אותו לקריאה ועכשיו סיימתי.
הספר מספר את סיפורו של חיים גראביצר, חסיד חב""ד בלב ובנפש במאה ה19 בחצרו של הרבי הצמח צדק, האדמו""ר השלישי מלובביץ'. בחסידותו הוא מגיע להשגות גבוהות אך דווקא מתוכן הוא נשבר ונופל ומאבד את דרכו. כדי למצוא אותה מחדש הוא יוצא למסע שעובר בין עיירות ודמויות שונות ומשונות. הוא עובר בין העולמות היהודיים של אותה תקופה, מחב""ד אל חסידויות אחרות, אל המשכילים ואל המתנגדים. בכל מקום הוא מוצא אור מסויים שעוזר לו למצוא את דרכו.
לא גדלתי חסיד ולא למדתי חסידות, אבל השאלה המרכזית של הספר היא אוניברסלית במהותה. האם (או יותר נכון למה ואיך להתמודד עם זה ש) בכל עליה יש גם ירידה. לא רק במובן הרוחני שעובר הגיבור, אבל גם במובן הפסיכולוגי של הדבר. חיים גראביצר נראה בעיני כמו חולה מאניה דפרסיה, עולה לשחקים ומתרסק לתהומות. כמובן שהמעגל שעליו מדובר כאן נכון גם למצבי רוח רגילים ולאו דווקא קיצוניים כמו שעובר חיים.
לקראת סוף הספר מתרחבת השאלה מהיחיד אל הכלל, האם עלייתם של רבים כרוכה בהכרח בנפילתם של יחידים, בין אם זה הקנטוניסטים - ילדים ונערים שנחטפו ל25 שנות שירות בצבא הצאר הרוסי, ובין אם זה הנופלים מסוגו של חיים עצמו.
הספר כתוב היטב, בעברית עשירה ובהירה של פעם. הדמויות מעולות ומהלכי הנפש שלהן ברורים וחדים. הקהילות היהודיות מתוארות בעושר לפרטי פרטים שגורם להן לחזור לרגע לחיים. חצר הרבי בלובביץ' על ההתוועדויות והמאמרים, היי""ש, הניגונים והריקודים. ישיבת וולוז'ין על למדניה, שקדניה ורבניה. דרשת המגיד בבית הכנסת ונגינת האישה בנבל. הכל מסופר בכישרון עצום ומושך לב.
זה כוחו של הספר בעיני, לקחת את עולמו הפנימי של חסיד מלפני מאתיים שנה ולהנגיש אותו לקורא הישראלי במאה הנוכחית. בשבילי זה עבד.",498110,חיים גראביצר,פישל שניאורסון,אברהם שלונסקי,משכל,2013,583,ספרות,ספרות מתורגמת,https://cdn.simania.co.il/bookimages/covers49/498110.jpg,https://simania.co.il/bookdetails.php?item_id=498110,https://simania.co.il/showReview.php?reviewId=137719,"""שבע יפול צדיק וקם"" – פתח הרבי ופירש מיד כל מילה ומילה – שבע פעמים נופל הצדיק וחוזר וקם מנפילתו...כל עלייה של נשמה יש בה ממילא אפשרות של נפילה, אלא שכל נפילה ונפילה היא בשורה מאוימת לעלייה העתידה לבוא. שכן נפילה וקימה – זהו התוך והמהות של העבודה האמיתית, התנועה רצוא-ושוב של הנשמה, המתעלה מעלה-מעלה.

חיים גראביצר הוא חסיד חב""ד שנועד לגדולות. עם זאת הוא מסרב בכל תוקף לרבנות ודבק במלאכת המלמד, בזכותה הוא רואה עצמו כמשה רבנו המביא נשמות רכות למעמד הר סיני. אין דומה לו, לגראביצר, בקולו הרועם, במזגו הסוער וביושר לבו, שאינו מתכופף בפני איש.

אולם אסון נורא שומט את הקרקע מתחת רגליו, וגראביצר נקרע מחייו, מעולמו ומאמונותיו, כגרם שמים שניתק ממסלולו ונותר משוטט בחלל. הוא ""נופל"" ומתגלגל במסע מלא תעוזה ומתח בין עולמות רוחניים תרבותיים וחברתיים שונים: מחסידות חב""ד לחסידות פולין, משם לישיבת וולוז'ין ולעולמם של המתנגדים ולתנועת ההשכלה ועד לגורלם הטראגי של הקנטוניסטים.

חיים גראביצר – סיפורו של נופל הוא ספר ייחודי ומרתק שנכתב ביידיש בשנות העשרים של המאה העשרים וראה אור לראשונה בעברית בשנת 1939, בתרגומו הנפלא ומלא החיים של הסופר והמשורר אברהם שלונסקי. הספר מקים לתחייה את העולם היהודי של העיירות בפולין במאה התשע-עשרה, ומתאר נאמנה את חיי היהודים באירופה שלפני מלחמות העולם.

פרופ' יהושע פישל שניאורסון (1958-1888) נולד למשפחת רבנים ואדמו""רי חסידות חב""ד, למד בישיבות והוסמך לרבנות, ולאחר מכן למד רפואה ופסיכיאטריה בברלין. בשנת 1936 עלה לארץ ישראל והקים בתל אביב מרכז אבחון וטיפול פסיכולוגי. לצד לימודיו ועבודתו הקלינית, חיבר שניאורסון סיפורת ייחודית מודרנית, אשר נתנה ביטוי מרתק לאישיותו ולשאלות שהתחבט בהן בחייו. הספר חיים גראביצר הוא גולת הכותרת של יצירתו הספרותית.

הוצאת ידיעות ספרים גאה להשיב אל קוראי העברית אוצר תרבותי וספרותי שכמעט ונשכח בארון הספרים היהודי. הספר רואה אור כעת במהדורה מחודשת, מעודכנת ומוערת.",סיפורו של נוֹפֵל,,,,978-965-545-561-8,362-4626,,,he,Paperback,4.5,8,4,5389,33,1,1
137718,2026-09-13T20:14:56.000Z,3,2,סאן,214607,"אני אוהבת את אמילי הנרי, קראתי את רומן קיץ שלה באנגלית, לפני שתורגם, ואני מתכננת לקרוא אותו גם בעברית.
ניסיתי לקרוא אנשים שאנחנו פוגשים בחופשה, לא התחברתי לדמות הראשית.
קראתי את אהבה מהספרים ואהבתי.

אז, קראתי 2 ספרים שלמים, ונטשתי אחד.
הספר הזה, כמעט היה עוד נטישה.
הסיבה היא, שלמרות שאין משהו ספציפי שאני לא אוהבת בספר או בסיפור, פשוט היה לי משעמם מאוד.
אבל קראתי כבר 200 עמודים, אז הכרחתי את עצמי להמשיך לקרוא.
זה לא שהקריאה עצמה הייתה מענה, אלא שלאורך רוב הספר, התחושה הכי דומיננטית שלי הייתה שמשעמם לי, והרגשתי שוואלה אני יכולה לנטוש את הספר הזה ולא להרגיש שום חרטה.
פשוט לא הרגשתי שהסיפור מעניין אותי, לא הרגשתי שהדמויות מכירות אחת את השנייה מספיק, ולא היה לי שום דבר שיחזיק אותי מתוחה וברצון לסיים את הספר.

הייתי נותנת לו שני כוכבים, אבל נהניתי מהסוף שלו, זה היה מעניין, אפילו בכיתי.
אני חושבת שהספר ארוך מדי, אני חושבת שהדמויות לא מכירות אחת את השנייה מספיק ולא ברור למה הן בכלל מתאהבות, אבל מכיוון שהן בעצמן אומרות באיזשהו שלב לקראת סוף הספר, שהן בקושי מכירות אחת את השנייה, אני חושבת שאני בסדר עם זה.
הספר היה משעמם, ארוך מדי, אבל הסוף השאיר אותי מסופקת.
לכן אני נותנת לו שלושה כוכבים.

העלילה עצמה היא כזאת, אליס נוסעת לפגוש איזו אישיות מפורסמת שנעלמה לפני 20 שנה, והיא מנסה לשכנע אותה לתת לה לכתוב את הביוגרפיה שלה.
שנייה אני מנסה להיזכר איך קוראים לה...
זה מביך, אבל נו, אמרתי לכם שהספר שיעמם אותי.
מרגרט!
אוקיי אז מרגרט היא בת למשפחה מאוד מפורסמת ומלאת שערוריות, והיא עצמה התחתנה עם כוכב רוק שמת צעיר בתאונה, ויש המון שאלות על החיים שלה.
אליס היא עיתונאית, היא מוצאת איכשהו את מרגרט שלא רוצה להימצא, ואז כשהיא מגיעה אליה מתוך מחשבה שהיא תסכים לתת לה לכתוב את הביוגרפיה שלה, היא מגלה שבעצם - יש עוד עיתונאי שמרגרט מעוניינת לתת לו את ההזדמנות.

אליס בהחלט מתבאסת, העיתונאי ששמו היידן הרבה יותר מוכשר ממנה, והיא לא רואה סיבה למה שמרגרט תבחר בה לכתוב את הספר ולא בו.
היידן כבר כתב ביוגרפיה אחת של אישיות מפורסמת, והוא אפילו זכה בפוליצר.
אני מחבבת את היידן רק כי הוא גבוה מאוד, ומעבר לזה, ולכל מיני מוזרויות קטנות, אין בו ממש משהו בולט.
הוא פשוט גבר גבוה, מוצלח, שנראה לא נגיש אבל בכל זאת דואג לזולת.

למי שקרא כבר ספרים של אמילי הנרי, אני חושבת שבאליס יש קצת מפופי, הדמות שלא סבלתי ובגללה לא קראתי את ""אנשים שאנחנו פוגשים בחופשה"", וגם קצת מג'נוארי, מרומן קיץ.
כמו ברומן קיץ גם פה משום מה לגיבורה יש אב שמת, ולא יודעת, מרגיש לי שהסיפור נוגע בחפיף בכל מיני נושאים, ולא צולל עמוק לשום דבר.
אם תשאלו אותי מה השריטה של אליס, אז אין שם ממש שריטה, היא פשוט לא מסתדרת עם אמא שלה, מפחדת שמשהו יקרה לאחותה שכבר חלתה פעם אחת בסרטן, ומתגעגעת מאוד לאבא שלה שהיה ההורה שהכי הבין אותה, והדבק של המשפחה.
זה כאילו, זה לא סיפור רע או משהו, הוא פשוט משעמם, כי זה מרגיש ששום דבר לא באמת קורה, עד החלק האחרון של הסיפור.

בכל אופן, לסיכום, השתעממתי ברמה של לא לרצות לחזור לקרוא אותו, כשחזרתי לקרוא אותו הייתי בסדר אבל התבאסתי בכל פעם שהגעתי לפרק על העבר של מרגרט, ואז כשסיימתי אותו, הייתי מסופקת מספיק כדי לא להתעצבן ולתת לו שני כוכבים.",1026342,"חיים גדולים, נפלאים ויפים",אמילי הנרי,דורית בריל-פולק,מודן,2026,448,ספרות,ספרות מתורגמת,https://cdn.simania.co.il/bookimages/covers102/1026342.jpg?v=1772480025828,https://simania.co.il/bookdetails.php?item_id=1026342,https://simania.co.il/showReview.php?reviewId=137718,"אליס סקוט, כתבת אופטימית וחייכנית, חולמת לכתוב ביוגרפיות של אנשים מפורסמים. כשמרגרט אַייוְוס הקשישה, בת למשפחה עשירה ולמודת שערוריות, מזמינה אותה לביתה ומציעה לה לכתוב ספר על חייה, אליס יודעת שזו ההזדמנות הגדולה שלה.
אלא שהיא לא המועמדת היחידה לכתיבת הספר. מולה מתחרה הֵיידן אנדרסון, סופר מצליח וזעפן. יש לרשותם חודש להיפגש עם מרגרט בנפרד, לזכות באמון שלה ולשמוע את סיפור חייה, ובסוף החודש היא תחליט מי מהם יזכה לפרסם את סיפורה.
אבל נדמה שמרגרט חושפת רק חלקים מהאמת. ולמרות שהשניים נתקלים זה בזו בלי הפסקה בין הפגישות עם מרגרט, הם לא מצליחים לבנות מהחלקים האלה תמונה שלמה - אולי בגלל הניצוצות שעפים באוויר בכל פעם שהם נפגשים. ואולי גם הסיפור שלהם, בדיוק כמו הסיפור של מרגרט, מורכב מחלקים שלא מתחברים?
חיים גדולים, נפלאים ויפים הוא סיפור על מורשת, על גורל ובחירה, ויותר מכול על אהבה. בכתיבתה השנונה להפליא, אמילי הנרי מצליחה לשלב בטבעיות רגשות עמוקים, דמויות שלופתות את הלב ועלילה שמפתיעה עד העמוד האחרון. רבי־המכר הקודמים של הנרי - רומן קיץ, אנשים שאנחנו פוגשים בחופשה שעוּבּד לסרט בנטפליקס, אהבה מהספרים, מקום נעים וסיפור מצחיק - זכו לאהבתם של מיליוני קוראים בעולם וראו אור בישראל בהוצאת מודן.
""אמילי הנרי הפכה לקובעת הסטנדרט של הז'אנר."" ניו יורק טיימס
""רומן לוהט ומעורר השראה על הקורבנות שאנשים מוכנים להקריב מתוך אהבה."" קירקוס ריוויוז
""הנרי ממשיכה להוכיח את עצמה עם עוד סיפור ארוג היטב ודמויות מורכבות ושובות לב."" בוקליסט",,Great Big Beautiful Life,,,,,,,he,Paperback,3.8,4,2,257,5,0,1
137717,2026-09-13T17:43:50.000Z,4,8,טל,334664,"החלטתי שאת הספר הזה של יואב בלום אני קוראת בעצמי, כדי לדעת אחת ולתמיד איך הספרים שלו, ולא לסמוך רק על חוות דעת של אחרים.
הספר הוא על מיכאל קורן, סופר ישראלי מצליח, שנמצא בעיצומו של משבר. זה לא בדיוק משבר כתיבה, זה משהו יותר עמוק. הוא מאוכזב מעולם הספרות. באופן עמוק. הוא מאוכזב מהספרות עצמה, ממה שהיא יכולה להביא לעולם, ונמאס לו גם מכל הסצינה הספרותית, כלומר ממבקרי ספרות, מהשיח סביב ספרים, ממעריצים, ממחמאות וגם מקטילות. בקיצור נמאס לו מכל מה שקשור לספרים. הוא מתכנן לנסוע לחו""ל בפעם האחרונה ולקבל פרס יוקרתי, ולחתום בזה את הפעילות הספרותית שלו. פשוט לחתוך מהתחום.
במהלך הקריאה בספר מתבררת הסיבה למשבר של מיכאל קורן, ומרגישים מאוד את הכאב שלו.
היה לי מאוד מעניין לקרוא את הספר. השיח על מקומה של הספרות בחיינו, ועל עולמו הפנימי של סופר, על תהליך הכתיבה, היה מרתק.
אני שמחה מאוד שקראתי את הספר, ומחכה בסקרנות לספרים נוספים של בלום.",1028465,הסופר,יואב בלום,,כתר,2026,240,ספרות,ספרות מקורית,https://cdn.simania.co.il/bookimages/covers102/1028465.jpg?v=1787241728331,https://simania.co.il/bookdetails.php?item_id=1028465,https://simania.co.il/showReview.php?reviewId=137717,"מיכאל קורן, סופר מצליח שמאחוריו שובל של רבי־מכר, לא רוצה לטוס לחו""ל כדי לקבל פרס ספרותי יוקרתי. הוא כבר לא מאמין - לא בספרות ולא במילים. לאחר שנים של יצירה, משהו בו נשבר והוא מרגיש שהעולם הספרותי הוא לא יותר מהצגה חסרת תכלית ושליצירה עצמה אין משמעות.

עכשיו, כמו פושע שמנסה לחזור למוטב ונגרר לשוד אחרון, הוא בכל זאת טס, משאיר בארץ את אשתו ההרה, ונאלץ להשתתף בטקסים, לחייך בקבלות פנים, ולהתלבט כמה כנות הוא יכול לגלות בנאומיו. 

סביבו, כמעט מבלי משים, גדל סיפור אחר, הרה גורל: קבוצה של פליטי אפוקליפסה שקשורים אליו מבלי לדעת זאת מתבצרת במקלט אטומי, וחבריה נאבקים על חייהם מול סכנה חדשה, כזו שמעולם לא דמיינו ושיכולה למוטט את שרידי עולמם.

יואב בלום, שספריו הקודמים, וביניהם מצרפי המקרים, המדריך לימים הקרובים והקבוע היחידי, תורגמו לשפות רבות וזכו בפרסים ספרותיים ובאהבת הקוראים, שואל בספרו החדש – והאישי ביותר עד כה – שאלות נוקבות על ערכה של הספרות כחלק מהקיום האנושי.",,,,,,,כתר - מקור,,he,Paperback,4,2,1,133,3,1,1
137716,2026-09-13T17:12:19.000Z,1,4,ליליאן די,325886,"יש סופרים שאתה מעניק להם אשראי כמעט בלתי מוגבל. אחרי ש""הדו""ח של ברודק"" ריסק ורומם לי את הנפש, ואחרי ש""נכדתו של מר לין"" הוכיח שאיפוק מילולי יכול לפעור בור בלב, הגעתי אל ""ארכיפלג הכלב"" בהתמסרות מוחלטת, מוכנה לעוד שיעור מאלף באלכימיה אנושית מבית מדרשו של פיליפ קלודל. אלא שהפעם, שום קסם לא התרחש במעבדה.
הנקודה שממנה העלילה יוצאת לדרך מחזיקה לכאורה בכל המרכיבים הנכונים למשל מוסרי מטלטל: אי מבודד וקודר בצל הר געש מעשן, שאל חופיו נשטפות שלוש גופות של פליטים צעירים. במקום להזעיק עזרה או לפעול מתוך חמלה בסיסית, פרנסי המקום – קהילה סגורה ומסוגרת שחרדה לשלוותה ולעונת התיירות הקרבה – בוחרים בהשתקה, בקבורה חשאית ובברית של שתיקה שנועדה למחוק כל זכר לאסון.
על הנייר, זוהי זירה מושלמת לחקירה פסיכולוגית נוקבת על אודות אטימות, פחד וקונפורמיזם חברתי. בפועל, המשל פשוט בלע את הסיפור. במקום דמויות בשר ודם שנעות בעולם מתוך דחפים פנימיים, קיבלנו גלריה של פלקטים עמומים וחסרי שמות שאינם מצליחים לעורר גרם של עניין או אמפתיה. כאשר הדמויות אינן נושמות, גם הריקבון המוסרי שלהן לא מזעזע; הוא בעיקר מתיש.
האכזבה הצורמת ביותר נעוצה בשפה ובקצב. הכתיבה הפיוטית, המכשפת והמדויקת שהפכה את קלודל לאמן הניואנסים, התחלפה כאן בטקסט מסורבל, עקר ונטול תנופה. העלילה גוררת רגליים באיטיות מייגעת, והדיאלוגים חסרים את אותו סאבטקסט דק ורוטט שהופך שתיקות לצעקה. קראתי עמוד ועוד עמוד, מתוך שכנוע פנימי שחייב להגיע הרגע שבו הביקורת החברתית תחדור מתחת לעור ותצדיק את המסע – אך ההטפה הרעיונית נותרה שקופה, יבשה ומרוחקת, כזו שאינה נוגעת בשום נים.
באמצע הספר, מול תחושת שממון גוברת וחוסר חיבור מוחלט, הבנתי שאין שום טעם להמשיך לטבוע בבינוניות רק בשם חסד הנעורים של יצירות מופת קודמות. החיים קצרים מדי מכדי לבזבז אותם על ספרים שבהם האינטלקט של המחבר מאפיל על הלב.
""ארכיפלג הכלב"" הוא אלגוריה מכנית ודלת-נשמה, שהחליפה את היופי הכואב בדידקטיות משמימה. מי שמחפש את גאונותו של קלודל, מוטב שישוב אל השלגים של ברודק; את האי הזה אפשר להשאיר מאחור ללא כל נקיפות מצפון.",994096,ארכיפלג הכלב,פיליפ קלודל,שי סנדיק,סנדיק ספרים ומשכל,2019,211,ספרות,ספרות מתורגמת,https://cdn.simania.co.il/bookimages/covers99/994096.jpg,https://simania.co.il/bookdetails.php?item_id=994096,https://simania.co.il/showReview.php?reviewId=137716,"גופותיהם של שלושה גברים שחורים, שנסחפו לחופיו של אי קטן ושלו אי-שם בים התיכון, מאיימות להרוס עסקה שאמורה להביא רווחה כלכלית לתושביו. האם יצליח ראש האי למנוע את חשיפת העניין? ומיהו אותו מפקח מסתורי שמגיע ושואל שאלות שעלולות לערער את תוכניות התושבים?
כפי שעשה בספריו הנפשות האפורות והדו""ח של ברודק, גם בספרו החדש, ארכיפלג הכלב, מביא פיליפ קלודל אגדה מודרנית, תעלומה קצבית ועוצרת נשימה על קהילה שחייה הנינוחים נגדעים באחת בעקבות אירוע יוצא דופן. בכתיבה חדה ומדויקת של רב-אמן, מציב קלודל בפני גיבוריו הכרעות שיחשפו את אופיים האמיתי, את צרות אופקיהם ואת אנוכיותם. כמו תמיד, קלודל אינו מגדיר את המקום ואת הזמן, כי הסיפור שהוא מספר אינו משל ואינו מציאות, אלא משהו שהוא בתווך, בין לבין. עלילה שמתרחשת במקום בדיוני ורחוק, ובכל זאת קרובה מתמיד למציאות חיינו.
פיליפ קלודל הוא סופר, מחזאי וקולנוען עטור פרסים שספריו תורגמו ליותר משלושים שפות. ארכיפלג הכלב, ספר הפרוזה העשירי שלו והרביעי שיוצא בהוצאת תמיר//סנדיק (קדמו לו שקשוק המפתחות, העץ של בני טורג'ה ולא אנושיים), הפך מיד עם צאתו לרב-מכר בצרפת והוא עתיד לראות אור בשתיים-עשרה ארצות.",,,,,,,,,he,Paperback,3.8,17,7,2513,27,0,1
137715,2026-09-13T17:07:25.000Z,5,2,ליליאן די,325886,"יש משהו מתעתע במבנה של פרקים קצרים במותחנים עכשוויים. לרוב, מדובר בתכסיס זול שנועד להסוות עלילה קלושה באמצעות דופק מלאכותי, מעין רדיפה ריקנית אחרי הטוויסט הבא. לכן, ההפתעה שמזמן ""איש הערמונים"" של סוורן סוויסטרופ כפולה ומכופלת: מדובר באחד מספרי המתח המהנים, הממגנטים והמדויקים ביותר שנחתו על המדף בשנים האחרונות, כזה שמשתמש במנגנון התזזיתי כדי לזקק קצב מופתי במקום לייצר מריחה.
הסיפור מנחית את הקורא ללא גינונים לתוך סתיו קופנהגני קודר וסמיך. בובת ערמונים קטנה וגרוטסקית, המושארת בזירת רצח מזוויעה, נושאת עליה טביעת אצבע של ילדה שנעלמה שנה קודם לכן ונחשבה למתה. משם יוצאת לדרך חקירה שאינה מבזבזת שנייה אחת. להבדיל מספרי מתח רבים שבהם העלילה מתפזרת למבוי סתום אחרי מבוי סתום רק כדי למלא עמודים, כאן כל קצה חוט מתחבר, כל גילוי מניע את הגלגלים באמת, והתנועה קדימה בלתי פוסקת ומלאת תנופה.
הכתיבה חדה, קולחת וסוחפת. המעברים המהירים בין המוקדים תופסים את הקורא בגרון, בלי תיאורים מייגעים ובלי מטאפורות מנופחות שעוצרות את הזרימה. יחד עם זאת, במבט ספרותי מעמיק, ישנה החמצה מסוימת בממד הפסיכולוגי: התשתית למורכבות נפשית בהחלט קיימת בדמויות השרוטות, אך סוויסטרופ בחר להעדיף את המכניקה של המתח על פני חדירה כירורגית עמוקה באמת לתוך נבכי הנפש והמניעים האנושיים, שהיו יכולים להרים את היצירה למדרגה רגשית גבוהה עוד יותר.
גם קו הסיום מעורר תהייה מסוימת. חשיפת זהותו של הרוצח והתפנית האחרונה מרגישות מעט תלושות ומשאירות הרגשה של בחירה מאולצת, מעין מהלך שנועד להכות בתדהמה יותר מאשר להתיישב באופן אורגני לחלוטין עם המסע. אלא שעבור מי שאינו תולה את כל יהבו בסיומות הרמטיות ומקדש את חוויית הקריאה עצמה – מדובר בפגם זניח. המסע כולו כל כך סוחף, מהודק ומלא חדוות קריאה, שהיעד הסופי מתגמד לעומת התענוג הצרוף שבדרך. מותחן משובח, מבריק בקצבו, שאי אפשר להניח מהיד.",999504,איש הערמונים,סרן סווייסטרופ,דורית בריל-פולק,מודן,2020,534,ספרות,מתח ריגול והרפתקאות,https://cdn.simania.co.il/bookimages/covers99/999504.jpg,https://simania.co.il/bookdetails.php?item_id=999504,https://simania.co.il/showReview.php?reviewId=137715,"רוצח סדרתי מטיל אימה על העיר קופנהגן.

החותמת האישית שלו היא ""איש־הערמונים"" - בובה עשויה מערמונים, ובהם נעוצים גפרורים, המשמשים כידיים ורגליים. את הבובה הזו הוא משאיר בכל זירת רצח, סמוך לקורבנות - שהן תמיד נשים צעירות, אימהות לילדים.
בבדיקה של הבובה מגיע ראש המחלק לזיהוי פלילי לתגלית מזעזעת - טביעת אצבע של ילדה - בתה של שרה בכירה בממשלה, שנעלמה שנה קודם לכן.
מחשש לחיי נשים נוספות נרתמים לחקירה צמד החוקרים, נאיה תולין, אם יחידנית, כוכבת עולה במשטרה, קרת רוח ובעלת מוסר עבודה גבוה, ששואפת להגיע ליחידת הסייבר, ומארק הס, בלש ואיש קשר לבולשת האירופית, שנשלח לקופנהגן כעונש על טעויות גסות שעשה. עליהם להניח להבדלי האישיות שביניהם ולמחלוקות האישיות כדי לפענח את רמזיו של הרוצח, שכל זירת רצח שהוא משאיר מאחוריו מבעיתה מקודמתה. האם הם יצליחו להתחקות אחר איש הערמונים, למנוע רציחות נוספות ואולי גם לגלות פרטים נוספים על היעלמותה של בת השרה?

זהו ספרו הראשון של סרן סוַוייסְטרוּפּ, תסריטאי ומפיק של כמה סדרות טלוויזיה, וביניהן ' THE KILLING' - שזכתה בפרסים בינלאומיים ונמכרה ליותר ממאה מדינות. הוא מתגורר בקופנהגן. 'איש הערמונים' עוּבד לסדרת טלוויזיה בנטפליקס.

""ספר ביכורים טעון מתח."" פייננשל טיימס",,The Chestnut Man / Søren Sveistrup,,,,,,,he,Paperback,4.5,31,7,4165,31,0,1
137714,2026-09-13T16:59:42.000Z,2,1,עומר ציוני,51951,ספר לא טוב. פשוט כך. ישי שריד יודע לכתוב וכתב ספרים טובים. אבל הספר הזה הוא לא טוב. עלילה קלושה ומשעממת. השפה נראית כמו בספר לתלמידי בית הספר היסודי. הקשר להיסטוריה ולארועים ההיסטוריים חלש. פשוט ספר לא טוב ומאכזב.,1026390,חנוך הרופא מכורזים,ישי שריד,,עם עובד,2026,242,ספרות,ספרות מקורית,https://cdn.simania.co.il/bookimages/covers102/1026390.jpg,https://simania.co.il/bookdetails.php?item_id=1026390,https://simania.co.il/showReview.php?reviewId=137714,"""לאדם חולה גם כמה ימים נוספים של חיים זה הרבה מאוד. פתאום כל מראה וכל צליל יקרים יותר מכל הזהב בעולם"".

חנוך, רופא מכפר כורזים, יוצא יום ולילה לטפל בתושבי הכפרים שליד הכינרת ומנסה להציל אותם ממחלות, מסבל וממוות. עליו להיאבק לא רק בגזרותיו של הטבע אלא גם בהתנכלויותיו הזדוניות של רבי מאיר, אב בית הדין הקנאי של הכפר.

יום אחד מופיע בכפר עושה ניסים, ישוע מנצרת שמו. בינו ובין חנוך נרקמת מערכת יחסים של קִרבה, לצד חשדנות ותחרות. האחד גיבור אנושי מאוד, שמודע היטב למגבלותיו, והאחר מתיימר להיות מושיע כול יכול.

זהו גם סיפורו של הדור הבא במשפחה, ילדיו של חנוך, אשר יוצאים למסעות מרתקים של התבגרות ובחירה בחופש, נגד כל הסיכויים.

ישי שריד מגולל סיפור מרתק על אודות תקווה וייאוש, משפחה ואבהות ועל התעקשותו של אדם טוב לרפא ולהציל בזמנים קשים. העלילה מתרחשת לפני אלפיים שנה, אך קרובה מאוד לימינו אלה.",,,,,,,ספריה לעם,875,he,Paperback,3.8,13,5,539,7,0,1
137713,2026-09-13T14:46:24.000Z,5,4,יפעתי,42322,"ספר נוסף של שורד שבי, דומה אבל שונה מסיפורים של אחרים שקראתי. 
אבינתן אור פותח את ספרו בסיפור חטיפתו ובסיפור הלינץ' ברמאללה, למחבל עם הדם על הידיים וגופת החייל המושלכת. 
הפחד מלעבור אותו לינץ' זהה, לאחר שהופרד מנועה שנחטפה איתו וההגעה לעזה ומשם סיפור ההישרדות המדהים שלו, אבינתן בשבילי אתה גאון.. קראתי את הספר ולא יכולתי להניחו מהיד ולמרות שהסוף היה ידוע מראש הערצתי והתפללתי שתצליח ונדהמתי מכח הרצון והתעוזה שלך. 
אין ספק שהמקום שבו גדלת, היישוב ובית המשפחה הם שנחנו לך כוחות ואמונה והם אלה שיעזרו לך להשתקם בחיים החדשים שאחרי השבי. 
דבר אחד שהיה חסר לי בספר הוא התייחסות לנועה, חברתו לשעבר, שנחטפה יחד איתו ושוחררה במבצע ארנון, אומנם זה לא הסיפור שלה אבל הייתם יחד תקופה ונחטפתם יחד. 
מומלץ בחום ומצטרף ליתר ספרי השורדים על המדף.",1028586,מבעד לאדמה,אבינתן אור,,כנרת זמורה דביר,2026,222,עיון,ביוגראפיות,https://cdn.simania.co.il/bookimages/covers102/1028586.jpg?v=1788557369721,https://simania.co.il/bookdetails.php?item_id=1028586,https://simania.co.il/showReview.php?reviewId=137713,"""הם לקחו ממני הכל – את השמש, את האוכל, את הבגדים, אפילו את השם שלי. אבל בתוך הבור, מתחת לאדמה, הבנתי שיש דבר אחד שהם לעולם לא יוכלו לקחת ממני: את החופש לבחור מי אני בתוך החושך הזה.""

איך אפשר להיות כבול באזיקים – ולהישאר חופשי בנפש? איך אפשר, בעודך כלוא בבטן האדמה, לחיות מדי יום בהכרה, בצלילות, בבחירה? סיפורו של אבינתן אור, ששרד בשבי החמאס שנתיים ושמונה ימים, הוא עדות מעוררת השראה על כוחה של הרוח האנושית לנצח, גם בתנאים הקשים ביותר.

ספרו של אבינתן, מבעד לאדמה, הוא גם סיפור על תושייה ואומץ. באופן בלתי נתפס, במשך למעלה מ-700 ימים ולילות, הפך אבינתן את תחנות חייו לכלים ולמיומנויות שסייעו לו לשרוד: החל בילדותו ביישוב שילֹה, דרך עבודתו בחופשות הקיץ כפועל בניין ולימודיו לתואר בהנדסת חשמל, ועד לשירותו כלוחם בסיירת רימון. כל אלה הפכו את החושך הסמיך של המנהרות למבחן מתמיד של חוסן, שעליו ניסה להתגבר בעזרת כוח רצון ורוח איתנה. וכך, מתחת לאפן של מצלמות המעקב, בקפדנות ובזהירות, תכנן והוציא לפועל מבצע בריחה נועז, חפר במו ידיו מנהרת מילוט, ואף הצליח במשך כמה דקות יקרות מפז לנשום שוב אוויר נקי ולהביט בשמיים.

זהו סיפור עוצר נשימה על אדם מלא נחישות, שבחר לצמוח בתוך השברים – ומתוכם. אבינתן אור מזכיר לכולנו שהבחירה בחיים, במאבק על החירות ובתקווה לטוב – נמצאת תמיד בידיים שלנו: ""אני לא יכול לעשות הכל – אבל אני לא מוכן לא לעשות דבר"".",המסע העיקש לחיים בשבי החמאס | כתב: יהונתן טוקר,,,,,,,,he,Paperback,5,4,2,239,2,0,1
137712,2026-09-13T14:31:24.000Z,5,2,כרוכה,336853,"מסוג הספרים שנשארים איתך הרבה אחרי שסיימת לקרוא בהם.
הכל משובח: העלילה, הקצב, ההתפתחות, הדמויות..
איזה כיף למי שקורא בפעם הראשונה.",976588,ילד 44 [מהדורת עטיפת הסרט - 2009],טום רוב סמית,הדסה הנדלר,כתר,2009,436,ספרות,ספרות מתורגמת,https://cdn.simania.co.il/bookimages/covers97/976588.jpg,https://simania.co.il/bookdetails.php?item_id=976588,https://simania.co.il/showReview.php?reviewId=137712,"בברית המועצות של סטלין אין פושעים ואין מעשי פשע מלבד פשעים נגד המדינה. 
לכן, כשגופתו של ילד נמצאת על פסי רכבת במוסקבה, נשלח אל הוריו לב סטפנוביץ' דמידוב, סוכן נאמן של המשרד לביטחון המדינה, כדי לשכנע אותם שבנם מצא את מותו בתאונה. אבל האם הוא משוכנע בכך בעצמו? ואולי בכל זאת פועל בגן העדן הקומוניסטי רוצח סדרתי? 
בחשאי ובניגוד לעמדת הממונים עליו, כשהוא נרדף על ידי עמיתיו משירותי הביטחון הסובייטיים, נסחף לב לחקירה שתוביל אותו למצוד עוצר נשימה אחרי רוצח אכזרי ברחבי ברית המועצות, מצוד שבסיומו תחכה לו הפתעה מצמררת.
ילד 44, ספרו הראשון של הסופר האנגלי טום רוב סמית (יליד 1979), הוא רומן מתח מקורי ומסעיר, המשחזר את אווירת הטרור של השלטון הסטליניסטי ושוזר בה עלילה בלשית אפלה ומורכבת. עם צאתו לאור הוא הוכתר כאחד מספרי המתח המשובחים של השנים האחרונות, תורגם מיד לשפות רבות וזכה בפרס ""דוקרן הפלדה"" למותחן הטוב ביותר של 2008.

""הישג אמיתי... רומן מתח משכנע שנקרא בנשימה אחת.""  גרדיאן  

""עלילת המתח סוחפת מתחילת הספר ועד סופו.""  ניוזוויק",,,,,,10-278848,ילד 44,1,he,Paperback,4.8,10,4,1393,37,0,1
137711,2026-09-13T10:46:46.000Z,5,2,mzsrtgzr2,181843,"נכנסתי לספר ממש מהר סחף אותי. זה ספר ארוך יחסית לדעתי אבל לא היה רגע משעמם. התרגשתי וכאבתי הזדהיתי מאוד עם פנינה המדהימה ממליץ בחום.
לדעתי הפוקוס הוא מה הדור השני חווה ואיך זה לחיות את היום יום בזכרונות הבלתי נסבלים של אושוויץ",979176,המלכות של אושוויץ,דורון בראונשטיין,,לב,2015,431,ספרות,ספרות מקורית,https://cdn.simania.co.il/bookimages/covers97/979176.jpg,https://simania.co.il/bookdetails.php?item_id=979176,https://simania.co.il/showReview.php?reviewId=137711,"אחרי מותה של מלכה בתאונת פגע וברח סתמית, מול דירתן הקטנה השכורה שבבניין העלוב והמוזנח ברחוב שטמפפר הרועש בפתח תקווה, חייה של פנינה משתנים ב-180 מעלות. גם חייה של מלכה עצמה משתנים אחרי מותה ב-180 מעלות והיא כמו נולדת מחדש וסוף סוף, בחלומות בהם היא מבקרת בקביעות את פנינה, היא פותחת בפניה עולם חדש, עולם שלם וגדוש על פיו, “עולם הבא”, בו היא מגלה את כל הסודות שלה מ’שמה’ – את כל הסודות שסירבה בנחרצות כה עזה לספר אודותם בחייה – וחושפת בפני פנינה – חלום אחר חלום, זוועה אחר זוועה, באמת תובענית, מייסרת, קשה לתיאור בשפה, במילים – את שלל חברותיה וחבריה מ’שמה’: על צבעוניותם, טירופם, עיצבונם, ייסוריהם הבלתי נתפשים במקום ההוא, אך מעל לכל – על אנושיותם הנאצלת, מכמירת הלב – דווקא ‘שמה’, דווקא אז.
 
אלו הם המלכים, ובעיקר – אלו הן, בכבודן ובעצמן – רוחות-אנוש, בשר ודם – המלכות של אושוויץ.",,,,,,,,,he,Paperback,5,4,3,1042,6,0,1
137710,2026-09-13T10:40:33.000Z,3,4,mzsrtgzr2,181843,ההתחלה מצויינת נבנה מאוד מותח והכתיבה זורמת ממש אבל הסגירה של הסיפור קיטשית ומשעממת לצערי לא ממליץ,956360,הילד הלא נכון,אורי לברון,,כתר,2011,322,ספרות,ספרות מקורית,https://cdn.simania.co.il/bookimages/covers95/956360.jpg,https://simania.co.il/bookdetails.php?item_id=956360,https://simania.co.il/showReview.php?reviewId=137710,"הילד הלא נכון הוא סיפור על שלושה גברים במשבר, על הנשים שהם אוהבים ועל ילד אחד בלי גבולות. בשיאו של הספר, בזמן נסיעה משותפת של השלושה ללאס וגאס, יצטלבו המשברים הללו ויגיעו לנקודת רתיחה שתסכן את החברות בין השלושה.

הילד הלא נכון הוא רומן קולח, משעשע וחריף המעמיד במבחן את הגבר הישראלי באמצע חייו. אורי לברון בוחן את השינויים שחלו בשנים האחרונות במושגי האהבה, החברות והנאמנות בחברה הישראלית ומשרטט את השפעתם על גברים ונשים ועל הקשרים ביניהם.

ספרו הראשון של אורי לברון, חצי הוכחה, נמכר ביותר מעשרים אלף עותקים, הי ל""ספר זהב"" וזכה לשבחי הביקורת. הילד הלא נכון הוא הרומן השני שלו.",,,,,978-965-07-19,10-277886,,,he,Paperback,3.7,59,19,5697,115,2,1
137709,2026-09-13T09:55:07.000Z,5,2,כרוכה,336853,"אחד הספרים הטובים שקראתי בחיי. 
אף על פי שהוא מאתגר לקריאה משום הכתיבה האופיינית לסראמאגו (משפטים ארוכים, כמעט ללא סימני פיסוק), הוא ספר שסיימתי לקרוא תוך כמה שעות. 
שבתי אליו לאחרונה כי מצאתי אותו במקרה (ותהיתי מי משאיר ספר כזה בתחנת רכבת) ושוב גמעתי אותו ביומיים. 
ממליצה בחום.
הטבע האנושי לא יכול להיות מתואר טוב יותר מהספר הזה.",129588,על העיוורון,ז'וֹזֶה סאראמאגו,מרים טבעון,הקיבוץ המאוחד,2000,259,ספרות,ספרות מתורגמת,https://cdn.simania.co.il/bookimages/covers12/129588.jpg,https://simania.co.il/bookdetails.php?item_id=129588,https://simania.co.il/showReview.php?reviewId=137709,"מכונית נתקעת לפני רמזור שהתחלף לירוק. הנהג צועק משהו. מסתבר שהתעוור  פתאום. אין זה עיוורון שחור; הוא רואה הכל לבן, כאילו נפל לתוך ים של חלב.  מישהו מתנדב להסיע אותו הביתה. כשאשתו חוזרת, היא לוקחת אותו לרופא -   עיניים, אבל עליהם לנסוע במונית, כי המתנדב טוב - הלב גנב את מכוניתם. בחדר -   ההמתנה של הרופא נמצאים זקן עם רטייה על עינו, ילד פוזל, צעירה במשקפיים  כהים... בזה אחר זה נדבקים בחושך הלבן כל האנשים שנפגשו עם העיוור הראשון,  ומדביקים אנשים אחרים. המגפה הלבנה מתפשטת. כל מי שעיוור נעץ בו את  ""מבטו"" הופך לנשא, שמתעוור עד מהרה. השלטונות כולאים את העיוורים  והנשאים באגפים נפרדים של בית - משוגעים ישן, מבודדים לחלוטין. רק אדם  אחד רואה שם  -  מחוסן באופן מוזר מפני המחלה: אשתו של רופא - העיניים,  שהעמידה פנים שהיא עיוורת, כדי שתוכל להצטרף אל בעלה. מי שמנסה לפרוץ מן ההסגר נורה. במשך הזמן מגיעים גלי עיוורים נוספים.  המזון לא מספיק, התנאים הסניטריים מזוויעים, יש הרוגים, פצועים, צחנה. כנופיית בריונים עיוורי , עם אקדח, תובעת לעצמה זכויות יתר: את המזון ואת הנשים. כשגם החיילים השומרים על בית - המשוגעים מתעוורים, פורצת החוצה קבוצה  של שישה עיוורים  -  כמו בציורו המפורסם של ברויגל  -  שכולם היו בחדר -   ההמתנה של הרופא כשהגיע לשם העיוור הראשון. מוליכה אותם הפיקחת  היחידה, אשת הרופא. מסתבר להם לזוועתם שבחוץ כולם עיוורים, אין ממשלה,  אין אספקת מזון, אין מים, אין חשמל  -  תוהו - ובוהו מוחלט. במסכת הרפתקאות  עליהם לבנות דרכי חיים חדשות, מהתחלה. 'על העיוורון' הוא הרומאן הנועז ביותר עד כה של סאראמאגו, חתן פרס נובל  לספרות וגדול סופרי אירופה היום. זהו העלילתי והמותח שבספריו, והוא נקרא  בנשימה עצורה עד לסיום המפתיע. ההומור המפורסם של סאראמאגו, והחריפות  השנונה, אינם נוטשים אותו כאן, בלב הזווועה והאכזריות, והם הופכים להומור  שחור, ושמא לבן. מסתבר שהרגשות שחיינו איתם, והמוסר, צמחו רק משום שהיו לנו עיניים.  נפשו של אדם נראית דרך עיניו. עכשיו הכל עובר הזרה, שום דבר אינו מובן  מאליו עוד. ועם כל הבוטות, והו ספרו האנושי ביותר של סאראמאגו, ספר על  האחווה האנושית, שיש ללמוד אותה בזהירות מחדש, בהדרכת אשה אחת  שרואה, כי האנושיות אולי תלויה לא רק במבט, אלא גם במבט נשי. אם יש ספרים שהקורא יוצא מהם אדם אחר ממה שהיה בתחילת הקריאה  -   'על העיוורון' הוא אחד מהם. הספר אינו משל או אליגוריה, אבל הוא עשוי  להאיר מצבי חיים רבים כל - כך. כי אולי אנחנו עיוורים שרואים, עיוורים שגם  כשהם רואים הם לא רואים, כי שכחו לראות, להתבונן.",,,,,,31-3183,הספריה החדשה,,hebrew,Paperback,4.2,1057,152,27063,827,8,1
137708,2026-09-13T09:50:33.000Z,5,1,כרוכה,336853,"קיבלתי את הספר במתנה וסיימתי לקרוא אותו אתמול. 
הוא ספר בריחה אולטימטיבי, אפשר לומר אפילו ספר טיסה לא רע בכלל; הוא קליל, מצחיק ובעיקר מדבר על מה שמציק לרובנו. 
אפשר היה לדמיין את גיבורת הספר (מרינה) במסע שלה לרדת במשקל ואת כל המהמורות בדרך, יש לא מעט תובנות שלצערי אינן מודגשות מספיק. 
הכתיבה אולי נופלת לקלישאות ואין הומור ""קורע"" אבל בסך הכל, ספר חביב מאוד שעשוי לעניין לא מעט אנשים.",1465,ילדות גדולות לא בוכות,פרנצ'סקה קלמנטיס,נעה שביט,ידיעות אחרונות,2002,354,ספרות,ספרות מתורגמת,https://cdn.simania.co.il/bookimages/covers0/1465.jpg,https://simania.co.il/bookdetails.php?item_id=1465,https://simania.co.il/showReview.php?reviewId=137708,"סקס, שקרים ועוגת שוקולד!      
רוב חייה הבוגרים של מרינה עברו עליה בדילוג מדיאטה לזלילה וחוזר חלילה. 
אין דיאטה שאותה לא ניסתה או סוג שוקולד שלא טעמה.      
אומנם ילדות גדולות אינן אמורות לבכות, אך נסיון החיים של מרינה לימד אותה שהן גם לא מכייפות. 
היא בת 31, שוקלת 100 ק""ג, ומיואשת.      

המדען דייויד סנדהרסט זרק לה חבל הצלה. 
הוא ממציא תרופת פלא אשר לדעתו תעזור לאנשים לרדת במשקל ללא צורך בדיאטה. 
כל מה שנשאר לו לעשות הוא להוכיח שהתרופה אומנם פועלת...      

מרינה מצטרפת לתהליך ניסוי התרופה שארך שנה. 
במהלך הניסוי היא מגלה לתדהמתה שמשקלה יורד והביטחון העצמי שלה עולה. 
תוך זמן קצר היא נפרדת ממשמניה וזוכה בחיי אהבה מחודשים ומשופרים - יחד עם חבילה חדשה לגמרי של צרות!      
מרינה עומדת לגלות שבתוך כל אשה גדולה ישנה אשה רזה שמתה לצאת החוצה ... 
ולאכול חפיסת שוקולד!      

רב-מכר חדש ומהים שיגרום לכם לצחוק, לבכות - ולרצות לאכול!      זוכה פרס הסופרים של המועצה האנגלית לאמנויות , 2000",,Big Girls Don`t Cry,,,965-511-416-3,362-2524,פרוזה,,he,Paperback,3.5,50,9,5189,60,1,1
137707,2026-09-13T09:33:04.000Z,3,2,כרוכה,336853,"הגעתי אל הספר עם הרבה ציפיות אבל כגודלן...כך גם האכזבה..
מעבר לכך שהוא מתרחש בכמה צירים מקבילים ודווקא יש לו פוטנציאל אדיר בעמודים הראשונים, מצאתי את עצמי ממשיכה לקרוא אחרי שכבר איבדתי את הטעם. 
כספר ביכורים לסופר, מגיע כל הכבוד. אך העלילה המפותלת לוקה בחוסר אמינות משווע הגם שמדובר בעלילה פרי דמיונו של המחבר כמובן. 
שורה תחתונה: יומרני, לא אמין ומתסכל בעיקר לקראת הסוף.",1026604,יום השישי,אריאל שנבל,,כנרת זמורה דביר,2026,,ספרות,ספרות מקורית,https://cdn.simania.co.il/bookimages/covers102/1026604.jpg?v=1773876286950,https://simania.co.il/bookdetails.php?item_id=1026604,https://simania.co.il/showReview.php?reviewId=137707,"מה הייתם עושים אילו יכולתם למנוע את השבעה באוקטובר?

אחרי שבעלה נופל בימיה הראשונים של המלחמה, מקבלת הגיבורה של יום השישי הזדמנות חד־פעמית לשנות את העבר. למנוע אסון. להציל את הגבר שהיא אוהבת ולהפוך את גזירת הגורל – לא רק שלה אלא של עם שלם. האם תצליח? ומה יהיה מחיר ההצלחה?

יום השישי הוא מסע סוחף בין כבישים ריקים ונופי געגוע, זיכרונות משפחתיים והחלטות מכריעות. במיומנות ובקצב עוצר נשימה ועתיר פעולה הספר מתמרן בין העבר היהודי להווה הישראלי, בין נופי עוטף עזה להרי הרוקי הנישאים, בין נבואות זעם ואפשרויות נחמה, בין מה שהיה לבין מה שאולי עתיד להיות. בין הדפים מתפתח מרוץ נגד הזמן, נגד כיוון השעון ונגד כיוון ההיסטוריה.

זהו רומן מקורי ומעורר מחשבה על אהבה ונחישות, אחריות ובחירה, הפרטי מול הלאומי – סוגיות שמעסיקות כל ישראלי וישראלית בשנים האחרונות.

יום השישי הוא ספר הביכורים של העיתונאי אריאל שנבל.

אריאל שנבל, נשוי ליעלי ואב לארבעה, גר בפתח תקווה. את דרכו בתחום התקשורת החל ב־1999 ב""רדיו ללא הפסקה"", ומשם עבר לעיתונות הכתובה - בתחילה ב""מעריב"" ומאז 2006 כפרשן לענייני ארה""ב, עורך וכתב בכיר בעיתון ""מקור ראשון"", שם גם מתפרסם מזה עשרים שנה טורו השבועי האישי. שנבל אוחז בתואר ראשון במדעי המדינה ותקשורת ובתואר שני בהיסטוריה אמריקאית, שניהם מאוניברסיטת בר־אילן.",,,,,,,,,he,Paperback,4.3,9,5,296,4,0,1
137706,2026-09-13T08:24:23.000Z,1,0,Or,336847,"הבטחות לחוד ומציאות לחוד: למה 'לדבר עם זרים' הוא אכזבה.
הגעתי לספר הזה עם ציפייה לקבל ספר עיון שיעשיר אותי וילמד אותי משהו חדש על בני אדם. לצערי, הספר התגלה כנוראי ולא אמין בעליל. הנה כמה דברים שכדאי שתדעו לפני שאתם קונים אותו:
 פרסום מטעה: שם הספר משדר הבטחה למדריך או לניתוח פסיכולוגי לימודי, אבל בפועל הוא פשוט לא מלמד שום דבר בעל ערך. ההבטחה שבכותרת פשוט לא מתקיימת.
 דעות שמוצגות כעובדות: גלדוול ממלא את הספר בסיפורים ספציפיים שהוא בוחר בקפידה. הבעיה היא שהוא מתייחס אליהם כאמת היחידה והמוחלטת, למרות שברור שזו רק השקפת עולמו הפרטית ולא עובדה מדעית.
 חוסר אמינות כללי: התחושה לאורך כל הקריאה היא שהסופר מתעלם ממה שלא מסתדר לו, ובוחר רק את הפרטים שמשרתים את הסיפור שלו. התוצאה היא ספר שלא מחזיק מים.
לסיכום, מי שמחפש ספר פסיכולוגיה או עיון שמבוסס על עובדות ומחקר אמיתי – חפשו במקום אחר. כאן תמצאו בעיקר את הדעות של מלקולם גלדוול במסווה של מדע.",996212,לדבר עם זרים,מלקולם גלדוול,גיא הרלינג,זמורה,2019,360,פסיכולוגיה,ספרי הדרכה,https://cdn.simania.co.il/bookimages/covers99/996212.jpg,https://simania.co.il/bookdetails.php?item_id=996212,https://simania.co.il/showReview.php?reviewId=137706,"- פידל קסטרו שתל בסי. אי. איי חפרפרת, שהחוקרים לא הצליחו לגלות 

	- נוויל צ'מברליין חשב שאפשר וצריך להאמין לאדולף היטלר

	- איש העסקים ברני מיידוף הצליח לתעתע בברוני כספים ברחבי העולם

	איך הם עשו את זה? 

	 

	יש לנו בעיה, קובע מלקולם גלדוול, מחברם הנודע של רבי־המכר ""מצוינים"" ו""דוד וגוליית"". משהו חורק בכלים ובאסטרטגיות שאנו משתמשים בהם כאשר אנחנו מנסים להבין אנשים שאיננו מכירים. בגלל שאנחנו, רוב בני האדם, לא יודעים איך לדבר עם זרים, נוצרים קונפליקטים, נוצרות אי־הבנות, שהשפעתם עמוקה.

	הקריאה בספרו זה של גלדוול, כמו בשאר ספריו, מענגת, מרתקת, מחכימה.

	 

	וושינגטון פוסט: ״ספר החודש״

	טיים: ״בין הספרים הטובים של השנה״

	גרדיאן: ״גלדוול מעניק ברק אינטלקטואלי לכל נושא

	שהוא עוסק בו״

	ניוווזיק: ״אחד מספרי החודש הבולטים״

	פיפל מגזין: ״ספר מבריק״

	 

	מלקולם גלדוול מחברם של רבי־מכר רבים, ביניהם: ""מה שראה הכלב"", ""מצוינים"" ו""דוד וגוליית"".

	נכלל ברשימת 100 האנשים המשפיעים ביותר של המגזין ״טיים״, ואחד מהוגי הדעות המובילים בעולם של המגזין

	Foreign Policy.",מחבר רב-המכר מצוינים,,,,,,,,he,Paperback,4,9,3,2623,29,0,1
137705,2026-09-13T06:47:50.000Z,2,0,רוני pery,2978,לא אוהב ספר שקופץ מנושא לנושא ואין המשכיות רצופה.,1024326,בקצה הלילה,פְרידוֹ לָמְפֶּה,שירי שפירא,אפרסמון,2025,138,ספרות,ספרות מתורגמת,https://cdn.simania.co.il/bookimages/covers102/1024326.jpg,https://simania.co.il/bookdetails.php?item_id=1024326,https://simania.co.il/showReview.php?reviewId=137705,"בקצה הלילה הוא רומן שקט ומופנם אך בעל עוצמה פנימית מתפרצת. מאכלסות אותו שלל דמויות החולפות ונעות בעיר הנמל הצפונית ברמן: ילדים וילדות, נגן חליל, זוג מאוהב, שני סטודנטים העומדים להפליג בלילה, זקן על ספסל, זונה ולקוח מהוסס, ימאים ולהטוטנים. העלילה מתרחשת משעות אחר הצוהריים ועד לפנות בוקר של יום המוחרת. הדמויות מתמזגות עם הנוף העירוני הלילי, משוטטות בין מועדון האסטוריה, הגן הציבורי ובית המכס. 

העיר והאנשים נעים להם בין הצללים, ואילו הלילה מתגלה כגיבורו האמיתי של הסיפור. 

ההתוודעות לסגנון הכתיבה הייחודי והחדשני של פְרידוֹ לָמְפֶּה כמוה כצפייה בסרט, ותחושת המסתורין של העיר עוטפת מכל עבר. 

בקצה הלילה ראה אור באוקטובר 1933. חודשיים בלבד לאחר מכן הוא הוכנס לרשימת הספרים האסורים לפרסום במשטר הנאצי משום שיש בו תיאור של קשר הומוסקסואלי וקשר בין אישה גרמנייה לגבר שחור המגיע לעיר הנמל. למרות שנאסר למכירה, התקבל הספר לקול תשואות המבקרים. הסופר הרמן הסה קרא את הרומן ב־1933 ונפעם מעוצמתו הפיוטית.

פְרידוֹ לָמְפֶּה אמר על בקצה הלילה כי נולד למשטר שבו לא אפשרו לו ״לנשום״, וקיווה שספרו יזכה לחיים שניים אי־שם בעתיד. הספר ראה אור במהדורה מצונזרת ב־1949, ורק ב־1999, בשנת המאה להולדתו של למפה, יצא שוב לאור בגרסתו המלאה. 

זהו תרגום ראשון לעברית מיצירתו הלא־מצונזרת של לָמְפֶּה.",תורגם מגרמנית,Am Rande der Nacht / Friedo Lampe,,,,,,,he,Paperback,4,7,4,453,5,1,1
137704,2026-09-12T19:31:47.000Z,3,3,משה,76795,"מאותם הסיפורים שמרגישים שקראתם כבר בעבר כמה כאלה. ספינת דייג יוצאת מאיסלנד לדוג לחופי קנדה באזור ניופאונדלנד שם הדגה עשירה ומבטיחה חזרה עם מחסני הספינה מלאים בדגה. הספינה נקלעת לסערה וים סוער עם גלים גבוהים ובנוסף טמפרטורות מאוד נמוכות המקפיאות הכל על הספינה במהירות. 
עיקר הסיפור הוא על התמודדות האדם באיתני הטבע, התמודדות המביאה את אנשי הצוות לקצה גבול היכולת, חלקם עומדים בזה טוב יותר וחלקם מאבדים את רוחם ונפשם.
הסיפור כפי שכתבתי תחילה מוכר מאוד מספרים שקראתי בעבר ולכן לא הרשים כל כך, הכתיבה והתרגום בסדר לא יותר מזה. ספר טוב למי שלא קרא הרבה מז'אנר בו ספינות וצוות מתמודדים עם איתני הטבע או למי שאוהב במיוחד את הנושא. ספרון קצר של 110ע""מ כתוב בדפים קטנים לא מאפשר להיכנס חזק מידי לאווירה.",1000309,שחפים בסופה,איינר קאורסון,משה ארלנדור אוקון,לסה,2021,110,ספרות,ספרות מתורגמת,https://cdn.simania.co.il/bookimages/covers100/1000309.jpg,https://simania.co.il/bookdetails.php?item_id=1000309,https://simania.co.il/showReview.php?reviewId=137704,"בפברואר 1959 נקלעו ספינות דיג רבות לסופה עזה בשדות הדיג של ניוּפאוּנדלנד, וספנים רבים נספו בה. 
ברומן דחוס ועוצר נשימה זה, מובא סיפורה של השחף, המפליגה שם כשעל סיפונה שלושים ושניים איש עם שלל הדגה שלהם. 
קרח רב מתחיל להיערם על הספינה, וסילוקו תוך כדי מאבק ברוחות ובגלי הענק הופך למאבק לחיים ולמוות בין האדם לאיתני הטבע ובין ייאוש לתקווה.

איינר קאורסון נולד ב־1955 ברייקיאוויק. 
בראשית דרכו פורסמה שירתו בכתבי־עת ספרותיים וב־1981 ראה אור רומן הביכורים שלו; מאז כתב כשלושים ספרים. 
שחפים בסופה זכה לשבחים ברחבי העולם וקטף פרסים, בהם פרס הספרות השוודי. 
הוא נכלל ברשימות הספרים הטובים ביותר לשנת 2020 של הסאנדיי טיימס ושל הפייננשל טיימס.",,,,,,,,,he,Paperback,4.1,9,2,1066,5,0,1
137703,2026-09-12T16:15:07.000Z,5,4,סדן,52184,"הספר הזה באנגלית היה זמן רב ליד המיטה שלי והאמת היא שהיו לי היסוסים
אם בכלל לקרוא אותו. כמובן שקראתי ספרי שואה רבים לפני כן והשואה היא נושא קשה...
ובכל זאת פתחתי אותו באחד הימים והתחלתי לקרוא...
ומעניין שהספר שונה מאוד ממה שהכרתי עד עכשיו;
אדית היה נערה עליזה וחברותית בבית של המעמד הבינוני גבוה בעיר האג שבהולנד
עם המון חברים וחברות של אחיה ושלה. היא הלכה למסיבות, לתחרויות שייט לסקי על הקרח בחורף 
בקיצור היה לה חיים ממש מאושרים ולא חסר היה לה דבר עד שהתחילה המלחמה...
מהרגע שהגרמנים פלשו להולנד הכל השתנה. בהדרגה החלו מזי זמן גזרות חדשות על היהודים
טלאי צהוב איסור לנסוע בתחבורה ציבורית איסור להיכנס לחופים ולמקומות שעשועים ועוד ועוד איסורים
(וזה למרות שבכל זאת מצבם היה טוב לאין ערוך ממצב היהודים במזרח אירופה...)
אבל כשהתחילו הגרמנים לשלוח יהודים למזרח כביכול ל""מחנות עבודה"" הבינו ההורים שלפחות  לדור הצעיר כדאי לנסות להתחבא
אחיה הבכור נסע עוד לפני המלחמה מסיבות רפואיות לארצות הברית האח השני היה פעיל במחתרת
ובאופן מקרי לחלוטין הם שמעו על משפחה בדרום הולנד שמוכנה לארח נערה יהודיה...
לא אלאה אתכם בכל הסיפור אבל אדית הגיעה לאותה משפחה עם בת יחידה (שהפכה לה למעין ""אחות חורגת"") שחיה בבית פרטי בעיר ""ברדה""
משפחה של אנשים צנועים ובעלי מוסר גבוה. ואדית שהתה אצלם, שרדה שם את כל המלחמה והפכה אצלם ממש לבת-בית
עם סיפור כיסוי ועם תעודה מזויפת של הולנדית ארית.
בתום המלחמה, היא נשארה ללא משפחה (חוץ מאחיה שבאמריקה) כי בני משפחתה נרצחו במחנות ההשמדה בפולין...
הספר ריגש אותי בחלקים רבים שלו לאו דווקא בגלל הזוועות של המלחמה, אלא בגלל טוב הלב של האנשים כלפי הזולת שמתועד פה בחלקים רבים...
הספר הזה ממש ריתק אותי! ואהבתי אותו מאוד!",757569,Edith's Story: The True Story of a Young Girl's Courage and Survival During World War II,Edith Velmans,,Bantam,,,,,https://cdn.simania.co.il/bookimages/covers75/757569.jpg,https://simania.co.il/bookdetails.php?item_id=757569,https://simania.co.il/showReview.php?reviewId=137703,"In 1940, while the Germans occupied Holland, fourteen-year-old Edith van Hessen was filling her diary with the intimate, carefree details of a typical teenager's life -- thoughts about boys, school, her family, her friends, her future. By 1942, as Edith was contemplating her first kiss, the Germans had begun to escalate their war against the Jews. Soon this bright, fun-loving girl was grappling with one of the most unfathomable events in human history. Edith's family -- assimilated Dutch Jews -- were caught in the cross fire of the Holocaust, and Edith began a bitter struggle to survive.

In this extraordinary work, Edith Velmans weaves together revealing entries from her diaries with reminiscences and letters smuggled between family members during the occupation. Edith's Story stands as a profoundly important addition to the literature of the Holocaust, documenting one girl's grief, loss, courage, and ultimate triumph over devastating tyranny and despair. For as Edith is hidden in plain sight by a Christian family, we witness how a young woman must deny, bargain with, and finally face the horrors of war -- and how, confronting evil as a child, Edith survives to become an extraordinary woman.",,,,,553381105,,,,he,Paperback,5,1,1,130,0,0,1
137702,2026-09-12T14:02:16.000Z,5,6,לי יניני,94544,"""התפקיד שלי הוא לעזור לאנשים להגיע לעולם""
""התפקיד שלי הוא לעזור להם להגיע לעולם הבא"" (עמוד 303)
ג'יין קורי מגישה לקוראים מותחן פסיכולוגי אפל ומרתק, כזה שמצליח ללפות את תשומת הלב כבר מהפרק הראשון ולא להרפות עד הסוף. 
במרכז העלילה ניצבות שתי נשים שונות לחלוטין זו מזו: האחת מיילדת, המביאה חיים לעולם, והשנייה מסייעת לאנשים לעשות את דרכם אל העולם הבא.
אמילי היא מיילדת בבית חולים בלונדון. טעות אחת איומה משנה את חייה מן הקצה אל הקצה וגורמת לה לעזוב הכול ולשוב לבית אביה הקשיש, הרולד ג'נטל, בן ה-94.
אלא שכאשר היא מגיעה לביתו, מצפה לה הפתעה. אביה שכר מטפלת צעירה ויפהפייה בת 24 בשם פרנסואז.
מאותו רגע מתחילות לנקר במוחה של אמילי שאלות רבות: מי היא פרנסואז? כיצד הגיעה אל בית אביה? מה הרקע שלה, והאם אפשר לסמוך עליה? ככל שהקשר בין אביה לפרנסואז מתהדק, כך גובר גם חוסר השקט של אמילי.
מרגע המפגש בין שתי הנשים, העלילה הולכת ומסתבכת. אט אט נחשפים סודות מהעבר של כל אחת מהדמויות, בעוד כל אחת מהן נאחזת באמת שלה ומנסה לשמור את קלפיה קרוב לחזה. האב החולה, אמילי שנמלטה מלונדון ופרנסואז שהגיעה מצרפת, כולם מסתירים יותר מכפי שנדמה בתחילה.
הספר בנוי מחלקים המסופרים בגוף ראשון לסירוגין מנקודת מבטן של אמילי ופרנסואז. בין הפרקים משולבים קטעי זיכרונות מתקופת מלחמת העולם השנייה, הכוללים תיאורים לא פשוטים ומוסיפים עומק רב לעלילה.
לשתי הנשים סודות אפלים, וכל גילוי חדש מצליח להפתיע מחדש ולשנות את התמונה שהקורא בונה לעצמו.
מעבר למתח, הספר עוסק גם במערכות יחסים בין הורים לילדים, בהחלטות שהתקבלו בעבר ובאופן שבו הן ממשיכות להשפיע על ההווה ועל הדורות הבאים.
הסיום נושא עמו נימה מתקתקה קלה. בדרך כלל אני פחות מתחברת לסיומות כאלה, אבל במקרה הזה זה עבד היטב והשתלב בצורה נכונה עם רוח הספר.
בשורה התחתונה:
מותחן פסיכולוגי אפל, מותח ומפתיע, שקשה מאוד להניח מהיד.
ובקיצור:
""שלושה אנשים יכולים לשמור סוד, אם שניים מהם מתים."" (בנג'מין פרנקלין)
אבל בספר הזה, הסודות מסרבים להישאר קבורים. 
 מומלץ בחום, לי יניני",1025855,לכולנו יש סודות,ג'יין קורי,יסמין קליין,תכלת,2025,368,ספרות,מתח ריגול והרפתקאות,https://cdn.simania.co.il/bookimages/covers102/1025855.jpg,https://simania.co.il/bookdetails.php?item_id=1025855,https://simania.co.il/showReview.php?reviewId=137702,"אמילי עשתה טעות שמיילדות לא יכולות להרשות לעצמן לעשות. היא בורחת לבית אביה בדבון, הרחק מוועדת החקירה ומצוות האחיות. אבל כשהיא מגיעה לבית ילדותה, זרה צעירה ונאה פותחת לה את הדלת. אמילי מופתעת לגלות שאביה שכר את פרנסואז כמטפלת, על דעת עצמו. נכון שהדמנציה שלו החמירה, ונכון שאמילי לא מבקרת מספיק, אבל מי האישה הזו? מניין הגיעה? מה היא רוצה באמת?
אמילי לא סומכת על פרנסואז, ברור לה שהיא מסתירה משהו. אבל הרי גם אמילי בעצמה מסתירה דבר או שניים. לכל אחת מהן יש סודות, אבל רק אחת מהן תהיה מוכנה להרוג כדי שהם לא ייחשפו...
לכולנו יש סודות הוא מותחן פסיכולוגי מותח, אפל ומפתיע. ג'יין קורי כתבה ספרי מתח רבים שנמכרו במעל למיליון עותקים ברחבי העולם. רבים מהם היו רבי מכר של הסאנדיי טיימס. זהו ספרה הראשון שרואה אור בעברית.",,We All Have Our Secrets,,,,,,,he,Paperback,3.7,3,3,144,3,0,1
137701,2026-09-12T11:22:20.000Z,4,14,מורי,1554,"דפנה לוסטיג היא שדרנית רדיו ומנחת טלוויזיה, מבקרת אופנה וגם שפטה ב-2008 בכוכב נולד. המילה הכתובה אינה זרה לה ולפני שנה התפנתה לגלות לעולם על חייה. למרות שאני לא ממש מכיר אותה פרט להופעתה החיננית גם בכוכב נולד וגם בסוכן תרבות, הספר הזה היה חשיפה נועזת ממש.
דפנה גדלה בכפר שמריהו. זה אומר הכל וזה אומר הרבה (כסף). האב, שמחה לוסטיג, שימש בתפקידים בכירים בהתאחדות היהלומנים. ההערה הזו חשובה משום שכסף באמת לא היה חסר בחייה של דפנה ומשום העובדה שהאב היה נכה משכמו ומטה, מכדור תועה ישראלי.
דפנה, כאמור, אינה זרה למילה הכתובה ובספרון צנום היא מספרת לנו בגילוי לב על עצם העובדה שמה שהיה ברור לכל בר-בי-רב, לא ברור לה ושהיא לא בתו של אביה. גם לא אחותה, דבר שהיה סוד שמור במשפחה. זה אינו גילוי הלב היחיד שלה. היא מספרת עם מי הזדיינה (סליחה על הבוטות, אבל כך זה נכתב בספר), ממי לקחה את רעיון רכישת מגפי הד""ר מרטנס הראשונות שלה, מה אהבה לאכול ואיזו מוסיקה, ובעיקר על הקרבה שלה לאביה, שאהב לקחתה אתו לסיוריו בעולם, למסעדות אהובות ונחשבות ולהיות שוגר דדי אמיתי. הספר ברובו סובב סביב שניהם וברור שגם אם אינו אביה הביולוגי, אביה ממש היה גם היה ואין בלתו.
אז כן, הבית סבב סביב הכסף, העוצמה של  האב, דיכאונותיו, העזר כנגדו, הלא היא נעמי לוסטיג הבלתי נלאית, האחיות והידיעה שלאב תמיד תהיה החניה הכי שווה, חניית הנכים.
ושוב, החשיפה עד לפופיק, לפופיק עצמו ולמטה ממנו, קצת קיצונית לז... אה... מבוגר כמוני שראה ושמע הכל בחייו. אבל טוב, זו דפנה, הקסם שלה לא נלקח ממנה ואולי בגלל שהיא כזו הכל נסלח לה ונחשב לה.",1014559,יש לך הכול,דפנה לוסטיג,,כתר,2025,168,ספרות,ספרות מקורית,https://cdn.simania.co.il/bookimages/covers101/1014559.jpg,https://simania.co.il/bookdetails.php?item_id=1014559,https://simania.co.il/showReview.php?reviewId=137701,"אמרו שיש לה הכול - אבל בחשבון אחרון, האם זה באמת נכון?

זה סיפור שמספר אמת על התבגרות, פחד, כסף וגוף.

סיפור על משפחה, צער ואהבה.

זה סיפור על בת שהופכת מילדה ונערה לאישה צעירה בצל אביה הדומיננטי, פצוע מלחמה המרותק לכיסא גלגלים, חזק וחלש. זה גם סיפור על שלוש אחיות ועל אם שמחזיקה סיפור אחר. סיפור על התבגרות שלא נגמרת, על סודות וסליחה שמגיעה באיחור.

זה סיפור שמספרים בנסיעה על כביש מהיר אבל הוא מתגלה לאט־לאט.

יש לך הכול הוא ספרה הראשון של דפנה לוסטיג, עיתונאית ושדרנית. בכתיבה בעלת איכות כובשת היא כותבת באומץ, כנות והומור כמו מי שמסתכלת אל תוך הפנסים בלי למצמץ.",,,,,,,הסדרה הקטנה,,he,Paperback,4.3,8,5,650,11,0,1
137700,2026-09-11T08:58:22.000Z,4,5,roeilamar,278705,"לאוסף הסיפורים הזה של קיפלינג יש מספר מרשים של תרגומים לעברית: יותר מחמישה! זה התרגום שבסופו של דבר בחרתי, וראשית כל אני רוצה להמליץ על התרגום הזה, כי מהשוואה לאנגלית נראה שבחרתי נכון. התרגום גם כולל את הציורים המקוריים של קיפלינג, דבר חשוב בעיניי, בייחוד כשהוא מוסיף לכולם כיתובים הומוריסטיים.
חוץ מזה, המתרגמת די מבריקה בתרגום שלה את ההומור של קיפלינג לעברית. כך למשל ‘satiable curtiosity בסיפור על הפיל, הפך כאן ל""סקרנות בליסופית"", וbeautifullest ל""הכי מאוד יפהפיה"". צחקתי בקול רם כמה וכמה פעמים בקריאה של הספר הזה.

הסיפורים הם ברובם סיפורי הסבר למאפיינים שונים של בעלי חיים, אבל הסיפורים שהכי אהבתי עוסקים בילדה נאוליתית בשם טפי ואיך היא ממציאה את המכתב הראשון ואת האלפבית. גם את תרגום הסיפור על האלפבית צריך לשבח, כי זה לא הכי פשוט להעביר סיפור על אלפבית לטיני לעברית ולשמור גם על הנאמנות למקור גם במשמעות וגם בגישה הילדית.
גם כמות הידע שנמצאת בספר הזה די מרשימה. הספר נכתב בשיא האימפריה הבריטית, ורואים כאן, אם לשאול את מטבע הלשון מהתרגום, ""סקרנות בליסופית"" בנוגע למאפיינים האקזוטיים בקצוות האימפריה. מה שהגיוני, בהתחשב בכך שקיפלינג נולד בהודו הבריטית וכתב גם את ""ספר הג'ונגל"".
מכמה בחינות זה לא התיישן טוב כל כך: יש כאן לא מעט אלימות עבור ספר ילדים, וקטע בו קיפלינג מסביר את האטימולוגיה של השם ""מלאי"" בכך שזה מגיע מ""עצלן"" (באנגלית כמובן, לייזי..), אבל היי, קיפלינג היה איש של הזמן שלו + אני לא ילד, אז ראיתי כבר אלימות וסטריאוטיפים גרועים יותר בחיי.. מה שכן, אם הורה רוצה להקריא את הסיפורים האלה לילד שלו היום, יכול להיות ששווה לו להסתכל על חלק מהם לפני.

אגב, הסיפור האחרון כאן הוא אגדה על שלמה, שמעוצבת בצורת אגדה מזרחית (הוא אפילו מכונה שם בשמו הערבי) ומה שמגניב זה שהבסיס שלה ממש דומה לאגדה שקראתי באוסף אגדות אמיתיות מארץ ישראל שלוקט באותה התקופה (""אגדות מארץ הקודש"", ביקרתי את הספר כאן) - האגדה הארצישראלית היא ששלמה שומע ציפור זכר מתרברב בפני ציפורה שאם הוא רק ירצה, הוא יכול להשמיד את כל הארמון של שלמה במשק כנפיו, וכאן יש פרפר זכר שאומר לפרפר נקבה שהוא יכול לעשות את אותו הדבר אם הוא ירקע ברגליו. שני הסיפורים לוקחים את זה למקומות שונים בהמשך, אבל הדמיון מעניין.

זה ספר די נהדר, עם המון הומור והצליח לשעשע ולרתק גם אותי כמבוגר. לא בכדי מדובר בקלאסיקה.",693682,ספורי ככה בדיוק (חדש),רודיארד קיפלינג,תלמה אליגון-רוז,כנרת זמורה ביתן,2007,220,ילדים,ילדים   7-3,https://cdn.simania.co.il/bookimages/covers69/693682.jpg,https://simania.co.il/bookdetails.php?item_id=693682,https://simania.co.il/showReview.php?reviewId=137700,"ספורי ככה בדיוק מאת רודירד קיפלינג, מגדולי הסופרים הבריטים ומחברם של ""ספר הג'ונגל"" ו""קים"", הם פנינה ספרותית, וכפי שהעיד קיפלינג עצמו – אחת היצירות האהובות עליו ביותר. שנים-עשר ספורי המופת הללו ראו אור לפני יותר ממאה שנים (1902) והפכו לאבני יסוד בספרות הילדים. כעת הם מובאים בתרגום חדש ורענן, שכולו אהבה ושובבות אין-סופית.
איך קיבל הנמר חברבורות, איך קבל הגמל דבשת, איך נכתב המכתב הראשון ועוד ספורים מבריקים ואהובים זכו להצלחה מסחררת בזכות היכלת הספורית המפלאה, הדמיון, התעוזה הלשונית, הידע, וההומור, שהתמזגו יחד לספר נצחי לילדים, ולילדים בנפשם.
סיפורי ככה בדיוק הם הזמנה למסע מרתק אל עולמות רחוקים – מהודו ועד אפריקה, מנהר האמזונס ועד הלימפופו, משלמה המלך ועד רובינזון קרוזו.
רודירד קיפלינג (1865–1936) בילה את שנות ילדותו בהודו, ובבגרותו הרבה לטייל בעולם. את משיכתו למחוזות רחוקים וקסומים – אמיתיים ובדויים – ניתן למצוא בכל אחד מספורי הקבץ הזה. בזכות ""יכולת ההמצאה הבלתי-נדלית שלו"" היה קיפלינג בשנת 1907 לאנגלי הראשון שזכה בפרס נובל לספרות.
תלמה אליגון-רוז, סופרת, משוררת ומתרגמת ספרות קלסית לילדים, בחרה לתרגם את ספורי ככה בדיוק מתוך רצון להפיץ את היפי שקיפלינג ברא, ולהפיח בספוריו רוח חיים עברית.
הלן וורד, מאירת הספר, חיה באנגליה. אסף משלי איזופוס שעבדה ואירה ראה אור בהוצאת כנרת (אף הוא בתרגומה של תלמה אליגון-רוז) וזכה לשבחים.
סדר הסיפורים בספר:+ איך קיבל הלוויתן לוע קטן+ איך קיבל הגמל את הדבשת+ איך קיבל הקרנף את עורו+ איך קיבל הנמר את חברבורות+ הפילון הסקרן+ שירו שיר לקנגורו הראשון+ איך נוצרר הארמדילים+ איך נכתב המכתב הראשון+ איך נוצרו האותיות+ הסרטן ששיחק עם הים+ החתול שהלך לבדו+ הפרפר שרקע ברגלו",,,,,,42-1001009,,,he,Paperback,4.7,3,1,996,15,0,1
137699,2026-09-11T08:02:51.000Z,0,6,הנץ מגונט,326060,"אחרוג כאן מהרגלי ולא אדרג את הספר, ויש לכך סיבה טובה.

דון קיחוטה הוכ ספר מדהים, ללא כל ספק, ולא רק כי הוא קלאסיקה ומשפיע ושאר פנפונים. יש בו דמויות נפלאות, כל אחת מיוחדת באופיה, ורגעים רבים שנשארו אייקונים גם אחרי 400 שנה. 

אבל עם כל זאת, לא נהנתי ממנו כל כך. ולא כי אני לא אוהב ספרים ישנים, אלא כי אני לא מבין אותו.

דון קיחוטה הוא פארודיה על ז׳אנר ספרי האבירים שהיה מאוד פופולארי באירופה באותה תקופה, בה האבירים כבר לא התקיימו כמו פעם עם שריון וחרב. והוא פארודיה מצויינת. רק שאני, תיכוניסט ישראלי בן המאה ה21 מעולם לא קראתי ספרי אבירים כאלה. אני שמעתי עליהם ואפילו קצת חקרתי עליהם בגלל הספר, אבל אף פעם לא *קראתי* אותם. כמו כן, אני לא מבין ספרדית ולא חי במאה ה16 ולא מבין, את משחקי המילים והרפרנסים שהיו מאוד ברורים למי שחי בספרד של המאה ה17. 

אז אני יושב, נהנה מהסיפור ואז רואה הערת שוליים. אני קורא אותה, ואז מבין שזאת בדיחה, אבל מכיוון שהיא רק מוסברת לי היא כבר לא מצחיקה. 

זה לא שלא נהנתי לגמרי. בכלל לא. הסיפור עצמו יפה מספיק כדי לעמוד גם בלי ההומור, אבל עיקר הספר הוא הפארודיה, שאותה אני, לצערי, לא מבין. מעריך, אבל לא מבין.",10840,דון קיחוטה - שני כרכים,מיגל דה סרוואנטס,"ביאטריס סקרויסקי-לנדאו, לואיס לנדאו",הקיבוץ המאוחד,1994,830,ספרות,ספרות קלאסית,https://cdn.simania.co.il/bookimages/covers1/10840.jpg,https://simania.co.il/bookdetails.php?item_id=10840,https://simania.co.il/showReview.php?reviewId=137699,"'דון קיחוטה', הספר שרק התנ""ך מתחרה בו במספר תרגומיו, נחשב לרומאן המודרני הראשון, ובעיני רבים גם לגדול שבכולם. 
בעברית לא שפר גורלה של אבן - פינה זו של התרבות העולמית; תרגומו המפורסם של ביאליק הוא רק עיבוד מקוצר. 
עתה תורגם הספר במלואו, על שני חלקיו, ב""ספריה החדשה"". 
טירופו של דון קיחוטה נעוץ בפריצת הגבול שבין הספרות לבין ה""מציאות"": האיש הטוב, שהיה שטוף בקריאת ספרות האבירים ההירואית רבת - הגוזמאות, 
מבטל את החיץ שבין בדיון למציאות ופורץ אל העולם כאביר נודד שיצא מתוך ספריו האהובים. 
על נשקו העתיק והמחליד, לשונו הנמלצת וכוונותיו הנשגבות - הוא פארודיה מהלכת, או רכובה על סוס קשיש ומיוגע. 
במסעו הוא משכתב את המציאות, כדי להתאימה לאוטופיה האבירית; כך פונדקים נהפכים בדמיונו לטירות; טחנות - הרוח המפורסמות - לענקים; זונות - לגבירות חצר; 
וכפרית גסה, שמעולם לא החליף עמה מלה, הופכת לדולסיניאה האצילה והיפהפיה, שכל מעלליו למענה. 
בכפיית הספרות על החיים הוא דן את עצמו להתנגשות בלתי - פוסקת, מעשית ואידיאית, עם המציאות. 
הפארודיה החריפה חושפת את הבלותה של הספרות ""הישנה"", אך גם להיפך - הפער בין הספרות למציאות מלמד גם על המציאות הירודה,
 שהמיפלט ממנה הוא רק בשיגעון - שאף הוא סוג של בדיון. 
קיחוטה בלי שגעונו נידון למות. סרוואנסס יצר אנטי - גיבור כפול, מחד, המטורף הפאתטי, החדור תחושת שליחות שבאה לידי ביטוי גרוטסקי; 
ומאידך - האיכר הפשוט והמעשי, השוטה - הפיקח, השעיר לעזאזל שחושף פגמים ועיוותים חברתיים ומוסדיים, והוא מקור לאינספור סיטואציות קומיות. 
סנצ`ו פאנסה מלווה את דון קיחוטה כמו חומר החיוני לרוח, כמו מציאות שבלעדיה אין אשליה. אבל ניגודו זה של דון קיחוטה - גם הוא קצת דון קיחוסה, וגם להיפך. 
""הפיכתו"" של כל אחד משניהם קצת לחברו עוד גוברת בחלק השני, המאוחר יותר, של הרומאן. 
העימות בין שתי הדמויות הללו אינו אלא עימות בין שתי אשליות. 
בחלק השני סובב דון קיחוטה בקרב קוראי החלק הראשון, כלומר: התגשם חלום להיות גיבור ספרותי. 
""דבר זה חדש ומיוחד במינו,"" כתב תומאס מאן, ""איני מכיר בספרות העולם שום גיבור של רומאן הקוצר את פירות תהילתו הוא"". 
הדמויות הראשיות עצמן דנות בספר ובהצלחתו ומחוות דעה על יוצרו  - מסנגרות עליו מותחות ביקורת, ואף מכנות אותו ""בור פטפטן"". 
ואולי גדולתו של הספר וסוד קסמו נעוצים במינון הנכון של טראגי וקומי, בשילוב בין סיפור הרפתקאות לביקורת חברתית, 
בין שעשוע לכל קורא בכל הזמנים לבין עיסוק יסודי בספרות, בפוליטיקה ובדת - ובקיצור, בהיותו יצירת מופת ובידור צרוף כאחד.",תרגום השירים ועריכה: טל ניצן-קרן,,,,,31-1892,הספריה החדשה,,he,Paperback,4.6,108,17,17432,221,3,1
137698,2026-09-11T07:53:20.000Z,4,3,הנץ מגונט,326060,"ספר שהוא כאילו על כלום... ולמרות זאת, הקסם שלו לא פג לרגע.
חבל שהיום כבר אין ספרים כאלה יותר.",939075,האסופית - אן מהחווה הירוקה [מהדורת 2011],לוסי מוד מונטגומרי,טלי נתיב עירוני,כתר,2011,331,נוער,תרגום (נוער),https://cdn.simania.co.il/bookimages/covers93/939075.jpg,https://simania.co.il/bookdetails.php?item_id=939075,https://simania.co.il/showReview.php?reviewId=137698,"היא יתומה, היא ג´ינג´ית והיא לבד לגמרי בעולם. 
היא גם אופטימית, רומנטית, פרועה, ובחיפוש מתמיד אחר נשמה תאומה. תכירו את אַן שֶרְלִי , האסופית שנשלחה בטעות מבית היתומים לחווה הירוקה– ועד היום לא נעשתה טעות יותר מוצלחת. 

מַתְיוּ ומרילה קַתְבֶּרְט, אח ואחות כבר לא כל כך צעירים, צריכים נער שיעזור להם בחווה. בניגוד לבקשתם, בית היתומים שולח נערה. קוראים לה אן, ולמרות שמדובר בהפתעה, במהלך החודשים הבאים הם – יחד עם כל תושבי הכפר אֶבוֹנְלִי - יגלו שזו ההפתעה המדהימה ביותר שהחיים זימנו להם. אמנם היא מסתבכת בצרות,   אומרת את כל מה שהיא חושבת, ונוטה לחלום בהקיץ, אבל אן האמיצה, החכמה, הישרה והמצחיקה תכניס אל החווה ואל הכפר חיים חדשים. בדרך גם תפגוש את גילברט, סיפור שיתחיל בעלבון צורב אבל יסתיים לגמרי אחרת.. 

מאז שיצא לאור ב-1908 הפך ""האסופית"" לאחד מספרי הנעורים המצליחים בכל הזמנים. השנים שחלפו רק מוכיחות שאן היא גיבורה נצחית, שמדברת מחדש אל כל דור ודור. הספר הוא הראשון בסדרת הספרים, שכתבה לוסי מוד מונטגומרי, המלווים את חייה של אן, מילדות עד לבגרות. כתר גאה להוציא לאור את הסדרה בעריכה מחודשת – רהוטה, בהירה ומקסימה מתמיד.",,,,,,10-515554,אַן שֶרְלִי האסופית,01,he,Paperback,4.5,93,26,8506,142,1,1
137697,2026-09-11T07:11:40.000Z,4,1,הנץ מגונט,326060,הדמויות נהדרות והעלילה גם... אבל לפראצ׳ט יש טובים יותר.,8633,אחיות הגורל,טרי פראצ'ט,נורית שרעבי,כנרת,1997,298,ספרות,מדע בדיוני ופנטזיה,https://cdn.simania.co.il/bookimages/covers0/8633.jpg,https://simania.co.il/bookdetails.php?item_id=8633,https://simania.co.il/showReview.php?reviewId=137697,"ממלכות מתמוטטות, מלכים נופלים וסכינים נשלפים בממלכה הקסומה של עולם הדיסק כששלוש מכשפות מתערבות בחיי הממלכה ורוצות להמליך מלך לפי בחירתן. 		 קשה להכתיר דווקא את המלך שבו רוצים כאשר מלכים גיבנים, ליצנים אבודים ויורשים מחופשים מתרוצצים מסביב ומתעניינים במלאכה. 		 זהו ספרו השישי של טרי פראצ`ט בסדרת ""עולם הדיסק"" - סדרת הפנטזיה המצחיקה מאז ומעולם!",,,,,965,42-4100011,עולם הדיסק,6,he,Paperback,4.3,58,3,5607,53,0,1
137696,2026-09-11T03:03:40.000Z,4,4,ליליאן די,325886,"יש ספרים שאינם זקוקים לפירוטכניקה עלילתית, למתח מסמר שיער או לדרמות בומבסטיות כדי ללכוד את הלב. הם פשוט מניחים מראה צלולה, חכמה ומדויקת להפליא על החיים עצמם, ומצליחים לייצר יופי שקט וחד דווקא מתוך היומיום האפור ביותר. ""בתו של מרפא העצמות"" של אמי טאן הוא בדיוק מסוג הספרים האלה: יצירה שנראית במבט ראשון כמעט נטולת יומרות, פשוטה ומינורית, אך מתחת לפני השטח שלה רוחשת ארכיטקטורה פסיכולוגית מורכבת, עגולה ונוגעת ללב.
במרכז הסיפור עומדת רות, סופרת צללים מוכשרת מסן פרנסיסקו שמנסחת במיומנות את מחשבותיהם של אחרים, אך מתקיימת באילמות רגשית מוחלטת בחייה שלה. סדר יומה הצפוף והחרדתי מוקדש כולו לניהול משברים, לדאגה לאחרים, ולתמרון בלתי פוסק סביב אמה הקשישה והתובענית, לו-לינג – אישה מהגרת ורדופה שמעולם לא ידעה להבחין בין אהבה לבין חנק. כאשר האם מתחילה לשקוע אל תוך ערפילי הדמנציה, שברי זיכרונות ומסמכים ישנים בסינית מתחילים לצוף, ומאלצים את רות לצאת למסע של פענוח שורשי הטראומה, האשמה והסודות שננעלו עשרות שנים קודם לכן בכפר הררי נידח בסין.
העוצמה הגדולה של הספר אינה טמונה בשאלה ""מה יקרה הלאה"", אלא בצלילה המיקרוסקופית אל נבכי התודעה. טאן מפליאה לשרטט את דמותה של רות, אישה שפיתחה בילדותה מנגנון הישרדות סייסמוגרפי מול אם בלתי צפויה: הפיכת העומס והתפקוד המתמיד לשריון, וההיאחזות באמונה המעוותת שלהיות עסוקה פירושו להיות רצויה. המונולוגים הפנימיים שלה רצים ללא הרף וחושפים בדיוק כירורגי את הפער שבין מודעות אינטלקטואלית לבין הונאה עצמית עמוקה. זוהי ילדות מפרקת של ממש, שבה התעמרות רגשית ואיומים קבועים נולדו מתוך חרדה קיומית אותנטית ונטולת כוונת זדון, ועיצבו ילדה שהפכה לצל מרצה. גם תיאורי הדמנציה נכתבו ברגישות מופתית – ללא גרם של מלודרמה זולה, אלא מתוך התפוררות איטית ומכאיבה של מבצר האם, והיפוך תפקידים שובר לב שבו הבת המפוחדת נאלצת להפוך למבוגר האחראי.
אלא שכאן בדיוק מונח גם עקב אכילס המבני של הספר. המעבר החד והממושך בחלקו השני אל סין המסורתית גובה מחיר רגשי לא מבוטל. על אף שסיפורה של לו-לינג הצעירה ושל דודה יקרה האומללה הוא טרגי ומטלטל, המרחק ההיסטורי והעטיפה של עולם אפוף פולקלור, עצמות דרקון ואמונות תפלות מייצרים ריחוק מסוים. החלק הזה נקרא לעיתים כמו אפוס שמדווח מעט מבחוץ, מבעד לתפאורה תקופתית ואנתרופולוגית, ומתקשה לשחזר את האינטימיות הרגשית החשופה והפועמת שהפכה את רות לדמות בשר ודם. החזרה המיוחלת לציר ההווה רק הדגישה היכן באמת פועם לבו הפסיכולוגי של הספר.
לקראת סיום בחרה טאן לפנות למחוזות מעט מתקתקים ומזורזים. ההתעוררות הפתאומית של בן הזוג, ארט, שמגלה באורח פלא את אנוכיותו וממהר להפוך למשענת מושלמת ברגע שרות מתרחקת, מרגישה יותר כמו נס ספרותי של קומדיה רומנטית מאשר ריאליזם מפוכח. ובכל זאת, הגאולה האמיתית של היצירה אינה תלויה במחוות החיצוניות, אלא בתנועה הפנימית של רות עצמה. סגירת המעגל שלה – הרגע שבו היא מעזה להפסיק לבטל את עצמה, להשמיע קול ולהאמין שהיא ראויה לאהבה בזכות מי שהיא ולא בזכות התועלת שהיא מפיקה – היא ניצחון שקט ומרגש. זהו רומן חכם, אנושי ועמוק, שגם אם התפרים העלילתיים שלו אינם אחידים, האמת הרגשית והתובנות הפסיכולוגיות שבו ממשיכות להדהד הרבה אחרי נעילת הדף האחרון.",36563,בתו של מרפא העצמות,אמי טאן,צילה אלעזר,כנרת זמורה דביר,2001,350,ספרות,ספרות מתורגמת,https://cdn.simania.co.il/bookimages/covers3/36563.jpg,https://simania.co.il/bookdetails.php?item_id=36563,https://simania.co.il/showReview.php?reviewId=137696,"קורותיהם של שלוש נשים, שלושה דורות ומשפחה אחת ארוגים ביד אמן בספרה החדש של אמי טאן, מחברת רבי המכר חוג שמחת המזל ואשת אל המטבח. 
רומן רחב יריעה זה, הקושר יחד את סין שלפני המהפכה עם סן פרנסיסקו של היום, מתחיל בשגרת יומה של רות יאנג, החיה עם גבר גרוש ועם שתי בנותיו. 
שגרה מעיקה של ניתוק רגשי, ניתוק שבינו לבינה ובין אדם לבין עצמו. ואז לפתע, בעוד אמה, לו - לינג, נתקפת שכחה מדאיגה, נזכרת רות בדפים שנתנה לה פעם, ובהם זיכרונותיה מילדותה בסין ועד בואה לאמריקה. 

""אלה הדברים שאני יודעת שהם נכונים"" כך מתחיל הסיפור, ולעיני רות נפרשים חייהן המדהימים של אמה ושל סבתה, בתו של מרפא העצמות; 
נשים שידעו סבל לא יתואר ושגברו עליו בכח תבונתן ותעוזתן. 
והסיפור הזה, יודעת רות - סיפור חייה של אמה - ישנה את חיה שלה לעולמים.",,The Bonesetter's Daughter,,,,2-70155,מחברות לספרות,,he,Paperback,3.9,79,4,6981,145,0,1
137695,2026-09-10T15:42:06.000Z,4,12,עקיבא,295700,"ספר של הסופר הגדול דוסטוייבסקי, שאיננו מפורסם בעברית כמו ספריו הגדולים: החטא ועונשו, שדים, האחים קרמזוב ועוד רבים. הספר תורגם לעברית בפעם הראשונה רק בשנת 1970 ע""י מנחם זלמן וולפובסקי, ובפעם השניה בשנת 2000 על ידי גרשון חזנוב. (את התרגום הזה  קראתי.) הספר נכתב בערך בשנת 1858 כאשר הסופר עוד היה בסיביר. אז למה ספר של סופר כזה גדול תורגם בפעם הראשונה לעברית רק בשנת 1970 ?

אינני יודע. 

אולי כי אין זו יצירה ספרותית רצינית, עם ניתוחי עומק של דמויות, עם הרבה פסיכולוגיה, שיחות פילוסופיות, הטפות מוסר ועוד. 
אז מה כן יש בו ? 
זהו ספר נחמד, גם מצחיק, עם דמויות גרוטסקיות. 
עלילת הספר יחסית פשוטה.  הפולקובניק (אלוף משנה) במילואים יגור איליץ' רוסטאנוב חוזר אחרי שירות צבאי לכפרו ולאחוזתו שבו עובדים מאות ""עבדים רוסיים"" שלמעשה הם רכושו. הוא אלמן. הוא מתאהב, איך לא, במטפלת של שני ילדיו, בחורה אומללה ועניה. אבל אמו שתחיה, רוצה שהוא יתחתן עם אשה עשירה מאד שהתנחלה באחוזה. 

על הכל שולט אורח פורח, רודן ושרלטן בשם פומה אופיסקין שהגיע לאחוזה כעוזר ובדרן לגנרל הזקן,  ששלט רשמית באחוזה עד מותו. פומה הוא אדם ממש מגעיל. אחרי מות הגנרל, פומה התנחל באחוזה בתחמונים, והתעלל נפשית בכולם - במיוחד בפולקובניק. הוא גם דורש ומקבל כבוד ויקר שממש לא מגיעים לו, אבל האמא הזקנה של הפולקובניק, אשת הגנרל שבבר מת, עומדת לצידו, מגבה אותו ומעריצה אותו. 

את ההמשך מומלץ לקרוא.

עד כאן מקריאה בלי פרשנות. 

אבל מהפרשנות לסיפור - ההערות בתחתית העמוד, ובעיקר המסה הארוכה בסוף הספר של דימיטרי סגל, מתברר (למי שאיננו מכיר את הספרות הרוסית )  שהספר נועד ""לרדת"" ""ולכסח"" חלק מגדולי הספרות הרוסית של אז ובמיוחד את הסופר הגדול ממש גוגול - שפימה אופוסקין מוצג כדומה לו. למה דוסטוייבסקי כל כך העליב סופר ענק שהיה ה""אבא הספרותי"" שלו ? באמת שאלה טובה. עיינו בהסברים של דימיטרי סגל.

לסיום. קראתי שיש תרגום נוסף לספר שנעשה בשנת 2010 על ידי מתרגם בשם קריקסנוב שטוענים שהתרגום שלו יותר מודרני, זורם ומדויק.  שווה לבדוק.",28745,הכפר סטפאנצ'יקובו ותושביו,פיודור דוסטויבסקי,גרשון חזנוב,כרמל,2000,224,ספרות,ספרות מתורגמת,https://cdn.simania.co.il/bookimages/covers2/28745.jpg,https://simania.co.il/bookdetails.php?item_id=28745,https://simania.co.il/showReview.php?reviewId=137695,"בחור צעיר נקרא בדחיפות אל אחוזת דודו האלמן, איש צבא בדימוס, באמתלה שמחכה לו שם כלה, חניכתו לשעבר של דודו, בחורה אומללה וענייה שקיבלה חינוך מעולה. עם בואו הוא מגלה שהבית על יושביו המרובים והמשונים נשלט משום מה על ידי אחד פומה אופיסקין, רודן ושרלטן שעלה מאשפתות. ארבעים ושמונה שעות של התרחשויות דרמטיות ואבסורדיות עוברות על הגיבורים, ברומן שהוא אחד המצחיקים ביותר לא רק בין ספריו של דוסטובייסקי, אלא בספרות הרוסית בכלל, ויחד עם זאת הוא גם טרגי. דוסטוייבסקי מתחרה כאן בגוגול בתיאור האבסורדים של החיים, ובה בעת גם שם לצחוק את מורו הדגול, בדמותו של הרודן אופיסקין.  לספר נוספה מסה מאת פרופ` דימיטרי סגל, מן האוניברסיטה העברית, המסבירה בין השאר את הסיבות לפרודיה הזו על גוגול ולשנאתו של דוסטוייבסקי למורו לשעבר.",,Степанчиково и его обитатели / Фёдор Михайлович Достое́вский,,,965,249-1267,מן הקלאסיקה הרוסית,,he,Paperback,4.3,11,2,2471,22,0,1
137694,2026-09-10T15:20:15.000Z,5,15,rea,165045,"העלילה מספרת על זוג גברים הומואים שמגדלים ילד. 
לדמות הראשית קוראים מר אבן. לבן זוגו קוראים אוהד והוא קצין בכיר בצבא.
הספר נפתח בכך ששלושה חיילים דופקים בדלת, הגיבור נמצא בבית ולא פותח להם את הדלת. הזמן הוא זמן מלחמה וגיבור הספר יודע כי בנו נהרג.
כך נפתחת דרמה אנושית, שבמרכזה גיבור, אשר למד תמיד לרצות אחרים ולהעמיד את עצמו אחרון. מערכת היחסים עם בן זוגו היא כזו בה הגיבור מרצה ועושה בדיוק מה שבן זוגו אומר לו. 
למעשה בין השניים יש התעללות של הקצין בגיבור אשר תופס בזוגיות את תפקיד האישה.
הילד הוא כל חייו של הגיבור, וכאשר באים לבשר לו על מותו עולמו קורס והוא יודע שחייו נגמרו.
גיבור הספר אשר עסוק בלמלא את רצונם של אחרים צובר עוד ועוד כעס ונמאס לו מהתפקיד אותו הוא ממלא. 
הספר הוא פשוט מעולה. הוא מציג תא משפחתי ישראלי אשר בנוי בצורה חולה ומאמללת וגורם לקורא לחוש חמלה כלפי הגיבור וכעס על הדמויות אשר פוגעות בו. 
הספר יצא ביצירה עברית, חוג קריאה, בשיתוף מכון הקשרים, ההוצאה לאור של אוניברסיטת בן גוריון. בספר יש 160 עמודים.
עורך הספר: יגאל שוורץ.
ספר מומלץ בעל עלילה ישראלית עכשווית. קראתי את הספר ביום אחד ונהניתי מכישרון הכתיבה של גואל פינטו.",1028491,סדר העניינים,גואל פינטו,,יצירה עברית,2026,160,ספרות,ספרות מקורית,https://cdn.simania.co.il/bookimages/covers102/1028491.jpg?v=1787456232960,https://simania.co.il/bookdetails.php?item_id=1028491,https://simania.co.il/showReview.php?reviewId=137694,"טוק־טוק־טוק
מי שם?
חיים.

ראיתי את פניו היפות של הילד.

השפתיים שלו התעקלו כלפי מעלה, העיניים הצטמצמו והגומה על לחיו הימנית בלטה. החיוכים שלו היו נדירים, הוא היה ילד חמור סבר, אבל כשהגיעו הם היו עולם ומלואו. הוא נגלה אליי כמו ענק שהפציע מן הרקיע. ברקע היו שמיים כחולים, עננים לבנים, כמו ציור של מאייר מתחיל, ואור גדול זרח מאחוריו. חייכתי אליו בחזרה. תינוקי, קראתי לו. הושטתי יד קדימה, הצלחתי להגיע אל השיער שלו, לסדר אותו ממצב התוהו ובוהו התמידי שלו, ילד יפה שלי. תינוקי שלי. תודה שאתה מחייך אליי.

""הכול בסדר, אבא,"" השפתיים שלו אמרו.",,,,,,,חוג קריאה,,he,Paperback,5,1,1,78,0,0,1
137693,2026-09-10T15:04:30.000Z,5,0,הנץ מגונט,326060,"יש סיכוי של אחד למיליון שתאהבו את הספר הזה, שזה סיכוי גבוה מאוד, לא כמו סיכוי של אחד לאלף שכמעט אף פעם לא קורה... (המבין יבין)",8634,שומרים שומרים,טרי פראצ'ט,שלומית הנדלסמן,כנרת זמורה ביתן,1998,335,ספרות,מדע בדיוני ופנטזיה,https://cdn.simania.co.il/bookimages/covers4/48335.jpg,https://simania.co.il/bookdetails.php?item_id=8634,https://simania.co.il/showReview.php?reviewId=137693,"העיר אנק מורפורק, העיר הגדולה ביותר בעולם הדיסק (זה הנישא על גבות ארבעה פילים שעומדים על שריון צב) נמצאת בסכנה. רק דרקון יורק אש יכול, כנראה, להציל את העיר וקפטן ויימס מחפש אחריו נואשות. עוד ספר מסדרת עולם הדיסק, הסדרה שהביאה לפרסומו הרחב של טרי פראצ`ט סופר הפנטזיה הבריטי הנערץ, סופר קאלט ייחודי ומצליח שספריו נקראים על ידי מליונים ברחבי העולם ומעצבים את תודעתם. ומי שלא נחשף עדיין לעולם הפנטזיה מוזמן לגלות קריאה בממד אחר. עד עתה יצאו לאור שמונה מספריו בהוצאת כינרת.",,,,,,,עולם הדיסק,8,he,Paperback,4.3,43,2,4545,27,0,1
137692,2026-09-10T14:45:47.000Z,5,0,הנץ מגונט,326060,"התרגום מזעזע, אבל הסיפור? שלמות.",21174,מעבר לעלטה,אורסולה לה גווין,אריה חשביה,עם עובד,1978,229,ספרות,מדע בדיוני ופנטזיה,https://cdn.simania.co.il/bookimages/covers2/21174.jpg?v=1778384174914,https://simania.co.il/bookdetails.php?item_id=21174,https://simania.co.il/showReview.php?reviewId=137692,"שליח מכדור הארץ מספר על קורותיו בעולם אחר, עולם שכולו חורף וכפור המתואר בריאליזם לפרטי פרטיו:עמיו, נהגיו, תרבותו, תולדותיו ומלחמותיו:עולם שבו רק פרט אחד שונה ומיוחד:תושביו הם בני מין אחד. תוך קריאה אנו משתעבדים ליופי המוזר של עולם קפוא זה, נושאים בתלאות העוברות על בן כדור הארץ ומגלים צורת קיום חדשה, שונה מכל הידוע לנו, המפתה בזרותה ובקסמה. יצירת מופת זו מנסה לפענח מה מקומו של האדם בין התרבויות הכוכביות האחרות ומה עשויה להיות משמעותם של חיים אחרים, שאינם אנושיים, ביקום.","ראה אור בעברית גם בשם ""צד שמאל של החושך""",The Left Hand of Darkness / Ursula Le Guin,,,,,עם עובד - מדע בדיוני,,he,Paperback,4.6,23,5,6099,40,0,1
137691,2026-09-10T14:36:17.000Z,5,20,מורי,1554,"הספר הזה הוא בלגי וחשבתי מה כבר תרמה בלגיה לעולם, דברים שהם בלתי נשכחים. אז מתברר שהדרדסים משם, שזה קומיקס, והוופל הבלגי, אם לזכור שניים קריטיים. יש שיגידו שגם הצ'יפס משם, אבל זה קצת שנוי במחלוקת. גם השוקולד משם, בעיקר הפרלינים. אבל אם אני שובר את  הראש באמת וצריך יצירת אמנות אחת, הרי זה הסרט ""קירבה"" של לוקאס דונט. מהפך קרביים. עכשיו מגיעה אדלין דיידונה ותורמת לנו את הנובלה החזקה החיים האמיתיים. לא חיים סתם, לא קטנים, האמיתיים.
שכונה קטנה בשם הדמו, שאולי באה להראות מין שכונה ארבע-צלעית של בתים הבנויים סביב ריבוע כלשהו, היא המקום בו הם גרים. לגיבורה אין שם והיא בת עשר. ז'יל הילד הוא אחיה בן השש, היפה והאהוב עליה מאוד. אבל אז קורה מקרה טרגי בעת הקניה היומית של הגלידה ממכונית הגלידה. כל כך טרגי שז'יל פשוט השתתק, חדל לחייך ולהצטנף בחיק אחותו במיטתה.
אבל כל המשפחות השמחות כך וכך ואילו המשפחות האומללות אחרת, אבל יש משפחות שעדיף לו לא נוצרו מלכתחילה. יש כאן אם מוכה וילדים שאט אט נכנסים תחת משטר צבאי כמעט. האב הוא כמובן הבעיה וכשהוא מפוטר עצם השהייה שלו בבית בלתי נסבלת.
הילדה מחוננת במדעים, לא אומר אילו, ובית הספר קטן עבורה כך שהיא נשלחת לפרופסור אחד בדמו (הישוב שלהם) שהוא פרופסור בדימוס מאוניברסיטת תל אביב. כדי ללמוד אצלו ולשלם שכר לימוד המספרת עובדת את הנוצה והאלוף, זוג המעסיק אותה כבייביסיטר.
אט אט הולכות חיות מחמד ונעלמות בדמו והמספרת יודעת שאחיה האכזר מעלים אותן. הוא אולי רוצח חיות, אבל את הירייה האחת והנכונה הוא משאיר למי שהורס את חייהם והוא כבר בן אחת-עשרה.
אין בספר מילה מיותרת, אין צורך. האימה נבנית אט אט וברור שמכל המשפחות האומללות והשמחות, המשפחה הזו מיותרת.",1001670,החיים האמיתיים,אדלין דְיֶידוֹנֶה,רמה איילון,כתר,2021,199,ספרות,ספרות מתורגמת,https://cdn.simania.co.il/bookimages/covers100/1001670.jpg,https://simania.co.il/bookdetails.php?item_id=1001670,https://simania.co.il/showReview.php?reviewId=137691,"מבחוץ הוא נראה כמו כל הבתים באזור הפיתוח. או כמעט. יש בו ארבעה חדרים: החדר שלה, החדר של אחיה הקטן ז’יל, החדר של ההורים, והמרתף עם החיות המפוחלצות. היחסים בין ההורים קשים, ואת האווירה הכבדה שבבית מצליחים הילדים להפיג האחד בחברת השנייה, בטיולים, משחקים ואכילת גלידה. הכול עד ליום אחד שבו הם עדים לתאונה. מאותו רגע ז’יל הקטן חדל לצחוק, והיא, על עשר שנותיה, רוצה בכל מאודה להסיט ממסלולם את החיים הנוכחיים, שנדמים לה כמו טיוטה של החיים האחרים, האמיתיים. היא משנסת מותניים, מגייסת את כל כישוריה היצירתיים וצוללת עמוק לתוך נבכי הקיום מתוך תקווה שיום אחד, הלוואי, הכול יסתדר.

אדלין דְיֶידוֹנֶה ( ילידת  (1982 בוראת ברומן ביכורים זה עולם מכושף, אפל, חושני ורב־עוצמה. החיים האמיתיים זיכה אותה בשבעה פרסים ספרותיים חשובים בצרפת ובבריסל, בהם רנודו, פנאק והגונקור הבלגי.
רשימת פרסים: le prix du roman Fnac 20188, le prix Renaudot des lycéens 2018, le prix Filigranes, le prix Goncourt choix de la Belgique, le prix Goncourt choix de l’Italie, le prix du Premier Roman de Chambéry et le prix Victor-Rossel 2018.",,La Vraie Vie / Adeline Dieudonné,,,,10-279552,הסדרה הקטנה,,he,Paperback,3.6,8,3,904,11,0,1
137690,2026-09-10T14:29:17.000Z,5,3,הנץ מגונט,326060,"בכל פעם שאני נזכר בספר הזה, אני מוצף בנוסטלגיה. 
קראתי את דבעת ווטרשיפ לראשונה בגיל 11, וסיימתי את כל 600 עמודיו בשלושה ימים בלבד. מאז, אני תמיד זוכר אותו באהבה, ובו זמנית חושב, למה באמת? מה יש בו?

כאשר פנו לריצ׳רד אדמס שושאלו אותו מה הספר מנסה לומר, האם הוא אלגוריה למלחמות האדם ושאר פילוסופיה הוא טען שהוא פשוט ספר ילדים. 

אני טוען, שהספר אכן כזה, אך הוא שונה מסתם ספר ילדים בגלל הדמויות.
הארנבים הם הדמויות הכי אנושיות וארנביות שאני מכיר. לוז מעורר הזדהות מאוד, ואם זאת, הוא עדיין מרגיש ארנב, בכל זקיפת אוזניים או רחרוח. הניגוד הזה יוצר מעיי קסם, שפשוט קשה שלא להישבות בו. אני לא מכיר אף ספר, אפילו לא הרוח בערבי הנחל שמצליח לשלב את הספרות עם הטבע כל כך בקלות.

מדהים, בכל גיל.",18389,גבעת ווטרשיפ,ריצ'רד אדמס,רנה ליטוין,זמורה ביתן,2004,453,ספרות,ספרות מתורגמת,https://cdn.simania.co.il/bookimages/covers1/18389.jpg,https://simania.co.il/bookdetails.php?item_id=18389,https://simania.co.il/showReview.php?reviewId=137690,"גבעת ווטרשיפ מספר את סיפורם של לוז וחמישון, שני ארנבונים אחים, החיים יחד בארנבייה שלווה על צלע גבעה. יום אחד חש חמישון, הניחן בחוש נבואי, שמשהו רע עומד להתרחש. הוא מזהיר את מנהיג הארנבייה אך נתקל באדישות ולגלוג. לוז מחליט לאסוף קבוצת ארנבונים, ותחת הנהגתו הם יוצאים לחפש מקום מגורים חדש ובטוח יותר. בין הארנבונים בחבורה האמיצה נמצאים ראש-גדול, ארנב מגודל ושש אלי קרב; אשחר, פטל וכסף, סרן אדר ועוזרו יקינתון, שמצטרפים מאוחר יותר, והארנבונים הקטנים יותר, בלוטון, כתמון וקדרון. החבורה האמיצה עוברת קשיים רבים במטרה למצוא להם ארנבייה חדשה, מקום שבו יהיו מוגנים מפני אויבים ובני אדם. הם מוצאים ארנבייה שנראית נהדר, ומנהיגה, בכור-אביב, נראה חבר חדש ונאמן, אך עד מהרה מתברר שסוד איום עוטף אותה.

	אחרי תלאות רבות הם מגיעים לגבעת ווטרשיפ, המקום הגבוה והמוגן שחמישון ראה בעיני רוחו. הם מקימים בה את ביתם בעזרתם של עכבר קטן שהצילו ושחף בשם קיהאר. אך כעבור זמן מה הם מבינים שהחיים עדיין לא שלמים, מכיוון שאין להם נקבות איתן יוכלו להתרבות. אז הם יוצאים שוב למסע, והפעם לארנבייה עוינת ואפלה המונהגת בידי ארנבון פראי ומזרה אימה בשם גנרל אשבל. לאחר מאבק עיקש מול אויב ראוי, הארנבונים מצליחים לצאת כשידם על העליונה, ויכולים לחיות סוף סוף בשקט ובשלווה.

	 

	גבעת ווטרשיפ, ספרו הראשון של ריצ'רד אדמס, יצא לאור בשנת 1972 והפך בן לילה לציון דרך בספרות הילדים והנוער, המוזכר בנשימה אחת עם ספרי מופת כמו ´אליס בארץ הפלאות´, ´ההוביט´ ו´הסיפור שאינו נגמר´. הוא זכה בפרסים רבים, ביניהם פרס ""מדליית קרנגי"" היוקרתי, והוכתר כספר הנמכר ביותר של הוצאת פינגווין. עד היום הוא ממשיך להימכר ללא הפסקה ולהסעיר את דמיונם של מיליוני קוראים בכל העולם. קוראים רבים מזהים בו משל חברתי לעולמנו שלנו, בני האדם, והחברות השונות שאנו נתקלים בהן בחיינו.

	אנו שמחים להגיש תרגום חדש לעברית של ספר נפלא זה מאת הסופר יואב אבני.",,,,,,3-13512,,,he,Paperback,4.5,184,29,10413,152,2,1
137689,2026-09-10T14:15:11.000Z,4,0,הנץ מגונט,326060,"הספר הראשון של רומן גארי שאני קורא, וקשה לי לגבש דעה.
מצד אחד הספר מרגש, אין ספק בכך. מוחמד מעורר הזדהות בסבלו, אך גם מדי פעם נמאס לשמוע שוב ושוב על כמה קשים החיים שלו עם דודה רוזה, וכמה היא עומדת למות במשך שלושת רבעי ספר.
אם אוליבר טוויסט מבזבז עשרות עמודים על תיאור הסבל והעוני ותוך כדי כותב פסקה על כל עץ, כל החיים לפניו הוא תמציתי מאוד, אבל עדיין יש בו מן החזרתיות, וזאת משום שחסרה ההעמקה בסיטואציות. הנה אני מסביר.
זהו סיפור שאינו ממוקד בעלילה אלא בחוויה, בחיים עם הדודה בפריז, בעוני.  בסיפור מסוג כזה מאוד חשוב שהקורא ירגיש חלק, כי אין עלילה של ממש, וכל העניין הוא הדמות. הקורא אמור כאילו הוא נמצא ממש שם, עם הגיבור, ובשביל זה צריך להראות לו את המקום, לא רק לספר לו. לדוגמה, ישנו חלק בו מוחמד גונב גור כלבים, מטפל בו ואז מוכר אותו וזורק את הכסף לפח מתוך כעס. כל הסיפור הזה לוקח שניים שלושה עמודים שמסופרים מנקודת מבט על. למה לא להראות לי איך הוא מטפל בגור? לחוות איתו את כל זה, ולא רק לומר זאת בקצרה? באמת שחבל לי, כי אני יודע שהחלק שבו הוא מוכר אותו יכל להיות מרגש מאוד, אם רק לא היה קורא שנייה לאחר מכן וקופץ מיד להמשך. סגנון הכתיבה הזה מכוון, ומשרת את הסיפור בהרבה חלקים, אבל בשבילי הוא הרס הרבה מהספר הזה, שמדהים בכל אספקט אחר.",4711,כל החיים לפניו,רומן גארי (אמיל אז'אר),אביטל ענבר,עם עובד,1976,198,ספרות,ספרות מתורגמת,https://cdn.simania.co.il/bookimages/covers0/4711.jpg,https://simania.co.il/bookdetails.php?item_id=4711,https://simania.co.il/showReview.php?reviewId=137689,"המספר הוא ילד ערבי בביתה של זונה לשעבר שמתפרנסת מטיפול בילדיהן של חברות למקצוע; והסיפור מצייר את דמותה המרשימה של אישה זו – יהודייה, שנולדה בפולין, הגיעה לצרפת וחייתה את אימי השואה – ואת ההווי הססגוני של רובע בלוויל בפריס המאוכלס ברובו במהגרים ערבים, יהודים ושחורים.

	 

	ספר מיוחד במינו, עצוב ומצחיק ומרתק, שזכה בפרס גונקור לשנת 1975 ועורר הד חזק עם הופעתו.",,,,,,32-1840,ספריה לעם,221,hebrew,Paperback,4.4,807,88,29702,526,10,1
137688,2026-09-10T13:58:00.000Z,2,0,הנץ מגונט,326060,"כל מה שרע, שטחי ודבילי בספרות הפנטזיה לנוער זוקק במיוחד לתוך הספר הזה.",993288,שומרת הערים האבודות,שאנון מסנג'ר,גליה אלוני-דגן,כנפיים,2019,456,ספרות,מדע בדיוני ופנטזיה,https://cdn.simania.co.il/bookimages/covers99/993288.jpg,https://simania.co.il/bookdetails.php?item_id=993288,https://simania.co.il/showReview.php?reviewId=137688,"רב מכר של ה""ניו יורק טיימס""

	זוכה מדליית קליפורניה לקוראים צעירים

	 

	הנערה שגדלה אצל בני האדם וגילתה שהיא אֶלפית מעמידה את כוחותיה המסתוריים למבחן מסוכן.

	 

	סופי היא היחידה בעולם האֶלפים שמצליחה לתקשר עם אליקוֹרְן, יצור מיתולוגי נדיר הדומה לחד-קרן. היא חייבת לאמן את היצור הקסום כדי שיהיה אפשר להציגו לפני תושבי הערים האבודות. התקופה נעשית חשוכה ומאיימת, והאלפים זקוקים נואשות לסמל של תקווה. 

	הסודות הקבורים בזיכרונה של סופי נחשפים אט-אט, והיא נאלצת להתמודד עם סכנה גדולה כדי להציל לא רק את חייה שלה, אלא גם את חייו של אדם הקרוב אליה...",,SHANNON MESSENGER / KEEPER OF THE LOST CITIES,,,,10-888960,שומרת הערים האבודות,1,he,Paperback,4.1,23,7,8755,48,3,1
137687,2026-09-10T13:54:14.000Z,5,0,הנץ מגונט,326060,"אם שומרים שומרים הוא כמו מונטי פייתון והגביע הקדוש של טרי פראצ׳ט (רק הרבה הרבה יותר טוב), כשהגעתי לאלים קטנים ציפיתי למשהו כמו בריאן כוכב עליון או היהודים באים. פארודיה שנונה מלאת פאנצ׳ים שמתבדחת על חשבון הדת. 

רק שאלים קטנים אינו ספר כזה. מדובר בספר עמוק ומורכב שגורם לנו לתהות חגבי תפיסתנו של הנביאים כמעין זקנים זעופים שמאז ומתמיד היו חכמים. יתכן ולמעשה כל העניין היה הרבה יותר... אנושי. וקטן.

אך עם כל ההרהורים הפילוסופיים שלו, אלים קטנים הוא עדיין סאטירה, והוא עדיין מצחיק. טרי פראצ׳ט הוא בעיני ההוכחה לכך שקומדיה טובה אינה רצף סצנות מטומטמות, אלא שצרחך להיות לה גם רעיון חכם שממנו הכל נובע. לא סתם ציינתי בתחילה את בריאן והגביע הקדוש, שכן למרות שבריאן שונה בתכלית, הוא עדיין דוגמה נהדרת לאיך עושים פארודיה חכמה ומצחיקה, כי זה ממש ממש לא סותר.",1027094,אלים קטנים,טרי פראצ'ט,אורי מאיר,רסיס נהרה,2026,393,ספרות,ספרות מתורגמת,https://cdn.simania.co.il/bookimages/covers102/1027094.jpg?v=1776657653184,https://simania.co.il/bookdetails.php?item_id=1027094,https://simania.co.il/showReview.php?reviewId=137687,"אלים קטנים הוא הספר ה-13 בסדרת עולם הדיסק. הוא יצא לאור באנגלית בשנת 1992, ועכשיו לראשונה בעברית.

ויהי בימים ההם וידבר האל הגדול אום אל בְּרָדַ’ה אשר בחר:
“פססט!”
ברד’ה היסס. מישהו בהחלט דיבר אליו מתוך האוויר. אולי היה זה שד.
זה לא היה שד. זה היה האל הגדול אום. הייתה רק בעיה אחת: הפעם הוא התגלגל לעולם בדמות של צב די קטן. אומניה היא המדינה היחידה בעולם הדיסק שמאמינה באל אחד. יש לה כנסייה אדירה, קוויזיציה חזקה ואלפי מאמינים אדוקים. אבל למרות כל זאת – ואולי דווקא משום כך – נשאר לאום רק מאמין אמיתי אחד: ברד’ה, נער תמים שמוצא את עצמו לפתע בלב דרמה מסוכנת שמעולם לא ביקש לעצמו, תחת עינו הפקוחה של וורביס, ראש הקוויזיציה.
אלים קטנים מאת טרי פראצ’ט, סאטירה חכמה ומצחיקה עד דמעות על אמונה, כוח ומה שקורה כשהאלים תלויים במאמינים שלהם. אנו גאים להגיש אותו לראשונה בתרגום לעברית.
הצב נוע ינוע.",,,,,,,עולם הדיסק,13,he,Paperback,5,1,1,86,4,0,1
137686,2026-09-10T06:12:42.000Z,4,5,משה,76795,"ספרו החדש של טננבום עוסק בהתיישבות היהודית, הערבית והשומרונית ביהודה ושומרון. ספריו נכתבים בצורה פשוטה, מובנת ומשעשעת, זו קריאה מהירה ונוחה.
טננבום מבקר בישובים העיקריים ביהודה ושומרון, כולל כאלה שבתור ישראלי לא הייתי נכנס אליהם, הוא מביא את התרשמותו האישית מפגישות רבות שהוא מקיים עם תושבי המקומות אליהן הוא מגיע. אפשר לומר שהספר הוא סיפור מסע ביהודה ושומרון.
אין בספר הרבה מידע חדש שלא היה ידוע לי, אבל השיחות עם המקומיים מעניינות ומחדדות איך זה לחיות באזור הזה ובמה זה כרוך.
המחבר מתאר את טקס קורבן הפסח של השומרונים בהר גריזים כפי שנערך היום, מספר על התמודדות העכשווית של הישובים הישראלים אל מול הערבים ואת הווי החיים בכל אחד מהישובים העיקריים ביהודה ושומרון. דבר אחד מטריד שלמדתי הוא הבנייה המשתלטת הערבית בכל האזור, הם מקבלים סכומי עתק ממדינות אירופה ובונים בתי רפאים רבים בכל מקום. בתי רפאים אלו בתים שלא גרים בהם כרגע, הם נועדו רק כדי לתפוס את השטח כדי שיהודים לא יבנו שם או כדי למנוע מישובים יהודים להרחיב את התיישבותם. מעניין, משעשע ומטריד בכריכה אחת.",1026706,"סליחה, זה שלך?",טוביה טננבום,עודד לוין,סלע מאיר,2026,567,ישראל וציונות,ציונות,https://cdn.simania.co.il/bookimages/covers102/1026706.png?v=1774367578512,https://simania.co.il/bookdetails.php?item_id=1026706,https://simania.co.il/showReview.php?reviewId=137686,"והנה אני רואה אדם לבוש לבן מכף רגל ועד ראש, ועל כתפיו הוא נושא טלה חום וחמוד. הטלה, בשונה משאר הטלאים, ניסה זה עתה להימלט על נפשו, אבל האיש בלבן תפס אותו. כעת הוא עומד לידי, והטלה, תינוק מקסים, מטה לפתע את ראשו לכיווני ומלקק את המצח שלי בהנאה גמורה. אני מתאהב בטלה הזה ברגע ומעניק לו את ראשי באהבה. הוא מלקק אותו, מלקק ומלקק.

אני אוהב את החוּם הזה, משוגע עליו!

אך מה גדולה חרדתי כשלפתע אני מזהה זוג סכינים ארוכים בידיו של האיש בלבן.

זה מכה בי: בתוך דקות ספורות אהבתי החדשה תיעלם לנצח. תישחט. ושאריותיה יישרפו בתוך בור.

ריבונו של עולם, אנא רחם על שה מתוק זה, עמך ישראל!

כך מתחיל מסעו של טוביה טננבום בחבל הארץ הכי מושמץ והכי אהוב – יהודה ושומרון. 

חמוש בכובע מצחייה, תיאבון לאנשים וחיוך שלא נגמר, הוא חוצה מחסומים, מבקר חוות בודדות, מתייעץ עם נערי גבעות, רבנים ורבש""צים, קופץ לשכם לבלוע כנאפה אסלית, לומד את מי השילוח בלילות שבת, וסועד ""אוכל בריא"" עם מתנחלות ומתנחלים.

ככוח טבע אינטלקטואלי מדלג טננבום בין גבעות והרים, בתי קברות ובתי מדרשות, מתיידד עם פעילי שמאל יהודים, חרד""לים עם צינגלות, נשים המתפללות את התיקון הכללי, וציונים־דתיים שכבר לא דתיים. ובין הלוויה אחת לשנייה הוא רץ אחרי טילים, ויושב בכובד ראש לשיחות עם ראשי המתנחלים, חברי כנסת ושרים, המנסים לשכנע אותו שבעצם אסור לספח את יהודה ושומרון.

ככה.

טוביה טננבום הוא עיתונאי, מחזאי ומייסד התיאטרון היהודי של ניו יורק. ספריו, ובהם תפוס ת'היהודי!, אני ישן בחדרו של היטלר, חרדי וטוב לו ושקרים שכולם מספרים, יצאו בהוצאת סלע מאיר, היו לרבי־מכר בישראל, בגרמניה ובארצות הברית, וזכו לשבחי הביקורת כאן וגם שם.",,,,,,,,,he,Paperback,4,1,1,149,2,0,1
137685,2026-09-10T05:56:20.000Z,5,4,אלעד,227360,"אבי דחף לי ליד את הספר בגיל צעיר ( אולי בגיל 13) ולאחרונה קראתי אותו שנית.
אצלי הןא עורר בעיקר ערגה- לשפה, לערכים, לאהבת הארץ, לצדקת הדרך!
יוני אדם מורכב ומתלבט וחושב ונראה שאין אצלו אמיתות מוחלטות מלבד אחת- אהבת המולדת והדחיפה הבלתי פוסקת לתרום ולתת למען עם ישראל וארץ ישראל.
אני שואל ברצינות- יש היום עוד אנשים כאלה ?? 
אולי רק בציונות הדתית..",13573,מכתבי יוני,כונסו על ידי בנימין נתניהו,,ספרית מעריב,2001,306,ספרות,ספרות מקורית,https://cdn.simania.co.il/bookimages/covers1/13573.jpg,https://simania.co.il/bookdetails.php?item_id=13573,https://simania.co.il/showReview.php?reviewId=137685,"בלילה שבין ה-3 ל-4 ביולי, 1976 נע קומץ לומים של צה``ל, רכוב על גבי מספר קטן של כלי רכב, לעבר בית הנתיבות הישן של אנטבה, במטרה לשחרר יותר ממאה ישראלים, שהוחזקו כבני ערובה בידי טרוריסטים ערביים וגרמניים, שנעזרו על ידי חיילים אוגנדיים. מפקד הכוח המשחרר היה יוני - סא``ל יונתן נתניהו - שנהרג בקרב שהתחולל בבית הנתיבות. שעות ספורות אחר חילוץ בני הערובה, בשעה שהללו עשו את דרכם ארצה, דרך של יותר מ4,000- ק``מ, נודע ברבים דבר הפעולה המזהירה - והעולם כולו הוכה בתדהמה. נודע גם דבר מותו של יוני - ומאנונימיות כמעט מוחלטת בחייו, בגלל תפקידיו הסודיים בצבא. הפך שמו של יוני לנישא בפי כל, בתי ספר, גנים ושכונות נקראו על שמו. יוני נעשה נכס לאומי של העם היהודי. מה דמות היתה ליוני? מה היה מהלך חייו? ומהו שקבע את כיוון דרכו? הספר המוגש בזה לקורא כולל תשובות אותנטיות על השאלות הללו. מכתבי יוני, שמהווים מעין פרקי יומן, מקיפים יותר משלוש עשרה משנות חייו - מזמן שהיה תלמיד בבית ספר תיכון בארה``ב עד סמוך לנפילתו על אדמת אוגנדה. הם תעודה לקורותיו, עדות למניעיו. הספר, הנקרא כסיפור מרתק, עשיר בתיאורים מחיי הצבא, בתגובות על מאורעות הזמן, בהערות על מצב העם, ובגילויים של רחשי לב והרהורים לעת מצוא על תופעות אישיות וחברתיות. כל אלה משקפים אישיות יחידה במינה. בעלת הרבה יופי פנימי, הרבה אהבה וסבלנות, נאמנות לאידיאלים שבהם דגלה ולערכים שבהם האמינה - ערכי אדם ולאום. עם זה מגוללים מכתבי יוני לעיני הקורא דרמה נפשית עמוקה ורבת מתח. שמגעת לשיאה בימיו האחרונים של יוני - ובדפיו האחרונים של הספר.",,,עדו נתניהו,,,115-77,,,he,Paperback,4.6,69,18,10298,135,2,1
137684,2026-09-10T05:49:57.000Z,4,5,אלעד,227360,"המלך דוד.
אחת הדמויות החידתיות והמסקרנות ביותר בהיסטוריה האנושית. לא בכדי נעשו אלפי יצירות בהשראת האיש, ואפילו לאחרונה (2026) יצאה סדרה בנטפליקס על שמו.
​דוד הוא דמות אמביוולנטית ומורכבת מאוד - מלך ישראל, כריזמטי להפליא, אהוב מאוד על כולם אך לא אוהב אף אחד (מאיר שלו, בספרו ""ראשית"", האיר את עיניי לעובדה המעניינת שדוד היה הדמות הכי אהובה בתנ""ך, אך מעולם לא מוזכר שהוא אהב מישהו בחזרה). מצד אחד, איש רגיש, איש של נגינה וספר; ומצד שני, פוליטיקאי ממולח וחסר חמלה שמסובב את כולם לצרכיו.
​מה שיפה בעיניי בתנ""ך שלנו (ואני לא מחדש פה כלום), הוא שהכתוב לא מכסה על פשעיו של גיבוריו. ועדיין - לעיתים יש תחושה שחז""ל, הפרשנים המאוחרים, ואולי אפילו עורך התנ""ך בעצמו, ניסו למצוא דרכים ""למלט"" את דוד מפרשיות לא נעימות (כמו באמרה המפורסמת: ""כל האומר דוד חטא - אינו אלא טועה""). וכאן אנחנו מגיעים לספר שלנו.
​משעשע ומעורר מחשבה לראות איך הסופר סטפן היים, דרך דמותו של איתן בן הושעיה, חושף בפנינו את נבכי הפוליטיקה בימי דוד המלך. אם דיברנו על פרשת דוד ובת שבע לדוגמה, נהניתי לקרוא כיצד כאשר איתן ניגש לכתוב עליה, כל יועצי המלך מתפתלים כדי להוציא את דוד באור חיובי (""ה' אלוקינו זימן אותה אליך - אחרת למה התרחצה על הגג?"").
​השפה בספר כתובה בסגנון תנ""כי ונעים. סך הכל, נהניתי מאוד.",66789,דוח המלך דוד [מהדורת 2008],סטפן (שטפן) היים,ברוריה בן-ברוך,כתר,2008,272,ספרות,ספרות מתורגמת,https://cdn.simania.co.il/bookimages/covers21/218879.jpg,https://simania.co.il/bookdetails.php?item_id=66789,https://simania.co.il/showReview.php?reviewId=137684,"זהו סיפור על אודות מלך מת ועל אודות היסטוריה חיה.זהו סיפור על עובדות ועל שקרים ועל האופן שבו אגדות וסיפורים הופכים לאמת. ""דוח המלך דוד קיים באמת,"" כתב הסופר שטפן היים, ""אפשר למצוא אותו בתנ""ך."" שטפן היים, הסופר היהודי-גרמני עטור השבחים, מספר מחדש את הסיפור התנ""כי שראשיתו בשמואל א' וסופו במלכים א'. דוח המלך דוד מציג באופן סוחף ומבריק את סיפורו של דוד המלך, דמות רבת פנים, כפי שהוא נשקף מעיניו של בן התקופה, היסטוריון, מבקר ואינטלקטואל שנאלץ לעמוד פנים אל פנים מול הכוח והשלטון. 

 ההיסטוריון איתן האזרחי מוזעק בפקודת המלך שלמה לירושלים ונדרש לכתוב את ""הדוח הרשמי האחד והיחיד על קורות המלך דוד"". בחוקרו את דברי ימי הממלכה הוא נתקל בגרסאות שונות וסותרות על אופיו של דוד ועל דרכי פעולתו. הוא פוגש את המלכה הזקנה מיכל, את אנשי צבאו של דוד, את הכוהנים ואנשי שררה שמבקשים לכסות על עובדות, שקרים ומזימות באמצעות סיפור אחיד והרמוני, נוח לשלטון. אך מתוך הסיפורים והעדויות עולה דמות בשר ודם, מרתקת ושנויה במחלוקת, של המלך דוד. כשההיסטוריון מגלה את הבקעים שבהיסטוריה הרשמית, מתחולל מאבק איתנים סביב האמת. הוא נדרש לשלם מחיר אישי ולבחור בין טובתו שלו ומנעמי השלטון ובין הצדק ההיסטורי. דוח המלך דוד אינו רק סיפורו של המלך אלא גם של איתן האזרחי, האדם שנדרש לספר אותו.
 היים יצר רומן היסטורי מרתק ומושך את הלב. אך לא פחות מכך, הספר הוא דיון נוקב בשאלה מהו תפקיד ההיסטוריון והעיתונאי בעידן של שחיתות מוסרית וציבורית. הספר זכה בביקורות מהללות ברחבי העולם ויוצא עתה במהדורה מחודשת בעברית במסגרת קלאסיקה מודרנית, בתרגומה המשובח של ברוריה בן ברוך.",,Der Konig David Bericht / Stefan Heym,,,978,10-277141,כתר - סדרה לספרות יפה,,he,Paperback,4.1,27,4,7208,38,2,1
137683,2026-09-09T16:51:09.000Z,5,4,Mira,30743,"כמו שכתבתי לפני מספר ימים את הספר הזה רכשתי יחד הספר דרור חייב למות, שניהם של רז קלמנוביץ, ויש לי סופר חדש שאני מעריצה לפנטזיה.

באמת כמו שציין אני לא התאכזבתי מהספר. הספר מיועד לנוער בעיקר או לאנשים שאוהבים פנטזיה נטו, בלי כל המסביב. הספר הוא חלק מסידרה אבל, יש לא סגירה של העלילה, למרות שאנחנו סקרנים לדעת מה יקרה הלאה...
הספר מספר על ילדה בשם ברידג'ט גריי שעוברת לגור מהעיר הגדולה, לבית סבא וסבתא אחרי שנפטר, יחד עם הוריה ואחיה הקטן אליוט, שהוא אח קטן ומעצבן מאוד.הבית הוא ביקתה מבודדת בלב יער ושם יש לה דביבון כחיית מחמד.
היא חולמת על דרקון שקורא לה אך חושבת שזה סתם חלומות בלהות. בגלל שצנרת המים פגומה בימים הראשונים אין מים ויום הולדתה ה-12 שמתקרב נראה לה כאסון, אמא שלה שולחת אותה להביא מים מהבאר.... מפה לשם היא נופלת פנימה ועוברת לעולם קסום שנקרא ""אלנטיה"".

מתברר שפעם זו הייתה ממלכה קסומה ועכשיו יש רק שאריות של קסם, הדביבון שלה פתאום מתחיל לדבר, היא פוגשת גמד בשם אלברט וגם חד קרן בשם גוזף שמנסים לעזור לה לחזור לעולם שלה....

כמו כן גם דרקון בשם קלאוס כל הזמן קורא לה ומבקש שתעזור לו, היצורים קוראים לה, ילדת הדרקונים האחרונה, למה... תצטרכו לקרוא..
הוא מנסים לעזור לברידג'ט לחזור הביתה ויש להם כל מיני הרפתקאות, וכל מיני יצורים טובים ורעים בדרך....

איך הכל נגמר זה כבר אתם חייבים לקרוא. רז קלמנוביץ כותב עלילה חמודה להפליא ובונה עולם שאתה יכול לדמיין אותו לחלום ולהנות

אז תקראו, והכי חשוב שנה טובה מתוקה משעממת והמון בריאות.",1028263,ילדת הדרקונים האחרונה,רז קלמנוביץ',,אגם,2026,304,נוער,מקור (נוער),https://cdn.simania.co.il/bookimages/covers102/1028263.jpg?v=1785695209551,https://simania.co.il/bookdetails.php?item_id=1028263,https://simania.co.il/showReview.php?reviewId=137683,"הדבר האחרון שברידג'ט גריי רצתה היה לעבור מהעיר הגדולה לבקתה מבודדת בלב יער, כשהחבר היחיד שנותר לה הוא דביבון מחמד בשם הנרי.

אבל ליערות בייברידג' יש סודות עתיקים, ונפילה מקרית לבאר מים עזובה סוחפת את השניים אל אלנטיה – עולם שבו חוקי הטבע משתנים, גמדים ופיות מסתובבים, וכל מי שהיא פוגשת מתעקש לקרוא לה ""ילדת דרקונים"".

בממלכה שאיבדה את שאריות הקסם, ברידג'ט מבינה שהדרך היחידה שלה לחזור הביתה מתחילה בשחרורו של דרקון בשם קלאוס. היא יוצאת למסע שבו גורל, מיתולוגיה וסודות משפחתיים נפגשים, ולצידה גמד מבוהל, דביבון פטפטן וחד־קרן זעוף פנים. יחד הם חוצים את נהר הנשמות האבודות, מתייצבים מול צבאות של טרולים ורצים נגד הזמן, לפני שהשערים בין העולמות יינעלו לתמיד.

האם ברידג'ט תצליח להציל את קלאוס ולשוב לביתה? מי היה חזק מספיק כדי לכלוא אותו, ומה זה ידרוש מילדת הדרקונים האחרונה?

רז קלמנוביץ' חולם על לגדל דרקונים, אבל לעת עתה מסתפק בשלוש בנות וכלב. הוא כתב עם בתו נגה את הסדרה רבת המכר ""הרפתקאות טרמלם הגמד"", וספרו ""דרור חייב למות"" זכה בשבחי המבקרים. את ילדת הדרקונים האחרונה הוא מקדיש לבתו קרן.",,,,,,071700251030,,,he,Paperback,5,2,1,17,1,0,1
137682,2026-09-09T16:35:50.000Z,5,5,Mira,30743,"קראתי אותו לפני מספר חודשים והייתי בטוחה שכתבתי עליו ביקורת, בדיעבד לא. ואכתוב על ספר נוסף שבגללו התחלתי את הביקורת הזו.

הספר בעצם מספר על בלו, כמו הצבע,כחול, שחולמת לעבוד בעבודה שקשורה לספרים. היא עבדה שהוצאה לאור אך נאלצה לעזוב... ומחליטה לפתוח חנות משל עצמה, בדיעבד העסק לא מתרומם וכמעט מחליטה שזהו.... ואז..
במקרה בגלל ש... היא מחליטה להפוך את החנות לבית מרקחת לספרים, אנשים בעים עם איזו שהיא בעיה והיא ממליצה לרפא את הנשמה שלהם עם איזה ספר, שהוא בעצם כמו כדורים לאנשים חולים,

המקום הופך להצלחה מסחררת.
חוץ מזה היא מחפשת איזה שהוא בחור שיצא כמו מאיזה שהוא ספר ולא מבינה למה היא לא יכולה לאתר tותו, העלילה כאן מסתבכת ובשביל לדעת איך חייייייבים לקרוא.

ספר מאוד חמוד מעביר את הזמן תוחקים בכל מיני מקומות, לא עבה במיוחד כ267 עמודים שזה לא הרבה, שווה עכשיו במיוחד בימינו אנו כאן בארץ, מומלץ גם לכיפורים לקוראות/קוראים. 
אתם תהנו. =^.ץ.^=",1025793,בית מרקחת קטן לספרים,אלנה מולי,שירלי פינצי לב,"הוצאת הכורסא, מודן",2026,,ספרות,ספרות מתורגמת,https://cdn.simania.co.il/bookimages/covers102/1025793.jpg,https://simania.co.il/bookdetails.php?item_id=1025793,https://simania.co.il/showReview.php?reviewId=137682,"מעדן קליל וחמים על אהבת ספרים, על חברויות, ועל כל מה שביניהם.

לפעמים רכבת החלומות חולפת על פנינו לפני שהגענו לתחנה. אז יש לנו שתי אפשרויות: לצפות בה נעלמת לנצח, או לרוץ בתקווה להדביק אותה.

בלו חולמת לעבוד בעבודה שקשורה בספרים. אחרי שצברה קצת ניסיון (לא מהנה במיוחד) בהוצאה לאור ונשחקה ברשת חנויות ספרים גדולה, היא מחליטה לפתוח חנות ספרים משל עצמה. אבל לא קל לנהל חנות ספרים עצמאית, כשהקונים מעטים והחשבונות מצטברים. 

היא כמעט נוטשת את החלום כשצץ במוחה רעיון: להפוך את החנות לבית מרקחת לספרים, עם מרשמים, עם מינונים ואפילו עם מידע על תגובות בין-תרופתיות. רק שבמקום לרפא מחלות, הספרים ירפאו את נשמתם של הלקוחות! הרעיון מתברר מיד כהצלחה עצומה, אבל עכשיו יש לבלו דבר אחר על הראש: איך תצליח לאתר את הבחור המסתורי שנראה כאילו יצא מדפי גטסבי הגדול ושאיתו בילתה ערב בלתי נשכח?",,,,,,,,,he,Paperback,5,2,3,279,4,0,1
137681,2026-09-09T14:42:40.000Z,5,1,דנה,285971,"״נעלם בלי להשאיר סימן״-הרלן קובן, ריס וית׳רספון

הוצאת כנרת זמורה

345 דף

ספר חדש של הרלן קובן-חייבת!!!!

ד״ר אוואן בארלו, היה המרצה של ד״ר מאגי מקייב ברפואה, הוא מנתח פלסטי שמטפל במטופלים עשירים במיוחד.

הוא מציע בפניה הצעה שאי אפשר לסרב, אך היא מצריכה סודיות מוחלטת שתתן לה את המנוף וחבל הצלה שהיא צריכה, הן מבחינת שמה, הן מבחינה כספית והן מבחינת תפקידה כרופאה.  

מאגי היתה כירורגית מצטיינת ורופאה צבאית. היא, בעלה מארק והרופא שלמד איתה, טרייס, פתחו יחדיו את WorldCures Alliance, ארגון צדקה עולמי לשירותים רפואיים.

היא בקשר טוב עם אבא של מארק, בולפוס שמסרב להתבגר ועדיין עם האופנוע והמעיל עור שלו, איתם מגיע לכל מקום. שעשע אותי מאד.

מאגי עזבה את עבודתה והשאירה מאחור את טרייס ומארק, כדי להיות לצד אמה שגססה וגם שורה של טרגדיות בעבודתה, גרמו לשלילת רשיונה כרופאה.

לאחר שהיא מדברת עם מארק, היא מסכימה לעבודה של ד״ר בארלו, היא מוטסת, נוסעת ומגיעה במסוק פרטי לאחוזה עצומה ופוגשת את אולג רגורביץ׳, המטופל הראשון, מגלומן, נהנתן ושחצן שמשוויץ בחפציו, (כמו פרארי 250 GTO שנת 1962) ומכיר לה גם את נדיה, עבורה הוא רוצה הגדלת חזה וישבן. זה כמובן כי הוא רוצה, כי, הרי הכל מגיע לו בגלל כספו הרב. 

יש לו רופא פרטי בשם איוון ברובסקי, שיטפל בו לאחר הניתוח. היא מתקשרת למארק ומדברת איתו.

וכאן מגיעה הפתעה לא מצופה שנותנת בוקס בבטן.

מכאן הספר נכנס להילוך גבוה, אולג נעלם לאחר הניתוח והמתח מבעבע.

מארק אומר לה לא לתת להם להחזיר אותה במסוק, והיא מתחילה לברוח.

אנחנו מגיעים לבנגלדש, דובאי, צפון אפריקה, רוסיה, תוניסיה,  לוב, ארה״ב ועוד. מסביב לעולם מתרחשים להם פעילויות שאינן טהורות ורק גוררות ליותר מתח ולשאלה: מה בסוף באמת קרה ולאן נעלמו האנשים.

כשמגיעים לסוף, הוא בהחלט קשה להבנה וזה שוס גדול ומפתיע.

ספר מעולה ואני חושבת שיש בו שינוי מהקביעות של הרלן בספריו. אולי מאחר שזה הראש של ריס וית׳רספון שכתבה.

בהחלט מומלץ!!!!!!",1028600,נעלם בלי להשאיר סימן,הרלן קובן,שאול לוין,כנרת זמורה דביר,2026,349,ספרות,מתח ריגול והרפתקאות,https://cdn.simania.co.il/bookimages/covers102/1028600.jpg?v=1788619531794,https://simania.co.il/bookdetails.php?item_id=1028600,https://simania.co.il/showReview.php?reviewId=137681,"אישה אחת נלכדת בליבה של קונספירציה קטלנית שבה חשיפת האמת עלולה לעלות בכל מה שיש לה.

מאגי מקייבּ, כירורגית מיומנת בעלת עבר קרבי, תמיד חיה בקצה. והכול התנהל בדיוק לפי התוכנית... עד שקרס.

לאחר שורה של טרגדיות שהובילו לשלילת רישיונה הרפואי, ברגע השֵפל הגדול ביותר בחייה, מושט לה חבל הצלה מעמית לשעבר — מנתח פלסטי בכיר שמטפל בלקוחות אנונימיים ועשירים במיוחד, הדורשים דיסקרטיות מוחלטת.

בצדו השני של העולם, באחוזת פאר מבודדת המצוידת בטכנולוגיה חדשנית, אחד האנשים המסתוריים בעולם זקוק לטיפול רפואי יוצא דופן. מאגי, נואשת וכשירה לַמשימה, נכנסת לעולם של סודות אפלים ומבצעת את המשימה. אבל כאשר המטופל נעלם לפתע, עליה להימלט בעצמה - אחרת תהיה הבאה בתור... להיעלם בלי להשאיר סימן.

הרלן קובן הוא מגדולֵי מסַפּרֵי הסיפורים בעולם. המותחנים שלו ראו אור ב־46 שפות ונמכרו ב־90 מיליון עותקים ברחבי העולם. סדרת ספרי מיירון בוליטר שלו זכתה בפרסי אדגר, שיימוס ואנת'וני. קובן הוא גם היוצר והמפיק הראשי של סדרות טלוויזיה רבות, ובהן עיבודים בנטפליקס לרבי־מכר עולמיים.

ריס וית'רספון היא שחקנית ומפיקה זוכת פרסים, מחברת רבי־מכר של

ה""ניו יורק טיימס"". ב־2016 הקימה את מותג המדיה Hello Sunshine, שמעמיד נשים במרכזו של כל סיפור על פני כל הפלטפורמות, והוא גם ביתו של מועדון הקריאה של ריס, קהילה הנסמכת על חיבורים משמעותיים לסיפורים, סופרים וחבריה השונים.

""קונספירציה בינלאומית עוצמתית וקצבית שתגרום לכם לדופק מואץ.""

  הניו יורק טיימס",,Gone Before Goodbye / Harlan Coben,ריס וית'רספון,,,,כנרת זמורה דביר - מתח,,he,Paperback,5,1,1,93,1,0,1
137680,2026-09-09T12:39:04.000Z,4,3,Cantona,275758,"קובץ סיפורים מעניין מאוד ומעורר מחשבה. לא כל הסיפורים זהים ברמתם אבל יש כמה טובים מאוד. 
הסיפור הראשון על האישה בסדנה בקפריסין; הסיפור על המורה שמבקשת מתלמידיה לכתוב על משהו טוב (""ולא קוראים לו מיקי""), ""ניקוי יבש"", ""סודוקו"", ""חשופיות"", ""פירות יבשים"", ""לוויתנים"". הרבה סיפורים מעוררי מחשבה ומעניינים. נהנתי מהקריאה. למי שאוהב סיפורים קצרים זה ספר מומלץ מאוד.",1026531,העולם שיש,גילי רומן,,ידיעות ספרים,2026,160,ספרות,ספרות מקורית,https://cdn.simania.co.il/bookimages/covers102/1026531.jpg?v=1773343565485,https://simania.co.il/bookdetails.php?item_id=1026531,https://simania.co.il/showReview.php?reviewId=137680,"איך מתמודדים עם עולם שנשבר? כשהבלתי סביר נעשה שגרתי והרגיל מרגיש כאבסורד, כיצד ניתן להתבונן בכנות במציאות שלנו כפי שהיא?

העולם שיש הוא קובץ סיפורים קצרים שחודרים ברגישות לעומקם של החיים, של מערכות יחסים, של אהבות ושל אובדנים. מתוך מבוכה אל מול העולם,  גילי רומן כותב במבט צלול על אנשים שמלחמה עוברת דרכם וחושף את הפגיעות ואת היופי שבתוך ההישרדות.

בסיפור ""ניקוי יבש"" גבר אלמן נאחז בזיכרונה של אשתו דרך בגדיה, עד כי הגבול בין אבל לאובססיה מיטשטש; בסיפור ""זה לא אמור להיות ככה"" ארבע דמויות ישראליות זרות מתכנסות לשיחה תחת עץ כדי להבין איך ממשיכים לחיות עם פגיעה בלתי ישירה; ובסיפור ""על הגריל"" אם צעירה נסחפת למרדף אחר חטיף אהוב במטרה להגן על נפשו של בנה בשגרת מתקפות הטילים.

בספר תשעה־עשר סיפורים שהם רישום מדויק ומלא דמיון של חיי היום־יום כשהם נסדקים ונגלים במלוא עוצמתם. זהו ספר שמזמין לעצור, לנשום, להקשיב ולגלות את הפלא הקטן, השביר, של העולם שיש.

 

גילי רומן ניהל את בית הספר הבינלאומי בכפר הירוק ואת אגף אסטרטגיה של משרד החינוך וכיום עובד בקרן מנדל למנהיגות. במהלך המלחמה לקח חלק פעיל במאמץ לשחרור החטופים, בהם אחותו ירדן רומן, שנחטפה מקיבוץ בארי בשבעה באוקטובר וחזרה מהשבי ב־29 בנובמבר 2023.

העולם שיש הוא ספרו השני. קדם לו ""אחרון מסוגו"" (בהוצאת מעוף, 2021)",,,,,,,ניירות ערך,,he,Paperback,4,1,1,50,1,0,1
137679,2026-09-09T12:32:03.000Z,3,4,Cantona,275758,"ממואר של נערה שעברה בגיל 16 בערך לגור בשדה בוקר וללמוד בפנימיה שם. מתחיל בצורה חזקה מאוד, חושפני ומעורר עניין. אבל לאט לאט מגלים שהספר לא ממש מתקדם מבחינה עלילתית. רוב הכתיבה סובבת סביב המחשבות, התחושות והרגשות של הכותבת, ביחס לאירועים שאינם מפורטים מספיק. מודה שלי זה היה חסר. כמה דוגמאות שעולות לי לראש: נער מהפנימיה שנשרף לפני איזה מפקד אש. האירוע מוזכר כבדרך אגב ולא מפותח. עוד דוגמה: הכותבת מספרת הרבה על נער שהייתה מאוהבת בו ולבסוף בכיתה י""ב הם סוף סוף ביחד, אך לא מפרטת מדוע ומתי נפרדו. 
מצד שני, הכתיבה כנה מאוד, סוחפת לעתים, ואתה מרגיש שאתה נחשף באמת ובתמים לנבכי נפשה של הכותבת. 
לא בדיוק כוס התה שלי, אבל מבין לגמרי למה יש קוראים וקוראות שאהבו את הספר מאוד.",1024320,החוקים של הבנות,מיה יסעור,,כנרת זמורה דביר,2025,128,ספרות,ספרות מקורית,https://cdn.simania.co.il/bookimages/covers102/1024320.jpg,https://simania.co.il/bookdetails.php?item_id=1024320,https://simania.co.il/showReview.php?reviewId=137679,"בשדה בוקר השמש לא שקעה כמעט אף פעם, וכולנו התרוצצנו יחפים ופרועים מהפנימייה לקבר, מהקבר לצוק, והנעורים בערו לנו על העור ורק רצינו להרגיש עוד ועוד מהדבר הזה שלא ידענו לקרוא לו בשם. 

לבנים של שדה בוקר היה עתיד בהיר, נהיר, מזהיר. בנים תמיד יודעים לאן הם הולכים. מישהו כבר צייר להם מפה והם רק צריכים לדעת לקרוא אותה. אבל אנחנו היינו בנות. 

פחדנו ושנאנו את עצמנו כמו בנות, ועמדנו בתחתונים מול המראה בחדר שלנו בפנימייה וכל אחת אמרה מה הכי מכוער בה. להיות בת אומר שאת חייבת להיזהר תמיד. כל הזמן.

ספרה הראשון של מיה יסעור הוא טקסט בשל ונפלא ומלא עסיס וטעם. העברית שלה יחפנית ופושטקית וגם אלגנטית ומדויקת. בעדינות ובתשומת לב היא מספרת סיפור אישי מאוד על מקום אחד ועל נערה אחת, אבל באורח פלא מחזירה אותנו, הקוראות והקוראים שלה, אל מה שאולי היו הנעורים שלנו ואולי הוא החלום שלנו על האור היוקד והחושך הסמיך של אז.

מיה יסעור נולדה בבאר שבע ב־1983, למדה בתיכון לחינוך סביבתי במדרשת שדה בוקר. עורכת ספרותית, חיה בתל אביב.",,,,,,,,,he,Paperback,3.8,13,1,347,5,1,1
137678,2026-09-09T10:10:25.000Z,0,0,עדן,336676,ספר מעולה שמחזיק אותך צמוד אליו!,998310,חנות ספרים על גלגלים,ג'ני קולגן,ניצן לפידות,הכורסא,2019,351,ספרות,ספרות מתורגמת,https://cdn.simania.co.il/bookimages/covers99/998310.jpg,https://simania.co.il/bookdetails.php?item_id=998310,https://simania.co.il/showReview.php?reviewId=137678,"נינה רדמונד אוהבת מאוד את עבודתה כספרנית ובמיוחד לשדך לאנשים ספרים שמתאימים להם. אבל כשהספרייה שבה היא עובדת עומדת להיסגר, היא מוצאת את עצמה בפני שוקת שבורה. בגיל 29, ללא תמיכה כלכלית או עתיד תעסוקתי ועם כמות אדירה של ספרים הממלאים את דירתה, היא מרגישה שמסלול חייה הגיע למבוי סתום. אלא שמודעה בעיתון שמציעה למכירה רכב מסחרי גדול מציתה רעיון במוחה: היא תקים חנות ספרים ניידת שתביא את הספרים לקוראים בכל מקום שבו הם נמצאים. 

	תוך זמן קצר היא מוצאת את עצמה באזורים הכפריים והפסטורליים של סקוטלנד, נוהגת במסחרית ענקית ומלאת ספרים, ומביאה את בשורת הקריאה לתושבים המקומיים. רק דבר אחד חסר לה בחיים: סיפור אהבה סוחף כמו בספרים. כמו בספרים שהיא אוהבת לקרוא, נינה מגלה שגם בחיים עצמם האהבה מגיעה לעתים מהמקומות הכי פחות צפויים. 

	 

	חנות ספרים על גלגלים הוא ספר מרגש, סוחף, מצחיק ומקסים על אישה צעירה שמחליטה לקחת את גורלה בידיה בתקווה לשנות את מסלול חייה. 

	 

	ג'ני קולגן נולדה בסקוטלנד, ואחרי שחיה באנגליה, הולנד, ארצות הברית וצרפת, חזרה בסופו של דבר לכור מחצבתה וכיום מתגוררת צפונית לאדינבורו עם בעלה, שלושת ילדיהם וכלב שעונה לשם נוויל שוט.

	 

	כיף לקרוא! תענוג חמים ומצחיק (סאנדיי אקספרס)

	 

	ספר מקסים ושנון. (My Weekly)

	 

	סיפור מקסים ומהנה ביותר (Heat)

	 

	ספר חלומי... מצחיק, נוגע ללב וקריא ביותר, ""חנות ספרים על גלגלים"" הוא רומן מושלם (Novelicious)

	 

	סיפור נפלא על האהבה לספרים ולקריאה (קאתי רנצנברינק, Stylist)

	 

	ספר מענג שמעלה על נס את הנאות החיים ואת חדוות הקריאה של ספרים טובים (Aberdeen Press and Journal)

	אסקפיזם עליז ונוגע ללב (Sunday Mirror)",,,,,,,,,he,Paperback,3.9,41,12,5130,43,0,1
137677,2026-09-09T06:42:06.000Z,4,4,אוהבת לקרוא,29349,"ספרה האחרון של עדנה מזי""א...
סיימה אותו בספטמבר 2023....רק חודשיים לפני שנפטרה, באופן די מהיר, בדצמבר 2023.
את המידע הזה ניתן לקרוא באחרית הדבר שהבת שלה כתבה בסוף הספר.
היא סיפרה שם איך תיכננה לסיים את קריאת הטיוטא של הספר החדש של אמא שלה באותה שבת של שמחת תורה...

אחד הספרים שמאוד אהבתי היה רומן משפחתי של עדנה מזי""א.
חשתי שהיא ממש כותבת את ישראל במילים. ספר מצויין שהלך איתי הרבה זמן גם לאחר סיומו.

הספר הנ""ל הוא שונה מהבחינה הזאת אבל יפה גם.
הספר פה עוסק ביחסים בין סבתא לנכדה (ממערכות היחסים שפחות נהוג לכתוב עליהן בספרים...) על רקע חקירת תעלומת רצח שהן נשאבות אליה בעקבות אהבתן להציץ לבתים של השכנים.
יש פה איזו קלילות שמרחפת מעל הכל... לא לוקחת את כל העסק באופן כבד וגם לא מתיימרת להיות איזו מותחן שלא ניתן להניח .
הסיפור די קליל, מעט קומי, לא ארוך ומסופר היטב
מומלץ",1027993,המשקיפות,"עדנה מזי""א",,כתר,2026,,ספרות,ספרות מקורית,https://cdn.simania.co.il/bookimages/covers102/1027993.jpg?v=1783111749541,https://simania.co.il/bookdetails.php?item_id=1027993,https://simania.co.il/showReview.php?reviewId=137677,"פרופ' רות לפידות לא רוצה שיפריעו לה. מאז שפרשה מתפקידה כראש המכון לרפואה משפטית, היא מעדיפה לבלות את הפנסיה שלה בשחייה בים, טיפוח גינת התבלינים שבמרפסת, ונו, טוב - הצצה במשקפת לחיי השכנים. לשגרה נעימה זאת מתפרץ בנה המנוכר בדרישה שתארח מדי יום את יהלי, נכדתה בת השש־עשרה, שמרוב חרדה מסתגרת בפני העולם. עבור רות, אין זו החלטה קלה. היא אמנם הייתה רגילה לנתח גופות למחייתה, אבל גם בגיל שבעים אין דבר שמרתיע אותה יותר מקשר עם אדם חי, אפילו אם מדובר בבני משפחתה.
הוויכוחים בין השתיים מתחילים מייד. לרות הקפדנית קשה לארח, וליהלי החשדנית קשה להתארח. אבל כשיהלי מגלה במקרה את המשקפת שבה משתמשת רות כדי לבלוש אחר שכניה - בהם גבריאל ונלי מלכין, הזוג המלכותי של התיאטרון הישראלי - מערכת היחסים בין השתיים מקבלת תפנית בלתי צפויה. התחביב הסודי של הסבתא והנכדה הופך במהירות למסכן חיים כאשר מוות חשוד מתרחש לנגד עיניהן, והצמד ייקלע לחקירת רצח בעולם התרבות הישראלי, שמתפקע מסודות ותככים.
בשפה שנונה, עין חדה וסגנון אלגנטי שתמיד אפיינו את כתיבתה, עדנה מזי""א
יוצרת בהמשקיפות רומן מתח מפתיע ומשעשע שמציב במרכזו דמות של 'סבתא' יוצאת דופן, עצמאית ונחרצת, שנאלצת להתמודד עם המעשה שממנו פחדה כל חייה - לפתוח את ליבה לבנה ולנכדתה.

המחזאית, הבמאית והסופרת עטורת הפרסים עדנה מזי""א נפטרה ב־2023 בגיל 74. בין יצירותיה: המחזות 'המורדים', 'משחקים בחצר האחורית', 'סיפור משפחתי' והרומן המצליח 'התפרצות X'. את כתיבת ספרה האחרון, המשקיפות, סיימה שבועות ספורים לפני מותה.",השלימה והביאה לדפוס: מעין רוגל,,,,,,,,he,Paperback,4.5,4,1,155,2,1,1
137676,2026-09-09T05:46:39.000Z,3,0,doro,157127,"ספר בסדר, אך ניכר שהכתיבה לא מיצתה את עצמה, לזכרוני יש כמה שאלות שנותרות ללא מענה",1027131,הטמעה,רוה גיל־מור,,מטר,2026,358,ספרות,ספרות מקורית,https://cdn.simania.co.il/bookimages/covers102/1027131.jpg?v=1776780660354,https://simania.co.il/bookdetails.php?item_id=1027131,https://simania.co.il/showReview.php?reviewId=137676,"איש מוסד נועז מתכנן מבצע מתוחכם.
שחקנית אופרת סבון מזדקנת חוששת שתפוטר.
סטודנט לספרות מנסה להרשים בחורה שפגש.
פרופסור לסטטיסטיקה מוטרד מהעתקות בקנה מידה גדול במהלך בחינה חשובה.

המשותף לכולם הוא המפגש שלהם עם טכנולוגיה עתידנית, הלוקחת את ההתמכרות האנושית לטלפון סלולרי צעד נוסף קדימה – לא עוד טלפון מוחזק ביד אלא הטמעתו, למעשה השתלתו בתוך גוף המשתמש. אמנם הטכנולוגיה המדוברת מצריכה התערבות רפואית פולשנית, אך הניצול שלה לשלל שימושים ופיתוחה לכיוונים חדשים מבטיחים למשתמשים הראשונים והאמיצים הרפתקה שהשפעותיה יהיו בלתי צפויות.

להמצאה אחראים שני יזמים ישראלים: ד""ר הילה ברוש, מדענית אובססיבית לדבר, שבמסגרת עבודת הדוקטורט שלה פיתחה טכנולוגיה מהפכנית, ואודי לוי, הייטקיסט מנוסה ואיש שיווק בתחום הסלולר.

לאחר מפגש אקראי בכנס, חוברים השניים יחדיו ומקימים את אֶמבֶּדיקְס, חברת סטארטאפ לקידום הרעיון. אך מרגע שהמסע מתחיל – לאף אחד, כולל אנשים בעלי אינטרסים שונים שמשפיעים ומושפעים מהטכנולוגיה, אין מושג או שליטה לאן יוליכו הדברים ומה יהיו התוצאות.

הטמעה הוא רומן דיסטופי, טכנו-פסיכולוגי, שעל גיבורי עלילתו הסוחפת מנצחת חברת אֶמבֶּדיקְס – הגיבורה המפתיעה מכולם.

רוה גיל-מור הוא איש הייטק שלאורך הקריירה שלו עסק ועוסק בתפקידי מחקר, פיתוח ושיווק בארגונים בעלי שלבים וגדלים שונים, במגוון תחומים כולל: תקשורת, סייבר, גנטיקה חישובית, ציוד רפואי, ופיננסים. רוה הוא בעל תואר ראשון ושני במתמטיקה מאוניברסיטת תל אביב וכן תואר שני במנהל עסקים מאוניברסיטת Heriot-Watt בסקוטלנד. הטמעה הוא ספרו הראשון.",,,,,,,שולחן כתיבה,,he,Paperback,4,2,2,33,1,0,1
137675,2026-09-09T05:29:40.000Z,4,1,doro,157127,"ספר ביכורים בהחלט טוב, מד""ב מסוגת הפנטזיה הנמוכה עם מספר זני חוצנים, הרבה תככים, מזימות וטוויסט ישראלי בתוך מארג אינטרסים בינלעולמי. קצת ליטוש של סגנון הכתיבה והתיאורים היו מביאים אפילו ל-5 כוכבים! מצפה לספרים נוספים מיוצר זה",1014811,הצד האפל של אנטרקטיקה,איל ורמן,,עצמית,2025,405,ספרות,מדע בדיוני ופנטזיה,https://cdn.simania.co.il/bookimages/covers101/1014811.jpg,https://simania.co.il/bookdetails.php?item_id=1014811,https://simania.co.il/showReview.php?reviewId=137675,"התרסקות החללית הדורותיאנית, בלילה קר באוקיינוס הדרומי, הביאה איתה הבטחות גדולות: שיתוף פעולה בין־לאומי, התגייסות עולמית למען צוות החוצנים ששרד, פריצות דרך טכנולוגיות.

כך חשב גם יונתן, מהנדס ישראלי צעיר, כשהמריא לנסיעת עבודה באנטרקטיק סיטי – עיר המקלט שהוקמה עבור הדורותיאנים.

אלא שמייד עם נחיתתו, גילה שהדברים ביבשת מתנהלים אחרת מכפי שציפה. כמו קרחונים מתחת לשמש בוערת, השקרים נמסים וחושפים את המציאות: יריבויות ישנות בין המעצמות, תאגידי ענק, מנהיגים מושחתים – כולם שם, כולם רוצים לנצל את הדורותיאנים לטובתם, וכולם רוצים לקחת חלק בסדר העולמי החדש.

וכשהפרויקט של יונתן משתבש, הוא מוצא את עצמו בליבו של מאבק מסוכן – עם רנוקה, שותפתו למשימה, שלא רצתה להיות שם מלכתחילה ולא מעוניינת בחברתו; ועם נונטאו, חוצן שהתקשורת איתו חידתית עד בלתי־אפשרית.

כיצד יצליחו לשתף פעולה מול כוחות עוינים ודורסניים?

אילו סודות מסתירים החוצנים הקטנים והחביבים בעלי העיניים הגדולות?

ומה, לעזאזל, עושה שם המוסד הישראלי?

הצד האפל של אנטרקטיקה הוא מותחן מדע בדיוני עכשווי, ישראלי ומקורי; שמציע, לצד עלילה קצבית ומפתיעה, גם דיוני עומק על האנושות ועתידה.",,,,,,,,,he,Paperback,4,1,1,227,4,0,1
137674,2026-09-09T05:12:20.000Z,4,1,doro,157127,"ספר טוב וסוחף, מייצר את האטמוספירה האפוקליפטית שהייתי מצפה לה בשליחות קטלנית תוך תיבול מקורי בעניין Multi agentic AI להם לאו דווקא אותם אינטרסים",1021180,עלייתו של זאוס,איתן לב,,איתן לב,2023,349,ספרות,מתח ריגול והרפתקאות,https://cdn.simania.co.il/bookimages/covers102/1021180.jpg,https://simania.co.il/bookdetails.php?item_id=1021180,https://simania.co.il/showReview.php?reviewId=137674,"השנה היא שנת 2036.אלפי רובוטים מדגם לוחם-על המיוצרים על ידי חברת בוסטון רובוטיקס מתפקדים בהצלחה רבה במרבית זרועות הצבא של ארצות הברית.סם פלינט, המהנדס הראשי בחטיבה הצבאית של יצרנית הרובוטים נקרא לחקור תאונה מסתורית במהלכה רובוט טייס התרסק עם מטוס קרב לתוך שכונת מגורים.חמש שנים קודם לכן, מהנדס תוכנה גאון ומופנם מפתח מנוע אינטליגנציה מלאכותית יוצא דופן, העשוי לגרום למחשבים להפוך לבעלי תודעה, בדומה לבני האדם.האם יש קשר כלשהו בין שני האירועים? סם פלינט מגיע במהלך תחקיר התאונה לממצאים מרעישים המעידים על סכנה מיידית לקיומה של כל האנושות. 
איתן לב, יליד 1958, הוא יזם בתחומי המחשבים והביולוגיה אשר משלב בעלילות ספרי המתח שהוא כותב את הפיתוחים החדשים ביותר בתחום הטכנולוגיה.",,,,,,,,,he,Paperback,4,1,1,19,0,0,1
137673,2026-09-09T05:02:14.000Z,1,0,doro,157127,"מי שלא קרא את ספר הפרופגנדה הזה לא הפסיד הרבה, אבל מי שמתעניין באנתרופולוגיה יכול להשקיע שעה וחצי ולצלול לנפשו אכולת הקנאה והשנאה של הסופר.
מדובר בדמגוג בגרוש וחצי שחושב שהקוראים סתומים דיים בכדי לאכול את הבולשיט שהוא מפזר למכביר תוך נסיון פטטי לזרוע שנאה בשני השדות.

על ספרו סרנדיפיטי עוד חשבתי טובה, אך כעת שנבכי נפשו התגלו במערומיהם. לא נראה לי שאגיע לקריאה חוזרת",1024008,הנעלם א׳,רוני שחר,,רוני שחר,2023,36,ספרות,מתח ריגול והרפתקאות,https://cdn.simania.co.il/bookimages/covers102/1024008.jpg,https://simania.co.il/bookdetails.php?item_id=1024008,https://simania.co.il/showReview.php?reviewId=137673,"נער ונערה שיוצאים לבילוי רומנטי בפארק הלאומי רואים לפתע שני צעירים מכים באכזריות אדם מבוגר וגוררים אותו לרכב. האירוע מסעיר את הנערים והם מנסים להתחקות אחר גורלו של המבוגר. אלא שהמציאות בישראל, מספר חודשים אחרי הצלחת החקיקה של המהפכה המשטרית, מתעתעת והחקירה הפרטית שלהם תגבה מהם מחיר אישי יקר.",,,,,,,,,he,Paperback,1,1,1,52,0,0,1
137672,2026-09-08T18:31:21.000Z,4,6,מר קוואק,325501,"רוברט מוסיל, סופר ענק שהכרתי אך לא מכבר.

טרם קראתי את היצירה הענקית שלו, ""האיש בלא התכונות"", שלה אני מצפה מאוד, אך קראתי ונכנסתי לעולמו דרך הסיפרון ""שלוש נשים"". כעת, לאחר קריאה בספר הנ""ל, מובן לי עד כמה סופר אדיר וייחודי הוא.

העלילה היא על טרלס, תלמיד בפנימייה צבאית יוקרתית, המנותק ממשפחתו ומסביבתו המוכרת. בתחילת הספר הוא מתחיל לחוש זרות הולכת וגוברת: העולם שהיה ברור ומובן מאליו נעשה עבורו זר ומעורער. במקביל הוא מתקרב לשני תלמידים, רייטינג וביינברג, שמושכים אותו אל עולם אפל וחריג יותר.

ספויילרים בשתי הפסקאות הקרובות למען דיון בנושאים שעולים מהספר.

השלושה מגלים שלסטודנט אחר, באסיני, יש סוד — הוא גנב כסף. במקום לדווח עליו, הם מחליטים להשתמש בסוד כדי לשלוט בו, להשפיל אותו ולבחון את גבולותיו. בהדרגה ההתעללות בבאסיני הופכת קיצונית יותר, וטרלס, שאינו מצליח להשתלב לחלוטין לא באכזריות של רייטינג ולא בתפיסת העולם המיסטית של ביינברג, מתחיל להתבונן בכל המתרחש כמעין ניסוי נפשי. דרך באסיני, ובעיקר דרך ההתנהגות של חבריו ושל עצמו, הוא נחשף לצדדים באדם ובנפש שהוא מתקשה להסביר.

האירועים סביב באסיני הולכים ומחריפים עד שהסוד נחשף בפני הנהלת הפנימייה והפרשה מגיעה לסיומה. אבל עבור טרלס, זה אינו פתרון אמיתי. החוויה שעבר טלטלה את תפיסתו את העולם ואת עצמו, והוא מנסה להסביר לעצמו כיצד ייתכן שהאדם מסוגל לחוות דברים בעוצמה רבה כל כך ובכל זאת לא להיות מסוגל לתת להם הסבר רגשי ורציולי על מה שמתנהל בתוכו ולאורך כל ההשפלות שחווה. הוא פונה אל המורה למתמטיקה ואל רעיונות פילוסופיים, ובין היתר נתקל בקאנט, בניסיון למצוא תשובות לשאלות שהתעוררו בו. בסופו של דבר הוא עוזב את הפנימייה, לאחר שהבין שהמקום שבו למד כבר אינו מסוגל להכיל את השאלות שנפתחו בפניו.

קשה שלא להשוות בין ""נבוכותיו של החניך טרלס"" לבין ""דיוקן האמן כאיש צעיר"" של ג'ויס — שני ספרים העוסקים בהתהוותו המנטלית של אדם צעיר במסגרת של מוסד לימודי המתנהל כמיקרוקוסמוס. אך כל ספר יוצא מנקודת מוצא פילוסופית שונה לחלוטין, ומכאן שגם אופיו של הספר, סגנון הכתיבה והתהליך עצמו הם כמעט תמונת ראי זה של זה.

אצל ג'ויס, התהליך של סטיבן הוא בכיוון של חופש מכל כפייה קיומית מנטלית — מן ההיסטוריה, הדת, המסורת המשפחתית, החברה והפוליטיקה. ג'ויס מדבר על התפתחותו של האומן, אותו אדם ייחודי אשר מסוגל להשתחרר מנטלית מאותן נסיבות חיים היסטוריות, גאוגרפיות ותרבותיות שאליהן הוא נולד.

סטיבן של ג'ויס נמצא בתהליך של התגבשות ושחרור עצמי, ואילו טרלס של מוסיל הוא דווקא בתהליך התפרקות היכולת להגדיר את העצמי ואת העולם, ולבסוף ליציבות זמנית.

מוסיל שוזר בספר אלמנטים מן הספרות הרומנטית הקלאסית, פילוסופיה של קאנט וחידושים רעיוניים משל עצמו. הספר היחסית קצר הזה גדוש ברעיונות שנבחנים באמצעות עלילה כביכול לא מורכבת, אך התהליכים הפנימיים של טרלס הם לב הספר באמת.

טרלס מנסה לגלות את המהות הפנימית של החוויה הקיומית, של עולמו הפנימי ושל העולם החיצוני. הוא חוקר לאורך הספר את אי-ההתיישבות בין ההיגיון והשכל לבין החוויה והרגש, המונעים מדברים שלא ניתן להצדיקם לוגית — את ההוויה הדואלית של הקיום, בין הרציונלי לאי-רציונלי.

טרלס פוגש גישות שונות להתמודדות עם החמקמקות של החוויה הקיומית, נקרא לה אי-הוודאות. שתי תפיסות מיוצגות על ידי שני תלמידים נוספים: רייטינג, אשר מייצג את השאיפה לשלוט ולהשפיל כדי להעניק לעצמך את ""תחושת השליטה"" על הקיום הלא-ברור של החיים; וביינברג, אשר מייצג את הניסיון לכבול את המציאות לחוקים ולתיאוריות רוחניות, הסובבות על ציר של טיהור וכוח פנימי, אך אינן עומדות במבחן המציאות.

ניסיונותיו של טרלס ליישב בין הרציונלי והלוגי לבין האי-רציונלי והרגשי מובילים אותו לתחושה של ""נבוכות"".

מצד אחד, טרלס מכיר את העולם כמקום רציונלי, של נורמות חברתיות, של יסודות מתמטיים ושל התנהגות ברורה של הסובבים אותו.

מצד שני, החוויות שהוא עובר לאורך הספר מפגישות אותו עם צדדים יותר ""אפלים"" ויצריים, צדדים של מיניות מודחקת, של סקרנות חולנית כלפי הנחות שבאנושי וכלפי האכזריות.

טרלס מבין שהצד האפל יותר שלו אינו זר לו, והוא חלק בלתי נפרד ממנו ומסביבתו, כך שמה שמפריד בין חיי אזרח נורמטיבי לבין התנהגות ""מפלצתית"" הוא אשליה.

קאנט הוא נקודת מוצא רעיונית שמוסיל יוצא ממנה ומרחיב אותה. הוא יוצא מתפיסתו של קאנט בדבר גבולות ההכרה האנושית ומרחיב אותה אל תחום הפסיכולוגיה והחוויה הקיומית.

המסע שמוסיל מעביר את טרלס הוא אל עבר ההבנה שיש דברים שניתן להבין באמצעות השכל, ויש דברים שחווים אותם דרך משהו אחר — לפעמים דרך הגוף, ולפעמים דרך אינטואיציה או הבנה יסודית שלא ניתן להעלות במילים.

בספר מוסיל מביא דוגמה לקונפליקט התפיסתי של דברים שאמורים להיות רציונליים ""טהורים"", אך בפועל הם נשענים על יסודות מופשטים שאינם נשענים על הניסיון במציאות.

הדוגמה לכך בספר היא השימוש במתמטיקה במושג שורש מינוס אחד. המספרים המדומים אינם קיימים במציאות, אך המתמטיקה משתמשת בהם ללא יכולת להסביר אותם במושגים מן המציאות האמפירית, אלא רק בעזרת הנחות מוצא מופשטות.

תהייה: איך השכל מקבל כמשמעותי משהו שאי-אפשר לייצג אותו באופן אינטואיטיבי בעולם הממשי?

מוסיל, בהשפעת ארנסט מך, עליו כתב את הדוקטורט שלו, מאמין שהמילים והלוגיקה הפורמלית צרות מכדי לתאר את מלוא המורכבות של החוויה האנושית והתחושות הפנימיות.

מוסיל מוביל את טרלס בסופו של היצירה לכך שהוא מפנים ומקבל את המורכבות ואת אי-הוודאות הקיומית כחלק בלתי נפרד מהמציאות, במקום להילחם בהן או לחפש להן הסברים לוגיים מוחלטים.

אולי משום כך משמעותי בעיניי שהספר אינו מסתיים במסקנה פילוסופית של טרלס, אלא דווקא בחוויה חושית: בריח. לאחר שכל הספר עוסק בניסיון להבין באמצעות השכל את מה שאינו ניתן להבנה מלאה, מוסיל מחזיר את טרלס אל הגוף ואל החוויה.

לא יודע כמה אני מסכים עם מוסיל לגבי תפיסותיו, אך מפעים לקרוא בן אדם שכותב את משנתו המורכבת בצורה נהירה כל כך.

לסיכום, זה ספר נהדר ומרתק, קצר ודחוס ברעיונות מעניינים, שכתוב באופן מאוד ייחודי. עם זאת, אינני ממליץ עליו לאנשים שרעיונות פילוסופיים זרים להם.",22083,נבוכותיו של החניך טרלס,רוברט מוסיל,אברהם כרמל,ספרית פועלים,1975,160,ספרות,ספרות מתורגמת,https://cdn.simania.co.il/bookimages/covers2/22083.jpg,https://simania.co.il/bookdetails.php?item_id=22083,https://simania.co.il/showReview.php?reviewId=137672,,,,,,,,,,hebrew,Paperback,4.5,15,4,3964,37,1,1
137671,2026-09-08T18:15:45.000Z,5,1,דנה,285971,"״סופרת הצללים״-ג׳ולי קלארק

הוצאת פן וידיעות אחרונות

357 דף

אוליביה דומון היא סופרת שכותבת סיפורים של אחרים.

״סופרת צללים״ זה נקרא. יש לה בן זוג בשם טום שהיא מאד אוהבת. הוא מכיר אותה כאוליביה דומון.

היא מספרת בגוף ראשון, שכך היא חיה וגם קנתה בית משלה, רחוק מביתה ומאביה, וינסנט טיילור, סופר מותחני אימה, מפורסם. הוא היה עסוק מדי בספריו או שיכור מאשר להיות אבא עבורה. אמה לידיה, נטשה אותם ואוליביה לקחה את שם משפחתו של בעלה והתנתקה מכל קשר לוינסנט.

אולם, עכשיו, בגיל 44 ולאחר שהיא הפסידה בתביעה נגדה והיא מחוייבת לשלם הון ולמכור את ביתה, הסוכנת שלה, ניקול, מספרת לה שהסופר וינסנט טיילור רוצה אותה לשמש כסופרת צללים עבורו והיא נאלצת להסכים.

היא לא מספרת לאף אחד שוינסנט הוא אביה, רק ג׳ק, הידיד הצמוד שהיה לה אז כילדה, יודע.

היא מגיעה אל וינסנט  ומגלה שהוא גוסס ובעצם רוצה שתכתוב ממואר על ילדותו, כשבשנת 1975, אחיו דני בן ה-17 ואחותו בת ה-14 פופי, נרצחו ויצאה השערה שהוא רצח אותם. הוא היה בן 16.

אך האם הוא משקר?

מה הסיפור של החתול האבוד של מר סטיוארט השכן, שהיה המורה לחינוך גופני בתיכון שלהם ושגם היה המאמן של לידיה החברה של וינסנט ואח״כ אשתו, שברחה ממנו ומהבת שלה, אוליביה.

אז מי באמת קבר את החתול? וינסנט או דני? ולמה?

יש פרקים שקוראים על וינסנט הילד, שמספר על עצמו בגוף ראשון.

ויש גם את פופי שמספרת בגוף ראשון.

אנו, הקוראים, מתחילים לתהות האם וינסנט אכן רצח או לא? המתח בשיאו.

ספר מותח וקצת ״נסחב״, מה שגרר אותי בקריאה.

אך הסוף היה בלתי צפוי והיכה אותי בתדהמה. ורק על זה אני אומרת שאפו אחד גדול!!!!!

אז כן, ספר מומלץ!!!",1028504,סופרת הצללים,ג'ולי קלארק,רחל פן,פן | ידיעות ספרים,2026,356,ספרות,מתח ריגול והרפתקאות,https://cdn.simania.co.il/bookimages/covers102/1028504.jpg?v=1787670183444,https://simania.co.il/bookdetails.php?item_id=1028504,https://simania.co.il/showReview.php?reviewId=137671,"אוליביה דומון מתפרנסת מכתיבת סיפוריהם של אחרים. עכשיו היא מתבקשת לכתוב את הסיפור שניסתה כל חייה לשכוח – סיפורו של אביה, סופר מותחני האימה המפורסם וינסנט טיילור, שנחשד עשרות שנים ברצח אחיו ואחותו.

כשהאמת על אותו לילה ב־1975 מתחילה לצוף, אוליביה מגלה שהסיפור שאביה רוצה לספר רחוק מאוד מהסיפור שהיא חשבה שתכתוב.

ג'ולי קלארק היא מחברת רבי המכר הבינלאומיים השקרים שאני מספרת והטיסה האחרונה, שתורגמו ליותר מעשרים וחמש שפות. היא מתגוררת בלוס אנג'לס עם משפחתה.

""קודר, מסתורי, מותח, מורכב, מעורר מחשבה וקורע לב. ספר מרתק. קריאה של חמישה כוכבים."" – Booklist, Starred review

""חוויית קריאה מטלטלת ומספקת עד מאוד."" – Publishers Weekly, Starred review

""רגעים ריאליסטיים של יחסי אב-בת שנויים במחלוקת, המחיר שהבושה גובה ממשפחות ותמונת מצב של קליפורניה של שנות השבעים הופכים את 'סופרת הצללים' לקריאה מהנה שאי אפשר להניח מהיד."" – ""הלוס אנג'לס טיימס""
""חודר בכישרון אל לב התעלומה."" – ""הניו יורק טיימס""

""ג'ולי קלארק במיטבה."" –  לורה דייב, מחברת רב המכר הדבר האחרון שהוא אמר לי",,The Ghostwriter / Julie Clark,,,,,פרוזה,,he,Paperback,5,1,1,65,2,0,1
137670,2026-09-08T17:24:11.000Z,4,1,סוקר על גלגלים,56626,"אחרי ספר די בינוני שקראתי, חיפשתי חוויה מתקנת עם ספר מתח טוב. הספר הזה ממתין לי על המדף מאז שיצא. ניסיתי להתחיל אותו כמה פעמים ולא זרם ועכשיו החלטתי לנסות שוב.
קודם כל, הכריכה משמימה בעיניי ולא קשורה בכלל לעלילה, כבר היה עדיף לשמור על הכריכה המקורית. מנגד, התקציר כתוב בצורה מיוחדת מאוד, וממש מסקרן ומזמין לקריאה. העלילה מובאת כלבבי בגוף ראשון מפיה של אליסון גיבורת הספר, המשמשת כעו""ד פלילית, ומתארת את חייה האישיים בד בבד עם משפט הרצח שהיא מנהלת בצמוד למאהב שלה, שעימו היא בוגדת בבעלה. למרות מה שניתן לחשוב, לשמחתי הרבה לא מדובר במותחן משפטי. הקריאה קולחת וזורמת, לאט לאט הולכים ומתגלים רבדים נוספים בעלילה, שבונים את המתח בהדרגה וסיימתי אותו תוך שבוע. הדמות של קארל עיצבנה אותי ממש וגם התגובות של אליסון מולו. עליתי על אחד הטוויסטים המרכזיים כבר בהתחלה, אבל זה לא הפחית מהנאתי מהקריאה, בעיקר כי היו עוד כמה וכמה טוויסטים טובים שלא צפיתי מראש. אם כי לקראת הסוף הם כבר לא הרגישו כ""כ קשורים אחד לשני, כאילו הסופרת רק רוצה להפתיע. ועדיין, אני חייב להודות שזה די הצליח לה 😉 ואיזה סוף פסיכי, שלא אשכח עוד הרבה זמן! הייתי צריך לחזור להתחלה כדי להבין עד הסוף מה קראתי עכשיו?!!
נקודה חשובה לקראת סיום, יש הרבה סקס בספר עם תיאורים בוטים מדי לטעמי, בטח בהשוואה למקובל בספרי מתח, ברמה שהפריעה לי. אז אם זה חשוב לכם, קחו זאת בחשבון. 
לסיכום, זהו ספר מתח לא פשוט לקריאה, אך בכל זאת נהניתי ממנו. הוא לא יצירת מופת, ועדיין עושה את העבודה לא רע בכלל.
טריגרים: רצח, התאבדות, אונס, תיאורים לא פשוטים של אלימות במשפחה. יש טריגר נוסף אבל זה ספוילר משמעותי, אז מי שרוצה בפרטי 🤫",1008419,תפוז דם,הארייט טייס,גיא הרלינג,תכלת,2023,368,ספרות,מתח ריגול והרפתקאות,https://cdn.simania.co.il/bookimages/covers100/1008419.jpg,https://simania.co.il/bookdetails.php?item_id=1008419,https://simania.co.il/showReview.php?reviewId=137670,"אליסון יודעת שהיא חיה בשקר. היא לא מצליחה להשתחרר מהרומן שהיא מנהלת מאחורי גבו של בעלה, היא שותה יותר מדי וגם לבת שלה מגיע לבלות איתה יותר. היא כבר לא מסוגלת להמשיך ככה. משהו חייב להשתנות.

רק עוד לילה אחד. ואז אסיים את זה.

ואז היא מקבלת לייצוג משפטי את תיק הרצח הראשון שלה. עורך הדין שיעבוד לצדה הוא הגבר שעמו היא מנהלת רומן. אליסון מאמינה שתוכל להתמודד עם זה. היא כבר עברה דברים קשים יותר בחיים שלה.

עשיתי את זה. הרגתי אותו. אני אמורה להיות בכלא עכשיו. 

תיק הרצח נראה ברור. האישה אינה מכחישה שדקרה את בעלה למוות, אבל משהו בכל זאת מטריד את אליסון. האם יתכן שיש כאן סיפור אחר לגמרי? אליסון נחושה לנסות ולהציל את הנאשמת מהגורל הצפוי לה, אבל גם אז לא לגמרי ברור למי באמת היא מנסה לעזור – לרוצחת או אולי בכלל לעצמה.  

אני רואה אותך. אני יודע מה את עושה. 

אבל מישהו מכיר את הסודות של אליסון. מישהו שמאמין שעליה לשלם על כל מה שעשתה. ומרגע זה, זה משחק של חיים ומוות. משחק שאי אפשר להפסיק לשחק.",,Blood Orange / Harriet Tyce,,,,,,,he,Paperback,4.1,8,4,708,7,0,1
137669,2026-09-08T17:12:01.000Z,4,4,אושר,38341,"Verwirrung der gefuhle 1927
""סערת רגשות"" של שטפן צוויג , מספר סיפור התבגרות על רולנד, המגיע לעירה שכוחה בכפר הגרמני מברלין. הוא כשל בלימודים באוניברסיטה , ואביו החליט להעביר אותו לאזור הספר, לאוניברסיטה שכוחה ללא הסחות דעת כלשהם. צוויג הופך את הקערה על פיה וקצת ספוילר!-
משולש אוהבים שהיחס בין הדמויות הוא סקס תמורת סקס. 
רולנד מקבל חדר טוב להשתכן בו , דרך הפרופסור, ויום אחד באגם הוא פוגש אישה צעירה, מתלווה אליה ומגלה שהיא אשתו של הפרופסור, הצעירה ממנו בעשור שלם. 
קראתי את הנובלות הקודמות של צוויג , לאחרונה הדחף וסוד בוער כשיצאו הלכתי לקנות ולא חשבתי לכתוב עליהם. למרות שסוד בוער הוא הטוב בנובלות שלו- הילד הקטן שעושה לאימו בית ספר, ומכריח אותה לזנוח את המאהב. כאן בסערת רגשות הסיפור בגוף שלישי עם הרבה תיאורים בעיקר, פחות מודרני וקצת ישן נושן שקנה אותי, ואפשר לסיים את הנובלה ביום אחד.

הסוף של הנובלה , היא גם ההתחלה שלו שבגיל 60, אחרי 30 שנות הוראה – מוגשת הנובלה הכתובה כמעיין ביוגרפיה לתלמיד לפונולוגיה רונלד פון ד'. 

""באותם ימים בברלין הייתה לי תחושת החופש לשיכרון מטלטל כ""כ, עד שלא יכולתי לשאת לא את הסגירות החולפת לא של אולם ההרצאות ולא את היותי סגור בחדרי"", ע""מ 14 . 
אביו באה אליו לחדר ותופס בחורה עירומה מתלבשת ונסה על נפשה. 
אביו מעביר את רולנד בן ה 19, לאחר 3 חודשים בברלין לעירה שלווה במרכז גרמניה (שטפן לא נותן לה שם). בהרצאה של הפרופסור על שקספיר , רולנד נכנס לאקסטזה , מדבר איתו לאחר ההרצאה והפרופסור מציע לרולנד חדר בביתו. 
רולנד נכנס ל'סערת רגשות' סביב הפרופסור וכול מילה נוספת מיותרת. בע""מ 41 הוא פוגש את אשתו של הפרופסור באין יודעים , ליד האגם והם שוחים על סירה יחדיו ולאחר מיכן היא מובילה אותו בהפתעה גמורה לביתו של הפרופסור בו כבר לן. 

הפרופסור והאישה הנמרצת בת ה-35 חיים 15 שנה יחדיו ללא תשוקה וללא עניין אחד בשני. רולנד מנסה לשכנע את הפרופסור להפסיק להעדר מהרצאות ולחזור ללמד. לאט לאט מתגלה לרולנד סודו המביש של הפרופסור. המפגשים בין השתיים ניהיים מתוחים יותר ויותר, עד שהכול מתפוצץ ביום אחד בה השלושה העבירו עם זוג צעיר. דבר מוביל לדבר, ספוילר
^^עד שיתפוצץ המשולש הרומנטי^^

""עכשיו יכולתי להביט אל תוך דרך המנוסה הנוראה הזאת מפני עצמו, מנוסה על האימה של קרנות זווית ותהומות. הוא תמיד נסעה לעיר גדולה, שם פגש מכרים במקומות נידחים, אנשים ממעמד נמוך שהמפגש איתם היה מטונף, נוער פרוץ , במקום נוער מסוק קדושה; אבל הגועל הזה, הביצה הזאת, הדחייה הזאת, החומצה הרעילה הזאת של האכזבה, היו נחוצים לו כדי אז בבית, במעגל הסטודנטים המתאסף סביבו, להיות שוב בטוח בחושיו"". 

את הספרים של צוויג יודעים לתמחר בשקל לעמוד, הפעם זה היה שווה את זה!
סיפור אהבה ארוטי עם מניירות מרובות שצוויג מטיב לתאר באלגנטיות שלא תשכח. 
חובבי שטפן צוויג, על תוותרו על הספר.",1023815,סערת רגשות,סטפן (שטפן) צווייג (צוויג),הראל קין,תשע נשמות,2025,112,ספרות,ספרות מתורגמת,https://cdn.simania.co.il/bookimages/covers102/1023815.jpg,https://simania.co.il/bookdetails.php?item_id=1023815,https://simania.co.il/showReview.php?reviewId=137669,"רולנד הוא נער בורגני ומרדן, שבז לאקדמיה ונוטה אחרי תאוות החיים שמציעה העיר הגדולה. 
אך כאשר הוא נאלץ לענות למצוות אביו ולעבור ללמוד באוניברסיטה קטנה בעיירה פרברית, הוא הולך שבי אחר קסמיו של מרצה כריזמטי. אותו מרצה עתיד לשנות את חייו ללא היכר.

לכאורה, הספר שבידכם הוא ספר ״צווייגי״ טיפוסי והקריאה בו דומה לשיבה הביתה, אל עולמו של צוויג. לפנינו רומן חניכה פסיכולוגי ומופתי העוסק במורכבותן של מערכות יחסים: דמות אחת מביטה עמוק אל תוך נפשה, ובכך מספקת לקורא הצצה אל דרכם של מנגנוני הנפש המשותפים לכולנו. 
אך למרות האלמנטים הקבועים, דבר מה מסוים מבדיל אותו מן השאר...

ברומן זה, שטפן צוויג מוכיח שוב שאין הוא רק אחד המספרים המוכשרים שידעה המאה העשרים, אלא גם אחד החדשניים שבהם בתפיסתו החברתית-פוליטית, וביכולתו לתרגם את הלך הרוח של תקופתו לכדי יצירה סוחפת, עמוקה ומלאת עוצמה רגשית, שנקראת בנשימה עצורה מתחילתה ועד סופה.

שטפן צוויג

נולד בווינה ב-1881 למשפחה יהודית. נהפך לפציפיסט בעקבות מלחמת העולם הראשונה, והיה לסופר המצליח והמפורסם ביותר בגרמניה. אך אז הגיעו שנות השלושים. צעדיו הוצרו וספריו נאסרו לפרסום. 
הוא נאלץ לגלות ללונדון והוסיף לנדוד שנים, בארצות הברית, ארגנטינה ופרגוואי, והתיישב בברזיל, ארץ שאהב, אך לא הצליח להכות בה שורש. הוא התאבד בפברואר 1942, חודש ימים לאחר ועידת ואנזה, שעליה אולי לא שמע.

צוויג כתב עשרות ספרים בסגנונות מגוונים, והושפע רבות מהתיאוריה הפסיכואנליטית של ידידו זיגמונד פרויד. 
בעשורים האחרונים הוא זוכה לעדנה. הוצאת תשע נשמות אחראית לפרסומם של 13 מכתביו בתרגום הראל קין: היה זה הוא? (זיקית), עיני האח הנצחי, מנדל של הספרים, פחד, מרד המציאות, חלומות שכוחים, 24 שעות בחיי אישה, מכתב של אלמונית, סוד בוער, אדם בלתי נשכח, הכוכב מעל היער, המנורה הטמונה, סערת רגשות. כמו כן, תחייתו של גאורג פרידריך הנדל בתרגום לאה גולדברג שנכלל באסופה ""נובלות מוזיקליות"".",,Verwirrung der Gefühle,,,,,תשע נשמות,150,he,Paperback,4,6,3,481,3,1,1
137668,2026-09-08T16:02:25.000Z,5,8,פאוסט,20161,"גיבור זמננו נכתב ב-1840 על ידי מיכאיל לרמונטוב שמת כעבור שנה בדו קרב. עד כאן פרטים ביוגרפיים. 
הספר פשוט פנינה ספרותית שבנקודה מסוימת לא הניחה לי להניח אותו מידי. מבחינת זמנים הספר עומד בצומת דרכים קריטי בספרות הרוסית משום שהוא מעין גשר מתוחכם בין הרומנטיקה של תחילת המאה ה-19 לבין הריאליזם הפסיכולוגי הגדול שפרח במחציתה השנייה. וכל זאת בזכות נפוליאון, נפל לי האסימון שבלעדיו אולי לא היה הרנסאנס הרוסי. 

לרמונטוב שואב השראה גדולה מהספרות האירופית ואכן לדוגמא לורד ביירון מוזכר מספר פעמים בספר. פצ'ורין, גיבור הספר דרך יומנו ומיד שניה, הוא ממשיך דרכו של הגיבור הביירוני: דמות מיוסרת, כריזמטית, אינדיבידואליסטית, פועלת מחוץ למוסר המקובל וסובלת מסלידה עמוקה מהחברה. גם מקומו של המהפכן הספרותי ז׳אן ז׳אק רוסו נחשף בספר וגם הרעיון של האדם הנטורליסטי מול החברה המושחתת מובא כבר בסיפור הראשון. אבל, לרמונטוב בוחן ומפרק את הרומנטיזציה של רוסו: האדם המודרני מביא איתו הרס גם לטבע ולתמימים הסובבים אותנו.
מבנה הרומן בעיני הושפע מסרוונטס וישנו מעבר חליפי מתצפית חיצונית דרך עדות מדרגה ראשונה ועד לחשיפה פנימית מוחלטת דרך יומנו של פצ'ורין המשרת חקירה פסיכולוגית חסרת רחמים.
פצ'ורין מתפקד בו-זמנית כמשתתף באירועים וכעד אכזרי למעשיו שלו. הוא מנתח כל רגש עוד לפני שהוא חווה אותו עד תום, מה שמסרס את היכולת שלו לאהוב או לחוש אושר אותנטי. במובן הזה אני רואה בספר מעין ניבוי מוקדם במיוחד לסארטר וקאמי והאקזיסטנציאליזם. כמו כן, אני יכול להבין את השפעת הספר על דוסטוייבסקי. פצ'ורין מתייחס לבני אדם ולעצמו כאל שפני ניסוי של העולם הנסיבתי. פצ'ורין מודה ביומנו שהסבל של אחרים הוא המזון היחיד לגאוותו והוא הנציג של הגיבור המודרני או ה-״מורדני״ שכן הנאה מזוקקת עבורו היא ההכפפה של רצון אחר לרצונו.

הזכרתי את הרמזים לאקזיסטנציאליזם מוקדם בספר, אלו באים מאוד לידי ביטוי בשאלות הבחירה והשעמום הערכי ואולי אף השפיע על קירקגור שכן לרמונטוב מחטט בפצעי האבסורד של הקיום. השעמום הוא לא עניין פאסיבי, אלא חלל קיומי שפצ'ורין מנסה למלא באמצעות סכנה, דו-קרב, וכיבוש רומנטי לשם הלצה. מהצד השני יש נגיעה בדני דידרו שכתב את ז׳אן הפאטאליסט וגם לרמונטוב בודק את שאלת הדטרמיניזם מול רצון חופשי. אני לא אעשה ספויילרים אבל זה הפרק האחרון שמעלה מחשבות מהדהדות לסיום הספר. 

להבנתי הספר מהווה גם ביקורת חברתית-פוליטית בתקופה של הצאר ניקולאי שהייתה תקופה של דיכוי פוליטי קשה לאחר מרד הדקבריסטים שבה צעירים מוכשרים ומשכילים נותרו ללא שום אפיק לעשייה פוליטית או אזרחית משמעותית.

הסתבר לי שלב טולסטוי ציין לא פעם את לרמונטוב כאחד ממוריו הגדולים ואף אמר כי לולא מותו המוקדם של לרמונטוב, דיוקנה של הספרות הרוסית היה שונה לחלוטין. טולסטוי כתב על הנתיב המפותל של המחשבה האנושית בזמן אמת באופן יוצא מן הכלל. טכניקה זו נולדה אולי ביומנו של פצ'ורין, ממש כאן בספר הזה.
הניתוח הפנימי של פצ'ורין לפני הדו-קרב עם גרושניצקי מתווה את הדרך למונולוגים הפנימיים של נסיך אנדריי במלחמה ושלום (כשהוא שוכב פצוע תחת השמיים באוסטרליץ) או של אנה קרנינה בנסיעתה האחרונה ברכבת.
לרמונטוב, שהיה קצין בקווקז, תיאר את המלחמה והמלחמה בקווקז ללא הפתוס הרומנטי המקובל וטבל אותה היטב באבק, לכלוך, ושגרה שוחקת. טולסטוי לקח תפיסה זו, כך נדמה לי לפחות, באופן ישיר במלחמה ושלום: הגיבורים של טולסטוי חווים את המלחמה לא כזירת גבורה אלא ככאוס מבולבל וכאוטי וזו תפיסה שלרמונטוב היטיב לתאר בספר.
פצ'ורין הוא אדם שמנסה לבחון את המוסר דרך חוויה אישית ולא דרך כנסייה או מוסכמות חברתיות בדומה לטולסטוי עם פייר בזוחוב במלחמה ושלום וקונסטנטין לוין באנה קרנינה. אולם, בעוד פצ'ורין מסיים בניהיליזם והרס עצמי, טולסטוי מוביל את גיבוריו דרך אותו החיפוש הקיומי בדיוק אל עבר גאולה, עבודה אדמה ואמונה מוסרית פשוטה.

לרמונטוב כותב שהוא פוסח על תאורים גראפיים מרובים וסטאטיסטיים מחמת שעמום של הקורא וכאן טולסטוי מצא קרקע פוריה לעטו שלא הפסיק לספר ולתאר כל דבר ודבר כאילו הקורא נמצא במקום. במובן הזה טולסטוי לקח את לרמונטוב הרחק הרחק אל תוך האלמוות. 

בספר הזה תוכלו למצוא טולסטוי בקצרה שכן הכל קיים בספר למרות אורכו הקצר ובתמציתיות שאף היא מרשימה. ישנם גם רגעים דוסטוייבסקיים, סארטרים וקאמיסטיים אבל ב-1840, זה אכן מהאבות המייסדים. 

ספר נהדר עם אנקדוטות מרהיבות, אני אצטט רק אחת מני רבות: 
״פצ׳ורין: אתה זועם על כל המין האנושי!
עונה לו: יש על מה לזעום לא?
פצ׳ורין: ..... 
עונה לו: יקירי, אני שונא את בני האדם כדי לא לבוז להם, שאם לא כן, היו החיים פארסה גועלית מדי. ואתה, האם אתה מאוהב ב....?
פצ׳ורין: יקירי, אני בז לנשים כדי לא לאהוב אותן, שאם לא כן, יהיו החיים מלודרמה מגוחכת למדי.״

הציון שלי: 9 מתוך 10
מומלץ מאוד לחובבי הספרות הרוסית ולחובבי טולסטוי בפרט.",2038,גיבור זמננו [מהדורת דביר - 1995],מיכאיל לרמונטוב,צבי ארד,דביר,1995,196,ספרות,ספרות קלאסית,https://cdn.simania.co.il/bookimages/covers0/2038.jpg,https://simania.co.il/bookdetails.php?item_id=2038,https://simania.co.il/showReview.php?reviewId=137668,"גיבור זמננו היא ללא עוררים יצירת המופת בפרוזה של המשורר והסופר הרוסי מיכאיל יוריביץ' לרמונטוב. זה הרומן הרוסי הראשון שמצטיין בריאליזם פסיכולוגי וככזה היה מבשרו של תור הזהב של הספרות הרוסית הגדולה במאה ה-19. ציון-דרך ספרותי ששימש השראה לענקי היצירה שבאו אחריו, טולסטוי, דוסטוייבסקי וצ'כוב.

גיבור הרומן, גריגורי אלכסנדרוביץ' פצ'ורין, שבשעתו קומם את המבקרים הספרותיים, הוא אמנם אדם מסוכן, בתכונותיו הביירוניות, בכישרונותיו המבוזבזים, בציניות שלו, באנרגיה הפעלתנית, הראוותנית והחמסנית שנועדה למנוע ממנו את הגדולה ברעות – השיעמום. כאן בחמש אפיזודות הקשורות זו בזו, בנה לרמונטוב דמות של אדם שביטאה את חוליי זמנו. ""איש מיותר"" כפי שטורגנייב כינה אותו ואשר נועד, כמו שהמחבר עצמו ציין: ""לגלם את משוגותיו של דור שלם"", את אכזבותיו ותיסכוליו ברדיפה אחרי האושר.

לרמונטוב נולד במוסקבה ב-1814. אמו מתה בילדותו והוא גדל באחוזת סבתו, מנותק גם מאביו. לאחר לימודים באוניברסיטה הצטרף לבית הספר של המשמר הפטרבורגי, החל בכתיבת שירה (ונחשב לגדול משוררי רוסיה אחרי פושקין), נתמנה לקצין המשמר ההוסארי, נאסר בגלל שיר שלא היה לרוח המלכות, גורש מהמשמר ונשלח לשרת בצבא בקווקז. פעמיים צוין לשבח על אומץ-לב אך הצאר סירב להעניק לו את האות. לאחר גירוש מן הצבא גוייס שנית, בשנת 1841, נקרא לדו-קרב עם קצין אחר ונהרג בו-במקום, בעיר פיאטיגורסק, והוא בן 27 בלבד.",* השלים תרגום (לאחר פטירת המתרגם צבי ארד) וערך: פטר קריקסונוב,Герой нашего времени,,,,,,,hebrew,Paperback,4.2,11,2,3856,31,1,1
137667,,5,0,NuritIsraeli,23467,"ספר נהדר. בני ידע אותו בעל פה. קרא אותו שוב ושוב. והוא לא פוחד ממתמטיקה, הוא אוהב מתמטיקה.",2170,שד המספרים,הנס מגנוס אנצנסברגר,,זמורה ביתן,1998,,מדע וטבע,מדעים מדויקים,https://cdn.simania.co.il/bookimages/covers0/2170.jpg,https://simania.co.il/bookdetails.php?item_id=2170,https://simania.co.il/showReview.php?reviewId=137667,"מתמטיקה? חס וחלילה! עצם המחשבה גורמת לרבים חלחלה. כמה חבל! גם מיקי הילד בפיג'מה הכחולה, היה שבוי בדיעה זו. אלא שלילה אחד הוא חלם בלי כוונה על שד המספרים, ובמשך שנים - עשר לילות, השד הזה עשה להטים מופלאים ומשעשעים כאלה במספרים ה'מקוללים', עד שלמיקי  -  ולקורא  -  נפלו המחסומים בזה אחר זה. לא, מתמטיקה אינה חייבת להיות חלום בלהות. הפחד ממנה הוא דיעה קדומה. שד המספרים צריך רק להניף את מקלו, וכבר הפחד נעלם.",ספר לכל אלה שפוחדים ממתמטיקה,,,,,3-12901,,,he,Paperback,4.6,5,2,4798,12,0,1
137666,2026-09-08T14:16:58.000Z,0,1,אסתו'ש,223398,"יש מילים הנאמרות בקול ויש כאלה שנכנסים ישר ועמוק אל תוך הלב ואז כבר לא ניתן להתעלם מהן ...
ומה קורה כאשר המילים של מישהו מתחילות להישמע  בתוכנו ולהדהד כמו הקול שלנו ? 

בספר המילים שלך הקול שלי מביאה נווית מואלי את קולה של הדמות המרכזית בעלילה קולה של ליז בחורה רווקה ,  רגישה ועצמאית , העובדת במשרד מול הבוס שלה החדש רני , אשר נוכחותו משנה את שכר
 חיה כי היא מוצאת את עצמה מתאהבת בו , כשמבחינתו הוא נותן לה את כל הסימנים הברורים גם הוא בעניין .

 מערכת היחסים ביניהם מציבה את ליז בפני התלבטויות בין רגש, משיכה, גבולות והמציאות המקצועית מעבירה אותה טלטלה כאשר מרות וסמכות מתנגשת עם אהבה ויחסים זאת נווית מיטיבה לתאר בכתיבה ישירה , אישית וחשופה המשלבת רגשות וחושניות לעיתים מרגשת ולעיתים אף בוטה...

וכשהמילים נאמרות והלב כבר לא יכול להעמיד פנים  , נשארת רק השאלה: האם ליז תעז להקשיב לקול הפנימי שלה ? 
כי לעיתים הבחירה הקשה ביותר היא דווקא לבחור בעצמנו .....

המילים שלך הקול שלי רומן רומנטי אירוטי , בו תפגשו אהבה, ומשיכה מול אמון וחברות , ובעיקר במה שקורה כשהרגש מתעקש להכריע ולפרוץ אותם .....
מומלץ בחום לחובבי הז׳אנר  💘📖",1026368,"המילים שלך, הקול שלי",נווית שמואלי,,ספרי קפה,2025,290,ספרות,ספרות קלה - רומנים,https://cdn.simania.co.il/bookimages/covers102/1026368.png?v=1772518642519,https://simania.co.il/bookdetails.php?item_id=1026368,https://simania.co.il/showReview.php?reviewId=137666,"רומן ארוטי סוחף בין העובדת ליז לרני הבוס שלה, שנעה בין שליטה, אמון, תשוקה לתוך מציאות ישראלית

תקציר:
ליז, אשת מכירות חכמה, שנונה ובעלת לב גדול, מנהלת את חייה
בין משרד תובעני, חברויות עמוקות ובדידות אישית שמציפה אותה
ברגעי השקט. היא חיה בעולם שבו העבודה הופכת למרחב של זהות
ומשמעות, מקום שבו היא מגלה גם את עצמה וגם את האנשים שסביבה.
הקשרים שהיא מנהלת עם חבריה לעבודה - מרב, אישה חזקה ותומכת,
ואלי, מנטור וחבר אמת, הופכים להיות עבורה למשפחה נוספת. יחד הם
יוצרים ""שלישייה מנצחת"", חבורה קטנה שמחזיקה זה את זו בתקופות
מאתגרות של מלחמות, אזעקות, אובדן וכאב אישי.
אל תוך השגרה הזו נכנס רני, הבוס החדש, קשוח אך מלא נוכחות,
שמעורר בליז סערה פנימית. היחסים ביניהם מתנדנדים בין משיכה
אסורה לבין גבולות שהיא מציבה לעצמה. ובתוך כך היא מתמודדת
עם שאלות של תשוקה, אחריות, אמון ואהבה. הסיפור נפרש על רקע
מציאות ישראלית טעונה - מלחמות, אובדן חברים, דאגה לחיילים,
ומציע שילוב ייחודי בין רומנטיקה אינטנסיבית, לבין חוויות יומיומיות
של משפחה, חברויות ואחווה.
בסגנון אישי, ישיר וחשוף, נווית שמואלי מביאה קול נשי כנה ואמיתי.
קול שנע בין חושניות לרגש עמוק, בין בדידות לקרבה, בין שאלות של
זהות לעצמאות ובין כמיהה לאהבה. זהו ספר על נשים שמחפשות להיות
נאמנות לעצמן, על גברים שנמצאים על הגבול הדק בין כוח לרגישות,
ועל חברות אמיצה שמחזיקה את הלב חזק, גם כשהעולם בחוץ רועש.
נווית שמואלי, בת 48 , אימא לשחר ומיטל. עצמאית
בתחום הנהלת חשבונות, מעצבת פנים והום
סטיילינג. זהו ספר הביכורים שלה.",,,,נורית גוילי,,187400011330,,,he,Paperback,5,1,1,131,2,0,1
137665,2026-09-08T09:55:50.000Z,5,5,לי יניני,94544,"עוד ניחוש-צ'רלי דונלי
GUESS AGAIN-CHARLIE DONLEA

""הטרגדיה של החיים היא לא שאדם מפסיד, אלא שהוא כמעט מנצח"".  היווד ברון- עמוד 135
ב־22.5.2025 אנחנו פוגשים את איתן הול, בן 45, רופא במחלקה לרפואה דחופה בבית חולים במדיסון, ויסקונסין.
בעברו היה איתן סוכן לחקירות פליליות, האחראי בין היתר על חקירות פשעים נגד ילדים. העבודה הקשה במחלקה גרמה לו לאבד את האמון במין האנושי, ולכן החליט לפנות ללימודי רפואה.
כרופא בחדר המיון הוא מצליח לעזור למטופליו, והשינוי המרענן מעניק לו תחושת אושר וסיפוק.
אבל העבר שלו חוזר לדפוק על הדלת.
פיט, שותפו לשעבר במחלקה לחקירות פליליות, חולה מאוד ומצפונו אינו נותן לו מנוח. הוא מבקש מאיתן לחזור ולחקור את התיק של קאלי ג'ונס – כוכבת נבחרת כדורעף ובתו של מושל ויסקונסין – שנעלמה לפני עשר שנים.
התיק שמעולם לא נסגר ממשיך לרדוף את פיט, והוא משוכנע שאולי איתן יצליח לראות דברים אחרת ולמצוא את התשובות שלא נמצאו עד היום.
לאחר שגם המושל עצמו פונה לאיתן ומבקש ממנו להיכנס לעובי הקורה, איתן נענה בחיוב.
כדי להתקדם בחקירה, איתן נאלץ להיעזר בפרנסיס ברנרד – רוצח סדרתי ואסיר עולם. המפגש ביניהם טעון במיוחד. מעבר למשקעים הכבדים ביניהם, פרנסיס הוא האדם שרצח את אביו של איתן.
המפגש הזה פותח תיבת פנדורה, ובעזרת רמזים שמתקבלים מפרנסיס, ובסיועה של יוג'יניה מורגן, הסובלת מהיבריסטופיליה – משיכה לאנשים שביצעו פשעים – החקירה מקבלת תפנית מסוכנת ומסקרנת.
האם איתן הול יצליח לפתור את התעלומה ולגלות לאן נעלמה קאלי ג'ונס?
על כך כמובן לא אגלה לכם. 😉
מדובר במותחן פסיכולוגי נהדר, מצמרר ומטלטל. צ'רלי דונלי מגולל עלילה רוויית תהפוכות, הפתעות ותפניות, ומצליח לשמור על המתח לאורך הדרך.
הפרקים קצרים, הקצב מהיר והדפים פשוט עוברים צד לבד, בלי שמרגישים.
גם כשנדמה לקורא שהתעלומה כבר נפתרה – מגיעה תפנית בלתי צפויה, ושוב הבטן מתכווצת.
בסיפור הזה כמעט אף אחד אינו מי שהוא נראה. לכל אחד יש סוד, וכל אחד יעשה הכול כדי שהסוד שלו יישאר קבור עמוק באדמה.
אהבתי את איתן הול, את בת זוגו מאדי ואת הדרך שבה החקירה והתעלומה הולכות ונפרמות, שכבה אחר שכבה.
בשורה התחתונה: ""לא כל התועים אבודים, אבל כל האבודים בהחלט תועים."" ג'.ר.ר. טולקין – עמ' 110
מומלץ בחום, במיוחד לשוחרי הז'אנר. אל תוותרו על הספר הזה!
לי יניני 📚",1028642,עוד ניחוש,צ'רלי דונלי,כנרת היגינס־דוידי,מטר,2026,336,ספרות,מתח ריגול והרפתקאות,https://cdn.simania.co.il/bookimages/covers102/1028642.jpg?v=1788797403978,https://simania.co.il/bookdetails.php?item_id=1028642,https://simania.co.il/showReview.php?reviewId=137665,"יש סודות שנקברים לעד. ויש כאלה שמסרבים להישאר באדמה.

לפני עשר שנים נעלמה קאלי ג'ונס – הנערה שכל העיירה הכירה ואהבה – במהלך מסיבת קיץ על שפת האגם. נערכו חיפושים נרחבים, כותרות ראשיות זעקו, אך התקווה הלכה ודעכה וגופתה מעולם לא נמצאה. התיק נסגר והאמת נקברה יחד איתו.

איתן הול, הבלש שנכשל בפענוח הפרשה לא הצליח להשאיר את המקרה מאחור. רגשות האשם אילצו אותו לעזוב את המשטרה אבל ביום השנה העשירי להיעלמותה של קאלי הוא נקרא לשוב לחקירה אחת אחרונה.

כדי למצוא תשובות, איתן פונה אל האדם האחרון שהיה רוצה להזדקק לו: פרנסיס ברנרד, רוצח סדרתי אכזרי המרצה מאסר עולם. מאחורי סורגי הכלא, ברנרד עדיין יודע כיצד לשלוט באנשים, לטוות מניפולציות ולהפוך כל שיחה למשחק קטלני. וגם כשהוא כלוא, זרועותיו מגיעות הרבה מעבר לכותלי הכלא.

כי בחוץ מחכה אישה אחת, שמאמינה שפרנסיס הוא אהבת חייה. והיא מוכנה לעשות הכול – לשקר, להרוג ואפילו למות – כדי לשחרר אותו.

ככל שהחקירה מתקדמת, איתן מגלה שהאמת מסוכנת יותר מכל מה שדמיין. בעיירה שבה כולם בטוחים שהם יודעים מה קרה באותו לילה, מתברר שכל אחד מסתיר משהו – ושיש מי שיעשה הכול כדי שהסוד יישאר קבור.

עוד ניחוש הוא מותחן פסיכולוגי מצמרר, חד ומפתיע, שבו כל תשובה מולידה שאלה חדשה, וכל גילוי מטלטל את כל מה שחשבתם שאתם יודעים. ספר זה יותיר אתכם לנחש עד העמוד האחרון. ואז תיאלצו... לנחש שוב.

צ'רלי דונלי נולד בשיקגו, ומתגורר בה עד היום עם אשתו ושני ילדיו. ספריו הקודמים אל תאמינו, חטופה, ואחרי עשרים שנה ראו אור בעברית בהוצאת מטר. חטופה נכנס לרשימת רבי המכר של USA Today ותורגם ליותר מ־20 שפות.

""קצב מסחרר ותפניות עלילתיות מבריקות"". – Publisher's Weekly על כעבור עשרים שנה

""מעולה... דונלי מספר סיפור קצבי וקולח"" – ""הניו יורק טיימס"" על כעבור עשרים שנה",,Guess Again / Charlie Donlea,,,,,מטר - מתח,,he,Paperback,5,3,2,91,2,0,1
137664,2026-09-08T08:45:45.000Z,4,10,אלירן_כ,316775,"בתור בן ליוצאי עדות המזרח שאמו גוללה בפניו לא אחת סיפורים ממעברת חירייה, הספר השערורייתי של סמי מיכאל סקרן אותי רבות.  

״שווים ושווים יותר״ מאוד קולח לקריאה. המחבר כותב בחן רב, איננו מאריך בתיאורים ארוכים ואלו מדוייקים וחובטים בקורא כמו אגרוף בבטן. עם זאת, ראוי הקורא לדעת כי מעמודיו הראשונים של הספר ועד לסופו עלולה לאפוף אותו תחושה לא נעימה, אפילו בחילה. יתכן וזה מה שרצה להשיג המחבר הנכבד - לתת לקורא תחושה כאילו הוא עצמו רובץ במעברת חירייה. 

הסיפור שזור בסיטואציות מעיקות כמעט ללא רגע אחד של הפוגה. כאשר צרה אחת מתפוגגת, מיד צצה אחת חדשה וניכר שזהו הזרז העיקרי שמניע את העלילה. בין אם באשמת הממסד, בין אם באשמת קריקטורה אשכנזית נרשעת ובין אם על ידי כח עליון - סאת התחלואות גדושה ולא מרפה מהקורא. אציין שדווקא את חלקו האחרון של הסיפור, זה שאינו עוסק בחיי המעברה אלא מגולל את התאקלמות הגיבור בחיים הבורגניים - מצאתי כחלק המעניין יותר, שהזכיר לי הרבה דפוסים של משפחתי.

הטון של סמי מיכאל איננו משתמע לשתי פנים. הרגשתי שאופן הכתיבה מנסה ״לסגור חשבון״ עם הממסד האשכנזי, וניכר שכבוד המחבר מנצל כל שורה בספר בכדי לנגחו מפאת העוול שנעשה לעדות המזרח. מנקודת הראות של היום, הדמויות עלולות להצטייר בעיניי הקורא כסטריאוטיפים שטחיים והאווירה כדיכוטומית מאין כמותה - דמות הגיבור שטופה בשנאה יוקדת כמעט לכל דבר ש״לבן״, ובאופן הדדי ה״לבנים״ בכללותם מתנכלים ברשעות לכל דבר ״שחור״. אבל עם זאת, ניכר שהספר מצליח ללכוד בתוכו את אווירת האפליה הזוועתית ששררה בעשורים הראשונים של ישראל ובמובן הזה הוא ספר חשוב ואין להתעלם ממנו.

הספר יספק את מי הרוצה לנבור בקדרת השד העדתי ולטעום תרכיז אפליה וקיפוח נוסח שנות החמישים. או, אולי, ימצא בו עניין מי הרוצה לבחון עד כמה המצב השתנה בימינו, וכמה התקדמנו מאז ימי המעברות (או הכנסנו לרוורס, תלוי על איזה מגזר מתבוננים).",10578,שווים ושווים יותר,סמי מיכאל,,בוסתן,1974,254,ספרות,ספרות מקורית,https://cdn.simania.co.il/bookimages/covers1/10578.jpg,https://simania.co.il/bookdetails.php?item_id=10578,https://simania.co.il/showReview.php?reviewId=137664,"נולד בשנת 1926 בבגדאד, עיראק. מגיל צעיר היה מעורה  בחייה הפוליטיים של אותה ארץ נוקשה. כבר בהיותו בן 17,  התמנה חבר - מערכת בכמה כתבי - עת מחתרתיים. בשל פעילות זו  נאלץ לברוח בשנת 1946 לפרס, שם חידש את פעילותי הפוליטית  נגד שליטי עיראק. כתוצאה מכך תבעה ממשלת עיראק את  הסגרתו לידיה. הוא הוכרח לרדת שוב למחתרת, ולאחר מספר  חודשיס עלה ארצה. עם תום שירותו בצה""ל התקבל כחבר - מערכת בכמה עיתוניס  המופיעים בשפה הערבית בארץ. סמי מיכאל מתגורר בחיפה.  הוא בוגר החוגים לפסיכולוגיה ולספרות ערבית של אוניברסיטת חיפה.",,,,,,20-43787,,,he,Paperback,4.4,28,7,9151,27,1,1
137663,2026-09-08T08:01:33.000Z,4,1,עומר ציוני,51951,"ספר חמוד. ""טוב שיהיה בבית"" - למקרה שתרצה להראות הבנה ביידיש ותרצה לשלוף איזה פתגם מתחכם או מצחיק. אני מחכה לספר בספניולית (לדינו)",993882,ביידיש היו אומרים,רחל דביר,,ידיעות ספרים,2019,110,יהדות,,https://cdn.simania.co.il/bookimages/covers99/993882.jpg,https://simania.co.il/bookdetails.php?item_id=993882,https://simania.co.il/showReview.php?reviewId=137663,"""ביידיש יש הומור והערכה לכל יום בחיים, לכל פירור של הצלחה, לכל מפגש של אהבה... היידיש עדיין לא אמרה את המילה האחרונה. היא מכילה אוצרות שטרם נגלו לעיני העולם"", כך אמר יצחק בשביס זינגר בנאום קבלת פרס נובל לספרות בשנת 1978. ואכן, השפה החכמה והמחויכת הזו עדיין פועמת בעוצמה באמצעות מטבעות לשון, פתגמים וביטויים שכל אחד מהם שווה אלף מילים.

	ביידיש היו אומרים הוא הזמנה למפגש עם אוצרות היידיש, עם השנינות שלה ועם המנגינה הייחודית לה. הספר מחולק לנושאים שונים ומלווה בתמונות ובאלמנטים מן ההווי של העולם הישן והטוב. כל משפט, בדיחה או אִמרה מובאים בתרגום עברי לצד המקור ביידיש, וכך משתמרת חיותה של השפה.

	ביידיש היו אומרים הוא מתנה בין-דורית נפלאה, שהיא גם גשר בין ישן וחדש, וכפי שבאמת אומרים ביידיש: ""אַז מע גיט – נעמט מען"" (התרגום בגוף הספר).

	 

	רחל דביר נולדה וגדלה בירושלים בשכונת טלביה למשפחה ירושלמית חרדית שורשית אשר דיברה עברית מתובלת בביטויים ובפתגמים ביידיש. היא החלה את דרכה המקצועית בהיי-טק, הקימה ושימשה מנכ""לית של בית התוכנה ""בשן מערכות"" ובמקביל פיתחה קריירה כאשת עסקים וכיזמית ולאחרונה החלה להרצות על שפת היידיש. היא מעידה על עצמה שחוכמת היידיש שימשה אותה כמנהלת וכאם לשישה ילדים באמצעות ההומור, המחשבה היצירתית והחשיבה מחוץ לקופסה האופייניים כל כך לשפה זו.",חוכמת היידיש בעברית עכשווית ובנימה הומוריסטית,,,,,362-6030,,,he,Paperback,4,1,1,1536,30,0,1
137662,2026-09-08T07:45:56.000Z,0,8,לי אור,210452,"סיימתי לקרוא עכשיו את ""החברה הגאונה"" ואני ממליצה מאוד. 
אלנה פורסת את סיפור החברות שלה ושל לילה לאורך שנות הילדות וגיל ההתבגרות (6-16) בשכונה ענייה בנאפולי של שנות ה50. בכנות לא נעימה אלנה מתארת את מערכת היחסים האובססיבית, ההשוואתית, כמעט לעומתית. היא חושפת את טיבו של קשר חברי בין שתי בנות צעירות שנגזר עליהן להתמודד עם מציאות חייהן וגורל משפחתן בשכונת עוני קטנה וסגורה. הקשר מעצב את האופי שלן, את חייהן, משפיע באופן מוחלט על בחירותיהן וגורלן.
ריתק אותי הדיאלוג הפנימי של לנו, המבט הפנימי שלה על עצמה כילדה ונערה מתבגרת והנושאים שהעסיקו אותה באותה תקופה. 
ספרים כאלו מזכירים לי את האינסופיות של החיים, איך חייתי עד עכשיו במציאות מקבילה כשלנה ולילה חיות וגועשות על גבי הדפים מאז 2011, ולא הרגשתי בחסרונן? אני רעבה לעוד ואני רגועה לדעת שלא משנה בת כמה אהיה וכמה ספרים אקרא, אם יש משהו שאף פעם לא אוכל לעשות זה לקרוא את כל הספרים בעולם. הידיעה שיש אינסוף מיקרוקוסמוסים שמתקיימים במקביל, איכשהו דווקא מרגיעה אותי. אני לא ב""פומו"" (תופעה אופיינית לזמנינו),  אני שקטה, מיליוני הספריות הישנות ברחבי העולם משקיטות את תודעתי ואת חששותיי מהעתיד הלא ידוע - הן מחכות לי, תמיד. 
ומכאן אמשיך כמובן לשלושת הספרים הבאים בסדרה.",977861,החברה הגאונה,אלנה פרנטה,אלון אלטרס,הקיבוץ המאוחד,2015,342,ספרות,ספרות מתורגמת,https://cdn.simania.co.il/bookimages/covers97/977861.jpg,https://simania.co.il/bookdetails.php?item_id=977861,https://simania.co.il/showReview.php?reviewId=137662,"לִילָה צֶ'רוּלוֹ, ילידת 1944, בתו של הסנדלר שלא יצאה כל חייה מתחומי נאפולי, נעלמת בגיל 66, ונעלמים כל חפציה ומסמכיה, לאחר שאף גזרה את עצמה מכל התצלומים שבהם הופיעה עם בנה. 
היא הגשימה בהגזמה אופיינית את רצונה להתנדף ולמחוק את כל החיים שהותירה מאחוריה – והמעשה הרגיז מאוד את אֶלֶנה גְרֶקוֹ, בתו של השוער בעירייה, בת-גילה וחברת-הנפש שלה כמעט 60 שנה. 
כמין נקמה מתיישבת אֶלנה, שהיא כבר סופרת, לכתוב כל פרט מסיפורן של השתיים, זו מול זו, לאורך כל השנים.
 
התוצאה המהפנטת היא מסע בן למעלה מ-1,800 עמודים, טֶטרלוגיית הרומאנים הנפוליטניים של אֶלֶנה פרנטה (שם בדוי), ארבעה רומאנים שזכו לאהדה גורפת של הביקורת והקוראים באירופה ובארה""ב. 
""שום דבר דומה לזה לא נדפס מעולם קודם לכן"", כתב ה'גרדיאן' הבריטי; ""פרנטה היא אחת מכותבי הרומאנים הגדולים של זמננו"", כתב ה'ניו-יורק טיימס'; מחזור הרומאנים הנפוליטניים שלה הוא ""הרומאן האיטלקי הגדול של דורהּ, ארצהּ, זמנהּ"", כתב 'איל מניפסטו' האיטלקי.
 
ב'החבֵרה הגאונה', הרומאן הראשון במחזור, העלילות המותנות זו בזו של לִילה ואֶלנה, מגיל שש עד למעלה משש-עשרה, נטועות בַּסגירות של השכונה הנפוליטנית הנידחת, כלא של נחשלוּת, גסות, איסורים ואלימות, שהשתיים ישאפו, לאורך כל חייהן, לחרוג ממנו ולהינתק מן העבר החשוך שלו. 
שתיהן חיות בבועה, שכל מה שמתחולל בשנות ה-50 באיטליה ובעולם בקושי חודר אליה, אף שמדובר בילדות מחוננות שקוראות את 'אַינֵאִיס' במקור, ואת דוסטוייבסקי וטולסטוי.
 
מי משתי החברות היא ""הגאונה""? 
האם זו לִילה, שאינה לומדת מעבר לחמש שנות לימוד, אך מתוך תחרות עם אֶלנה כמו ממשיכה בבית-ספר חשאי ומלמדת את עצמה לטינית ויוונית ואנגלית, קוראת את מחצית הספרייה המקומית, ובגיל 12 מעצבת נעליים מסוגים שלא ראתה מעולם? 
לִילה הנחושה והנועזת, חסרת הרסן, שחריפותה היא כמו הכשת-נחש? 
ושמא זו אֶלנה השקדנית והמלומדת, האחת מן השתיים שתגיע רחוק ותהפוך להיות סופרת, מי שבעיני לִילה-עצמה היא החברה הגאונה שלה?
 
בסיפור הנערוּת, הסובב סביב התהפוכות של פרשת נעליים מסועפת (סיפור סינדרלה מהופך), מעוצב ב'החברה הגאונה' קשר ייחודי בין שתי ילדות-נערות בהיקף ובעומק רגשי חסרי תקדים. 
כל אחת מן השתיים פינתה מקום בתוכה לחברתה, והיא חווה את עצמה לעומת האחרת, שואלת 'מה אני לגביה', ומגבשת את זהותה – מתוך תחרות, קנאה והיקסמות – לנוכח מבטה המדומיין של החבֵרה.
 
'החברה הגאונה' מגיע לסיום זמני שבו התפלגו חיי השתיים, כי לִילה כביכול כלאה את עצמה במעֵין כלוב המטיל עליה את צלו. אבל ברור שבקרוב היא תשבור שוב את הכל.",,,,,,31-5166,הרומאנים הנפוליטניים,1,he,Paperback,4.3,250,66,27008,253,4,1
137661,2026-09-08T06:07:57.000Z,5,4,DR.Nofar Sarori,50237,"אני בדרך כלל לא אוהבת מותחנים. זה פשוט לא הז׳אנר שאני נמשכת אליו כשאני מחפשת את הספר הבא שלי. אבל הפעם חיפשתי משהו לקרוא בין הטיסה מבאזל לבודפשט, ובסופו של דבר יצא שנתקעתי בשדה התעופה בבאזל במשך שש שעות. שש שעות של המתנה שנראו בהתחלה כמו נצח, אבל היה להן יתרון אחד בלתי צפוי סיימתי את ״שיקגו״ של דייוויד מאמט.
ואם הצלחתי לסיים מותחן שלם בזמן המתנה בשדה תעופה, כנראה שהוא עשה משהו נכון.
הספר לוקח אותנו לשיקגו של שנות העשרים, תקופת היובש, לעיר שבה גנגסטרים, פוליטיקאים מושחתים, מבריחי אלכוהול, עיתונאים, מוזיקאי ג׳אז ונוכלים מתקיימים זה לצד זה, ולעיתים קשה לדעת מי מהם מסוכן יותר. בתוך כל זה נמצא מייק הודג׳, עיתונאי וטייס לשעבר במלחמת העולם הראשונה, שמכיר היטב את הצדדים האפלים של העיר ועל כולם הוא גם כותב בלי יותר מדי פחד.
רק שאז הוא מתאהב באנני וולש.
כשהיא נרצחת, מייק יוצא לחפש את האדם שאחראי למותה, ומכאן מתחיל מסע של נקמה, בגידות וסודות בתוך עולם שבו כמעט לכל אדם יש אינטרס, ולכל טובה יש מחיר. אבל מבחינתי, הדבר הכי מוצלח בספר הוא בכלל שיקגו עצמה.
העיר היא כמעט דמות נוספת בעלילה. מאמט מצליח ליצור שיקגו קרה, אפלה, מושחתת ומסוכנת, אבל בו בזמן גם מסקרנת מאוד. אפשר כמעט לדמיין את מועדוני הג׳אז, האלכוהול שעובר מיד ליד למרות האיסור, העיתונאים שמחפשים את הסיפור הבא והגנגסטרים שמנהלים חלקים מהעיר כאילו היו שייכים להם.
אהבתי גם את השילוב בין הדמויות הבדיוניות לדמויות אמיתיות מהתקופה, ובראשן אל קאפון. זה נותן לסיפור תחושה שהוא נמצא איפשהו על הגבול שבין רומן לבין הצצה לעולם שבאמת היה קיים.
מייק הודג׳ הוא לא הגיבור הקלאסי והנקי שאנחנו אמורים להתאהב בו מיד. הוא מחוספס, ציני, פגוע ולעיתים גם לא פשוט לחיבוב. דווקא בגלל זה מצאתי אותו מעניין. האובדן של אנני הופך עבורו את החיפוש אחר האמת למשהו הרבה יותר עמוק מפענוח של רצח. זה סיפור על אדם שאיבד משהו שהיה יקר לו ומחליט שהוא לא מוכן פשוט להמשיך הלאה.
וכן, יש בספר יריות, מאפיה, רצח ונקמה, אבל הוא עוסק גם בכבוד, נאמנות, אהבה, בגידה ובשאלה עד כמה רחוק אדם מוכן ללכת כדי לעשות צדק או לפחות את מה שהוא עצמו מאמין שהוא צדק.
הכתיבה של מאמט שונה. הדיאלוגים חדים מאוד ולעיתים תיאטרליים, ולא במקרה מדובר באחד המחזאים והתסריטאים האמריקאים הידועים ביותר. לפעמים נדרש רגע להתרגל לקצב ולסגנון שלו, אבל ברגע שנכנסתי לעולם הזה, הספר הרגיש לי כמעט כמו סרט גנגסטרים ישן שרץ לי מול העיניים. גם ביקורות על הספר הדגישו את הדיאלוגים הייחודיים ואת האופן שבו מאמט מחייה את שיקגו של תקופת היובש.
והנה הדבר שהכי הפתיע אותי: לקחתי את ״שיקגו״ בעיקר כי הייתי צריכה משהו להעביר איתו את הדרך מבאזל לבודפשט. לא ציפיתי להתאהב בו, ובטח שלא חשבתי שאסיים אותו עוד לפני שאעלה למטוס.
כנראה שזאת המחמאה הכי גדולה שאני יכולה לתת למותחן.
כי לגרום למישהי שבדרך כלל לא אוהבת מותחנים לשכוח שהיא תקועה שש שעות בשדה תעופה ,זה כבר הישג בפני עצמו.",995070,שיקגו,דייוויד מאמט,,ידיעות ספרים,2019,359,ספרות,,https://cdn.simania.co.il/bookimages/covers99/995070.jpg,https://simania.co.il/bookdetails.php?item_id=995070,https://simania.co.il/showReview.php?reviewId=137661,"מעטים הכירו את קרביו של מטרופולין שיקגו כמו מייק הודג', עיתונאי וטייס לשעבר במלחמת העולם הראשונה, פוליטיקאים, גנגסטרים , פרוצות, מבריחי אלכוהול, מוסיקאי ג'אז ונוכלים- על כולם כתב באומץ רב, אולי היה עליו להביא זאת בחשבון כשהתאהב באנני וולש, שמשפחתה זכתה ליחס מועדף מהאנשים השולטים בסמטאות האחוריות והאפלות של העיר. מצד שני, אולי רוצחה של אנני וולש היה צריך לקחת בחשבון שלא מתעסקים עם מייק הודג'.
שיקגו- מותחן רחב יריעה וחזק, על עיר הרוחות הקרות הנתונה לשלטון המאפיה, בשנות ה-20 של המאה הקודמת, רומן ראשון זה עשרים שנה לדייוויד מאמט שהיה מועמד לאוסקר על התסריטים של ""הבלתי משוחדים""
ו-""לכשכש בזנב"" וזכה בפרס פוליצר על המחזה ""גלנגרי-גלן-רוס"".
בתיאור עיר המאוכלסת במושחתים, ציניקנים וקורבנות פשע, טווה דייוויד מאמט סאגה קשוחה על נקמה ובוגדנות, הוא מערב דמויות בדיונית מבריקות עם דמויות אמיתיות בנות התקופה (בניהן ראש המאפיה אל קאפון) ובוחן תוך כדי כך שאלות של כבוד, רמייה, מסירות ונקמנות.
שיקגו המתרחש בעיר הולדתו, הוא הרומן שאליו התכונן מאמט במשך כל הקריירה שלו, מהיריות בפתיחה ועד לסיום המדהים, שיקגו היא אחת מאותן יצירות ספרות נדירות : כתיבה אלגנטית מרהיבה עם עוצמה רבה ואנרגיה עזה.
""דייוויד מאמט מסנוור את עיני קוראיו בבניית מגדלי קלפים משוכללים ומוליכי שולל אשר משתעשעים בציפיותיהם"" -לוס אנג'לס טיימס
""כל הדברים שעושה דייוויד מאמט הם חזקים ומהודקים, כנים ופרובוקטיביים, מקוריים וסוחפים"" -ניו יורק טיימס בוק ריוויו
יותר מכול סופר אחר בן דורו,אולי, דייוויד מאמט מזכיר את ארנסט המינגווי- המגזין ניו יורק.",,,,,,362-6031,,,he,Paperback,3.8,6,3,931,20,0,1
137660,2026-09-08T04:46:50.000Z,2,3,רוני pery,2978,קצת קשה לי עם הז'אנר שכל פרק עוסק בדמות אחרת וחוזר חלילה. זה מפריע לי לריכוז ומבלבל אותי. כמו כן מהר מאוד איבדתי עניין כיוון שלא היה לי מספיק מעניין.,38037,השעות [מהדורת 2001],מייקל קנינגהם,כרמית גיא,כתר,2001,193,ספרות,ספרות מתורגמת,https://cdn.simania.co.il/bookimages/covers3/38037.jpg,https://simania.co.il/bookdetails.php?item_id=38037,https://simania.co.il/showReview.php?reviewId=137660,"""השעות"", זוכה פרס פוליצר (1988) ופן פוקנר (1988), הוכרז כספר הטוב ביותר לשנת 1988 על ידי ""ניו יורק טיימס"" , ""לוס אנג'לס טיימס"" , ""בוסטון גלוב"" ו""שיקגו טריביון"". ניו יורק, סוף המאה העשרים: קלריסה ווהן, עורכת ספרים מצליחה, מתכננת מסיבה לחברה הטוב, משורר חולה איידס שזכה בפרס ספרותי חשוב. לוס אנג'לס, 1949 : לאורה בראון, עקרת בית מתוסכלת, מתכוננת ליום ההולדת של בעלה אך לבסוף בוחרת להסתגר בחדר בבית מלון ולקרוא את ""מרת דאלווי"" של וירג'יניה וולף. לונדון -  1923 : בוקר אפרורי אחד מתעוררת וירג'יניה וולף מחלום שיוביל לכתיבת ""מרת דאלווי"". ביד וירטואוזית מפגיש מייקל קנינגהם את הסופרת, גיבורת הרומן שלה והקוראת, בעירוב מרתק של זמנים, ההולך וצובר תאוצה כאשר שלושת חלקיו של הסיפור מתחילים להדהד זה את זה. השעות הוא יצירה מאלפת, מורכבת ובעלת עצמה שמתעמקת במצבו הקיומי של האדם  -  הבדידות, הכמיהה לאהבה ולקשר אינטימי, והריקנות שאין בכוחן של המסגרות החברתיות או המשפחתיות לפצות עליה. יחד עם זאת, ואולי מעל הכל  -  זוהי יצירה שמבקשת להזכיר לנו את יכולתו של האדם, ולו ליום אחד, להתפייס עם החיים.",,The Hours / Michael Cunningham,,,,10-275756,כתר - סדרה לספרות יפה,,hebrew,Paperback,4.1,59,8,7028,110,1,1
137659,2026-09-07T15:57:25.000Z,0,4,אסתו'ש,223398,"את מאירה ברנע גולדברג קצרה היריעה מלהכיל , היא עורכת תרגום , מרצה , יוצרת התוכן בפייסבוק הכי הכי שיש של פוסטים שאני הכי אוהבת לקרוא , וכמובן שהיא סופרת בחסד עליון , סופרת מופלאה שכתבה את סדרת הספרים כראמל בעקבותיה אף יצאה סדרה יפה מהנה ומשעשעת בה צפיתי יחד עם בתי כשהיתה ילדה , אך ראשית לכל היא אמא של אבישי המדהים ונשואה לחנן אהובה שאת הפוסטים עליהם אני הכי נהנית לקרוא כי מאירה כמו מאירה כותבת חד , שנון , מסקרן , מפתיע ובמלא הומור ולכן לא יכולתי שלא לקרוא את ספרה האחרון סבתא בורחת מהבית , כשההשראה לספרה היתה סבתה של מאירה שגם היא מככבת בפוסטים בפייסבוק .

מה הייתם עושים אם יום אחד הייתם מקבלים הודעה שסבתא שלכם  פשוט… ברחה מהבית ?
ועוד בעקבות סוד משפחתי ישן ?!?!

בכתיבה ישירה וייחודית המדבררת את הדמויות בשפתם המקורית האותנטית , בשנינות משעשעת והומור קולח , מאירה מספרת את סיפורה של סבתא לאה בת ה98 ,     אישה עצמאית ונחושה שמסרבת לקבל את החלטת המשפחה להעביר אותה לדיור מוגן .
היא מסתייעת בעזרה יומיומית בכריסטין המטפלת הפיליפינית שגרה עימה שמשפחתה דאגה לסדר לה עד אשר תסכים לעבור לדיור מוגן . 
לסבתא לאה יש נכד בשם נתי , הוא חסר אחריות  ולא טיפוס  מתחשב .

לאה נחושה בדעתה ויום אחד פשוט נעלמת למשפחתה יחד עם הסוד המשפחתי אותו מסתירה המון שנים , 
בני משפחתה המומים , נלחמים , וחוששים לגורלה . ויוצאים לחפש אותה .
לאה מעבירה את עצמה ואת בני משפחתה הרפתקה מטלטלת , ובריחתה מרחיקה אותה מהבית , אך מחזירה אותה ואת כל בני משפחתה למקום שבו הם צריכים להיות ....
ממה לאה ברחה ? ואיזה סוד הסתירה מבני משפחתה ?

תוכלו לקרוא בספר סבתא בורחת מהבית , ספר שנון , מהנה , ולי אפילו גרם לצחוק בקול כמה וכמה פעמים ...
ספר שכיף לפתוח איתו את השנה .
מומלץ בחום 🫶🏻📖",1026294,סבתא בורחת מהבית,מאירה ברנע-גולדברג,,כנרת זמורה דביר,2026,219,ספרות,ספרות מקורית,https://cdn.simania.co.il/bookimages/covers102/1026294.jpg?v=1772051753412,https://simania.co.il/bookdetails.php?item_id=1026294,https://simania.co.il/showReview.php?reviewId=137659,"על שולחנו של עידן, באמצע ישיבה חשובה, מונח פתק קצר ובו כתובות שלוש מילים בלבד:
""סבתא ברחה מהבית"".
סבתא לאה בת התשעים ושמונה לא מוכנה לעבור לדיור מוגן. כשהנכדים שלה מחליטים לשכור עבורה עובדת זרה, לאה זועמת ומחליטה לקחת את גורלה בידיה ולצאת למסע בעקבות סוד משפחתי ישן. להרפתקה המוזרה מצטרפים נתי - הנכד האגואיסט וחסר האחריות שלה - וכריסטין המטפלת הפיליפינית, שיש לה עניינים משפחתיים לא פתורים משל עצמה.
סבתא בורחת מהבית הוא הרומן הרביעי למבוגרים של הסופרת המצליחה מאירה ברנע־גולדברג, מחברת רבי־המכר כמה רחוק את מוכנה ללכת, משפחה לדוגמה ומסעותיי עם חמותי, ומי שעומדת מאחורי סדרת כראמל שכבשה את ליבם של הילדים בישראל.
השנינות, הקצב והישירות האמיצה המאפיינים את כתיבתה של
ברנע־גולדברג יוצרים בעת ובעונה אחת סיפור קליל, מותח ומשעשע, ודרמה נוגעת ללב על יחסים בין־דוריים סבוכים, על קנאת אחים שיכולה לשבש מהלך חיים שלם ועל מחילה אפשרית שיכולה לקרות בכל רגע, גם בערוב הימים.
״כתיבתה של ברנע־גולדברג קולחת, סוחפת וממכרת.״ שפרה הורן
""דמויות בלתי נשכחות שיגרמו לכם לרצות לחבק את המשפחה שלכם יותר מתמיד."" ליעד שהם

מאירה ברנע־גולדברג (ילידת 1978) היא סופרת למבוגרים, ילדים ונוער, מרצה ועורכת.
נשואה ואם לבן, נולדה וגדלה בפתח־תקווה, שבה היא מתגוררת כיום.
את דרכה בעולם הספרות החלה כמוכרת בחנות ספרים.
סדרת הילדים והנוער שכתבה כראמל דורגה במקום השני ברשימת 25 הספרים הטובים והחשובים לילדים ולנוער מאז תחילת
המאה ה־21.
על הסדרה זכתה בשנת 2018 בפרס שרת התרבות והספורט על שם דבורה עומר, בתחום היצירה הספרותית העברית
לילדים ולנוער.",,,,,,,,,he,Paperback,3.9,19,7,421,11,1,1
137658,2026-09-07T11:35:20.000Z,0,5,אבק ספרים,75321,"אז ככה מרגיש מסע בזמן

אחרי הספר הזה ניתן לומר בפה מלא, שיואב בלום, יותר משהוא אוהב לכתוב את הסיפור עצמו, הוא אוהב לנבור במטא-סיפור ובדרך זו לשחק במוחם של הקוראים.
ארגז החול שבו מתפלשות הדמויות הפעם הוא המסע בזמן, מה שהופך את הארגז - לשעון, והקורבנות מתגלגלים בתוך שעון החול הזה, אך הפעם באופן מפתיע הקורבנות הם לא רק דמויות בעלילה, אלא גם האצבעות שלנו, הקוראים, ותכף אסביר למה. 
העלילה נפתחת בהירצחו של פיזיקאי גאון - פרופ' יוני ברנד - שעמד לבשר לעולם על המצאה היסטורית והיסטרית: מכונת זמן שאשכרה עובדת. אל הזירה נקראים (עוד קודם לאירוע) צמד בלשים, גבר נוירוטי משהו שמתפרנס ממופעי קסמים וליצנות, ושותפתו, שעובדת כספרנית ומתפקדת כצד השקול בכל הסיפור. זהו צמד-חמוד מוזר שקשה שלא לחבב, וצר לי שבלום לא הקדיש להם זמן מסך רב יותר. מגיע להם. הם חמודים, והייתי שמח לראות אותם דופקים הופעה ביקום אחר פרי מוחו המקורי של בלום. 
בבחירה גאונית, החל מעמוד מאה, האצבעות שלנו הקוראים מפסיקות לדפדף באופן לינארי. אף אנו הקוראים נשאבים אל תוך מכונת הזמן, וכדי לעקוב אחרי רצף העלילה ההגיוני, עלינו להיצמד לתוכן עניינים שמורכב מהמסעות בזמן שערכו הפיזיקאי וחבריו - מסעות אל ילדותם, בגרותם, וגם הרחק הרחק אל שנים מרתקות בהיסטוריה - כל מסע מתחיל בעמוד אחר בספר, ולכל מסע כזה יש השפעה על התוצאה הסופית, ואנו הקוראים נדרשים ללקט את הרמזים ולנסות לפענח את הרצח. ותאמינו למישהו שניסה ונכשל - נדרשת חדות עין מיוחדת על-מנת להבחין ברוצח מבעד לחוטי העלילה המסובכים בזמן עצמו. העלילה עצמה מרגשת לעתים עד דמעות, ויש בה אמיתות רבות בסגנון 'אני והחבר'ה', והן לא נאמרות באופן קלישאתי.
הספר מסתיים בתפנית עגומה, אבל מובנת והגיונית. אין פרדוקסים בספר. דבר מוביל לדבר, ורק אנו הקוראים - העייפים מדפדוף לא אינטואיטיבי - היינו עיוורים מכדי להבחין ביד שאחזה באקדח.
מילה על טכניקת המסע בזמן של יואב בלום: התחושה היא שהפעם הדבר נעשה כמו שצריך (זו פיזיקה רצינית, לא משחק לילדות בנות 13 מגריפינדור, למען השם!). אז בלום מסמן עיגול של חוקים נוקשים מאד מסביב למכונת הזמן (עם גיר לבן, אם תרצו), ודואג לטפל תיאורטית בכל הבעיות האפשריות שמסע בזמן עלול לעורר. הוא לא צולל ראש מיד על ההתחלה ומצפה שנבוא כעדר נאמן בעקבותיו, אלא מקדיש פרק תיאורטי שלם בתחילת הספר, ונותן את הרושם שהוא חקר את הנושא לעומק, תחת כובעו של פרופסור ברנד, ולכן, גם היציאה מהספר היא בתחושה טובה: אף חוק לא נפרץ. יש שאלות שלא נענו, כמו איך לעזאזל אפשר לנוע אל מציאות אחרת וקדומה מבעד לחלון אלקטרומגנטי, אבל סתירות גלויות לא זועקות מתוך הספר הזה.

קדימה אל ספר המטא הבא של בלום, שיצא רק החודש: הסופר.",1008758,כהרף עין,יואב בלום,,כתר,2023,368,ספרות,ספרות מקורית,https://cdn.simania.co.il/bookimages/covers100/1008758.jpg,https://simania.co.il/bookdetails.php?item_id=1008758,https://simania.co.il/showReview.php?reviewId=137658,"פרופסור יהונתן ברנד, פיזיקאי בעל שם עולמי, קוסם חובב ושתיין שוקו, חולם על האפשרות לנוע על ציר הזמן, להציץ מקרוב באירועים היסטוריים ולדלג על משוכת האיפה והמתי. הוא חקר את הנושא במשך שנים, בטוח שאפשר לפתוח שער בזמן, ושצפה מראש את כל הבעיות שעלולות להתרחש בעקבות פריצת הדרך שלו: הסכנות, הפרדוקסים, אפילו היוהרה. אבל מתברר שלנסות לבנות מכונת זמן זה עניין של חיים ומוות.

כאשר מתגלה גופתו של ברנד בחדר העבודה שלו, מוצאים את עצמם זוג בלשים פרטיים חסרי ניסיון במרכזה של תעלומת רצח. בנימין ""באנקר"" קרונוביק (שחקן כושל וליצן במסיבות) ואביגיל כנעני )ספרנית נחבאת אל הכלים) רגילים להשלים הכנסה במציאת חתולים אבודים, אבל עכשיו הם מושלכים לזירת רצח שיש בה גופה, תעלומה שנדמה שאי אפשר לפצח, ואוסף של חשודים: קבוצת חברי הילדות הוותיקה של ברנד, שכל אחד מהם שומר סוד משל עצמו.

כהרף עין הוא רומן מתח מרתק ואינטליגנטי להפליא שמטיס את הקוראים במרחבי הזמן והמקום, מוביל את העלילה במיומנות אלגנטית בפיתולים מפתיעים ובה בעת בוחן ברגישות את נבכי הנפש.

זהו ספרו החמישי של יואב בלום, מחבר רבי־המכר 'מצרפי המקרים', 'המדריך לימים הקרובים', 'הקבוע היחידי' ו'מה שאחרים חושבים בי'. ספריו זכו להצלחה בקרב עשרות אלפי קוראים ותורגמו לשפות רבות.",תעלומה שדורשת זמן,,,,,10-279920,כתר - מקור,,he,Paperback,3.9,22,6,1912,22,0,1
137657,2026-09-07T09:10:53.000Z,5,12,עומר ציוני,51951,"אחד הספרים הטובים ביותר שקראתי לאחרונה. גור אלרואי הוא הסטוריון, אבל כבר בתחילת הספר הוא ""מזהיר"" שאין מדובר כאן במחקר היסטורי העומד בכללי האקדמיה. מצד שני - הוא אינו סופר וזהו איננו ספר קריאה. התוצאה היא ספר שמערב את הכל יחד - כתוב ברמת מחקר היסטורי (כולל מראי מקום ורשימה ביבלוגרפית), אך גם ספר שנכתב מנקודת מבט אישית על בסיס חוויות שחווה הכותב במסגרת שרותו ביחידת אית""ן. 
וכאן גם סוד קסמו של הספר, לעניות דעתי. החוקר ההיסטורי שנמצא בתוכו של גור אלרואי דחף אותו לבצע עבודה מחקרית עמוקה, המתבססת על דרכי מחקר אקדמיות בחקר ההיסטוריה. אבל הוא הוסיף מימד אישי וחקר והעמיק כשהוא מנסה להבין ולאסוף את כל הידוע לו על הנעדר בו התרכז. ומתוך חוויה זו אנחנו לומדים על האנשים שהרכיבו את ""העם"" שנלחם במלחמת העצמאות. מאיפה באו, איך התגלגלו בקיבוצי ומוסדות התנועה הציונית, מה היה יחסם להוריהם, אחיהם וחבריהם. 
גור אלרואי מביא לנו את דברי המספידים, אותן מילים רשמיות שרחוקות הרבה פעמים מהמציאות בה חיו הנופלים. וכאן טמון כל הקסם. הגיבורים שלנו היו אנשים. נשים וגברים אמיתיים מאד. על אהבותיהם, הצלחותיהם וכשלונותיהם. ואלרואי חושף גם את המלחמה ההיא במערומיה - יחידות לא מאורגנות (הפלמ""ח למשל מול ""צבא ההצלה"") בלי תיעוד מתאים, עם רצף של כישלונות. ובתוך כל המהומה - אכזריות, חילול כבוד המתים, וקברי אחים שהביאו לאיבוד חלק מהנופלים. מארג מטורף ומדהים שחיכה לחוקר כמו גור אלרואי שיבוא ויחקור וימצא את האמת.
ספר מטלטל, מחכים ומרגש. לפחות אותי...",1020719,ולא נודע מקומם,גור אלרואי,,ידיעות ספרים,2023,290,ישראל וציונות,ציונות,https://cdn.simania.co.il/bookimages/covers102/1020719.jpg,https://simania.co.il/bookdetails.php?item_id=1020719,https://simania.co.il/showReview.php?reviewId=137657,"לאן נעלמו מרדכי, דוד, יעקב, יצחק, יוּרֶק וליבּקה? שנים שאיש לא ידע את מקום קבורתם של שישה מנעדרי תש""ח, עד שסיפוריהם נחשפו בעקבות חקירותיו העיקשות ורבות־השנים של פרופ' גור אלרואי, חוקר ביחידה לאיתור נעדרים (אית""ן), אשר משנת 1989 ועד שנת 2022 איתרה את קבריהם של 53 מנעדרי מלחמת העצמאות. וְלֹא נוֹדַע מְקוֹמָם מגולל את קורותיהם של שישה נעדרים מקרבות תש""ח. בשפה קולחת ומרתקת מתאר אלרואי את עבודתו כחוקר ביחידת אית""ן ופורש בפני הקוראים את הגיגיו ואת ניתוחיו בנוגע לקורות הלוחמים ולפעולותיהם. כמו הדרך המתפתלת אל בית העלמין בקריית ענבים, שבו נקברו מרבית חללי חטיבת הראל, כך מתפתלים גם הסיפורים, נפרדים לעלילות משנה על קרבות ועל נופלים, מתפזרים בין שלל מאורעות התקופה ומגיעים לבסוף אל הנחלה ואל פתרונם. החקירות באשר לנסיבות נפילתם והיעלמותם של ששת גיבורי הספר החזירו אותם לתודעה הלאומית, וכפועל יוצא חזרו לתודעה גם חללי תש""ח, ובהם נופלי הפלמ""ח, שסיפוריהם שזורים בסיפורי השישה. וְלֹא נוֹדַע מְקוֹמָם מגולל גם את סיפורהּ של מלחמת העצמאות על צדדיה הכואבים והמכוערים, על הנחישות, ההקרבה וההתמדה של הלוחמים, וגם על המחיר האישי הכבד ששילמו בני דור תש""ח. גיבורי הספר היו שישה מתוך 6,000 שמסרו את נפשם במלחמת העצמאות, וגם שישה מתוך 600 אלף אזרחים יהודים צמאי עצמאות. 
פרופ' גור אלרואי הוא חוקר ומרצה בחוג ללימודי ישראל באוניברסיטת חיפה. הוא היסטוריון העוסק בחקר החברה היהודית המזרח־אירופית והיישוב היהודי בארץ ישראל במחצית הראשונה של המאה ה־20.","שישה נעדרים בקרבות תש""ח",,,,,,,,he,Paperback,5,1,1,62,2,0,1
137656,2026-09-07T07:11:06.000Z,4,11,rea,165045,"הסיפור הוא על יעל, שנמצאת בשיקום בבית אחרי תאונה קשה. בזמן שהיא מנסה להחלים, היא קולטת שהיא נדחקת החוצה מהמשפחה שלה. בעלה מפתח קשר סופר אינטנסיבי ועוטף עם הבת שלהם, ויעל מתחילה לחשוד שמשהו פה ממש לא תקין. מה שגאוני בספר הזה זה המשחק הפסיכולוגי. כל הזמן נעתי בין המחשבה שבעלה הוא נרקיסיסט מניפולטיבי שעושה לה ""גזלייטינג"" מטורף, לבין החשד שאולי יעל פשוט איבדה את זה מרוב קנאה ותרופות. זה ספר קצר, מהודק, שנוגע בצורה הכי מדויקת ומצמררת שיש בהתעללות רגשית שקטה ובספק עצמי. סיימתי אותו ביומיים כי פשוט הייתי חייב לדעת מה המציאות.
הספר יצא בהתחנה הוצאה לאור.
עורכת הספר: עלמה כהן ורדי.
ספר חדש ייצא בימים האחרונים. 
ספר מומלץ מאוד לכולם",1028637,הכלוב של הדובים,אורנה ורכובסקי,,התחנה,2026,254,ספרות,ספרות מקורית,https://cdn.simania.co.il/bookimages/covers102/1028637.jpg?v=1788724326731,https://simania.co.il/bookdetails.php?item_id=1028637,https://simania.co.il/showReview.php?reviewId=137656,"יעל נמצאת במערכת נישואים אוהבת עם בעלה עמית. כשלזוג נולדת בת, טילי, כולם מתפעלים מעמית, שנכנס בטבעיות לתפקידו החדש כאבא, מכרכר סביב טילי, מפנק אותה, נושא אותה על כפיים, וגם יעל שמחה לגלות שבעלה הוא אבא מסור.

הילדה גדלה, ועמית וטילי מבלים ביחד כל הזמן, הוא מרעיף עליה אהבה והיא משיבה לו בהערצה. כשיעל עוברת תאונת דרכים ובעקבותיה שיקום ממושך, היא מתחילה להרגיש שהגבולות בבית מיטשטשים ומוצאת את עצמה מודרת ונדחקת הצידה. האם משום כך היא מתחילה לחשוב כי יש דבר מה לא בריא ביחסים שבין בעלה לבתה? האם בעלה הוא נרקיסיסט, מתעלל רגשית, אולי אפילו מתהלך בפאתי האזור המסוכן של גילוי עריות, או שהיא זו שפסיווית, חלשה, ובקצרה אם לא טובה דייה – שפשוט מקנאה?

הכלוב של הדובים הוא ספרה השני של אורנה ורכובסקי, מחברת כל העומרים שהיו לה, שראה אור בהוצאת כנרת וזכה בפרס שר התרבות להוצאת ספר ביכורים. גם הפעם היא הוציאה תחת ידיה ספר כתוב להפליא, דק אבחנה והופך קרביים, אשר גורם לקורא לתהות ולחפש אחר האמת החמקמקה.",,,,,,,,,he,Paperback,4.7,3,2,102,0,0,1
137655,2026-09-07T02:18:12.000Z,3,3,ליליאן די,325886,"יש ספרים שיודעים בדיוק איך לתפוס אותך בצווארון מהשורה הראשונה: קצב מהיר, שפה קולחת, תנופה עלילתית ממכרת, ותחושה מבטיחה של דפים שנבלעים מעצמם. ג'ולי קלארק בהחלט יודעת לספר סיפור, להיכנס לראשי הדמויות שלה ולייצר פתיחה שמזניקה את הדופק ללא מאמץ.
במרכז העלילה עומד משחק חתול ועכבר מודרני בלוס אנג'לס, המסופר לסירוגין בקולן של שתי נשים חדות: מג ויליאמס, אמנית הונאות מתוחכמת שמפילה גברים טורפניים ומושחתים, וקאט רוברטס, עיתונאית חוקרת שנאבקת להוכיח את ערכה בעולם תחרותי ורוויי גברים, ונושאת צלקת ישנה ובוערת מתרמית עבר שמג חתומה עליה. כשהדרכים שלהן מצטלבות מחדש, נפתח מסע של אינטרסים מנוגדים, חשדות סמויים וזהויות מתחלפות.
החצי הראשון עובד מצוין. הכתיבה זורמת, רעננה ומלאת חיות, והמחשבות של מג מרתקות ומסקרנות במיוחד. הניצוץ הראשוני שלה לא נולד מתוך רשעות או קלקול מוסרי, אלא מתוך צורך קיומי פשוט בקורת גג; רק כשנחשפה העוולה שנעשתה לחברתה הקרובה, המניפולציה הפכה לנקמה אישית וטעונה. הדיאלוגים בחלק הזה חדים, המבט הפנימי של הדמויות סוחף, והקריאה טסה קדימה בהנאה גדולה.
אלא שבתוך המבנה הקצבי הזה מסתתר באג עלילתי ופסיכולוגי מהותי: המהירות שבה מג הופכת פתאום, כמעט יש מאין, לגאונת זיופים ומאסטרית של הונאות מורכבות. שום דבר באישיותה קודם לכן לא הכשיר את הקרקע לקפיצה כה דרמטית, והפער בין הצעירה הפגיעה שנאבקת לשרוד לבין ארכיטקטית-על של מזימות מושלמות גדול מדי מכדי לעבור בצורה אמינה.
הבעיה מעמיקה סביב עמוד מאתיים: ברגע שמג וקאט מתקרבות והופכות שותפות לאותו מרחב, המנוע של הספר מתחיל לדשדש. המתח הפסיכולוגי שהחזיק את העסק באוויר מאבד גובה, והיחסים ביניהן הופכים למעיקים, נמרחים ובלתי נסבלים למעקב.
החולשה המרכזית מכה במלוא עוצמתה בסיום. מותחן איכותי יכול להסתדר בלי טוויסט מפוצץ, אך הוא חייב להציע משמעות, גילוי או תנועה נפשית אמיתית. כאן, השליש האחרון מתקפל אל תוך סגירה בנאלית, צפויה ושטחית שלא חידשה דבר. העובדה שמג אינה נוכלת פשוטה של בצע כסף הייתה גלויה וידועה כבר מראשית הדרך; העובדה שהיא יוצאת מנצחת וקאט הופכת לממשיכת דרכה אינה נושאת שום משקל רגשי או עומק אנושי חדש. הכול נסגר בקלות רבה מדי, באפס מחיר אישי וברווח פסיכולוגי אפסי לקורא.
שלושה כוכבים – בזכות שפה כיפית, קצב סוחף וחצי ראשון מהודק שתפס אותי היטב, אך מול חצי שני מאכזב שהתנדף במהירות והתגלה כקלוריות ספרותיות ריקות.",1008393,השקרים שאני מספרת,ג'ולי קלארק,רחל פן,פן | ידיעות ספרים,2023,318,ספרות,מתח ריגול והרפתקאות,https://cdn.simania.co.il/bookimages/covers100/1008393.jpg,https://simania.co.il/bookdetails.php?item_id=1008393,https://simania.co.il/showReview.php?reviewId=137655,"מחברת רב-המכר הטיסה האחרונה במותחן חדש על שתי נשים שמחפשות נקמה – או שמא צדק?

שתי נשים. זהויות בדויות רבות.

מג וויליאמס, מגי ליטלטון או מלודי ווילד – אותה אישה בשמות שונים, תלוי בעיר, תלוי בעבודה – היא נוכלת שהופכת את עצמה למי שצריכים שתהיה – סטודנטית בקולג', מאמנת אישית לחיים, מתווכת נדל""ן. שום דבר בה אינו אמיתי. היא אומרת לך בדיוק את מה שאתה רוצה וצריך לשמוע, אבל כשהיא תעזוב, תישאר ככל הנראה בלי כלום.

קאט רוברטס מחכה כבר עשור לשובה של האישה שהפכה את חייה על פיהם. כעת, משזו חזרה, קאט נחושה להיות מי שתחשוף אותה. אך ככל ששתי הנשים מתקרבות, הנחות היסוד הקודמות של קאט מתחילות להתפורר והיא מוצאת את עצמה תוהה מהי מטרתה האמיתית של מג. 

השקרים שאני מספרת הוא מותחן גדוש תפניות, הצולל עמוק אל תוך נפשן ורצונותיהן של שתי נשים ומתלווה למסען הבלתי מתפשר לתקן את העבר ולכתוב מחדש עתיד טוב יותר. 

ג'ולי קלארק היא מחברת הטיסה האחרונה, שתורגם ליותר מעשרים שפות והיה לרב-מכר בארץ ובעולם. קלארק מתגוררת בלוס אנג'לס עם משפחתה.",,The Lies I Tell / Julie Clark,,,,,,,he,Paperback,4,16,7,1711,19,0,1
137654,2026-09-06T13:21:29.000Z,5,9,בר,163000,"הספר הזה מתעתע. אבל דווקא בגלל זה מצאתי אותו כך כל טוב. 

העלילה מתחילה מסיפור היכרותם של סיידי וסם, שני ילדים בני 12 שנפגשים בבית החולים. סם עבר תאונת דרכים מחרידה וכף הרגל שלו במצב חמור, בעוד סיידי נמצאת שם בגלל טיפולי הכימותרפיה של אחותה. בין השניים נוצר קשר שבסיסו במשחקי מחשב שהם משחקים יחדיו. ללא מילים הם עוזרים זה לזו לצלוח את התקופה הקשה. הספר עוקב אחר מסעם של סיידי וסם לאורך השנים, מהיכרותם הראשונית ועד הפיכתם לשותפים עסקיים בחברת משחקי גיימינג. 

זה מתחיל מספר חביב על יחסים בין בני נוער, לפעמים זה אפילו הרגיש לי מעט ילדותי אבל בהמשכו של הספר מתגלים רבדים עמוקים ואפלים. מסוג אותם הספרים שההמתנה בהם משתלמת. 

היופי בספר זה שהוא מצליח להביא אל הקורא את עולם הגיימינג בצורה נגישה ואמנותית. התיאורים הבלתי פוסקים על עיצוב המשחקים הכניסו אותי אל עולם מופלא ודמיוני. עולם בו כל אחד יכול להצליח להיות קצת ממה שאינו במציאות. 

הספר מדבר על גיימינג כבריחה מהעולם שבחוץ אך בדרך חיובית. קהילה, סיפור, השקעה בבניית הדמות שלך. כל אלו הם רק חלק קטן מעולם כל כך נרחב. אהבתי שנתנו לי הצצה עמוקה אל עולם שאני מכירה במקצת אבל הצליחו לגייס אותי להרגיש ממש חלק ממנו. ומעבר לנושא הגיימינג הספר מצליח להעביר יחסים בין-אישיים מורכבים בין הדמויות וליצור הזדהות כמעט עם כולן. 

אהבתי, השכלתי וגם התרגשתי. 

""מרבית שנותיו סם התקשה להגיד ""אני אוהב אותך"". הוא חשב שנעלה יותר להפגין אהבה במעשים. אבל עכשיו זה נראה פתאום הדבר הכי קל בעולם. למה לא להגיד למישהו שאוהבים אותו? אם אתה אוהב מישהו, תגיד לו שוב ושוב עד שיימאס לו לשמוע את זה. תגיד לו עד שהמילים יאבדו את משמעותן. למה לא, לעזאזל? ברור שכן.""",1007176,מחר ועוד מחר ועוד מחר,גבריאל זווין,טל ארצי,תכלת,2023,463,ספרות,ספרות מתורגמת,https://cdn.simania.co.il/bookimages/covers100/1007176.jpg,https://simania.co.il/bookdetails.php?item_id=1007176,https://simania.co.il/showReview.php?reviewId=137654,"בבוקר יום קריר בדצמבר, יורד סם מזור מהרכבת התחתית ורואה, בין המוני האנשים על הרציף, את סיידי גרין, חברת הילדות שלו. הוא קורא בשמה, אבל היא מעמידה פנים שלא שמעה אותו. כשהוא לא מוותר, היא מסתובבת לבסוף, והמשחק מתחיל. המשחק שישנה את חייהם, המשחק שישנה את מי שהם.

המפגש המחודש הופך לפיצוץ של יצירתיות. סיידי וסם שוקעים בעולם משלהם כדי לברוא עולמות חדשים של משחקי מחשב. ההצלחה מגיעה, ואיתה כסף ופרסום, ואהבה, אבל היא מולידה גם כאב, שמכבה את כל המסכים. עכשיו הם צריכים לחפש דרך להמשיך את המשחק הזה, שקוראים לו החיים.   
  
מחר ועוד מחר ועוד מחר הוא ספר מהפנט, על כוחה של חברות, על האתגרים שמזמנת הצלחה, על הרגש שאי אפשר לדעת לאן הוא יוביל ועל היופי והפיוט שמסתתרים במקומות הכי לא צפויים. 

גבריאל זווין, מהסופרות הבולטות והמגוונות של דורה, חוזרת עם סיפור אהבה לא שגרתי, תוך שהיא בוחנת את העידן שבו אנו חיים, מחוברים למסכים, מכורים לטכנולוגיה, ועדיין מחפשים תשובות.",,"Tomorrow, And Tomorrow, And Tomorrow / Gabrielle Zevin",,,,,,,he,Paperback,3.9,24,10,2253,14,0,1
137653,2026-09-06T10:31:04.000Z,4,9,סדן,52184,"כפי שכתבתי כאן פעמים רבות. אני מאוד אוהב ביוגרפיות ואפילו יותר מכך אוטוביוגרפיות
וכאן בספר זה שבו מספרת שחורי על אימה, זהו בעצם ספר אוטוביוגרפי  עליה ועל קורות משפחתה
וזה תמיד מעניין כי לכל משפחה יש את הסיפור שלה... ביחוד בארץ הגירה כמו ישראל...
לאימה של יערה היו חיים מעניינים דווקא בצעירותה. כשהייתה בת שש עשרה נשלחה אל הדודים בארגנטינה
בגלל סיבות שאין טעם לפרט כאן. היא לא הייתה שם זמן ארוך אבל הספיקה ללמוד שם ספרדית
וגם לאחר שחזרה לארץ נסעה שוב; הפעם לאירופה, שבה הסתובבה חייתה שם וקלטה שפות אירופאיות נוספות.
בין השאר חייתה בקומונה בצפון איטליה ורכשה שם ידידים לחיים... בסופו של דבר כשחזרה לארץ התחתנה עם בן קיבוץ בגליל המערבי
ושם נולדו גם יערה ואחותה... אהבתי את העובדה שהיא איננה מסתירה דבר כולל סודות משפחתיים ודברים ""פחות נעימים לאוזן""
הספר בשפה קריאה וזורמת והוא כולל בין השאר גם כמה צילומים של הדמויות הנוגעות בדבר. 
כדאי לקרוא.",1027378,דיוקן עצמי של אימי,יערה שחורי,,כתר,2026,264,ספרות,ספרות מקורית,https://cdn.simania.co.il/bookimages/covers102/1027378.jpg?v=1778692963745,https://simania.co.il/bookdetails.php?item_id=1027378,https://simania.co.il/showReview.php?reviewId=137653,"במשפחת רוזנבוש תמיד חיו עם המתים. דרכו על גרונם, דיברו מפיהם, היסו את קולותיהם. מתים עלולים להגיד גם את מה שלא מוכרחים לשמוע. 

נערה נשלחת מתל אביב של שנות השישים אל הדוד בארגנטינה, להתחיל בחיים חדשים. בעודה במטוס, הדוד לוקה בליבו ומת. בבת אחת היא הופכת לאורחת לא רצויה, ונדרשת - לא בפעם האחרונה - להמציא את עצמה מחדש. 

לאחר מותה, בתה הסופרת מחליטה לכתוב את הגרסה שלה לסיפורה של אימה: אישה כרזימטית, מבריקה ושבורה מהיסוד. במהרה היא נאלצת לשכוח כל מה שהיא יודעת על כתיבה, כי גם אם הצליחה לכתוב גרסה אחת של האם, ישנן אלף אחרות. 

מתצלומים שדהו, מודעות בעיתון וארכיב פנימי, המחברת מותחת קווים אל הבית המחניק בתל אביב, ורשה שלפני המלחמה, בואנוס איירס, קומונה ליד מילאנו, ולבסוף קיבוץ. בין סודות מושתקים ופקעת של אשמה, היא מחפשת את הסיפור שהאם ניסתה לספר אך לא היה מי שיקשיב.

דיוקן עצמי של אימי הוא פורטרט מסחרר, שבו הכתיבה מתפקדת כמעשה אחרון של הצלה. זהו ספר הפרוזה החמישי של יערה שחורי, משוררת וסופרת, זוכת פרס ענון, והאישי מכל ספריה.",,,,,,,הסדרה הקטנה,,he,Paperback,3.3,4,3,167,1,0,1
137652,2026-09-06T08:34:35.000Z,0,6,לקרוא ברון - חנות ספרים,102077,"ספר פיוטי, מרגש ונוגע העוסק בנושא חשוב. במרכזו מוריה / הימאליה שבניגוד לכל סביבתה לא מוכנה להסתיר את הכאב. הכאב הפיזי אך בעיקר הנפשי הכרוך בחייים לצד אבא מכה. כפי שאני הבנתי את הספר הוא דן בשאלה: מיהו האדם הנורמאלי / הגיוני? ולמה בסופו של דבר מוריה זו שסובלת מאביה היא זו ש""זוכה"" להיכנס לבית חולים לחולי נפש ולא אביה? כמובן שהסיפור מלווה גם בסיפור אהבה שמתפתחת תוך כדי לאחר שמוריה נמלטת מהבית, אל העיר הגדולה ת""א. שם היא מוצאת מקלט בדירתו של מיכאל, בחור המשכן בדירתו שלושה אנשים תמהונים, גם לגביהם עולה השאלה: אולי דווקא הם הנורמאלים?
מוריה ואהוב ליבה מיכאל מתכננים לטייל ביחד בהרי ההימאליה. הסיפור נע בין מספר ממדים כמו עבר והווה וישראל לעומת הרי ההימאליה.
האם בסופו של דבר יצליחו מוריה ומיכאל לממש את אהבתם ולהגשים את תכניותיהם? תצטרכו לקרוא כדי לקבל את התשובה...",982448,הימאליה בשר ודם [מהדורת 2016],ינץ לוי,,כנרת זמורה ביתן,2005,237,ספרות,ספרות מקורית,https://cdn.simania.co.il/bookimages/covers98/982448.jpg,https://simania.co.il/bookdetails.php?item_id=982448,https://simania.co.il/showReview.php?reviewId=137652,"כשאנחנו פוגשים לראשונה את גיבורת הספר — מוריה, המכונה הימאליה — היא בוכה בעודה ""יושבת על אדן החלון, והמשקוף נותן אותה במסגרת"". מוריה לא רוצה עוד להסתיר את הכאב, אבל אפילו היא אינה יודעת שהיא מצויה על סף החלטה גורלית, כזו שתנפץ את כל המסגרות הכובלות אותה, כזו שתרחיק אותה מהאלימות שצופן הבית שלה, הנורמלי־לכאורה, המתפקד רק לכאורה — החלטה שתיקח אותה למסע מפתיע בעקבות החירות והאהבה.
דרכה של מוריה תישא אותה אל חוף הים הזהוב של תל אביב ואל רחובותיה האפורים, שיזמנו לה מפגשים עם אלה החיים בשולי החברה, עם חסרי בית וחסרי כול, ולבסוף עם מיכאל חסר המסכות. 
מוריה ומיכאל הנאהבים ישלימו יחד את מה שהחל על אותו אדן חלון וייגמר על פסגות ההימאליה, זו העשויה אבן ועפר וזו העשויה נפש ורוח.",,,,,,,,,he,Paperback,3,3,2,698,17,0,1
137651,2026-09-06T08:24:40.000Z,5,13,פאוסט,20161,"״כל בני האדם סובלים, אך כל אדם נשבר בנקודת סבל אחרת גם אם לא ישבר בחייו לחלוטין״
מדובר בספר מעולה. אחרי מלחמה ושלום רציתי להישאר באווירה של טולסטוי וחשבתי מה יהיה הספר הבא לקרוא, לא היה לי קשה להמשיך לאנה קרנינה והייתי בטוח שדווקא שם אסבול יותר, מדוע? חשבתי לעצמי שאם כל הספר יהיה סביב נשפים ואופרות ואינטראקציות חברתיות של הבורגנות ללא עומק אני אסבול ואולי אף אשבר אבל.... 
אז התחלתי לקרוא, בתחילה זה הרגיש ברחוב על יד מלחמה ושלום בסנט פיטרבורג, לאחר 50 שנים ממלחמה ושלום, במשפחה אחרת, ובהמשך הבנתי כי מדובר בספר בעל איכות אחרת. הפעם הנושא הוא רגשות, דעות, התחבטויות ובעיקר מלחמות אישיות ולא כלליות. את סצנות הקרבות של מלחמה ושלום החליף טולסטוי בציד, במרוץ סוסים ובאירועים גבריים נוספים שאין בהם עניין אלא דרך המחשבות של המשתתפים בהם. 

הדמויות עוברות מהפכים שכולנו עוברים כך או אחרת, המעברים בין שמחה לסבל שראיתי בעיני רוחי כפונקציה של sin x על הגרף. הפליא אותי לראות כיצד טולסטוי מתאר מה קורה בנקודות השיא או השפל של הגרף, בו בזמן שבן אדם אחר באותו רגע בדיוק רץ על cos x ההפוך מ-sin x והפוליפוניה הרגשית הייתה מדהימה. סיפורה של אנה קרנינה היה שולי מבחינתי למעשה אך הדגימה יפה מאוד מה קורה כשהרגש גובר באופן תבוסתני על התבונה. את אנה ראיתי בעיני רוחי כגרף בצורת cot x, דהיינו מאושר לא אנושי לשפל ממנו אין חזרה. דמותו של בעלה, אלכסיי אלכסנדרוביץ' קרנין, תפסה עניין עבורי במיוחד. הוא עבר תהפוכות לא אנושיות וניסה בכל כוחו להישאר אנושי, עד שהגיע למצב שמסר עצמו למדיום וככל המדיומים המראה לאדם שאם ימסור עצמו לחלוטין יטעה כפי שלא טעה מעולם. 
הספר מורכב, גאוני בעל כתיבה מפורטת ומפוארת. הכל יש בספר הזה, עולם ומלואו של תקופה. היה ארוך מאוד, והגילוי המהדהד שבו אינו מכה בך בבת אחת אלא מחלחל לאט, ככל שדפי הרומן נפרסים וחושפים מציאות שבה הדרמה האמיתית אינה מתרחשת בשדות הקרב המוזהבים של ההיסטוריה, אלא בתוך החדרים הסגורים של הנפש האנושית. טולסטוי בורא כאן מרחב שבו הקיום עצמו הוא הזירה, שבה היחסים הבין-אישיים והמוסכמות החברתיות החונקות הופכים לכר נרחב של עימותים פנימיים. לצד הטרגדיה השואבת של אנה, מציב טולסטוי את דמותו של לוין המשמשת כמשקולת נגד רעיונית ומוסרית, שבה החיפוש הבלתי נלאה אחר אמת פנימית ועבודת האדמה מייצרים דיאלוג מרתק בין ההתפרקות העירונית לבין האפשרות לגאולה פנימית ושקטה. 
הניגוד הבלתי פוסק הזה בין התפרקות לבין צמיחה, ובין הרס עצמי להשלמה, הוא שמציג את מנגנוני ההונאה העצמית של האדם ומעניק לחיבור את עוצמתו הנצחית כמסה פילוסופית עמוקה על טבע האושר ובעיקר טבע הסבל והמשמעות שאנו יוצקים לחיינו מתוך אלו.

הציון שלי 9 מתוך 10. 
ספר מרהיב, תקופתי אבל אנושי באופן קיצוני, אני ממליץ עליו בחום רב והמהדורה בתרגומו של שנהר הייתה מרהיבה בעיני, פעם ידעו לכתוב עברית שכלל אינני בטוח כמה נופלת מן המקור ברוסית.",951570,אנה קרנינה [מהדורת שוקן - 1976 | 2 כרכים],ל.נ. טולסטוי,יצחק שנהר,שוקן,1976,780,ספרות,ספרות קלאסית,https://cdn.simania.co.il/bookimages/covers95/951570.jpg,https://simania.co.il/bookdetails.php?item_id=951570,https://simania.co.il/showReview.php?reviewId=137651,"""אנה קרנינה"", אחד הרומנים הגדולים של טולסטוי, מחבר ""מלחמה ושלום"". לאחר הופעת שני הרומנים הללו הוכר טולסטוי כגדול סופרי רוסיה ואחד הסופרים החשובים ביותר בספרות העולמית.
גיבוריו של רומן זה הם בני דורו וזמנו של טולסטי, ועלילות חייהם ואהבותיהם מתפתחות על רקע תאור נרחב של החברה הרוסית.
דמוצה של אנה קרנינה, על תשוקתה, בגידתה וייסוריה, מרתקת את הקורא. האנושי והנשי שבבדמותה הגדולה הם שקבעו את מקומה שלה, ושל היצירה כולה, בספרות העולם.
האינטנסיביות של הרגשת החיים היא אחד הנושאים המרכזיים ביצירתו של טולסטוי. התגלות האנושי שבאדם: התשוקה, האהבה, הפחד, ובעיקר ההרגשה העזה של החיים והמוות, המתגלים בכל אדם בהתאם לאופיו ולייחודו, ועם זאת נוגעים לכל אדם באשר הוא אדם.",,,,,,,,,he,Paperback,4.7,31,8,6837,75,0,1
137650,2026-09-06T06:43:52.000Z,3,0,אורי החמודה,183049,אני  לא סיימתי את הספר קראתי 200 עמודים ציפיתי ליותר. קיטשי ברמות.,1028565,ספריית האהבה,שרה מאנינג,כנרת היגינס-דוידי,מודן,2026,340,ספרות,ספרות קלה - רומנים,https://cdn.simania.co.il/bookimages/covers102/1028565.jpg?v=1788438685007,https://simania.co.il/bookdetails.php?item_id=1028565,https://simania.co.il/showReview.php?reviewId=137650,"אחרי שורה של דיי טים גרועים, טֶֶס הארדי מתחילה לתהות אם תמצא פעם
את גבר חלומותיה, או שתיאלץ להסתפק בחלומות על הגברים שחיים בין דפי
הספרים האהובים עליה. ומי יכול להאשים אותה? בניגוד לגברים שהיא פוגשת
בחיים האמיתיים, הגברים מהספרים תמיד מעוניינים להיפגש, אפשר להתכרבל
איתם על הספה, הם אומרים את כל הדברים הנכונים ואף פעם לא ישעממו אותך
בסיפורים על כמה גרם חלבון הם אכלו היום...
לכן, כשהיא מוזמנת לביקור בספריית האהבה, מוסד בן מאתיים שנה שמבטיח
דיי טים עם הגיבורים הרומנטיים האהובים ביותר, טס מתקשה לעמוד בפיתוי. כאן
היא תוכל לשבת לדרינק עם הית'קליף מ'אנקת גבהים', או לצאת לארוחת ערב עם
רוצ'סטר מ'ג'יין אייר'. )מר דארסי, לצערה הרב, תפוס בחודשים הקרובים.(
יש רק בעיה אחת: גֵֵייבּ שארמה, הספרן הראשי החתיך והנרגן, מתנגד בכל תוקף
למיזם של ספריית האהבה. מבחינתו, הקסם הטמון בספרים מיועד למחקר אקדמי
בלבד, ולכן הוא נחוש לחבל בכל הדיי טים של טס.
כן, זו הסיבה היחידה.
ספריית האהבה הוא קומדיה רומנטית נוגעת ללב, שנונה ומצחיקה. זהו ספר
חובה לכל מי שאי פעם רצתה להיכנס לתוך ספרים אהובים ולפגוש את הדמויות
שמאכלסות אותם",,,,,,,,,he,Paperback,4,2,1,52,1,0,1
137649,,4,0,oded,110540,"סיום קצת חלש, אבל נהנתי לסיים",1012904,האל המכאני - ילדי איידוס: חלק ג',אורי כץ,,עצמית,2024,469,ספרות,מדע בדיוני ופנטזיה,https://cdn.simania.co.il/bookimages/covers101/1012904.jpg,https://simania.co.il/bookdetails.php?item_id=1012904,https://simania.co.il/showReview.php?reviewId=137649,"בספר השלישי והאחרון בטרילוגיית האל המכאני שתי מערכות מגיעות לשיאן: המלחמה העקובה מדם בין הילדים לטרולים, והמרי מול הרועה ומי שמבקשים לשמר את שיווי המשקל האכזרי שהוא אוכף.

ערפל המלחמה בין הילדים לטרולים פושט על האי, ובתוכו צועדים אלכס ולונה בדרכים נפרדות. המרחק החדש ביניהם מכריח את התאומים להשתנות, להיות יצירתיים וחדים מתמיד. שניהם מאיישים תפקידי מפתח בגזרתם, ועליהם להכריע מיהם בעלי בריתם, וחשוב מכך – מיהו האויב. הסיכוי להציל את חבריהם תלוי ביכולתם למצוא בתוך עצמם את הסגולות של התאום האחר, החצי המשלים. האם הדרכים שבהן אלכס ולונה צועדים יובילו אותם החוצה מאיידוס, ובחיים?

לקראת סופה של הטרילוגיה חלקי הפאזל השונים סוף־סוף מתחברים אלה לאלה וחושפים אמת מטלטלת. מי ייתן ושיווי המשקל יישבר. שני הספרים הקודמים בטרילוגיה הם ברית השמונה ו-המדליון של מתיאוס.",,,,,,,האל המכאני,3,he,Paperback,4,1,1,134,0,1,1
137648,2026-09-06T06:31:08.000Z,4,0,oded,110540,"כתוב מצויין, התחברתי",1010672,האל המכאני - ברית השמונה: ספר א',אורי כץ,,עצמית,2024,417,ספרות,מדע בדיוני ופנטזיה,https://cdn.simania.co.il/bookimages/covers101/1010672.jpg,https://simania.co.il/bookdetails.php?item_id=1010672,https://simania.co.il/showReview.php?reviewId=137648,"כאשר התאומים אלכס ולונה מתקרבים בטיסה אל האי המלאכותי איידוס, הם מצפים למצוא מאחורי חומותיו בית ספר תיכון עתידני. אך במקום זאת, הם נאלצים להילחם ברובוטים ובמפלצות, לצוד את ארוחת העשר שלהם ולראות את עמיתיהם נהרגים במהלך בחינות פתע. מדוע האקדמיה של איידוס ""השתגעה""? להיכן נעלמו המבוגרים שהיו אמורים לנהל את בית הספר? מדוע הורי התלמידים אינם באים לחלץ אותם?

התאומים נאספים על ידי קסנדרה, נערה בוגרת אשר מלמדת אותם כיצד לשרוד באיידוס. עד מהרה הם מגלים שלקסנדרה יש תוכניות משל עצמה, הטומנות בחובן סכנות, אך עשויות להיות כרטיס היציאה שלהם מבית הספר האכזרי. עליהם להחליט אם יש להם סיכוי טוב יותר לשרוד עם קסנדרה או בלעדיה.

ברית השמונה הוא הספר הראשון בטרילוגיית האל המכאני, סדרת ספרי מדע בדיוני מותחת, ממכרת ומתוחכמת. הקוראים מוזמנים לצלול אל העולם העשיר והמורכב של איידוס, ולפתור עם התאומים את הפאזל החידתי שבמרכזו, אשר קשור במהותו לאופי הקִדמה הטכנולוגית וההתנגדויות לה.",,,,,,,האל המכאני,1,he,Paperback,4.5,2,2,583,1,0,1
137647,2026-09-05T20:41:32.000Z,3,8,פלפל ירוק,133706,"לפני כמה שנים חטפתי שיגעון, חשבתי שאני רוצה להיות מורה. אמרו לי ""שליחות"" אמרו לי ""גיבורה"" גם סיפרו לי על אנשים שניסו והוכרעו על ידי המערכת. חשבתי שלי זה לא יקרה, ובטח הכל הגזמות.
בהפסקה אחרי שיעור ראשון, פרצתי בבכי (מול המנהלת). בכל זאת לימדתי תקופה קצרה-ארוכה, כל יום עבר בדריכות מתמדת. נשארתי יותר מידי זמן, אבל לא רציתי לוותר.
יש בספר קטע בו המורה כותב שעברו 4 שעות מאז התחיל יום הלימודים ועוד לא ישב פעם אחת. בול.
מורים יקראו את הספר ויראו בו תיאור מציאותי של מערכת כושלת, כל השאר אולי לא יבינו את עומק הדיוק.
למרות שהדבר הכי משמעותי, שהמורה אפילו לא מצליח לנסח לעצמו בבירור, זה שהתלמידים השתנו. אבל זה הכי מפחיד להגיד. כי הילדים הרי נסיכים, מי יעיז להלעיז עליהם?!
בכל מקרה הכתיבה טובה והספר קצר (למרות שיש לזה חסרונות).",1013133,המורֶה,אלון ארד,,קתרזיס,2024,142,ספרות,ספרות מקורית,https://cdn.simania.co.il/bookimages/covers101/1013133.jpg,https://simania.co.il/bookdetails.php?item_id=1013133,https://simania.co.il/showReview.php?reviewId=137647,"""המורֶה ישב מקופל תחת שולחן העבודה שלו. ברכיו צמודות אל החזה. ראשו נצמד אל הדופן הפשוט, העשוי סיבית־עץ. הוא חיבק את הרגליים בכל כוחו, שלא יברחו תחתיו, וממחסה זה האזין לסביבתו רוב קשב. רעש גדול בא וחלף. האם כבר בטוח לצאת?""

בבית־ספר תיכון בעיר גדולה, מורה אחד משתוקק לחזור הביתה ולחגוג בחברת אשתו את יום נישואיהם הראשון, אבל הדרך כבר אינה קלה כשהייתה. המרחק הקצר בין משרדו של המורה לבין שער בית הספר הפך כעת לדרך אפלה ומאיימת. כל צעד במסדרונות הצרים והמחניקים של המבנה הישן טומן בחובו סכנה, והגבול שבין מציאות לדמיון הולך ומיטשטש בזמן שהמורה נאלץ להתמודד עם המכשולים שמציבה בדרכו מערכת חינוך מתפוררת, גוססת לאיטה.

המורֶה הוא סאטירה פדגוגית פוסט ופרה־אפוקליפטית פרועה. אודיסאה בזעיר אנפין החושפת בהומור חד ונשכני את האבסורד הפושה במערכת החינוך הישראלית המוזנחת.",,,,,,,,,he,Paperback,3.9,7,4,562,4,1,1
137646,2026-09-05T19:44:04.000Z,0,4,נצחיה,86526,"תוחלת החיים של אהבה היה ספר צובט, נוגע ללב, מלא רגשות וכתוב היטב. הוא מבוסס על סיפור אמיתי במשפחת לוי שבו האח של ינץ נדבק באיידס, חלה ומת. סיפור קשה מאוד, אבל בתור סופור כתוב היטב. גם ספרי דוד אריה לא רעים, אבל הם בכיוון אחר לגמרי. בכל מקרה ספר אחד טוב הוא סיבה טובה לקחת ספר נוסף של  אותו מחבר, וכך אמנם עשיתי.

מוריה היא נערה מתבגרת שגרה בכפר סבא, אחות לרעות, בת לאב ואם לכאורה נורמטיביים, נכדה לשתי סבתות שגרות במרחק אוטובוס, והיא אכן בקשר איתן. למוריה יש חיים פנימיים שבהם היא הימאליה מסיבה שלא מתבררת בספר. יש לה גם חיים חיצוניים ובהם אבא מתעמר באמא ומכה אותה ואת אחותה. ואז יום אחד הקפיץ שנמתח ונמתח ונמתח מגיע לשיא היכולת שלו ונשבר, ומוריה מחליטה לצאת מהבית ולא לחזור יותר. היא מוצאת כל מיני מקומות, אנשים אוספים אותה מהרחוב, אבל כמובן שבסוף מגלים איפה היא ומחזירים אותה הביתה, והסוף לא טוב.

זה עיקר הסיפור, והוא לא רע בפני עצמו. אלא שהעלילה הזאת כתובה בצורה מפותלת, קופצנית, עם תמונות מתקופות שונות בחיים ושפה מוזרה ומילים מומצאות. תחשבו שמעון אדף? אז כזה. לא דומה בכלל לתוחלת החיים של אהבה שכה אהבתי לקרוא.",982448,הימאליה בשר ודם [מהדורת 2016],ינץ לוי,,כנרת זמורה ביתן,2005,237,ספרות,ספרות מקורית,https://cdn.simania.co.il/bookimages/covers98/982448.jpg,https://simania.co.il/bookdetails.php?item_id=982448,https://simania.co.il/showReview.php?reviewId=137646,"כשאנחנו פוגשים לראשונה את גיבורת הספר — מוריה, המכונה הימאליה — היא בוכה בעודה ""יושבת על אדן החלון, והמשקוף נותן אותה במסגרת"". מוריה לא רוצה עוד להסתיר את הכאב, אבל אפילו היא אינה יודעת שהיא מצויה על סף החלטה גורלית, כזו שתנפץ את כל המסגרות הכובלות אותה, כזו שתרחיק אותה מהאלימות שצופן הבית שלה, הנורמלי־לכאורה, המתפקד רק לכאורה — החלטה שתיקח אותה למסע מפתיע בעקבות החירות והאהבה.
דרכה של מוריה תישא אותה אל חוף הים הזהוב של תל אביב ואל רחובותיה האפורים, שיזמנו לה מפגשים עם אלה החיים בשולי החברה, עם חסרי בית וחסרי כול, ולבסוף עם מיכאל חסר המסכות. 
מוריה ומיכאל הנאהבים ישלימו יחד את מה שהחל על אותו אדן חלון וייגמר על פסגות ההימאליה, זו העשויה אבן ועפר וזו העשויה נפש ורוח.",,,,,,,,,he,Paperback,3,3,2,698,17,0,1
137645,2026-09-05T18:45:29.000Z,5,7,Mira,30743,"הי חברים, הרבה זמן לא ביקרתי באתר, אני לצערי לא הכי מסתדרת בו מאז השינוי. דיסלקטית. 
אני רוצה לשתף אתכם בביקורת שלי לספר המעולה הזה ""דרור חייב למות"" של רז קלמנוביץ.

שישי החולף, עכשיו שעברתי לגור ברחובות ביקרתי בקניון רחובות חיפשתי משהו, ותמיד יש לי חולשה לחנויות ספרים, ויודעת שעכשיו לפני החגים יש מבצעים, אז... כשעברתי לפני חנות צומת ספרים ראיתי שולחן ועיניי צדו ציור של חתול, שזה כבר התחלה טובה. ראיתי מישהו מסדר את הספרים הייתי בטוחה שזה אחד העובדים, מתברר שלא, זה היה רז קלמנוביץ בעצמו, שהגיע לחתימה על ספריו....

מפה לשם התחלנו לדבר, בחור מאוד נחמד, וסיפר לי הספר, וגם שיש בספר דמות שקוראים גם לה מירה.... ויכולה להגיד בסוריים שמאוד מזכירה אותי בחיוביות לחיים, וממש התלהבתי מהספר וכמובן שרז הבטיח חתימה עליו שזה כמובן, משהו שאני גם אוהבת, וגם היה עוד ספר שהוא כתב ספר פנטזיה שיהיה הבא בתור לפני כל הממתינים בבית.

לשמחתי הספר לא עבה כ 190 עמודים, בדיוק כמו שאני אוהבת וישר התחלתי לקרוא ולא הצלחתי לעזוב מהידיים, נכון..... שיש לי נטיה לדפדף הלאה ולגלות מה קורה, והייתה לי הפתעה ש....... לא אגלה אתם חייבים לקרוא. אבל המשכתי עד לסוף המדהים שלו.

יש לי סופר חדש שאני מעריצה, כותב ברור, ודימיוני כמו שאני אוהבת, הסיפור לא נמתח כמו מסטיק וזה כיף, רז מוביל את הקורא לאט לאט עד שמתגלה לנו סיטואציה אחרת.

אני לא הכי חזקה בלראות דברים מעבר למילים, אז אני מאוד נהנית לקרוא כמו סרט קולנוע שהעלילה מתקדמת ומגלים עוד ועוד רבדים שלא חשבנו עליהם.
וכמו שכתוב בכריכה האחורית מספר על דליה מורה לספרות ופנסיונרית שבעלה יורם מת, ואז יש את הבן דרור שפתאום מתנהג מוזר, והיא חושבת שהוא עצלן מרושל ומנסה להשתלט לה על הבית, לעזרתה באים מירה חברתה ושמיל הירקן הרומני שבעברו היה בסיקוריטטה של צ'אוצסקו. 

הרבה מצבים קומיים אתה צוחק בהם ובתור בת להורים רומנים היו כמה דברים שהעלו על שפתיי המון צחוק. אני מאוד מאוד ממליצה על הספר סיימתי אותו תוך יום וחצי ומחכה להתחיל כבר את הבא שלו, שמיועד נכון לנוער, אבל אין כמו פנטסיה.

אז רוצו לקרוא את הספר הזה לא תתאכזבו. 
נ.ב. וחג שמח ושנה טובה =^..^=",1024848,דרור חייב למות,רז קלמנוביץ',,התחנה,2025,191,ספרות,ספרות מקורית,https://cdn.simania.co.il/bookimages/covers102/1024848.jpg,https://simania.co.il/bookdetails.php?item_id=1024848,https://simania.co.il/showReview.php?reviewId=137645,"שמיל רכן לעברי, ""אם זה את או דרור, מי זה יהיה, דליה? אם יגיע הרגע ואת תהיי חייבת לבחור – במי תבחרי?""

אחרי שיורם עזב אותי לעולם שכולו טוב, או כך לפחות אומרים, הנחתי שהנורא מכול מאחוריי. כמה תמימה הייתי. לא האמנתי לרגע שהבן שלי, ילד הקינמון המתוק והחייכן שהפך למבוגר מרושל, חצוף ועצלן, ייכנע לבצע כסף וינסה להשתלט על ביתי, על חשבונות הבנק שלי ולבסוף על העצמאות שלי. הייתי מאשימה את מי שחינכה אותו, אם זו לא הייתה אני.

אבל אני לא לבד. מירה, חברתי הטובה עוד מהימים שבהם לימדנו יחד בתיכון, ניצבת לצידי. וגם שמיל, הירקן המשונה שהשמועות אומרות שהיה בכיר ב""סקוריטטה"" של צ'אוצ'סקו, תמיד שם, מדיף ריח של וישניאק ובוחן אותי בעיניים רעבות.

בקרוב יהיה עליי לקבל את ההחלטה ששום אמא לא מעלה על דעתה שתצטרך לעמוד מולה: אם יהיה עליי לבחור ביני לבין בני יחידי, במי אבחר?

דרור חייב למות הוא רומן הביכורים של רז קלמנוביץ', נשוי, אב לשלוש בנות וכלב המתגורר בהוד השרון. בימים הוא מנהל שיווק ואסטרטגיה, ובלילות – סופר. לדרור חייב למות הוא קורא דרמת נקמה קומית. אבל ממתי אפשר להאמין לאיש שיווק?",,,,,,,,,he,Paperback,3.7,10,5,478,6,0,1
137644,2026-09-05T17:29:28.000Z,2,2,ליליאן די,325886,"האכזבה הספרותית הצורבת ביותר אינה מגיעה מספר שברור מראש שהוא גרוע, אלא דווקא מכזה שנפתח כהבטחה מבריקה – ומתרסק בדיוק באמצע הדרך.
בעמודים הראשונים של ""אחותו של צייד המכשפות"", הייתי משוכנעת שנפל לידי יהלום תקופתי נדיר. אנגליה של המאה ה-17, שסועת מלחמות ורוחשת חרדות, ואליס הופקינס – אישה צעירה, אבלה והרה – ששבה אל מחוזות ילדותה בעיירה מנינגטריי, אל חסותו של אחיה הצעיר מתיו. התנועה בין ההווה הקודר לרסיסי העבר נתפרה בעדינות מהפנטת. הייתה שם כתיבה יפהפייה, עשירה ומאופקת, שיצרה תחושה של צלילה אינטימית לתוך תודעה פצועה, מרובדת ורוויית סאבטקסט.
אלא שברגע שההבטחה שבכותרת נכנסת לפעולה, הקסם מתפוגג לחלוטין. ברגע שמתיו פותח במסע הציד הידוע לשמצה, ובמקום שההתרחשות תטעין את העלילה במתח פסיכולוגי חריף או בעימות מוסרי מרתק בין אחות לאחיה, הדופק של הרומן פשוט צונח. הספר נלכד בלולאה אפרורית ומשמימה של שמועות, חשדות וחקירות חזרתיות שאינן מחדשות דבר ואינן מתקדמות לשום מקום. אליס, שהחלה כדמות בעלת עולם פנימי מורכב וכובש, הופכת לצופה פסיבית וכמעט משותקת שמתעדת את המתרחש במונוטוניות מעיקה.
בדיוק בנקודת האמצע, הכתיבה מאבדת את הברק שלה ושוקעת לכבדות מייגעת שמבלבלת בין איטיות לבין עומק. במקום דרמה אנושית סוחפת ופועמת, נותר טקסט מרדים שנלחם על ערנות הקורא – ומפסיד.
שני כוכבים – וגם הם ניתנים בעיקר בחסד החצי הראשון שהצליח לרתק לרגע, ועל כך ששרדתי בדיוק עד האמצע כדי לספר שאפשר להניח את הספר הזה מהיד בלב שלם.",989024,אחותו של צייד המכשפות,בת' אנדרדאון,מור רוזנפלד,תמיר סנדיק וידיעות ספרים,2017,408,ספרות,ספרות מתורגמת,https://cdn.simania.co.il/bookimages/covers98/989024.jpg,https://simania.co.il/bookdetails.php?item_id=989024,https://simania.co.il/showReview.php?reviewId=137644,"אליס הופקינס קיוותה לחזור הביתה מלווה במשפחה גדולה, אבל לגורל היו תוכניות אחרות, וכשהיא שבה לעיירת הולדתה באֶסֶקס לאחר שאיבדה את בעלה בנסיבות טרגיות, היא מגלה שדבר לא נותר כשהיה. מסביב משתוללת מלחמת אזרחים, ובבית פנימה – הבית שבו נאלצת אליס להתגורר תחת חסותו של אחיה הצעיר מת'יו – משתוללים פחדים, אכזבות ופצעים עמוקים מכדי להירפא.

מת'יו, הנער המהוסס שנפרד מאליס בכעס חמש שנים קודם לכן כשעזבה ללונדון עם נישואיה, הפך לגבר רב-עוצמה וקנאי, ואת כוחו הוא מפגין מול נשים חלשות. ככל שנחשפים ממדי הסכנה הטמונה בו, כך גדלה נחישותה של אליס לא לעמוד מנגד. אולם אפילו היא אינה מסוגלת לשער מה יהיה המחיר שתיאלץ לשלם בעבור החלטתה.

אחותו של צייד המכשפות הוא רומן סוחף המבוסס על סיפור אמיתי שהתרחש באנגליה במאה השבע-עשרה. בת' אנדרדאון מצליחה, בסגנון כתיבה ייחודי ועשיר, להביט בעיניים צלולות ובלב חומל בפגמים האנושיים הקשים ביותר; לפרק לגורמים את הפחד ואת הצורך בשליטה שמקננים בכולנו; ולהתוות במכחול מצמרר את המקומות ההרסניים שאלו עלולים להביא אליהם.

בת' אנדרדאון היא מרצה לכתיבה יוצרת באוניברסיטת מנצ'סטר. אחותו של צייד המכשפות הוא רומן הביכורים שלה. הספר זכה בפרס רומן הביכורים הטוב ביותר לשנת 2017 מאת אגודת הכותבים ההיסטוריים בבריטניה.ע״פ סיפור אמיתי במאה השבע עשרה באנגליה",,,,,,362-5685,,,he,Paperback,3.9,19,7,3007,21,0,1
137643,2026-09-05T17:24:47.000Z,5,3,ליליאן די,325886,"יש לי תזה מוצקה שהספרים הנכונים מנווטים אלינו בדיוק מופלא של השגחה עליונה, ונוחתים בידיים שלנו בדיוק בשנייה שבה אנחנו צריכים לפגוש אותם. זה קרה לי כשהפכתי מדפים בספרייה עד ש""שיעורים בכימיה"" צץ פתאום זרוק בפינה הכי לא צפויה, וכשחיפשתי בנרות את ""קרבת דם"" של ורגיז עד שגיליתי אותו תקוע על מדף של אות שבכלל לא שייכת לו. המרדף אחרי ""אלינור אוליפנט"" העמיד את התזה הזו במבחן סבלנות רציני: חיכיתי חודשים שיחזור למלאי ב""סיפור חוזר"", הספרן הבטיח חגיגית לשמור לי עותק ברגע שיגיע – הבטחה שהתאיידה כצפוי – עד שפתאום, משום מקום, הוא קרץ אליי ישירות מהמדף. שמעתי עליו שהוא קסום, חטפתי אותו בהתרגשות, והתיישבתי מולו עם תפילה שקטה שאלוהי הספרות לא יאכזבו אותי הפעם.
אלא שבעמודים הראשונים כמעט נשברתי, לא הבנתי על מה ההייפ הגדול סביב הספר. הכתיבה נחוותה כעניינית, פונקציונלית ויבשה להכאיב: פקידה בת שלושים מדווחת בקור רוח על שגרה משרדית מדויקת, סופי שבוע מושתקים בוודקה, וקראש מופרך ותלוש על מוזיקאי כושל שראתה בהופעה. שום דבר לא נצנץ, שום משפט לא שרט, ותהיתי בכעס על מה לעזאזל נוצר ההייפ המטורף הזה ואיך ייתכן שנפלתי לעוד מוצר שבלוני עם עטיפה יפה.
ואז, סביב עמוד ארבעים, כל לוחות הטקטוניקה זזו. שיחת טלפון קפואה אחת עם ""מאמי"" חשפה באחת את שורשי ההרס ואת האימה המצמיתה שרוחשת מתחת לפני השטח. פתאום כל חלקי הפאזל הסתדרו בדיוק כואב: הילדה שרוסקה, שספגה עלבונות בלתי פוסקים והוגדרה כפגומה וכמכוערת, לא סובלת ממוזרויות חינניות – אלא משריטות עמוקות של טראומה ומחוסר אוריינטציה מוחלט בעולם. ההידלקות הילדותית על המוזיקאי, השפה הארכאית והחזות המאולחשת לא היו חולשה של הסופרת, אלא שריון בטון נואש שבנתה נפש פצועה כדי לשרוד מול מציאות בלתי אפשרית.
מכאן והלאה חל המפנה האמיתי. ככל שהעמקתי בקריאה, לא רק שהעלילה סחפה – התאהבתי לחלוטין בכתיבה עצמה, פשוט מפני שהתאהבתי בעוצמה בקול הפנימי של אלינור ובאישיות המהפנטת שלה. גייל האנימן אינה זקוקה לפיוט מצועצע כדי לטלטל; הכוח שלה טמון בכתיבה ישירה, צלולה ונטולת פילטרים, שיודעת לגרום לך לצחוק מההיגיון המושחז והארכאי של אלינור בדיוק שנייה אחת לפני שנסדק לך הלב מול עומק הבדידות שלה. הדיאלוגים חדים, טעוני סאבטקסט ומתח פסיכולוגי שקט, והנוכחות של ריימונד – דמות מופת של חסד ואנושיות שקטה, שממתין לה בסבלנות אינסופית ומאפשר לה להתקדם בקצב שלה – היא המפתח שפותח לאט את המנעולים הכבדים ביותר. והיופי הצרוף הוא שאלינור לא ""נרמלה"" את עצמה כדי לרצות את סביבתה; היא נפתחת אל העולם בעדינות, שומרת בקנאות על האותנטיות הייחודית והמחוספסת שלה, והופכת לאהובה בדיוק בזכות מי שהיא.
ישנה אירוניה מכאיבה במנטרה הזו שאלינור חוזרת ומשננת לעצמה ולסביבה – שהיא ""ממש בסדר"". מנקודת מבטה היא כמעט מאמינה בזה: היא מתפקדת, מנהלת שגרה קפדנית ושומרת על מרחק ביטחון מהעולם. אלא שה""בסדר"" הזה אינו בריאות נפשית, אלא אלחוש חושים מוחלט; שקר הישרדותי שנועד לאטום פצע מדמם ולהגן עליה מקריסה מול מציאות בלתי נסבלת. כאשת חינוך, אני חוזרת ואומרת לתלמידות שלי שלא צריך לשתף, לבכות או להתלונן על כל דבר. כל עוד לא כואב בבטן ומצליחים להתמודד ולהחליק באמת – זהו חוסן בריא ומצוין. אבל ברגע שכואב בבטן ואת ממשיכה להכריז לעולם ""אני ממש בסדר"", זה החולי הכי גדול שיש. אלינור מגלמת את השיעור הזה בעוצמה מהדהדת. הספר הזה מוביל את הקורא במסע פסיכולוגי עדין, מהודק ומפתיע במיוחד, המוכיח שחוסן אמיתי אינו טמון בהתבצרות שקטה אלא באומץ להישיר מבט אל הכאב, להשיל את השריון ולהסכים סוף סוף להרגיש. זוהי יצירה אנושית ומטלטלת שחודרת עמוק לקרביים, עם גיבורה שנשארה לפסוע איתי במחשבות עוד הרבה אחרי שהדף האחרון נסגר.",987746,אלינור אוליפנט ממש בסדר,גייל האנימן,,כתר,2017,350,ספרות,ספרות מתורגמת,https://cdn.simania.co.il/bookimages/covers98/987746.jpg,https://simania.co.il/bookdetails.php?item_id=987746,https://simania.co.il/showReview.php?reviewId=137643,"כאשר‭ ‬מישהו‭ ‬שואל‭ ‬לשלומה‭ ‬של‭ ‬אלינור‭ ‬אוליפנט‭, ‬התשובה‭ ‬שלה‭ ‬במאה‭ ‬אחוז‭ ‬מהמקרים‭ ‬היא‭ '‬בסדר‭'. ‬אומנם‭ ‬יש‭ ‬כאלה‭ ‬שבוהים‭ ‬בצלקות‭ ‬שעל‭ ‬פניה‭, ‬אבל‭ ‬היא‭ ‬יודעת‭ ‬שעל‭ ‬הצלקות‭ ‬שהיא‭ ‬נושאת‭ ‬בתוכה‭ ‬אנשים‭ ‬מעדיפים‭ ‬לא‭ ‬לשמוע‭. ‬כל‭ ‬עוד‭ ‬היא‭ ‬שומרת‭ ‬על‭ ‬השגרה‭ ‬שלה‭, ‬היא‭ ‬מסתדרת‭; ‬מגיעה‭ ‬למשרד‭ ‬בכל‭ ‬בוקר‭ ‬ב‮–‬08‭:‬30‭, ‬פותרת‭ ‬את‭ ‬התשבץ‭ ‬היומי‭ ‬בהפסקת‭ ‬הצוהריים‭ ‬ויוצאת‭ ‬בחזרה‭ ‬לדירתה‭ ‬ב‮–‬17:30‭. ‬ השגרה‭ ‬היומיומית‭ ‬הזאת‭ ‬מופרת‭ ‬כשהיא‭ ‬פוגשת‭ ‬את‭ ‬ריימונד‭, ‬עובד‭ ‬חדש‭ ‬בחברה‭. ‬הם‭ ‬צועדים‭ ‬יחד‭ ‬לתחנת‭ ‬האוטובוס‭ ‬ובדרך‭ ‬נתקלים‭ ‬באיש‭ ‬מבוגר‭ ‬שאיבד‭ ‬את‭ ‬הכרתו‭. ‬ריימונד‭ ‬ואלינור‭ ‬מגישים‭ ‬לו‭ ‬עזרה‭ ‬ובהמשך‭ ‬מתיידדים‭ ‬איתו‭ ‬ועם‭ ‬בני‭ ‬משפחתו‭. ‬מאותו‭ ‬רגע‭ ‬שגרת‭ ‬חייה‭ ‬של‭ ‬אלינור‭ ‬הולכת‭ ‬ונסדקת‭, ‬והיא‭ ‬נקלעת‭ ‬לשלל‭ ‬מצבים‭ ‬שמעוררים‭ ‬בה‭ ‬אי‭ ‬נוחות‭; ‬ביקור‭ ‬בבית‭ ‬חולים‭, ‬מסיבת‭ ‬יום‭ ‬הולדת‭ ‬משפחתית‭, ‬ואפילו‭ ‬תור‭ ‬למספרה‭ ‬אופנתית‭. ‬קוד‭ ‬ההתנהגות‭ ‬במצבים‭ ‬האלה‭ ‬אולי‭ ‬נראה‭ ‬ברור‭ ‬לאנשים‭ ‬אחרים‭, ‬אך‭ ‬לא‭ ‬לאלינור‭. ‬

אלינור‭ ‬אוליפנט‭ ‬ממש‭ ‬בסדר‭ ‬הוא‭ ‬רומן‭ ‬יוצא‭ ‬דופן‭ ‬הכובש‭ ‬את‭ ‬הלב‭, ‬מצחיק‭, ‬מעציב‭ ‬ובעיקר‭ ‬אנושי‭. ‬באומץ‭ ‬ובכנות‭ ‬משרטטת‭ ‬גייל‭ ‬האנימן‭ ‬את‭ ‬קווי‭ ‬המִתאר‭ ‬של‭ ‬הבדידות‭, ‬אך‭ ‬גם‭ ‬שופכת‭ ‬אור‭ ‬על‭ ‬כוח‭ ‬הריפוי‭ ‬של‭ ‬קשר‭ ‬חברי‭. ‬
‭""‬סיפור‭ ‬מלא‭ ‬בחמימות‭ ‬שקטה‭ ‬ובעצבות‭ ‬בלתי–מדוברת‭... ‬נפלא‭.""  ‬הגרדיאן‭ ‬",,,,,,,,,he,Paperback,4.3,41,14,6078,20,1,1
137642,2026-09-05T16:34:26.000Z,3,1,מעגל קרבז,129996,"לאחר שלוחם שחרור עבדים ג'ון בראון נתפס ונשפט על מעשהו, 
נכתב תחינה למענו ובזכותו.
בסדר.",1028272,תחינה למען קפטן ג'ון בראון,הנרי דיוויד ת'ורו,ראובן מירן,נהר ספרים,2026,107,עיון,פוליטיקה,https://cdn.simania.co.il/bookimages/covers102/1028272.jpg?v=1785775088459,https://simania.co.il/bookdetails.php?item_id=1028272,https://simania.co.il/showReview.php?reviewId=137642,"באמצע המאה ה־19 פילגה את האומה האמריקנית הצעירה שאלת העבדות. מתנגדי העבדות שקראו לביטולה כונו אָבּוֹליציוניסטים. הם ראו בעבדות תופעה אנטי־מוסרית, עוול נורא על פי כל אמת מידה אנושית. אחד מהם, ג'ון בראון, גבר לבן כמו שאר האבוליציוניסטים, טען שלא די בהתנגדות רעיונית או הפגנתית, אלא יש לעבור לפסים של אלימות. העבדות היא אלימות נגד כבוד האדם וחירותו, הוא סבר, והמשמעות היא שרק באלימות היא תבוטל ותחוסל. ג'ון בראון, אדם דתי, פעל בלהט תנ""כי ממש כשפשט בראש קבוצת לוחמים מתנגדי העבדות, ובהם בניו, על בסיס צבאי שבו היו מרוכזים כלי נשק רבים. את כלי הנשק היה בכוונתו למסור לעבדים שחורים כדי שישמש אותם בהתקוממות נגד אדוניהם.

 

הפשיטה לא צלחה, ג'ון בראון נתפס, נשפט ונדון למוות בתלייה. 

 

ה""תחינה למען הקפטן ג'ון בראון"" מאת הנרי דייוויד ת'ורו איננה רק קריאת הגנה על אדם אחד, אלא קריאה נחרצת להציב את הצו המוסרי מעל חוק המדינה ולראות במעשהו של בראון ביטוי קיצוני של צדק טבעי.

 

לצידה של תחינתו של ת'ורו מופיע מכתבו של ויקטור הוגו אל ארצות הברית של אמריקה. במכתב הוא פונה אל מצפונה של האומה הצעירה שוחרת החירות הנערצה עליו, ומזהיר אותה מפני כתם העבדות שמזהם את חירותה המוצהרת. הוגו, מאירופה הרחוקה, מעניק למאבק האמריקני ממד אוניברסלי של זכויות אדם וכבוד אנושי.

 

את שני הקולות הללו משלים נאום הפרידה של ג'ון בראון מן הכלא, שנשא ב־2 בנובמבר 1859, ערב הוצאתו להורג. בנאום זה מתגלם המתח הטרגי שבין אמונה דתית עמוקה ובין פעולה פוליטית קיצונית; בין נאמנות לחוק ובין נאמנות למצפון.

 

שלושת הטקסטים יוצרים מרחב אחד של מחשבה מוסרית רדיקלית: לא עוד ויכוח פוליטי בלבד, אלא עימות בין חוקי האדם ובין מה שנתפס כחוקי הצדק עצמם.",,A Plea for Captain John Brown /Henry David Thoreau Followed by: Victor Hugo Lettre du 2 décembre 1859 aux États-Unis d’Amérique & John Brown's Last Speech,,,,,,,he,Paperback,3,2,1,70,1,0,1
137641,2026-09-05T13:47:58.000Z,0,1,דיטה,247344,עדיין לא קראתי את הספר. רוכשת עכשיו כי יודעת שאלמד ממנו המון. רוני הוא מורה שלי. למדתי אצלו טאי- צי צי- קונג ואת חוכמה החיים כ 2 וחצי עשורים. הנשמה שלו היא כמו יהלום מלא בצבעים וגוונים וצלילים. מלא בידע וחכמה עתיקה. מה הייתי עושה כדי שתחזור למימד הפיזי כל כך מתגעגעת לרוח שלך. לך כמורה כאדם כמנחה כבעל יחודיות שאין רבים כמוך.  מחכה לקרא את הספר ללמוד להחכים. רוני אתה חסר. יחיד סגולה,206044,כתובתו של אלוהים,אברהם דרעין,,פראג,,,ספרות,ספרות מקורית,https://cdn.simania.co.il/bookimages/covers20/206044.jpg,https://simania.co.il/bookdetails.php?item_id=206044,https://simania.co.il/showReview.php?reviewId=137641,"נחמיה, בעל משפחה ובעל עסק המתקרב לשנתו החמישים, חי למראית עין חיים בורגניים מסודרים, אך נפשו נותרת בלתי מסופקת. הוא נפרד ממשפחתו ומעסקיו ויוצא בגפו, ללא כסף ורכוש, לחפש תוכן חדש לחייו. בדרכו הוא פוגש בענת, מלצרית יפיפיה, צעירה ממנו ב-20 שנה, המעוררת את יצריו ואת סקרנותו. לאחר שנחמיה מבקר בביתה של ענת היא נעלמת, ונחמיה נעצר בחשד לחטיפתה ולרציחתה. נחמיה מתגלה כאדם בעל חשיבה מיוחדת ודרכי פעולה מפתיעות, ובעזרתן הוא מצליח להשתחרר מן המעצר ולצאת לחפש אחריה.",,,,,,415-92,,,he,Paperback,4,3,2,1003,15,1,1
137640,2026-09-05T11:12:42.000Z,3,13,מורי,1554,"החדר של ג'ובאני הוא זמנית גם החדר של דיוויד והוא נמצא אי-שם בדרום מערב פריז. השנה היא 1954 ודיוויד מגיע לפריז משום שהוא לחוץ מאביו המבקש להפוך אותו לגבר ולהנשא, נניח להלה, חברתו של דיוויד.
הסיפור מסופר מנקודת מבטו של דיוויד, המבין שהוא גיי. לכאורה זה ניסיון להיות סטרייט ואולי מין משהו כזה בלתי מוגדר. אפילו הלה חברתו עוזבת אותו לטובת ספרד, למצוא את עצמה בריחוק ממנו. ולאורך כל הסיפור רומז לנו דיוויד כי ממש מחר ג'ובאני כבר לא יהיה בין החיים.
ג'ובאני בא מאיטליה והוא עובד אצל גיום המבוגר והנשי בבר. עוד ברקע נמצא ז'אק, לא ברור מה עיסוקו ועוד פחות, מה מקור הכנסתו, אבל לגייז צעירים וחסרי הפרוטה זה מתאים. 
ועתה לדמויות הקולנועיות שלהם, שלא היו ולא נבראו. דיוויד הוא בחור יפה, בלונדיני תכול עיניים (אוסטין באטלר, בסרט). ג'ובאני הוא בחור איטלקי (לואי פרטרידג', שהתאים יותר מטימותי שאלאמה שבינה דווקא רצתה). הלה היא, איך לא, העזר כנגדו של דיוויד (אנייה טיילור-ג'וי מגמביט המלכה) וז'אק שמרחף מעל הצעירים הגייז הוא ג'וד לו, כי צריך עוד קצת אבק כוכבים.
ועכשיו לעוד נקודה, שדשו בה לפני, ואני מערב אותה לתוך מחשבותי: נהוג לומר לסופר מתחיל כי עליו לקרוא הרבה, ללמוד על מצבים ודימויים, שמא לא התנסה בהם עצמו, ואף לראות מצבים שלא ראה. ג'יימס בולדווין, וזה רק ספרו השני, שם דמות ראשית של בלונדיני, תכול עיניים יפה. הרי בנקודה זו נפל מאיר שלו בספר אל תספר לאחיך, כששם בגוף ראשון דמות של אדם יפה ומה מתרחש סביבו בגלל יופיו. ועכשיו סליחה על הבוטות נטולת הפוליטיקלי קורקט, אבל בולדווין היה כהה עור נטול שמץ זוהר ויופי. אז העולם תהה לגבי נקודה זו והוא ענה שהיה גדול עליו להתמודד גם עם כהה עור בפריז וגם גיי בעת ובעונה אחת. זה הרי אקדח לרקה ומספיק שג'ובאני ימות מחר.
עכשיו נעזוב ענייני ליהוק וצבע עור. בער לי לומר את מה שאמרתי ואני באמצע הספר בסדרה הקטנה של כתר. כבר עכשיו אפשר לומר שבספר להג-להג-להג, אה כן, גם אלכוהול-אלכוהול-אלכוהול. יחד זה כלום-כלום-כלום. נכון, הסדרה הקטנה אולי מתפרנסת מקלסיקות כאלה ובסטימצקי זכו למדף שלם לכך ומחיר מקוצץ. מלכודת פתאים.
תם ונשלם ונותר לספר לכם שהחלק השני סביר יותר וכמובן טרגי ממש. האלכוהול ממשיך לזרום וכך גם הלהג ונדמה ששני גיבורי הספר מזכירים לעצמם שמצבם הנוכחי כגייז לא היה כזה מלכתחילה. ג'ובאני עזב מסיבותיו הטרגיות שלו את איטליה, את הכפר הקטן וכרמי הענבים וייצור היין. מה הביא אותו דווקא לחבור אל גברים? תעלומה. דיוויד, לעומתו, כנראה יכול היה לחבור אל הלה, להתחתן ולספק את רצונה בגבר שלה. אבל ג'ובאני חצה את דרכו ושוב הדברים לא נראו אותו הדבר.
האם ג'ובאני מת למחרת? כן ולא. הלה חזרה מספרד וקיוותה לניצוצות האהבה עם דיוויד, שפגש כמובן את ג'ובאני זמן מה לפני כן, שאיכשהו היה הטרגדיה הפרטית שלו.
ג'יימס בולדווין מלהג המון, אולי אות לתקופתו, וזה מייגע. הוא רוצה לומר הרבה והוא כותב הרבה ואומר מעט, בטח מנקודת מבטו של דיוויד, כשהדברים נאמרים מגוף ראשון וחשים בהתאם. בסוף כולם יוצאים מוכים, חבולים ואף מתים. סיפוק לא נרשם כאן, גם לא מצד הקורא.",993795,החדר של ג'ובאני,ג'יימס בולדווין,עדה פלדור,כתר,2019,272,ספרות,ספרות מתורגמת,https://cdn.simania.co.il/bookimages/covers99/993795.jpg,https://simania.co.il/bookdetails.php?item_id=993795,https://simania.co.il/showReview.php?reviewId=137640,"בלילה שמוביל ליום הנורא בחייו, דיוויד, צעיר אמריקאי שמתגורר לפי שעה בצרפת, מגולל את השתלשלות האירועים שהובילו לכך שארוסתו עושה כעת את דרכה חזרה לאמריקה בגפה, וחברו ג'ובאני עומד לקפח את חייו. עד לפני כשנה עוד התגורר באמריקה, ארץ האפשרויות הבלתי מוגבלות לכאורה, עם אב שציפה שייהפך כבר ל""גבר"" אמיתי. בצרפת הוא מוצא עצמו מופשט מהמיתוסים האמריקאיים, מתייסר בשאלת זהותו המינית ומתקשה להתמודד עם רגשות האשמה, הבושה והפחד שמשתקים את יכולתו לאהוב.

החדר של ג'ובאני, הנחשב כיום לקלאסיקה מודרנית, הוא הרומן השני של ג'יימס בולדווין (1987-1924), סופר, משורר, מחזאי ומבקר חברתי חריף, שעסק בכתביו בנושאים מרכזיים ומושתקים הנוגעים לגזע, מיניות והבדלי מעמדות בחברה המערבית. רומן יפהפה זה מובא כאן לראשונה בתרגום מופתי לעברית.",,JAMES BALDWIN / GOVANNI'S ROOM,,,,,הסדרה הקטנה,,he,Paperback,3.9,24,6,3103,18,0,1
137639,2026-09-04T15:21:25.000Z,4,3,מונה-ליז,336106,"מה שנחמד בספרים של יואב בלום זה שהם מעבירים יום בכיף ממש. הוא תמיד בא עם רעיון מגניב ואז רץ איתו למקומות מעניינים. לפעמים חבל לי שהסיפור עוצר איפה שהוא עוצר אבל ככה זה.

אז הסיפור כאן הוא על מישהו בשם דן, שהוא היחיד בעולם שלא יכול להחליף את הגוף שלו עם אנשים אחרים. והוא נכנס בטעות לסיפור בלשי עם אהבה מפעם שמישהו רוצח מול העיניים שלו (בגוף אחר). אבל זה רק ההתחלה של הספר. האמת שבחצי השני של הסיפור יש עוד עלילה שלמה שאם אני אגיד על מה היא אז זה יהרוס חלק מהטוויסט. החלק המגניב בספר זה לא כל כך המסתורין אלא הדרך שבה ההמצאה הזאת של צמיד ההתחלפות (איך שאנשים מחליפים גופים) שינתה את העולם. 
הבעיה העיקרית שלי בספר הייתה שדן לא היה כזה דמות מעניינת. אבל המסביב כן החזיק אותי ממש טוב. באמת אוהבת את הקונספט ובאמת נהנית מהכתיבה. אבל משהו עדיין טיפה טיפה חסר לי. 

לדעתי הספר הכי טוב של בלום שקראתי (אבל עוד לא קראתי את החדש!)",983225,הקבוע היחידי,יואב בלום,,כתר,2016,376,ספרות,ספרות מקורית,https://cdn.simania.co.il/bookimages/covers98/983225.jpg,https://simania.co.il/bookdetails.php?item_id=983225,https://simania.co.il/showReview.php?reviewId=137639,"מאז הומצא צמיד ההתחלפות, החיים השתנו. עכשיו כולם יכולים להתחלף - לנדוד בלחיצת כפתור אל גופו של מישהו אחר, בזמן שהוא עובר לגופך, למשך דקות, שבועות או שנים. במקום לטוס עד תאילנד, אפשר לקפוץ אל תוך מישהו שנמצא שם על חוף הים. במקום להסביר לרופא מה בדיוק אתם מרגישים, הרופא מתחלף איתכם לרגע ופשוט יודע. ועוד לא דיברנו על מאמני הכושר, שיריצו את הגוף שלכם בזמן שאתם שותים בירה על המרפסת שלהם. ממערכות יחסים ועד תחבורה, מעסקים ועד אחריות פלילית - הכול פועל אחרת עכשיו, כשהחלפת גוף היא פעולה פשוטה כמו שיחת טלפון...

אלא אם כן קוראים לך דן ארבל. במקרה הזה אתה האדם היחיד בעולם שאינו מסוגל להתחלף, שנשאר קבוע, תמיד בתוך גופו שלו. העניינים מסתבכים כאשר אישה שדן אינו מכיר נפגעת לנגד עיניו מכדור של צלף, רגע אחרי שסיפרה לו שהיא בעצם אהובת ילדותו בגוף אחר. דן מוצא את עצמו במרכזה של תעלומה ויוצא לגלות מי ירה בה, ובעיקר למה. הקבוע היחידי מתרחש בעולם שהמצאה אחת קטנה וגאונית שינתה אותו כליל והציתה מחדש שאלות ישנות על גוף ונפש, על זהות ועל אהבה. בסגנונו הייחודי סוחף אותנו יואב בלום, מחבר רבי־המכר ״מצרפי המקרים״ ו״המדריך לימים הקרובים״, אל סיפור מעורר מחשבה ואל האפשרויות הגלומות בו.",,,,,,,,,he,Paperback,4.1,105,25,8663,79,2,1
137638,2026-09-04T15:13:18.000Z,5,2,מונה-ליז,336106,"ראשונה! אני הביקורת הראשונה!
מתחילה בלהגיד שממש אהבתי. ממש. ממש? ממש. ממש! זה ספר מסוג וואו.

אז ככה: קראתי את הספר של תה אחרי שהזמנתי אותו בהדסטארט ולא הכי ידעתי לאן אני נכנסת. היחיד שקראתי שלו בעבר זה 'אליוט' שאני ממש אוהבת. אבל אני מכירה את הכתיבה שלו באינסטגרם ויודעת שהוא בעיקר כותב קצרים. אז הספר הזה? הוא לא קצר בכלל. 

הספר הוא על תה/תומר, סופר שנמצא עמוק בקאנטים והספר השלישי שלו (אליוט אהובי!!!) לא מצליח מספיק. ואז הוא מקבל הצעה משונה ממישהי שרוצה לשכור (היא אומרת לקנות) אותו לשנה. מה שמוציא אותו למסע עם בחורה בשם 'פלא', שהיא פסיכופתית רצינית ואני מאוהבת בה. משוגעת ששונאת גברים ומסניפה מילים, וכנראה שגם שונאת את תה ורוצה להסניף אותו. והיא די גוררת את תה למסע איתה כדי למכור את המילים שלו לסופרת אחרת (פלא היא כאילו ברוקרית של רעיונות). ואז דברים מתחילים להסתבך.

בספר יש הרבה מאוד מיקוד ברעיונות. במיוחד ברעיון שתה קורא לו 'הסאסא והזאמאני'. כשהסאסא זה מה שאנשים זוכרים והזאמאני זה כל מה שכולם כבר שכחו. הוא משחק ברעיון הזה בהמווון דרכים וזה גם הופך רלוונטי לעלילה מתישהו.   
 
תה עצמו הוא דמות מוזרה אבל הזדהיתי איתו המון. הוא כל הזמן עסוק במחשבות ועושה דברים שלא עושים לו טוב. אני לא יודעת אם הוא מכור לסקס או למשהו אחר אבל זה משהו שממש מלווה אותו במחשבות. ובזה הוא דומה לפלא, נראה לי. 
מה שאני כן אהבתי בו זה את איך שהוא רואה את העולם. זה כל הזמן הרגיש לי שתה קצת חי בעולם אחר. בגלל זה הדברים המוזרים שקורים לו לא נראים משונים, הם כאילו טבעיים לעולם שבו הוא חי. זה הגיוני שרוג'ר זילאזני פתאום יישב לו על הספה וידבר איתו על אמבר. זה הגיוני שדוסטיבסקי יריב איתו באוטובוס. וזה גם הגיוני שאף אחד אחר לא אומר כלום על זה. כי לא בטוח שזה קיים מחוץ לראש שלו. הרגשתי שהוא עשה קצת את מה שהוא עשה באליוט, אבל ברמה אחרת. 
יש גם הרבה חלקים אישיים שהוא מספר על עצמו ועל ההיסטוריה שלו בסיפורונים קטנים שמשובצים בעלילה, מה שממש עוזר להבין את הדמות ואת מה שהוא עושה. זה היה נוגע ללב.

במקביל לכל זה קורים עוד דברים. יש חמש דמויות משנה שקשורות לעלילה הראשית. שלוש בנות ושני בנים. לכל אחד מהם יש בעיה שלא אמורה להתקיים במציאות. לליעד יש סרטן (המחלה) שמדבר איתה, לאורה קורה ספרים זולגים לה לתוך המציאות, קורל שומעת את המתים מדברים, רני שומר שהעולם לא יהרס בזה שהוא לוחץ על מתג כל היום ועל לאור יש קללה שעושה אותו לאט לאט בנאדם יותר טוב. 

יש דמויות מעניינות אחרות. כמו קתרין, שהיא סופרת שקונה רעיונות מפלא והאדם הראשון, שהוא... לא יודעת להסביר בלי להרוס.

לוקח לכל זה הרבה זמן להשתלב וזה היה כמו לקרוא מורקאמי אבל על סטרואידים. אהבתי מאוווווד את כל הרפרנסים לספרים שהכרתי. אהבתי נורא את מערכת היחסים של פלא ותה. אהבתי את רני ואני רוצה להתחתן איתו מרוב שהוא חמוד. בכיתי בחלקים מסוימים (לא רוצה להרוס איזה) וכשסיימתי את הספר הייתי בהלם שזה ספר של תה מהאינסטגרם. לא ציפיתי. 

זה טיפה פנטזיה וקצת מציאות והכי הרבה מרגש. 

וזהו כי חפרתי. אבל אני הראשונה שכותבת ביקורת אז נראה לי שצריך",1028480,קוראים לי תה,תה / תומר נוימן,,תה ספרים,2026,568,ספרות,ספרות מקורית,https://cdn.simania.co.il/bookimages/covers102/1028480.jpg?v=1787345901046,https://simania.co.il/bookdetails.php?item_id=1028480,https://simania.co.il/showReview.php?reviewId=137638,"זהו ספרו השמיני של הסופר תה, הסופר האנונימי המוכר ביותר בישראל. ספריו היו לרבי מכר שמכרו רבבות עותקים ברחבי הארץ וסחפו עשרות אלפי קוראים לאורך השנים.

 

קוראים לי תה הוא רומן אוטוביוגרפי של דמות בדיונית. בבסיסו נמצא סיפורו האמתי לחלוטין של סופר ישראלי שכתב במשך 15 שנה תחת שם עט. אך הוא מכיל מידה שווה של מציאות ובדיון, ובין שיחות עם סופרים מתים, עסקה כלכלית עם אישה שרוכשת את 'תה' למשך שנה שלמה ומחלת סרטן הלובשת צורה, הקורא יוכל רק לנחש אילו חלקים התרחשו באמת ואילו הם פרי הדמיון הצרוף.

 

היית פעם מאוהב במישהי שאתה לא יכול לגעת בה, תה? אפשר לחיות רק על זה, מבלי לרצות אף אחת אחרת, נכון? אהבה שנותרת תמיד על סף המימוש, אהבה של אולי, אהבה שבפנטזיה, היא הדבר העוצמתי ביותר שאני מכירה. אפלטון צדק, יש יותר כוח לרגש כשהוא לא מתממש, ככה אפשר לתעל אותו למשהו גדול יותר מהבשר. ליצירה גדולה, נניח.

שמו האמתי של 'תה' נמצא בין דפי ספר זה. אתם מוזמנים לקרוא בו.

 

על יצירתו כתבו המבקרים:

""הטקסטים כתובים בכישרון, בנימה של כנות — אמיתית או מבוימת, אבל כזאת שמייצרת אינטימיות מיידית — ומשייטים במרחב שבין הרוקי מורקמי לאתגר קרת.""

— שירי לב-ארי, 'כלכליסט' 05.2025",,,,,,,,,he,Paperback,5,1,1,127,0,0,1
137637,2026-09-04T13:05:34.000Z,5,0,מיכאל,49383,מעולה!!! כתוב רגיש. אמיתי. מכל הלב. מומלץ.,991947,"אמי, שלא הכרנו",פיליפ לברו,משה מרון,ספרית פועלים,2018,122,ספרות,ספרות מתורגמת,https://cdn.simania.co.il/bookimages/covers99/991947.jpg,https://simania.co.il/bookdetails.php?item_id=991947,https://simania.co.il/showReview.php?reviewId=137637,"נֶטְקָה. יש בו משהו סלאבי, בשם הצלול הזה, לא כן? חמישים אחוזי דם פולני זורמים בעורקיה. זמן רב יחלוף עד שבנה יחשוף בה את פולין, יעלה על עקבות האב המתנכר, יפתור משהו מרזי המסתורין של עברה ויפליג בדמיונו אל מחוזות הילדה הננטשת שוב ושוב, שתהיה... שהינה... שהייתה אמו.

	 

	פיליפ לַבְּרוֹ - דמות מרכזית בחיי התרבות של צרפת, סופר פורה ועטור פרסים, עיתונאי בעל שם, תסריטאי, במאי קולנוע ואיש רדיו בכיר - הינו בן להורים שזכו מ""יד ושם"" באות חסידי אומות העולם. בספרו ""הילד הקטן"", שראה אור בספרית פועלים, אף הוא בתרגומו של משה מרון, כבר עמד על גדולתו של אביו, שהציל, יחד עם אִמו, לא מעט יהודים בצרפת הכבושה של מלחמת העולם השנייה. הספר אמי, שלא הכרנו מוקדש לאֵם, ובין היתר, מובלט הפעם חלקה באותן נסיבות.

	 

	אַנְִריֶיט לברו, נֶטְקָה בפי בעלה וילדיה, הלכה לעולמה בגיל 99.

	ספריו הנוספים באתר : אנשים, החלילן הנעלם",,"Ma Mere, cette inconnue",,,,31-6538,,,he,Paperback,4.5,2,2,507,6,0,1
137636,2026-09-04T03:56:39.000Z,4,3,ליליאן די,325886,"יש ספרים שגורמים לך לתהות מה קורה כשלסופרת יש מכחול של משוררת, אבל תוכנית עבודה של תסריטאי מתח הוליוודי עייף. ""אחות"" של רוזמנד לאפטון הוא בדיוק החידה הזו: יצירה שמתחילה כמו הבטחה ספרותית מופלאה, ממשיכה ביופי צלול ומרשים, ומסתיימת בתחושה צורמת של ""רגע, זה הכל?"".
העלילה מתניעה כשביאטריס עוזבת את חייה המהודקים והבורגניים בניו יורק ונוחתת בלונדון האפורה בעקבות היעלמותה המסתורית של אחותה הצעירה, טס. כל הסימנים היבשים, הנסיבות והשכל הישר של המשטרה מצביעים על מסקנה חותכת אחת: טס, האמנית החופשייה והשברירית שחוותה טרגדיה אישית קשה, פשוט נשברה והתאבדה. אבל לביאטריס יש ראיה אחת ששום דו""ח משטרתי לא יכול לכמת – אינטימיות. מתוך ידיעה עמוקה, כמעט ביולוגית, של מבנה הנפש של אחותה, היא מסרבת לקבל את התזה הנוחה של החוקרים ויוצאת למסע חקירה עקשני ואישי כדי להתחקות אחר עקבותיה. כל הספר נמסר דרך פנייה ישירה ואינטימית לטס – מונולוג מתמשך בגוף שני (""את"") ששוזר יחד את העבר, ימי החיפוש וההווה המשפטי המעורפל שמרחף ברקע.
מבחינת מבנה ושפה, מדובר בהברקה אמיתית. לאפטון לא נופלת למלכודת הקלישאות של מותחנים נוסחתיים; היא לא חותכת בין זמנים בשיטה מכנית של פרקים ארוכים וקליפהאנגרים זולים, אלא שוזרת את צירי הזמן באמצעות תתי-פרקים קטנים, נושמים ואסוציאטיביים. הכתיבה שלה רהוטה, מלוטשת, נקייה ופיוטית להפליא, ללא שמץ של שומן מיותר או תיאורים מייגעים. הפנייה הישירה לטס מעניקה לתחילת הסיפור תחושה מהפנטת של שיחה עם דמות רפאים – מין מאבק נואש ואלגנטי להחזיק את האחות נושמת בתוך החדר דרך המילים, ולא לתת לה להתפוגג אל לשון עבר.
אלא שבדיוק מאחורי הווטרינה המעוצבת הזו, מתחילים לחרוק הגלגלים.
במשך כמעט מאתיים עמודים, העלילה פשוט עומדת במקום. היא יפה, היא כתובה נהדר, אבל היא לא זזה. יתרה מזו: נדמה שלאפטון כל כך התאהבה בהתבוננות הפנימית המבריקה של הגיבורה שלה, שהיא שכחה לגמרי לבנות סביבה עולם חי. כל דמויות המשנה – החל מהמשפחה, דרך החברים ועד החוקרים – מרגישות כמו קרטונים דו-ממדיים או ניצבים על במה, שתפקידם היחיד הוא לפלוט שורת מידע טכנית כדי לקדם את החקירה. אין ביניהן חיכוך אנושי אמיתי, אין מורכבות פסיכולוגית, וגם דמותה של ביאטריס עצמה נותרת מעורפלת ושקופה ברגע שמקלפים ממנה את תפקיד ""האחות האבלה"". אפילו ההחלטה למסגר את המונולוג התודעתי הזה בתוך שבלונה טכנית של ""מכתב"" מרגישה כמו נחיתה בנאלית ומעט מאכזבת ממרחב פיוטי אל קרקע מציאותית שחוקה.
ואז מגיעה הישורת האחרונה. אחרי מאות עמודים של אבל שקט ופסיפס בלשי מהוסס, החקירה תופסת קצב, ואיתה מגיע הניסיון המאולץ להפוך את הדרמה הפסיכולוגית למותחן פעולה מסמר שיער. כאן בדיוק נשבר האמון: הפתרון המניעתי אמנם מקבל הסבר רציונלי, אבל הדרך לשם גולשת למחוזות תיאטרליים ומופרכים לחלוטין. במקום פסיכולוגיה אנושית משכנעת, מקבלים התנהגות נבלית של סרטי מתח בינוניים – מסע של טרור פסיכולוגי, משחקי חתול ועכבר סאדיסטיים וחסרי היגיון פנימי, שמובילים לסיום חפוז ואנטי-קליימטי שמשאיר את הקורא חצוי ומתוסכל.
""אחות"" הוא ספר שחי בדיסוננס עמוק: הוא עטוף בעברית נהדרת, שפה נקייה ומבנה נרטיבי אלגנטי שמתענגים עליהם שורה אחר שורה, אבל המנוע שלו נעדר בשר ודופק אמיתי. מי שמחפש עונג אסתטי מכתיבה פיוטית ורגישה על קשרי דם ימצא כאן שעות מהנות מאוד; מי שמצפה למותחן פסיכולוגי מהודק, עמוק ואמין שיטלטל את הנפש – מוטב שינמיך ציפיות כבר בעמוד הראשון. 4 כוכבים, בעיקר בזכות הכתיבה היפה",959886,אחות,רוזמנד לאפטון,מאנגלית: עידית שורר,ספרי פן ומשכל,2012,406,ספרות,מתח ריגול והרפתקאות,https://cdn.simania.co.il/bookimages/covers95/959886.jpg,https://simania.co.il/bookdetails.php?item_id=959886,https://simania.co.il/showReview.php?reviewId=137636,"ביום ראשון, באמצע ארוחת צהריים, ביאטריס מקבלת שיחת טלפון מבוהלת שבה אמה מודיעה לה שאחותה הצעירה טס נעדרת. ביאטריס ממהרת לעלות על הטיסה הראשונה הביתה ללונדון, וכאשר היא מתוודעת לנסיבות היעלמותה של טס, היא נדהמת לגלות כי על אף הקרבה הגדולה ביניהן, ישנם דברים דרמטיים שהיא לא יודעת על חיי אחותה.

גם כאשר המשטרה, ארוסה של ביאטריס ואפילו אמה משלימים עם אובדנה של טס, ביאטריס עצמה מסרבת לוותר. היא יוצאת למסע מסוכן לגילוי האמת; מסע שמוביל אותה לגילוי אמיתות כואבות גם
על עצמה.",,Sister,,,978-965-545-3,362-4397,פרוזה,,he,Paperback,3.9,118,47,12722,200,3,1
