book_id,title,author,translator,publisher,published_year,pages,category,subcategory,cover_url,book_url,description,subtitle,english_title,second_author,editor,isbn,danacode,series,series_number,language,format,avg_rating,rating_count,simania_review_count,view_count,owners_count,currently_reading,book_fetched
1028445,מפגש עם עצמי בגיהנום (בגיהינום),עומר שם טוב,,סלע מאיר,2026,252,ספרות,סיפורי חיים,https://cdn.simania.co.il/bookimages/covers102/1028445.jpg?v=1786930193494,https://simania.co.il/bookdetails.php?item_id=1028445,"""הגוף נעשה קל. הישות שלי, האגו, הצרכים שלי והרגשות שלי מונחים כאן לידי, לא בי. הרעב, הלכלוך, הנה הם מתמוססים לתוך החושך. עד עכשיו לא ידעתי שהאגו הוא שמכביד על הגוף, אבל עכשיו, כשהגוף מוציא מתוך עצמו את הכעס, את השנאה, את כל מה שיושב עליו, פתאום קל לו. אני מבין שזה מה שהיה כל המשקל הזה. אף פעם לא הרגשתי חופשי כל כך.""

במהלך השבי התגלגלתי לתא קטנטן שבו שהיתי חמישים יום. לא יכולתי לעמוד, לא שמעתי דבר, הייתי בחשכה מוחלטת, בבדידות ובהרעבה קיצונית. בתוך החושך התגלגל אליי יום אחד פנס. פנס קטן, באיכות נמוכה, כזה שקונים בחנות של הכל בדולר. בכל יום הייתי מדליק את האור הקטן לרגע קצר, לבדוק שהעין עוד רואה. כשיצאתי, הבנתי שאני צריך לכתוב את הספר הזה. ספר שיהיה פנס. לא תמיד תהיה לנו את הזכות לבחור את הדרך שנלך בה. החיים יזמנו לנו חוויות שונות וקשות, אבל יש הרבה דרכים להגיע אל האור. זו הדרך שלי.

עומר שם טוב נולד ב-2002 וגדל בהרצליה. ב-7 באוקטובר 2023 השתתף בפסטיבל נובה, ממנו נחטף לעזה. במשך 505 ימים היה בשבי חמאס, עד ששוחרר בפברואר 2025.",,,,,,,,,he,Paperback,4.7,3,2,56,2,0,1
1027789,אדם ישר,מייקל קוריטה,מעין זיגדון,סלע ספרים,2026,352,ספרות,מתח ריגול והרפתקאות,https://cdn.simania.co.il/bookimages/covers102/1027789.jpg?v=1781630915186,https://simania.co.il/bookdetails.php?item_id=1027789,"""ספר חדש של מייקל קוריטה הוא חובת קריאה אוטומטית בשבילי, והספר הזה הוא כנראה המותחן הכי טוב שתקראו השנה"" (לי צ'יילד)

""אדם ישר הוא הספר הכי טוב של מייקל קוריטה עד כה. הוא תפס אותי מהמילה הראשונה ועד האחרונה"" (סטיבן קינג)

חמישה דברים שצריך לדעת על ישראל פייק, לפני שנסחפים לתוך ספרו החדש של מייקל קוריטה:

הוא היה אלכוהוליסט ומכור לסמים.

הוא חזר לאי נקודת הגאולה אחרי שריצה חמש-עשרה שנות מאסר בגין הריגת אביו, ויש לו מספיק סיבות טובות לחזור למקום שהוא מאוד לא אוהב.

הוא צלם חובב, והתחביב הזה עלול לסבך אותו יותר משדמיין.

הוא מוצא שבע גופות על סיפונה של יאכטה, שבעה גברים שכולם נורו למוות בדם קר. שניים מהם היו אנשים חשובים מאוד שהתמודדו זה מול זה על מושב בסנאט.

הוא החשוד המיידי ברצח, וסגן השריף של האי – שהוא גם אחיו של האב שישראל הרג – אינו מסתיר לרגע את רצונו לראות את אחיינו חוזר לכלא. 

זאת רק ההתחלה של המותחן הווירטואוזי של מייקל קוריטה ומכאן הדברים הולכים ומסתבכים בקצב מסחרר, כי בצד אחר של האי לימן רנקין בן ה-12, שנמלט מאימת אביו האלכוהוליסט והאלים, מוצא מחסה בבית נטוש ומגלה שהוא לא לבד. את פניו מקדמת אישה מסתורית עם גרזן בידה, והבטחה שאם ישמיע קול - היא תהרוג אותו.

רק אדם ישר יוכל להציל את המצב - ואת עצמו – אבל השעון מתקתק והזמן נגדו.

אדם ישר הוא ספרו החמישי של מייקל קוריטה שרואה אור בעברית בסלע ספרים. קדמו לו רבי המכר הנביא, עד במנוסה, מילים אחרונות ואיך זה קרה?",,An Honest Man / Michael Koryta,,,,,,,he,Paperback,4.5,2,2,74,1,0,1
408416,הזקן והים (2000),ארנסט המינגוויי,אברהם יבין,עם עובד,2000,120,ספרות,ספרות קלאסית,https://cdn.simania.co.il/bookimages/covers40/408416.jpg,https://simania.co.il/bookdetails.php?item_id=408416,"דייג זקן, שהוא התגלמות האנושי שבאדם, ודג ענק, המגלם את 
החייתי שבעולם החי, באים לידי עימות גורלי ומחוללים דרמה 
עזה ורבת-הוד. סיפור מופת המעניק לקורא חוויה לא-נשכחת.

הטובה והידועה ביצירותיו של ארנסט המינגווי, חתן פרס נובל.
בתרגום חדש.",,The Old Man and the Sea,,,,32-11182,,,he,Paperback,4.1,31,6,4011,68,0,1
961414,אגדת השתיין הקדוש,יוזף רות (רוט),אהוד אלכסנדר אבנר,סמטאות,2012,144,ספרות,ספרות מתורגמת,https://cdn.simania.co.il/bookimages/covers96/961414.jpg,https://simania.co.il/bookdetails.php?item_id=961414,"אַנדרֵאַס, קלושָר הישן על גדות נהר הסֶן, הוא שתיין – וקדוש לא-שגרתי. ערב אחד נעשה לו נס, ראשון בשורה של נסים – וכאן מתחילה הרפתקה פרועה ורווּית אלכוהול במסבאותיה של פריז, במלונותיה, בכנסיותיה, בבתי הקולנוע ובבתי הבושת שלה. אגדת השתיין הקדוש, שאת כתיבתה השלים יוֹזֶף רוֹת שבועות אחדים לפני מותו, היא הנובלה המפורסמת ביותר שלו ומפסגות יצירתו – ""הצוואה שלי"", כך כינה אותה. רוֹת, האלכוהוליסט הגולה בפריז, חותם את האגדה הקסומה הזו – ובתוך כך את מכלול יצירתו – בנימה אישית מאוד.

הנובלה השנייה, מנהל התחנה פַלמֶראייר, היא סיפורו הלא-רגיל של איש רגיל שברגילים: פקיד אוסטרי אפרורי, מנהל תחנת רכבת נידחת, המתאהב ברוזנת רוסייה שמזדמנת לביתו לימים אחדים. עם פרוץ מלחמת העולם הראשונה הוא נסחף הרחק-הרחק מאשתו ומבנותיו למסע חובק יבשות בעקבות הרוזנת, נתינה של מדינת אויב.

יוֹזֶף רוֹת במיטבו: בהומור המושחז ובחמלה האופייניים לו הוא מגולל שתי אודיסיאות נוגות, מפתיעות בעכשוויוּת שלהן – סיפוריהם של אנשים פשוטים שהגורל מזמן להם הרפתקאות מיוחדות במינן.",,,,,,,נודדים,4,he,Paperback,4.1,16,4,2225,24,0,1
1027724,זיק של חדשנות ישראלית,עמירם דגן,,המכון למחשבה ישראלית,2026,271,עיון,צבא ובטחון,https://cdn.simania.co.il/bookimages/covers102/1027724.jpg?v=1781212043430,https://simania.co.il/bookdetails.php?item_id=1027724,"זיק של חדשנות ישראלית, סיפור המ”לטים הישראלי מתאר את צמיחתו של תחום הטיס הבלתי מאויש בישראל, מיוזמות מאולתרות בשלהי שנות ה־60 ועד להפיכתו למרכיב מרכזי בעליונות הצבאית.

דרך סיפור כרונולוגי המשלב טכנולוגיה, מבצעים ואנשים, נחשף תהליך של חדשנות מתמשכת שנולד מתוך צורך מבצעי דוחק, ונבנה באמצעות חברות של יזמות, פתיחות ושיתוף פעולה בין צה”ל, התעשיות הביטחוניות והמערכת האזרחית.

במבט רחב יותר, הספר קושר בין העליונות הטכנולוגית הצבאית של ישראל לבין תנאי העומק שאפשרו אותה. לא רק אילוצים ביטחוניים, אלא גם סביבה דמוקרטית פתוחה, המעודדת חשיבה עצמאית, ביקורת וזרימה חופשית של רעיונות בין מערכות שונות. במובן זה, הדמוקרטיה אינה רק ערך אזרחי, אלא גם מרכיב חיוני ביכולת לאלתר, שכן היא מאפשרת את אותה חדשנות ישראלית שמעצבת יתרון טכנולוגי מתמשך ותורמת לחיזוק הביטחון.

על המחברים:

אל”מ (מיל’) עמירם דגן שירת במערך הטכני בחיל האוויר והקים את מנהלת “זיק” במפא”ת (המינהל למחקר, פיתוח אמצעי לחימה ותשתית טכנולוגית). בהמשך שימש כמנכ”ל חברת “חץ הכסף”.

אל”מ (מיל’) ישי דפנה, טייס קרב ומהנדס. בנה והוביל במשך 25 שנה את הנדבך המבצעי בתחום הפיקוד והשליטה על הכטב״ם, (כלי הטיס המאוישים מרחוק) במסגרת שירותו הסדיר ובמילואים.

השניים פעלו במשותף מראשית מימוש מערך “זיק”. ישי במסגרת חיל האוויר ועמירם במסגרת מפא”ת, ובהמשך לאורך שנים בתפקידי ניהול במפא”ת, בתחומים טכנו־מבצעיים, עד לאמצע תקופת חרבות ברזל.","סיפור המל""טים הישראלי",,ישי דפנה,,,,,,he,Paperback,,,1,35,0,1,1
18814,סימטת השימורים,ג'ון סטיינבק,משה זינגר,זמורה ביתן,1993,185,ספרות,ספרות מתורגמת,https://cdn.simania.co.il/bookimages/covers1/18814.jpg,https://simania.co.il/bookdetails.php?item_id=18814,"סימטת השימורים  – רחוב של צחנה ורעש אך גם רחוב של אור, געגוע וחלום. 
כל כולו פחים, ברזל חלוד וקרשים מחוספסים, קברטים זולים, מסעדות עלובות ובתי זונות. 
שוכניו אינם אלא ""זונות, סרסורים, מהמרים ובני זונות"", 
אך אפשר גם שאינם אלא ""קדושים, מלאכים"".  

בסימטת השימורים מצוי ביתו של דוק האניגמטי, הנרי הצייר, 
המרחרח כמו כלב בערימת הגרוטאות ומחפש חתיכת עץ או מתכת, 
והבחורות של דורה, בעלת בית העינוגים. 
וכאשר מחליטים לערוך מסיבה לכבוד דוק התוצאה בתחילה משעשעת ואחריתה תוהו ובוהו.  
   

ג'ון סטיינבק הוא חתן פרס נובל לספרות, 1962.",,Cannery Row,,,,,,,he,Paperback,3.9,14,2,3451,12,0,1
999164,חיי השקר של המבוגרים,אלנה פרנטה,אלון אלטרס,הקיבוץ המאוחד,2019,314,ספרות,ספרות מתורגמת,https://cdn.simania.co.il/bookimages/covers99/999164.jpg,https://simania.co.il/bookdetails.php?item_id=999164,"""שנתיים לפני שעזב את הבית אמר אבי לאמי שאני מכוערת מאוד"" – כך, במשפט מצליף, נפתח הרומאן העז של אלנה פרנטה, מחברת 'החברה הגאונה'. מכאן מתחיל להתגלגל כדור־השלג המחולל את כל הספר, ומוליך אותנו מן המשפט האגבי הנפלט לאב – משפט שהופך את כל עולמה של בתו בת ה־12 – ועד לצונאמי העתידי של התפרקות המשפחה ושל השנים הכואבות שבעקבותיה, שנים שבהן תהפוך ג'ובנה, המספרת, מילדה חבוקה בחיק משפחתה לנערה בוגרת מפוכחת, ובהן יתחלפו תדיר תשובותיה לשאלה: מה אני ואיזה אדם אני יכולה להיות.

 
עד לאותו רגע היתה ג'ובנה ילדת שמנת, בת להורים אינטלקטואלים ממרומי נפולי העילית המעודנת, המעריצה את אביה, שהעניק לה רק אישורים וחיזוקים. האמירה הטראומטית שלו מציתה בה אובססיה לפגוש את דודתה המוחרמת ויטוריה, שאליה השווה אותה האב.
 
בהשראת דודתה, שמתגוררת בתחתית התחתיות של נפולי, נסחפת ג'ובנה לחשוף את הצביעויות, השקרים והבגידות בחיי המבוגרים. מבטה החדש מסעיר בה מערבולת של שקרים ופנטזיות ודוחף אותה לפעולות מערערות־סדרים. לאורך השנים הללו מלווה את אירועי הספר צמיד ממיט־אסונות שעובר במשפחה בדרכים עקלקלות, האם תוכל ג'ובנה לשמוט את הצמיד הזה מחייה?
 
פרנטה הצליחה לברוא כאן לא רק סיפור מהפנט וממכר, אלא עולם שלם שלתוכו היא יוצקת, באינטליגנציה רגשית עילאית, מצבים נפשיים גועשים.",,,,,,31-6887,,,he,Paperback,4,34,8,5235,91,2,1
1008419,תפוז דם,הארייט טייס,גיא הרלינג,תכלת,2023,368,ספרות,מתח ריגול והרפתקאות,https://cdn.simania.co.il/bookimages/covers100/1008419.jpg,https://simania.co.il/bookdetails.php?item_id=1008419,"אליסון יודעת שהיא חיה בשקר. היא לא מצליחה להשתחרר מהרומן שהיא מנהלת מאחורי גבו של בעלה, היא שותה יותר מדי וגם לבת שלה מגיע לבלות איתה יותר. היא כבר לא מסוגלת להמשיך ככה. משהו חייב להשתנות.

רק עוד לילה אחד. ואז אסיים את זה.

ואז היא מקבלת לייצוג משפטי את תיק הרצח הראשון שלה. עורך הדין שיעבוד לצדה הוא הגבר שעמו היא מנהלת רומן. אליסון מאמינה שתוכל להתמודד עם זה. היא כבר עברה דברים קשים יותר בחיים שלה.

עשיתי את זה. הרגתי אותו. אני אמורה להיות בכלא עכשיו. 

תיק הרצח נראה ברור. האישה אינה מכחישה שדקרה את בעלה למוות, אבל משהו בכל זאת מטריד את אליסון. האם יתכן שיש כאן סיפור אחר לגמרי? אליסון נחושה לנסות ולהציל את הנאשמת מהגורל הצפוי לה, אבל גם אז לא לגמרי ברור למי באמת היא מנסה לעזור – לרוצחת או אולי בכלל לעצמה.  

אני רואה אותך. אני יודע מה את עושה. 

אבל מישהו מכיר את הסודות של אליסון. מישהו שמאמין שעליה לשלם על כל מה שעשתה. ומרגע זה, זה משחק של חיים ומוות. משחק שאי אפשר להפסיק לשחק.",,Blood Orange / Harriet Tyce,,,,,,,he,Paperback,4.1,8,4,708,7,0,1
936869,בדרכים,ג'ק קרואק,עודד פלד,זמורה ביתן,1988,252,ספרות,ספרות מתורגמת,https://cdn.simania.co.il/bookimages/covers93/936869.jpg,https://simania.co.il/bookdetails.php?item_id=936869,"ג'ק קרואק, צאצא מעורב למשפחה קנדית ולמשפחה אינדיאנית, נולד במסאצ'וסטס, ארצות הברית, שם חי חיי נווד על שפת הנהרות ובשדות הנרחבים. את חינוכו קיבל מפי נזירים ישועיים בעיר לואל. כשהיה בן אחת-עשרה כתב את ספרו הראשון ובעקבות ג'ק לונדון החליט מאוחר יותר להיות אף הוא סופר-נווד. אף שהושפע בתחילת דרכו הספרותית מיצירותיהם של המינגוויי ושל סארויאן, הוא הצליח לפתח צורת כתיבה ייחודית משלו אותה כינה ""פרוזה ספונטאנית"" – צורת כתיבה שנודעה לה השפעה רבה על מספרים ומשוררים אמריקנים אחרים ובמיוחד על חברו אלן גינזברג. באמצעות צורה חדשה זו סיפר על חיי הנוודים בארצות הברית ובמיוחד – על אורחות חייו של דור הביטניקים בשנות החמישים. 

קרואק נפטר בשנת 1969 בהיותו בן ארבעים ושבע. 

בדרכים הוא הרומן החשוב והמובהק ביותר של קרואק ובו מגיעים לכלל שלמות של היסודות שהוזכרו כאן. אם אלן גינזברג היה המשורר של דור הביטניקים, ג'ק קרואק היה הסופר שנתן לדור זה את הביטוי החריף והמבריק מכולם. גיבור המעשה, סאל, יוצא למסע נדודים ללא מגמה ברורה, אך המסע האמיתי הוא המסע שלו אל תוך עצמו, וכך הוא ""בדרכים"" מדנוור לסן פרנסיסקו, מלוס אנג'לס לטכסס ולמכסיקו – לפעמים בגפו, לפעמים בחברת ביטניקים אחרים, שונים זה מזה, שמאחד אותם החיפוש אחר העצמיות, חיפוש המסתיים לעתים גם במוות – החיפוש אחר אמונה המביא עד לאבדון.",[כריכה קשה],,,,,2-0070366,מבחר,,he,Paperback,4,20,4,5116,41,1,1
11860,סלמנדרה,ק. צטניק,,הקיבוץ המאוחד,1987,184,עיון,שואה,https://cdn.simania.co.il/bookimages/covers1/11860.jpg,https://simania.co.il/bookdetails.php?item_id=11860,,,,,,,249-1963,סלמנדרה: כרוניקה של משפחה יהודית במאה העשרים,1,hebrew,Paperback,4.7,113,25,16094,220,1,1
1027882,פרות קדושות,עֹמר בר-לב,,ידיעות ספרים,2026,250,עיון,ביוגראפיות,https://cdn.simania.co.il/bookimages/covers102/1027882.jpg?v=1782506648021,https://simania.co.il/bookdetails.php?item_id=1027882,"""העוצמה האנושית שמגיעה לידיך כמפקד סיירת מטכ""ל היא זיקוק של כלל היכולות במדינת ישראל. עוצמות טכנולוגיות כמעט אין-סופיות משרתות אותך, ומערכתית אתה עצמאי לחלוטין. בתמורה לכך, מצופה מהיחידה וממך לפרוץ כל מסגרת"". 

עֹמר בר-לב קיבל את הפיקוד על סיירת מטכ""ל ב-1984 למשך שלוש שנים, שבהן עורר את הצורך לאתגר את המערכת ללא הרף. להבין מראש את מה שהוא מכנה ""הסכנה שבהרגל ובהצלחה"", או במילה אחת - ""הקונספציה"". 

בספרו פרות קדושות הוא מתאר את האתגרים שנערמו בתקופתו בפני סיירת מטכ""ל וחיל המודיעין; את הדילמה שבין קריאת תיגר ושינוי לבין היצמדות למוכר ולידוע; את הקשיים החיצוניים, הלחצים, המאבקים הפנימיים ואת האחריות והבדידות של מי שניצב בראש הפירמידה המבצעית.
 
בר-לב מעניק לכל אלה, בדיעבד, תובנות, שביכולתן לשמש לא רק מפקדים, אלא גם מנהלים בכלל, ולמעשה כל אדם, שיוכל להשליך מהן על חייו, על הקריירה שלו, על הדרך לשבור קונבנציות וקונספציות, כאלה שהוא מעולם לא חשב שאפשר וצריך לשבור אותן. 
 
לסיירת מטכ""ל, כמו לרבים בצה""ל ומחוצה לו, היו פרות קדושות. מסורת, תרגולות, ושיטות שנחקקו בסלע ולפעמים בדם, ובמילה אחת - ""קונספציות"". בר-לב, בסכין קצבים מטפורי, ניסה לשחוט כמעט את כולן. בלא מעט מקרים הוא גם הצליח. בלא מעט מקרים היה לכך מחיר. 

עֹמר ישראל בר-לב כיהן כשר לביטחון הפנים מטעם מפלגת העבודה וכחבר כנסת. יזם היי-טק, מקים תנועת ""אחריי!"" ואגרונום. בעל תואר שני ביחסים בינלאומיים ובאסטרטגיה. אל""מ (במיל') בר-לב, מלבד פיקודו על סיירת מטכ""ל ועל חטיבה, היה גם חלק מצוות המשא ומתן עם הפלסטינים על הסכם אוסלו, ולאחר מכן חבר בצוות הסכם השלום עם ירדן.","סיפורו של מפקד סיירת מטכ""ל",,,,,,,,he,Paperback,,,1,38,0,1,1
16933,אבנים מן הנהר,אורסולה הגי,עדי גרינצבורג-הירש,מודן,1999,444,ספרות,ספרות מתורגמת,https://cdn.simania.co.il/bookimages/covers1/16933.jpg,https://simania.co.il/bookdetails.php?item_id=16933,"טרודי מונטג היא גמדה, חריגה, לא רצויה  -  והיא קולם של אלה המנסים להשתלב. טרודי נולדה בעיירה קטנה בגרמניה בימי מלחמת העולם הראשונה, והתבגרה בתקופה שבה היחס לחריגים מכל סוג שהוא הפך עויין יותר ויותר. במלחמת העולם השניה טרודי היא צעירה, המקצינה את שונותה עוד יותר בהתנגדות למשטר בדרכה השקטה  -  היא נותנת מסתור ליהודית במרתף ביתה. אורסולה הגי מביאה דרך עיניה של טרודי את סיפורה של גרמניה בימי המלחמות, על הכיעור, הדחייה, האכזריות ונקודות האור -  והגחמה  -  המעטות שבה. אורסולה הגי מתארת את סיפורהן המתרקים של טרודי ושל העיירה, השזורים יחד למארג של עוצמת רגשות, אנושיות ואמת. ``רומן בלתי נשכח... שאי אפשר להניחו מן היד``. לורנה שפירו, ``ניוזוויק`` אורסולה הגי חייתה עד גיל 18 בגרמניה. בנוסף על ``לצוף בכף ידה של אמי`` חיברה את ``פלישות`` ואת ``הנאות שאין ראויים להן וסיפורים אחרים``. היא מכהנת כפרופסור לכתיבה יוצרת באוניברסיטת איסטרן וושינגטון, ומתגוררת ליד ספוקן שבמדינת וושינגטון בארצות הברית.",,Stones from the River / Ursula Hegi,,,,20-49118,,,he,Paperback,4.3,23,7,5700,41,1,1
1028576,הטעויות,נעה ידלין,,כנרת זמורה דביר,2026,320,ספרות,ספרות מקורית,https://cdn.simania.co.il/bookimages/covers102/1028576.jpg?v=1788533183113,https://simania.co.il/bookdetails.php?item_id=1028576,"עבור דפנה שמיר, מחנכת ומורה ותיקה ומוערכת, הזכייה בתחרות ""המורה של ישראל"" מגיעה בדיוק ברגע הנכון: בעלה זה ארבעים שנה עזב את הבית, בנותיה מרוחקות ממנה – האחת פיזית והשנייה רגשית – וקרנו של המקצוע שלו הקדישה את חייה נמצאת בירידה מתמדת. 

אבל בעודה נהנית מהתהילה הרגעית ומנסה לבחור שמלה לטקס, דפנה מקבלת מסר מאיים, ואז עוד אחד, ועוד ועוד: הכותב, שאינו מזדהה בשמו, טוען שהרסה את חייו ושעליה לוותר על הפרס. אם היא לא תעשה זאת – ידאג לכך בעצמו.

לרשותה של דפנה עומדים שבועות ספורים כדי לברר במי מדובר, ליישר את ההדורים ולוודא שאיש לא יחבל בערב הגדול של חייה. היא יוצאת למסע אל עברה ובין תלמידיה הראשונים – אז נערות ונערים בני שמונה־עשרה והיום אנשים בני חמישים; ובתוך כך נאלצת להישיר מבט אל השגיאות שעשתה ולבחון מחדש את חייה.

הטעויות הוא רומן מתוחכם ומתעתע, המעוצב כעלילה בלשית מרובת חשודים ותפניות. בסגנונה הריאליסטי החד־פעמי טווה נעה ידלין יצירה מעוררת מחשבה ונוגעת ללב על הדרך הארוכה בין התבגרות לבגרות; על ההחלטות שמשנות את חיינו לבלי שוב; על הדברים שאנחנו מבקשים לזכור ועל אלה שאנחנו מנסים לשכוח.

נעה ידלין היא כלת פרס ספיר ופרס היצירה לסופרים ולמשוררים. ספריה, ובהם בעלת הבית, שטוקהולם, אנשים כמונו והספר הלא נכון, היו לרבי־מכר, תורגמו לשפות זרות ועובדו לטלוויזיה ולתיאטרון.",,,,,,,,,he,Paperback,,,1,90,1,0,1
934812,הומר ולנגלי,אדגר לורנס דוקטורוב,ניצה פלד,ידיעות ספרים,2010,183,ספרות,ספרות מתורגמת,https://cdn.simania.co.il/bookimages/covers93/934812.jpg,https://simania.co.il/bookdetails.php?item_id=934812,"האחים הומר ולנגלי קולייר חיים בבדידות בניו יורק, בבית בעל עבר מפואר בשדרה החמישית. הומר, המספר, הוא עיוור בעל אינטואיציות חזקות, פסנתרן שהמוזיקה משמשת לו עוגן כמעט יחיד בחייו; לנגלי לקה בשיגעון - או שמא בגדלות - כתוצאה מפגיעת גז חרדל במלחמת העולם הראשונה. האחים - שדוקטורוב יצר בהשראת דמויות אמיתיות אשר על שמן קרויה תסמונת הצברנות הכפייתית, תסמונת קולייר - מלקטים מרחובות העיר חפצים שעשויים לדעתם להיות להם למועיל, ואוגרים עיתונים יומיים לצורך תחקיר עבור העיתון הנבואי ל עת שלנגלי שואף להוציא לאור. ועם זאת משתקפים אירועי המאה העשרים בחייהם. כי אף ששני האחים אינם רוצים אלא לעצור את העולם על סף דלתם, ההיסטוריה כמו חודרת לביתם הכאוטי בדמויותיהם של מהגרים, זונות, נשות חברה, סוכנים של הממשלה, גנגסטרים ונגני ג'ז. וכך נטענים חיי ההסתגרות שלהם בביתם בתלאות מאבקם לשרוד ולהקנות משמעות ואהבה לחייהם.

""במובן מסויים אני רואה בהומר ולנגלי רומן מסע: שני אנשים שעושים דרכם יחד ועוברים הרפתקאות משותפות, אף שבעצם אינם יוצאים כמעט מהבית. בזכות האספנות שלהם הם בעיני אוצרים של חייהם ושל זמנם, וביתם הוא מוזיאון החיים של כולנו. שני אחים שבחרו להתנתק מן הציוויליזציה וגררו בעקבותיהם את העולם""
 - א.ל. דוקטורוב",,,,,,362-4086,פרוזה,,he,Paperback,4.3,8,4,2110,18,0,1
1028756,שחיתות במצולות,אליעד שרגא,,כנרת זמורה דביר,2026,288,עיון,פוליטיקה - ישראל,https://cdn.simania.co.il/bookimages/covers102/1028756.jpg?v=1790018323179,https://simania.co.il/bookdetails.php?item_id=1028756,"הספר שחיתות במצולות חושף לראשונה, בשורת גילויים חדשים, את פרשת השחיתות החמורה ביותר שהתרחשה אי פעם במדינת ישראל, ואשר פגעה אנושות בליבת קודש־הקודשים של הביטחון הלאומי: כלי־הנשק הימיים האסטרטגיים של צה""ל.

הספר חושף סודות מטלטלים על הקנוניה שנרקמה כדי לרכוש לחיל הים במיליארדי דולרים צי ובו תשע צוללות וספינות-נגד-צוללות, שאין בהן צורך. הוא קורע את המסכה מעל מנגנון השקרים שנועד להסתיר כיצד כל זה התרחש: איך בוטל מכרז בין־לאומי, כדי לרכוש ארבע ספינות־שטח דווקא מתאגיד טיסנקרופ, אחרי שצה""ל התנגד לכך; כיצד נעשה ניסיון שלא ייאמן להעביר את מספנות חיל הים בחיפה לידיים פרטיות בעבור בצע כסף; ואת הדרמה שהתחוללה בברלין, כשנשיא המדינה רובי ריבלין נשלח על ידי שר הביטחון, לבצע משימת איסוף מודיעין. והחמור מכל: הספר מראה כיצד, מאחורי גבה של מערכת הביטחון, קיבלו הגרמנים אישור לבנות למצרים ארבע צוללות תקיפה מתקדמות, על אף שהאחים המוסלמים היו כבר בדרכם לשלטון, בעסקה שהוסתרה מצה""ל – עד שהיה מאוחר מדיי. 

במרכז הספר ניצבת דמותו של ראש ממשלת ישראל, בנימין נתניהו, שהוביל וקידם, בניגוד לכל הנהלים, עסקאות הנגועות בשחיתות, כאשר בני משפחתו הקרובים עשויים להרוויח מהן הון עתק. על חלקו בפרשה כבר נקבע בדו""ח־הביניים של ועדת החקירה הממלכתית, כי נתניהו ""פגע בביטחון הלאומי וביחסי החוץ של מדינת ישראל"".

היקפה וחומרתה של פרשת הצוללות וכלי השיט נחשפים במלואם בספר שחיתות במצולות, שמוציא לאור את האמת כולה, אמת שהציבור בישראל חייב לדעת, ובהקדם האפשרי.

עו""ד ד""ר אליעד שרגא, מומחה למשפט מנהלי וחוקתי, כתב שבעה ספרים בנושאים אלה. זהו ספרו השמיני. הוא מייסד ויו""ר התנועה לאיכות השלטון בישראל, סגן אלוף (מיל') בצנחנים, ומזה ארבעה עשורים לוחם בשחיתות בישראל. בספר זה הוא מגיש באופן חד, נוקב ובלתי אמצעי את פירות התחקיר הארוך והמאבק המשפטי והציבורי שהוביל וניהל, שבמהלכם טווה מארג נדיר של עדויות ממקור ראשון, המובאות בפני הקוראים כסרט מתח.","פרשת הצוללות: השקרים, הסודות - והאמת",,,,,,,,he,Paperback,,,1,48,2,0,1
1014631,ואיפה זה פוגש אותך?,ג'ושוע פלטשר,אלה נובאק,תכלת,2025,408,ספרות,ספרות מתורגמת,https://cdn.simania.co.il/bookimages/covers101/1014631.jpg,https://simania.co.il/bookdetails.php?item_id=1014631,"פסיכולוג אחד.
ארבעה מטופלים.
חמישה עולמות פנימיים סוערים, שונים כל כך משלנו אבל בעצם די דומים.
הדרמות המתרחשות מאחורי הדלת של קליניקת הטיפול העסיקו סופרים – וקוראים – מאז ומעולם, אבל איש לא כתב עליהן בגילוי לב ובשנינות כמו הפסיכולוג הבריטי המצליח ג'ושוע פלטשר. בספר המפתיע הזה, פלטשר מאפשר לנו להיות זבוב על הקיר בפגישותיו, ומכניס אותנו באומץ אל תוך נבכי מוחו ומחשבותיו, בעזרת הקולות הפנימיים המשעשעים שמלווים אותו בכל פגישה.
דרך סיפוריהם של ארבעה ממטופליו – ביניהם שחקנית מפורסמת שנאבקת בחרדות ובמשבר זהות, ושומר במועדון לילה שנקלע לכת מתעללת – וסיפורו האישי שלו, פלטשר לוקח את קוראיו למסע מטלטל, מרגש ומלא בהומור אל נפש האדם.
בין לבין, הוא משלב הסברים מעשיים ומאירי עיניים למונחים מעולם הפסיכותרפיה, ומשתף בסיבות שבזכותן, לדעתו, טיפול רגשי נכון ומותאם הוא הדרך הטובה ביותר לרווחה הנפשית המיוחלת.
ואיפה זה פוגש אותך הפך לרב־מכר בבריטניה ובעולם, כיכב ברשימות ספרי העיון של השנה באתר אמזון, וזכה לשבחי הביקורות והקוראים.",,And How Does That Make You Feel,,,,,,,he,Paperback,4.6,5,1,754,13,0,1
21875,דיבס: הילד המחפש את זהותו [מהדורת 2010],וירג'יניה אקסליין,יואב הלוי,ספרית פועלים,2010,183,פסיכולוגיה,פסיכולוגיה  -  כללי,https://cdn.simania.co.il/bookimages/covers2/21875.jpg,https://simania.co.il/bookdetails.php?item_id=21875,"זהו סיפור צמיחתה של אישיות בריאה וחזקה בילד מופרע ביותר. בראשית הסיפור כבר ביקר דיבס כשנתיים בבית הספר, בתחילה לא דיבר כלל. פעמים ישב כל שעות - הבוקר אילם וללא - תנועה, או שהיה זוחל על רצפת - הכיתה, מתעלם מן הילדים והמורה. פעמים היה נתקף התפרצויות - זעם קשות. המורים, הפסיכולוג ורופא - הילדים של בית - הספר היו תוהים: האם היה מפגר בשכלו? האם סבל ממחלת - נפש קשה? האם מוחו נפגע בלידה? על - כך לא היתה תשובה. ספר זה הוא דו""ח על דבר, שהמחברת מכנה אותו ""החיפוש אחר האני"" אצל יצור אנושי קטן, חולה עד לעורר - רחמים. ובסופו  -  כתוצאה מן העזרה הקלינית הנכונה והמקצועית לעילא של ד""ר אקסליין, הוא מתגלה כאישיות מבריקה ומוכשרת  -  מנהיג אמיתי. המחברת ידועה בעולם הפסיכולוגיה בשל תרומותיה לתיאוריה ולמעשה של ריפוי - ילדים במשחק. ספרה ""ריפוי במשחק: כוחות - מניע פנימיים של הילדות"", זכה לשבחים רבים ולתפוצה גדולה. ""דיבס"" הוא ספר מרתק ומעניין עבור כל קורא. ההורים, המתעניינים בהתפתחות הנפשית של ילדיהם, יקראו בו בהנאה ויפיקו ממנו תועלת רבה. גם לאנשי - המקצוע, החוקרים את גיל - הילדות ואת חיי - הנפש הנורמליים והבלתי נורמליים של הילד, יהיה הספר לעזר רב.",,Dibs in Search of Self,,,,,,,hebrew,Paperback,4.4,43,8,14399,48,2,1
967085,אנדיורנס [מהדורת 2013],אלפרד לנסינג,מרינה גרוסלרנר,ידיעות ספרים,2013,284,ספרות,ספרות מתורגמת,https://cdn.simania.co.il/bookimages/covers96/967085.jpg,https://simania.co.il/bookdetails.php?item_id=967085,"“הם היו לבדם, לכודים בלב הים האנטארקטי הקפוא. כמעט שנה חלפה מאז יצרו קשר כלשהו עם הציביליזציה. איש בעולם החיצון לא ידע על מצוקתם, וּודאי שלא נודע לאיש מקומם. לא היה להם משדר שבעזרתו יכלו להודיע היכן הם. ואפילו יכלו לשדר אותות מצוקה, ספק אם צוות חילוץ כלשהו היה יכול להגיע אליהם. חומרת מצבם הייתה בהירה כאור היום: אם יש בדעתם להיחלץ, יהיה עליהם לעשות זאת בכוחות עצמם.”

באוגוסט 1914 יצאה המשלחת הטראנס-אנטארקטית המלכותית הבריטית, בראשות חוקר הקוטב ארנסט שקלטון, במטרה לחצות את יבשת אנטארקטיקה במסע רגלי ממערב למזרח. בינואר 1915 , לאחר חצייה מתישה של אלפי קילומטרים של ים קפוא, ובמרחק של יום אחד בלבד מיעדה, נלכדה ספינתם, האנדיורנס, בתוך שדה קרח. במשך עשרה חודשים נסחפה האנדיורנס הלכודה לכיוון צפון-מערב, עד שנמחצה ורוסקה לבסוף על ידי הקרח. אבל עבור שקלטון ואנשי משלחתו הייתה זו רק תחילתו של מסע הישרדות, אחד הקיצוניים והמסעירים בתולדות האנושות.

אנדיורנס, רב-המכר שהפך לקלאסיקה, הוא מסמך היסטורי מרתק ומסעיר המתאר אודיסיאה העולה על כל דמיון. בהתבסס על יומנים ועל ראיונות עם אנשי המשלחת משחזר אלפרד לנסינג את המסע הנורא בְּספר הנקרא בלב פועם. במרכזו ניצבת דמותו של ארנסט שקלטון, חוקר שעמידותו ומנהיגותו הגדירה מחדש את המושג “גבורה”, ושכנגד כל הסיכויים שרד את המסע והחזיר הביתה את כל עשרים ושבעת אנשי צוותו.",,Endurance: Shackleton`s Incredible Voyage,,,,362-4880,,,he,Paperback,4.5,67,28,11678,112,3,1
1027283,מארש רדצקי [מהדורת 2026],יוזף רות (רוט),אילנה המרמן,עם עובד,2026,351,ספרות,ספרות מתורגמת,https://cdn.simania.co.il/bookimages/covers102/1027283.webp?v=1777669968194,https://simania.co.il/bookdetails.php?item_id=1027283,"על רקע הדרהּ הדועך של האימפריה האוסטרו־הונגרית, מארש רדצקי, הרומן האפי הנודע ופסגת יצירתו של הסופר יוזף רוט, מביא את סיפורה של משפחת טרוטה, על פני שלושה דורות: אבי המשפחה, חייל נוקשה ומוגבל שזכה בתואר אצולה על מעשה גבורה שספק אם ביצע; הבן, שר מחוז, פקיד קפדן שמקדש את הסדר הקיים והשמרנות; והנכד, קצין רגיש ופגיע, שסולד מהשירות הצבאי ומפנה את גבו לשיעור הקומה של אבותיו.

מארש רדצקי הוא דיוקן מופתי פסיכולוגי וחברתי של עידן שאבד, דיוקן חומל שמצליח לעורר חיבה אפילו כלפי החולשות והשגיאות של הקיסרות המתפוררת, ולצד זה חושף את הנוקשות חסרת התוחלת של חברה שמקדשת את הצבא. זהו סיפור סוחף של חובה וגבורה, תשוקה ופשרה, טרגדיה ושברון לב, סיפור שנמשך עד חשכת ערב מלחמת העולם הראשונה, שאז דרך חיים שלמה עומדת לקרוס.

הרומן מובא כעת בתרגום שערכה מחדש אילנה המרמן ואף הוסיפה אחרית דבר על מלאכת התרגום.

הערה: הספר יצא לאור בסיוע קרן יהושע רבינוביץ לאמנויות, תל אביב (ע""ר) בתמיכת משרד התרבות והספורט מינהל התרבות
________________________
""הרומן הפוליטי הטוב ביותר שנכתב מעולם"", מריו ורגס יוסה, חתן פרס נובל לספרות.

""אחד הרומנים הקריאים והנפלאים ביותר שנכתבו בגרמנית במאה ה־20: עומד בשורה אחת עם מיטב יצירותיהם של תומס מאן, אלפרד דבלין ורוברט מוסיל"", הרולד בלום.

""הוא באמת היה סופר גדול, אבל ההיטלריזם הרס את גופו. אנחנו לא מגיעים לגיל הזִקנה, אנחנו הגולים! אהבתי אותו כאח"", שטפן צוויג ,עם מותו של יוזף רוט ב־1939.

""אחד הרומנים הגדולים שנכתבו אי־פעם"" פיליפ סנדס.",,Radetzky Marsch / Joseph Roth,,,,,ספריה לעם,872,he,Paperback,4.5,2,1,103,5,0,1
1028557,מסיבה של שקרנים,קלסי קוקס,שרון פרמינגר,ידיעות ספרים,2026,320,ספרות,מתח ריגול והרפתקאות,https://cdn.simania.co.il/bookimages/covers102/1028557.jpg?v=1788399892269,https://simania.co.il/bookdetails.php?item_id=1028557,"זהו יום הולדתה השישה־עשר של סופי מתיוס. אביה לא חסך בהוצאות: נשף יוקרתי ומוגזם, אחוזה מפוארת על שפת צוק ורשימת המוזמנים הכי שווה שאפשר לדמיין. אבל רגע אחרי שמכבים את הנרות על העוגה והאורות שבים ונדלקים, נשמעת צרחה. שנמשכת כאורך הזמן שבו גוף צולל מטה באוויר.

רשימת האורחים קטלנית:

דני – האם החורגת הצעירה והיפהפייה, שמאז לידת בתה אכולת ספקות עצמיים. 

אורלה – המטפלת האירית, הנוטה להאמין באמונות טפלות וחשה שסכנה מרחפת מעל הבית. 

מיקיילה – חברתה הטובה ביותר של כלת השמחה, ואולי לא תמימה כמו שכולם חושבים. 

קים – האקסית הערמומית של אבא, שמעולם לא התגברה על הכעס שלה. 

כולם מוזמנים למסיבה. לא כולם יֵצאו ממנה בחיים. 

מסיבת סוויט סיקסטין נוצצת וגדולה מהחיים – מהסוג שיודעים להפיק רק בטקסס – נהפכת לזירת פשע קטלנית במותחן אפל, מסחרר ומלא תפניות, המעניק ניחוח רענן לתעלומות בנוסח ""מי עשה את זה?"". 

הסופרת קלסי קוקס גרה באזור הגבעות של טקסס, מגדלת שתי בנות וצופה במותחנים בריטיים – כל החומרים הדרושים ליצירת ספר מתח שחייבים לקרוא עד הסוף. לקוקס, בוגרת תואר שני בכתיבה יוצרת, יש חיבה מיוחדת לדמויות מורכבות, לטוויסטים מפתיעים ולמסיבות שכולם מדברים עליהן. מסיבה של שקרנים הוא ספר הביכורים שלה, ואם יהיה לכם מזל – היא תזמין אתכם גם לאירוע הבא.",,,,,,,,,he,Paperback,4.5,2,2,67,2,1,1
1028650,דיאה וסודות היער,רעות לביא-פלג,,התחנה,2026,188,ילדים,ילדים 12-9,https://cdn.simania.co.il/bookimages/covers102/1028650.jpg?v=1788924271711,https://simania.co.il/bookdetails.php?item_id=1028650,"""במשך כל הנסיעה האף שלי היה דבוק לחלון הכרכרה. לא יכולתי לשבוע מהמראות שחלפו על פניי. ככל שהדרך נכנסה עמוק יותר לתוך היער, גזעי העצים נראו רחבים ועתיקים יותר, והמים בנחל נצצו, בוהקים יותר. אפילו הערפל שנראה מרחוק במעבה היער נראה לי מסתורי ומרגש. הרגשתי כאילו היער קורא לי להיכנס ולחקור אותו. לא היה דבר שרציתי יותר מזה.""

דיאה ריין גדלה בטירה, בין שורות של ספרים וחדרים מלאי מלומדים. היא תמיד ידעה שאין קסם אמיתי בעולם, אפילו שמדי פעם היה נדמה לה שאולי בכל זאת היא ראתה משהו... לא רגיל.

אבל הכול משתנה ביום הולדתה העשירי, כשבנסיעה השנתית לכפר היער דיאה פוגשת יצור שלא ראתה כמוהו מעולם, ומוצאת את עצמה בתוך הרפתקה מסעירה. לראשונה בחייה היא נכנסת ליער ומגלה שהוא לא כפי שהיא ציפתה. יחד עם חברה חדשה ולא תמיד נחמדה היא מנסה לחזור הביתה, אבל נדמה שחלק מהיצורים ביער עושים ככל יכולתם כדי להפריע לה. היא תצטרך להבין מי מנסה לעזור, מי מנסה להזיק, ומה מסתתר בעומק היער. כי אולי הקסם היה שם כל הזמן. היא פשוט הייתה צריכה להיכנס ולחפש אותו.

רעות לביא־פלג, קוראת ספרים נלהבת וחובבת פנטזיה מושבעת. מוצאת קסם אמיתי בתוך הספרים. דיאה וסודות היער הוא ספרה הראשון.

״דיאה וסודות היער הוא סיפור מקסים של הרפתקאות ותגליות. הוא מותח ומצחיק ומלא במתיקות וטוב לב. ספר שכיף לקרוא לבד, וכיף לקרוא גם ביחד.״ מאירה ברנע־גולדברג",,,,,,,,,he,Paperback,5,1,1,22,0,0,1
1025629,שער אל הים,מירב שרון גרידינגר,,מירב שרון גרידינגר,2025,216,ספרות,ספרות מקורית,https://cdn.simania.co.il/bookimages/covers102/1025629.jpg,https://simania.co.il/bookdetails.php?item_id=1025629,"בעולם שבו הכוח נמדד באמונה, האמת היא הסכנה הגדולה מכולן.

פורטוגל, ראשית המאה ה־16. הממלכה כובשת את הימים ומציפה את העולם בתשוקתה לגלות, לסחור ולשלוט. בליסבון הרועשת משווקים, סוחרים וניחוחות התבלינים, בין צלילי הנמל ורוחה הכבדה של האינקוויזיציה, חיה לאונור, בת למשפחת רוקחים עתיקה. חייה נשזרים ברשת עדינה של סודות, נאמנויות ותשוקות – על קו התפר שבין חכמה לאמונה, בין כוח הידע לסכנת האמת.

כשגורלה מתהפך היא יוצאת למסע לגילוי האמת – מסע שייקח אותה מן הכאב אל החופש ואל האמונה בעצמה. כל תגלית עלולה להפוך לחטא וכל סוד עלול לגבות מחיר, זהו מסע של גוף ונפש אל חופש, אל אמונה מחודשת ואל אהבה שאין בה תנאים.

בדרכה תפגוש אנשי מדע ונזירים, מגלי עולם ובוגדים, ותמצא את עצמה בלב תקופה שבה תגלית אחת יכולה לשנות את פני ההיסטוריה ואת גורלה שלה.

מירב שרון גרידינגר היא יוצרת ואשת חינוך לשעבר, בעלת M.A במדיניות וניהול אנרגיה. את השראתה היא שואבת ממסעותיה העצמאיים בטבע ובניווטים רגליים ברחבי העולם, שבהם למדה על חופש, פחד ואומץ. שער אל הים הוא ספר הביכורים שלה.",,,,,,,,,he,Paperback,,,1,35,1,0,1
1028455,אל תוציאו אותי מהמשחק,גלית יתום,,קינמון,2026,250,ספרות,ספרות מקורית,https://cdn.simania.co.il/bookimages/covers102/1028455.jpg?v=1787154502647,https://simania.co.il/bookdetails.php?item_id=1028455,"אהבה אמיתית לא נולדת מרגעי שלמות, אלא מטעויות שאנחנו בוחרים לתקן יחד.

גם התסריט המדויק ביותר לא יכול היה להכין את נועה וארז לכך שלא כל מה שקורה על הסט נשאר בו.

במציאות אין מי שיכתוב איך זה אמור להיגמר.

נועה היא מפיקה שלא משאירה מקום לטעויות ושולטת בכל רגע על סט הצילומים. ארז הוא במאי כריזמטי וחד, כזה שמכיר את הסיפור עד לפרט האחרון, ולא מפחד לפרק אותו כדי להגיע לאמת.

כשהם נאלצים לעבוד יחד על סדרה חדשה, המתח ביניהם בלתי נמנע.

אבל כששחקן ראשי נפצע וההפקה כולה עומדת בסכנה, הגבולות מתחילים להיטשטש. בין דרישות תקציב, לחצים מהפקה בינלאומית, והעולם שמחוץ לפריים שחודר פנימה — הלב מתאהב מאחורי המצלמה, ואין דרך להתכונן לרגע שבו יצטרכו לבחור בין מה שנכון לבין מה שהם מרגישים.

אל תוציאו אותי מהמשחק הוא רומן על אהבה שמתפתחת בדיוק במקום שבו הכול נראה מבוים.

גלית יתום היא מפיקה שחיה ונושמת את עולם הטלוויזיה וההפקות. מתוך היכרות קרובה עם מאחורי הקלעים נולד רומן הביכורים שלה.",,,,,,,,,he,Paperback,5,1,2,76,1,0,1
1026848,הבת המרוחקת,לורנה קוק,דנה טל,תכלת,2026,368,ספרות,ספרות מתורגמת,https://cdn.simania.co.il/bookimages/covers102/1026848.jpg?v=1775322537493,https://simania.co.il/bookdetails.php?item_id=1026848,"לורנה קוק, מחברת רבי המכר האהובים ההבטחה האסורה, סודה של תופרת השמלות ורבים אחרים, חוזרת ברומן היסטורי מרתק ונוגע ללב.

סינגפור, 1941 : כשהפצצות היפניות הראשונות נופלות איסי מבינה שהחיים הנוחים שבנתה לעצמה באי לא יוכלו להימשך. היא יודעת שעליה לעזוב. היא שמה את מבטחה באלכס, גבר מסתורי ויפה תואר. הוא נשבע שיביא אותה למקום מבטחים.

אנגליה, 2025 : למורנה שבורת הלב חוזרת לטרלנה – בית משפחתה העתיק בקורנוול. שם היא מוצאת יומן עור מרופט.
זהו היומן שבו איסי תיארה את חייה, בסינגפור בשנות הארבעים. בין דפי היומן מתגלה הסיפור המרתק – של התקופה, של המלחמה, ושל איסי עצמה.

מוקסמת מקווי הדמיון לחייה שלה, למורנה חייבת לדעת: האם איסי שרדה את זוועות המתקפה היפנית על סינגפור? והאם סיפורה, סיפור על אהבה, כוח רצון והקרבה, יכול לעורר השראה בלמורנה לאמץ חיים חדשים – ולתת הזדמנות לאהבה חדשה – בטרלנה?

הבת המרוחקת הוא ספר ראשון בסדרת הרומנים ההיסטוריים בית טרלנה. ספריה של לורנה קוק היו רבי מכר במדינות רבות וזכו לאהבת הקוראות והקוראים.",סודות בית טרלנה - 1,The Distant Daughter / Lorraine Cook,,,,,סודות בית טרלנה,1,he,Paperback,3.4,5,2,146,4,0,1
1028637,הכלוב של הדובים,אורנה ורכובסקי,,התחנה,2026,254,ספרות,ספרות מקורית,https://cdn.simania.co.il/bookimages/covers102/1028637.jpg?v=1788724326731,https://simania.co.il/bookdetails.php?item_id=1028637,"יעל נמצאת במערכת נישואים אוהבת עם בעלה עמית. כשלזוג נולדת בת, טילי, כולם מתפעלים מעמית, שנכנס בטבעיות לתפקידו החדש כאבא, מכרכר סביב טילי, מפנק אותה, נושא אותה על כפיים, וגם יעל שמחה לגלות שבעלה הוא אבא מסור.

הילדה גדלה, ועמית וטילי מבלים ביחד כל הזמן, הוא מרעיף עליה אהבה והיא משיבה לו בהערצה. כשיעל עוברת תאונת דרכים ובעקבותיה שיקום ממושך, היא מתחילה להרגיש שהגבולות בבית מיטשטשים ומוצאת את עצמה מודרת ונדחקת הצידה. האם משום כך היא מתחילה לחשוב כי יש דבר מה לא בריא ביחסים שבין בעלה לבתה? האם בעלה הוא נרקיסיסט, מתעלל רגשית, אולי אפילו מתהלך בפאתי האזור המסוכן של גילוי עריות, או שהיא זו שפסיווית, חלשה, ובקצרה אם לא טובה דייה – שפשוט מקנאה?

הכלוב של הדובים הוא ספרה השני של אורנה ורכובסקי, מחברת כל העומרים שהיו לה, שראה אור בהוצאת כנרת וזכה בפרס שר התרבות להוצאת ספר ביכורים. גם הפעם היא הוציאה תחת ידיה ספר כתוב להפליא, דק אבחנה והופך קרביים, אשר גורם לקורא לתהות ולחפש אחר האמת החמקמקה.",,,,,,,,,he,Paperback,4.7,3,2,102,0,0,1
977861,החברה הגאונה,אלנה פרנטה,אלון אלטרס,הקיבוץ המאוחד,2015,342,ספרות,ספרות מתורגמת,https://cdn.simania.co.il/bookimages/covers97/977861.jpg,https://simania.co.il/bookdetails.php?item_id=977861,"לִילָה צֶ'רוּלוֹ, ילידת 1944, בתו של הסנדלר שלא יצאה כל חייה מתחומי נאפולי, נעלמת בגיל 66, ונעלמים כל חפציה ומסמכיה, לאחר שאף גזרה את עצמה מכל התצלומים שבהם הופיעה עם בנה. 
היא הגשימה בהגזמה אופיינית את רצונה להתנדף ולמחוק את כל החיים שהותירה מאחוריה – והמעשה הרגיז מאוד את אֶלֶנה גְרֶקוֹ, בתו של השוער בעירייה, בת-גילה וחברת-הנפש שלה כמעט 60 שנה. 
כמין נקמה מתיישבת אֶלנה, שהיא כבר סופרת, לכתוב כל פרט מסיפורן של השתיים, זו מול זו, לאורך כל השנים.
 
התוצאה המהפנטת היא מסע בן למעלה מ-1,800 עמודים, טֶטרלוגיית הרומאנים הנפוליטניים של אֶלֶנה פרנטה (שם בדוי), ארבעה רומאנים שזכו לאהדה גורפת של הביקורת והקוראים באירופה ובארה""ב. 
""שום דבר דומה לזה לא נדפס מעולם קודם לכן"", כתב ה'גרדיאן' הבריטי; ""פרנטה היא אחת מכותבי הרומאנים הגדולים של זמננו"", כתב ה'ניו-יורק טיימס'; מחזור הרומאנים הנפוליטניים שלה הוא ""הרומאן האיטלקי הגדול של דורהּ, ארצהּ, זמנהּ"", כתב 'איל מניפסטו' האיטלקי.
 
ב'החבֵרה הגאונה', הרומאן הראשון במחזור, העלילות המותנות זו בזו של לִילה ואֶלנה, מגיל שש עד למעלה משש-עשרה, נטועות בַּסגירות של השכונה הנפוליטנית הנידחת, כלא של נחשלוּת, גסות, איסורים ואלימות, שהשתיים ישאפו, לאורך כל חייהן, לחרוג ממנו ולהינתק מן העבר החשוך שלו. 
שתיהן חיות בבועה, שכל מה שמתחולל בשנות ה-50 באיטליה ובעולם בקושי חודר אליה, אף שמדובר בילדות מחוננות שקוראות את 'אַינֵאִיס' במקור, ואת דוסטוייבסקי וטולסטוי.
 
מי משתי החברות היא ""הגאונה""? 
האם זו לִילה, שאינה לומדת מעבר לחמש שנות לימוד, אך מתוך תחרות עם אֶלנה כמו ממשיכה בבית-ספר חשאי ומלמדת את עצמה לטינית ויוונית ואנגלית, קוראת את מחצית הספרייה המקומית, ובגיל 12 מעצבת נעליים מסוגים שלא ראתה מעולם? 
לִילה הנחושה והנועזת, חסרת הרסן, שחריפותה היא כמו הכשת-נחש? 
ושמא זו אֶלנה השקדנית והמלומדת, האחת מן השתיים שתגיע רחוק ותהפוך להיות סופרת, מי שבעיני לִילה-עצמה היא החברה הגאונה שלה?
 
בסיפור הנערוּת, הסובב סביב התהפוכות של פרשת נעליים מסועפת (סיפור סינדרלה מהופך), מעוצב ב'החברה הגאונה' קשר ייחודי בין שתי ילדות-נערות בהיקף ובעומק רגשי חסרי תקדים. 
כל אחת מן השתיים פינתה מקום בתוכה לחברתה, והיא חווה את עצמה לעומת האחרת, שואלת 'מה אני לגביה', ומגבשת את זהותה – מתוך תחרות, קנאה והיקסמות – לנוכח מבטה המדומיין של החבֵרה.
 
'החברה הגאונה' מגיע לסיום זמני שבו התפלגו חיי השתיים, כי לִילה כביכול כלאה את עצמה במעֵין כלוב המטיל עליה את צלו. אבל ברור שבקרוב היא תשבור שוב את הכל.",,,,,,31-5166,הרומאנים הנפוליטניים,1,he,Paperback,4.3,250,66,27008,253,4,1
1026486,הודעה גורלית,אדם פיין,,תכלת,2026,304,ספרות,מתח ריגול והרפתקאות,https://cdn.simania.co.il/bookimages/covers102/1026486.jpg,https://simania.co.il/bookdetails.php?item_id=1026486,"ספטמבר 2024. בצהרי יום בהיר, אלפי ביפרים מתפוצצים בו־זמנית ברחבי לבנון. מה שנראה כסצנה מסרט הוא למעשה שיאו של מבצע הריגול המתוחכם, הנועז והקטלני ביותר בתולדות המוסד.

עוז, בכיר בארגון, ועינת, מפקדת מבצע ומפעילת סוכנים נחושה, תכננו וביצעו לאורך שנים שורת מהלכים יצירתיים שחצו יבשות – מטייוואן והונגריה ועד לרובע הדאחייה בביירות.

זהו סיפורו של המבצע, אך יותר מזה, זהו סיפורם של האנשים שמאחוריו. סיפורם של מי שהפכו מבלי דעת לכלים על לוח השחמט, וסיפורם של אלה המשחקים במשחק מוחות מול אויבים אכזריים ומתוחכמים, ובדרך משלמים מחירים אישיים ומשפחתיים כבדים. סיפורם של החיים בצללים.

הודעה גורלית הוא רומן ריגול אקטואלי וסוחף, שמספק הצצה נדירה אל מאחורי הקלעים של מבצע הביפרים, ואל הדרמה האנושית שמאחוריו, באופן שרק מי שהיה שם יכול לספר.

אדם פיין הוא שם העט של בכיר לשעבר במערכת הבטחון ששמו האמיתי נאסר לפרסום על ידי הצנזורה.",,,,,,,,,he,Paperback,3.5,6,2,161,7,0,1
989797,החיים הנסתרים של העצים,פטר וולבן,ניב סבריאגו,אסיה,2018,265,מדע וטבע,"מדע, מדע פופלארי",https://cdn.simania.co.il/bookimages/covers98/989797.jpg,https://simania.co.il/bookdetails.php?item_id=989797,"עצים מתַקשרים זה עם זה? מגדלים באהבה את צאצאיהם? סועדים את שכניהם הזקנים והחולים? מהגרים מיער ליער? יכולים ללמוד ולזכור?
אכן, מה שמתרחש ביער אינו פנטזיה. לעצים יש תחושות, רגשות, זיכרונות. הם חשים כאב, מקבלים מכות שמש ומפתחים קמטים. היער הוא רשת חברתית פעילה. עצים הם יצורים סוציאליים – הם חולקים חומרי מזון עם עצים חולים ואף מזהירים זה את זה מפני סכנה קרֵבה.
 
היערן הגרמני פטר ווֹלֶבֶּן מאיר את הסבך הנסתר של היער - ומעניק לנו הצצה נדירה ואינטימית, המרחיבה את גבולות הדמיון, לעולם של סודות נעלמים מתחת לאפנו ממש. על סמך גילויים מדעיים עדכניים וכן ניסיונו האישי רב-השנים, הוא חושף בפנינו את עולמם של העצים ואת העושר המופלא, אך הסמוי מן העין, של חייהם.
 
פטר וולבן, יליד 1964, נמשך לטבע מאז ילדותו והקדיש את כל חייו לעצים. הוא למד יערנות ועבד כ-20 שנה בשירות היערות הלאומי של גרמניה. וולבן מנהל היום יער בגישה ידידותית לסביבה בהרי האייפל שבמערב גרמניה, ופועל להשבתו של היער הראשוני.",,,,,,500-170,,,he,Paperback,4.3,12,3,7175,19,0,1
21108,ימים קשים,צ'ארלס (צ'רלס) דיקנס,אסתר כספי,עם עובד,1970,267,ספרות,ספרות מתורגמת,https://cdn.simania.co.il/bookimages/covers2/21108.jpg,https://simania.co.il/bookdetails.php?item_id=21108,"""הסאטירה שלי מכוונת נגד אלו הרואים רק מספרים וממוצעים, ותו לא,"" הכריז צ'ארלס דיקנס בבואו להסביר את הנושא המרכזי של רומן קלאסי זה. העלילה, שפורסמה לראשונה ב-1854, עוסקת בתומאס גראדגריינד – אדם ה""אובססיבי לעובדות מוכחות"" – המגדל את ילדיו, טום ולואיזה, באווירה חונקת ויבשה של פרקטיות קודרת.

בהיעדר מצפן מוסרי שינחה אותם, הילדים שוקעים לחיי ייאוש ומצוקה, על רקע העיר העגומה ""קוקטאון"" (Coketown) – יישוב עלוב המצוי בצילה של מפלצת תעשייתית אדירה. 

רומן זה, הנחשב לכתב-האישום החריף ביותר של דיקנס נגד הפרקטיקות התעשייתיות של אמצע המאה ה-19 והשפעותיהן המבטלות את האנושיות, מציע תמונה מרתקת של החיים בתקופה הוויקטוריאנית; הוא עשיר בפרטים, מתאפיין בבניית דמויות מבריקה ומפגין את הדאגה החברתית הלהוטה המאפיינת את יצירותיו הטובות ביותר של הסופר.

על יצירתו של דיקנס אמר המבקר הוויקטוריאני הדגול ג'ון ראסקין את הדברים הבאים: ""הוא צודק לחלוטין בכיוון הכללי ובמטרה של כל ספר שכתב; וראוי שכל ספריו – ובמיוחד 'זמנים קשים' (Hard Times) – ייקראו וייבחנו בקפידה וברצינות על ידי כל מי שמתעניין בסוגיות חברתיות.""",,Hard Times,,,,,ספריה לעם,146,he,Paperback,4.1,22,3,4737,86,0,1
1027384,מעגל הימים,קן פולט,ניצה פלד,מודן,2026,568,ספרות,ספרות מתורגמת,https://cdn.simania.co.il/bookimages/covers102/1027384.jpg?v=1778776070923,https://simania.co.il/bookdetails.php?item_id=1027384,"כורה עם כישרון מיוחד, כוהנת המאמינה בבלתי אפשרי, מונומנט שלא נראה כמותו: תעלומת אתר סטונהֶנג‘ כפי שרק קן פולט מסוגל לספר.

סֶפְט, כורה סלעים מוכשר המתמחה בכריית אבני צוֹר, צועד בחום מעיק באזור “המישור הגדול“ בבריטניה כדי לחזות בפולחן אמצע הקיץ. הוא רוצה למכור את סלעיו ביריד הסמוך ולמצוא את נִין, הנערה שהוא אוהב. משפחתה המבוססת מציעה לו נתיב מילוט מאביו ואֶחיו האכזריים.

ג‘ויה, אחותה של נין, היא כוהנת שניחנה בחזון וביכולת מנהיגות יוצאי דופן. היא צופה מרותקת בפולחן אמצע הקיץ וחולמת על מבנה עצום, חדש ומופלא, שייבנה מהאבנים הגדולות בעולם. חזונה של ג‘ויה מעורר השראה בספט והופך למפעל חייהם של השניים. אך הם חיים בשנת 2500 לפני הספירה, הגלגל עדיין לא הומצא, וכל מה שעומד לרשותם הוא מאמץ אנושי וחבלים. שבטי המישור המפולגים, והספקנים הרבים אשר אינם מאמינים שהחזון יכול להתגשם, הופכים את האתגר לגדול מכפי שדמיינו.

כאשר בצורת אכזרית מגבירה את המתח בין הרועים, החקלאים ושוכני היער המאכלסים את המישור הגדול, מעשה של אלימות חריגה מוביל למלחמה - שעתידה לשנות את עתיד האזור כולו.

במעגל הימים, אפוס היסטורי מרתק, יש כל מה שהופך סיפור לעל־זמני: אהבה, נקמה, משפחה וקרבות עקובים מדם. קן פולט, מחבר הרומנים ההיסטוריים המוביל בתחומו, מתחקה אחר הסיפור האנושי החבוי מאחורי אחת התעלומות הגדולות בעולם: בניית אתר סטונהֶנג‘.

“תיאור דרמטי ועשיר.“ קירקוס ריוויוז 

“סיפור מרתק, מלא בדמויות מורכבות ומפותחות.“ פבלישרז ויקלי

“השילוב הייחודי בכתיבתו של פולט - תיאור מאורעות היסטוריים יוצאי דופן יחד עם תכונות האנוש המוכרות לכולנו - עובד באופן מושלם בספר המופלא הזה.“ לי צ‘יילד",,Circle Of Days,,,,,,,he,Paperback,,,1,112,9,0,1
1024658,שלום במרומיו,דוד מנחם,,בית - יצירה עברית,2025,172,יהדות,,https://cdn.simania.co.il/bookimages/covers102/1024658.jpg,https://simania.co.il/bookdetails.php?item_id=1024658,"כשמסורת עתיקה של זקנה בבלית מתנגשת עם הלכה נוקשה של רב צעיר, מתפתח מאבק מרתק על אמת, אמונה וסמכות בירושלים שבין שמיים לארץ.",,,,,,,,,he,Paperback,4,2,2,111,3,0,1
1027035,כבלי בלהות,סייבל סורנסן,נועה שביט,אהבות,2026,638,ספרות,ספרות קלה - רומנים,https://cdn.simania.co.il/bookimages/covers102/1027035.jpg?v=1776418605345,https://simania.co.il/bookdetails.php?item_id=1027035,"""שילוב מחשמל בין 'האגף הרביעי' ל'משחקי הרעב' בפנטזיה רומנטית סוחפת שאי אפשר להניח מהיד.""

רק הראויים שורדים את מבחני החבירה. היא תסכן את חייה - ואת ליבה - כדי להיות אחת מהם.

מרין קופר תמיד תיעבה את ה""חבורים"" - לוחמי העלית הקשורים בנפשם לזאבי בלהות עצומים ואכזריים. בזמן שהם חיים חיי פאר, מרין נאבקת להציל את משפחתה מחיי עוני בצל הטירה. אבל כשסיילה, אחותה הקטנה, נחטפת אל מעבר לגבול על ידי המפלצות בנות-האלמוות שנלחמות בארצה מזה מאות שנים - עולמה של מרין קורס.

מתוך רצון נואש להגיע לחזית ולהציל את אחותה, מרין מתגייסת לצבא ומושלכת היישר אל תוך מבחני החבירה הקטלניים, שם כל טעות תעלה לה בחייה.

כעת, על מרין לשרוד ארבעה חודשי אימונים מפרכים בטירה. היא כבולה לזאבת בלהות פראית שמסרבת לתקשר איתה; הטירונים האחרים צמאים לדמה; והמדריך הקר והיפהפה שלה, סטארק תריון, רק מחכה להעניש אותה על כל סימן של חולשה.

במקום שבו כל חיוך מסתיר סכין והמסדרונות צופנים סודות אפלים, כולם רוצים לפגוע בה - כולם, מלבד נסיך הכתר הנאה בצורה מסוכנת, שתשומת הלב שלו רק הופכת אותה למטרה גדולה יותר.

קשר דם או מוות. קרב או חידלון. הכישלון הוא גזר דין מוות.

הספר כולל תוכן למבוגרים, וכן תיאורי אלימות גרפיים, ומומלץ לקוראים מגיל 17 ומעלה.",,Dire Bound,,,,,זאבי החורבן,1,he,Paperback,4,1,1,51,1,0,1
983225,הקבוע היחידי,יואב בלום,,כתר,2016,376,ספרות,ספרות מקורית,https://cdn.simania.co.il/bookimages/covers98/983225.jpg,https://simania.co.il/bookdetails.php?item_id=983225,"מאז הומצא צמיד ההתחלפות, החיים השתנו. עכשיו כולם יכולים להתחלף - לנדוד בלחיצת כפתור אל גופו של מישהו אחר, בזמן שהוא עובר לגופך, למשך דקות, שבועות או שנים. במקום לטוס עד תאילנד, אפשר לקפוץ אל תוך מישהו שנמצא שם על חוף הים. במקום להסביר לרופא מה בדיוק אתם מרגישים, הרופא מתחלף איתכם לרגע ופשוט יודע. ועוד לא דיברנו על מאמני הכושר, שיריצו את הגוף שלכם בזמן שאתם שותים בירה על המרפסת שלהם. ממערכות יחסים ועד תחבורה, מעסקים ועד אחריות פלילית - הכול פועל אחרת עכשיו, כשהחלפת גוף היא פעולה פשוטה כמו שיחת טלפון...

אלא אם כן קוראים לך דן ארבל. במקרה הזה אתה האדם היחיד בעולם שאינו מסוגל להתחלף, שנשאר קבוע, תמיד בתוך גופו שלו. העניינים מסתבכים כאשר אישה שדן אינו מכיר נפגעת לנגד עיניו מכדור של צלף, רגע אחרי שסיפרה לו שהיא בעצם אהובת ילדותו בגוף אחר. דן מוצא את עצמו במרכזה של תעלומה ויוצא לגלות מי ירה בה, ובעיקר למה. הקבוע היחידי מתרחש בעולם שהמצאה אחת קטנה וגאונית שינתה אותו כליל והציתה מחדש שאלות ישנות על גוף ונפש, על זהות ועל אהבה. בסגנונו הייחודי סוחף אותנו יואב בלום, מחבר רבי־המכר ״מצרפי המקרים״ ו״המדריך לימים הקרובים״, אל סיפור מעורר מחשבה ואל האפשרויות הגלומות בו.",,,,,,,,,he,Paperback,4.1,105,25,8663,79,2,1
4909,עשהאל [מהדורת 2004],אהרן מגד,,עם עובד,2004,231,ספרות,ספרות מקורית,https://cdn.simania.co.il/bookimages/covers0/4909.jpg,https://simania.co.il/bookdetails.php?item_id=4909,"יומנו של איש תמהוני, יליד מושבה ותיקה בגליל, שבמרכזו פרשיות יחסים  עגומות וקומיות כאחד, בינו ובין אמנית תל -  אביבית, ובינו ובין אמו, אשה בעלת שרשים עמוקים בתרבות הארצישראלית. סיפור על בדידות ועל כמימה למגע אנושי בהוויה של ניגודי ערכים.",,Asahel / Aharon Megged,,,,32-11701,ספריה לעם - קלאסיקה,241,he,Paperback,4.2,54,11,5741,73,0,1
795,הארי פוטר ואבן החכמים,ג'יי. קיי. רולינג,גילי בר- הלל,ידיעות אחרונות,1998,316,ספרות,מדע בדיוני ופנטזיה,https://cdn.simania.co.il/bookimages/covers0/795.jpg,https://simania.co.il/bookdetails.php?item_id=795,"הארי פוטר מעולם לא היה כוכב של נבחרת קווידיץ' שמזכה את קבוצתו בנקודות תוך כדי רכיבה על מטאטא גבוה מעל האדמה. הוא לא מכיר לחשי קסם, מעולם לא גידל דרקון מביצה, ומעולם לא עטה גלימת היעלמות. הוא מכיר רק את חייו האומללים עם משפחת דרסלי האיומים - דודו ורנון, דודתו פטוניה ובנם הדוחה דאדלי - בריון מפונק, מגודל ושמן. 

 החדר של הארי הוא ארון פיצפון בתחתית המדרגות, והוריו המאמצים מעולם לא חגגו את יום הולדתו. אך כל זה עומד להשתנות לאחר שמכתב מסתורי מגיע אליו בדואר ינשופים ומזמין אותו למקום מופלא שהארי - וכל מי שיקרא עליו - לא יוכל לשכוח לעולם - הוגוורטס, בית הספר לכישוף ולקוסמות. 

בהוגוורטס הארי מגלה לא רק חברים, ספורט אווירי (קווידיץ') וקסמים בכל דבר, החל בשיעורים וכלה בארוחות, אלא גם גורל גדול שמחכה לו... בתנאי שהוא יצליח לשרוד!      

פרס הספרים הבריטי לספר השנה לילדים, 1997      
פרס מדליית הזהב של סמרטיז - נסטלה, 1997      
הספר הטוב ביותר לשנת 1998 של הספרייה הציבורית בניו-יורק 
     
ספר השנה 1998 PARENTING      
הספר הטוב ביותר לשנת 1998   SCHOOL LIBRARY JOURNAL      
הספר הטוב ביותר לשנת 1998   PUBLISHER'S WEEKLY",,Harry Potter and the Philosopher's Stone,,,965,362-1503 (ברקוד כריכה קשה שיתורגם לכריכה רכה: 0036200021392),הארי פוטר,1,he,Paperback,4.5,1677,234,58158,1377,23,1
1004486,בילי סאמרס,סטיבן קינג,אינגה מיכאלי,מודן,2022,495,ספרות,מתח ריגול והרפתקאות,https://cdn.simania.co.il/bookimages/covers100/1004486.jpg,https://simania.co.il/bookdetails.php?item_id=1004486,"בילי סאמרס עומד לבד בחדר עם רובה. הוא רוצח שכיר עבור המאפיה, גיבור מלחמת עיראק, והוא נחשב הטוב ביותר בתחומו. אבל הוא תמיד מבצע את הג'וב רק אם הקורבן המיועד הוא איש רע.
אחרי שנים של עבודה, בילי מחליט שהגיע הזמן לצאת לגמלאות. אבל קודם מחכה לו עוד חיסול אחרון. במסגרת המשימה הוא נדרש להעמיד פנים שהוא סופר שעסוק בכתיבת ספר, והכתיבה הופכת בשבילו לאמצעי התמודדות עם כאבי העבר. כשהוא מתחיל לחשוד שמי שנתן לו את המשימה מתכוון לחסל אותו אחרי שיבצע אותה, הוא נמלט ומסתתר.
ואז הוא פוגש את אליס, אישה צעירה שהייתה קורבן למעשה אלימות שפל. בניגוד לכל האינסטינקטים שלו, בילי מאפשר לקשר בינו לבין אליס לצמוח. יחד הם יוצאים למסע ברחבי ארצות הברית, כדי לברר מי באמת שכר את בילי למשימה ומדוע החליט לרצוח אותו.
מספר הסיפורים האגדי סטיבן קינג מביא את סיפורו המרתק של בחור טוב בעסק רע מאוד. בילי סאמרס הוא שילוב יוצא דופן של ספר מתח עם סיפור אהבה מרגש לעיירות הקטנות של אמריקה ולאנשים שחיים בה. זהו  סיפור על טוב ורע, על מזל וגורל, ועל גיבור מורכב שאי אפשר לשכוח.",,Billy Summers / Stephen King,,,,20-53797,,,he,Paperback,4.2,19,5,1951,27,0,1
1011926,בית תשיעי,לי ברדוגו,טל ארצי,כתר,2024,408,ספרות,מדע בדיוני ופנטזיה,https://cdn.simania.co.il/bookimages/covers101/1011926.jpg,https://simania.co.il/bookdetails.php?item_id=1011926,"""זה מה שקסם עושה.
הוא חושף את הלב של מי שהיינו לפני שהחיים גזלו מאיתנו את האמון באפשרי.""

גלקסי ""אלקס"" סטרן יודעת שהחיים הם לא משחק ילדים. ככה זה כשגדלים בשולי החברה. בגיל עשרים היא השורדת היחידה של סדרת רציחות מחרידות, והמשך חייה לא משדר אופטימיות.

הכול משתנה כשהיא מקבלת הצעה שלא ניתן לסרב לה: להשאיר את עברהּ מאחור ולהתחיל ללמוד באחת האוניברסיטאות היוקרתיות בעולם. בתמורה יהיה עליה לפקח על פעילויותיהן של האחוות הסודיות באוניברסיטה, שאותן פוקדת צמרת החברה וההון. עד מהרה אלקס מגלה שמאחורי הזוהר והיוקרה מסתתרת פעילות מיסטית אפלה: קסם אסור. מתים שקמים לתחייה. וגם ציד של החיים...",,Ninth House,,,,,בית תשיעי,1,he,Paperback,3.8,6,3,838,7,0,1
216627,אורות בוהקים עיר גדולה,ג'יי מקינרני,קטיה בנוביץ',זמורה,2007,190,ספרות,ספרות מתורגמת,https://cdn.simania.co.il/bookimages/covers21/216627.jpg,https://simania.co.il/bookdetails.php?item_id=216627,"בחור צעיר חי במנהטן כאילו היא שלו. יש לו הכול: אישה דוגמנית-על; עבודה במגזין יוקרתי; חברים צעירים ושנונים, נהנתנים יוצאי דופן.

	ואז האורות כבים.

	במהלך סופשבוע מטורף הוא מנסה לגבור על לבטים מוסריים ועל השחר המתקרב כשהוא חמוש רק ברצון טוב, סמים ותבונה. אירועים קומיים ואכזריים כאחד קושרים קשר נגדו. תוך כדי מנוסתו הבלתי נלאית אל לב חיי הלילה של ניו יורק - בין מועדוני לילה, תצוגות אופנה, מערכות עיתונים ומסיבות בעליות גג - הוא נמלט מן העצמי השנוא עליו כל כך בדרכו לגלות, בסופו של דבר, מי הוא.

	 

	אורות בוהקים עיר גדולה הוא ספרו הראשון של הסופר הניו-יורקי ג'יי מקינרני. הספר ראה אור ב-1984 והפך בן לילה לקלאסיקה מודרנית. עד היום הוא נמכר ביותר ממיליון עותקים ותורגם ל-20 שפות. הוא מוגש כאן לקורא העברי בתרגום חדש.

	 

	 

	""צנוע בצורה מלבבת, מצחיק ומאוזן להפליא.""     

	ניו יורקר

	 

	""קצר, ערמומי ומצחיק מאוד... אבל מתחת לפני השטח נמתחת זעקת שברלקיום שפוי, מתוק, שקול ומאופק יותר.""     

	שיקגו טריביון

	 

	""מקינרני הוא סופר צעיר מחונן. מענג לצפות בתחילתה של קריירה כזאת. מעורר ציפייה לבאות.""    

	וושינגטון פוסט

	 

	""חכם, תמציתי ויפהפה... הספר המדליק ביותר לעשור המדליק ביותר, 'התפסן בשדה השיפון' של שנות ה-80.""                            פלייבוי",,"Bright Lights, Big City",,,965,3-13685,,,he,Paperback,3.9,10,2,2070,25,0,1
1028837,התלמיד,מאיה בנבנישתי,,פטל,2026,103,ספרות,ספרות מקורית,https://cdn.simania.co.il/bookimages/covers102/1028837.jpg?v=1790977938597,https://simania.co.il/bookdetails.php?item_id=1028837,"""בבוקר, כשאני מגיעה לבית הספר, נהמה שעולה מתחתית הבטן שלי מספרת לי שסיימון נמצא בתוך הבניין. אני יכולה להרגיש את זה באוויר. מהריח הדקיק של מרכך הכביסה שלו שנישא במסדרון. אני לא יודעת באיזה חדר הוא נמצא, אבל נוכחותו בבניין מורגשת.""

אודרי לא תכננה להתאהב בתלמיד החדש שלה, אבל זה מה שקרה, ומאותו הרגע היא נזרקת אל רכבת הרים של השתוקקות וחרדה. הקשר עם סיימון, נער שנון, נאה ומלנכולי, מערער את המורה הצעירה והאידיאליסטית וגורם לה לבחון מחדש את גבולותיה המוסריים. מה עושים עם האהבה הזו? 

התלמיד הוא סיפור סוחף הבוחן שאלות מטרידות הנוגעות לתשוקה ואיסורים, ולמערכות היחסים הרוחשות מתחת לפני השטח בין מורים לתלמידים.  

מאיה בנבנישתי היא מורה בשנתה התשיעית למקצוע ומתגוררת בירושלים. פעילה חברתית בשדות הפמיניזם, חינוך מיני, זכויות נשים, זכויות פליטים וזכויות אדם. סיימה תואר בספרות כללית והשוואתית באוניברסיטת תל אביב. זה ספרה השני, לאחר הספר על אמיל (2025, פטל) שזכה לשבחי הקוראים.",,,,,,,,,he,Paperback,5,1,1,44,0,0,1
688224,האמיתית,שאנדור מאראי,מרים אלגזי,כתר,2009,367,ספרות,ספרות מתורגמת,https://cdn.simania.co.il/bookimages/covers68/688224.jpg,https://simania.co.il/bookdetails.php?item_id=688224,"בהעדר תחומי עניין משותפים, אילונקה ופטר - זוג נשוי - מנהלים מערכת יחסים חיוורת ועלובה למדי. כאשר נחשפת אהובתו האמיתית של פטר, הנערה המשרתת יהודית אלדוזו, נופלות המחיצות והאיבה פורצת החוצה. שלוש הדמויות מספרות, כל אחת בתורה, את קורותיה במשולש הרומנטי הבלתי-אפשרי. עירוב זוויות הראייה יוצר תיאור מהפנט של יחסי אהבה ושנאה, שהם חלק מקיום אבסורדי וחסר חמלה.
 
שאנדור מאראי משרטט ביד בוטחת את הגיחוך שבחיי הבורגנות. האומללות שבבדידות מפנה את מקומה לאומללות שבזוגיות, והאהבה היא רק הכמיהה אל מה שאי אפשר להשיגו. ""האמיתית"", אם כן, היא השאיפה לקיום טוב יותר.
 
כתיבתו של מאראי מגיעה לשיא בספר זה. בשפה עשירה וחכמה הוא לועג לבני האדם הכלואים בכבלי מעמדם החברתי. הוא כותב על ההבל שבאהבה ומציע התבוננות מעמיקה בנפש בסגנון הפרוזה של נטליה גינצבורג והדרמה של אדוארד אלבי.
 
האמיתית מזמן לקוראים היכרות נוספת עם יצירתו של אחד מגדולי הספרות ההונגרית במאה העשרים. זהו ספרו הרביעי של שאנדור מאראי המתורגם לעברית ורואה אור בהוצאת כתר. קדמו לו רבי המכר ""הנרות בערו עד כלות"" (2002), ""גירושין בבודה"" (2006) ו""הירושה"" (2007), שזכו לאהדת הקהל והביקורת.",,,,,,10-277335,כתר - סדרה לספרות יפה,,he,Paperback,3.3,49,16,11001,138,4,1
4862,התגנבות יחידים,יהושע קנז,,עם עובד,1987,597,ספרות,ספרות מקורית,https://cdn.simania.co.il/bookimages/covers0/4862.jpg?v=1791016460644,https://simania.co.il/bookdetails.php?item_id=4862,"חבורת טירונים בבה""ד 4, באמצע שנות החמישים, הם גיבורי ספרו החדש, הרביעי, של יהושוע קנז. חייהם של צעירים אלה, בני שכבות ועדות שונות, במסגרת הצבאית, המחמירה והלוחצת, ומחוצה לה מצטרפים לרומן רחב יריעה, דרמטי והומוריסטי כאחד, המצייר ביד אמן אנשים בראשית חייהם ומדינה בראשית עיצובה.",כריכה רכה,,,,,32-11323,ספריה לעם,326,he,Paperback,4.4,136,16,10325,177,2,1
971021,להגן על ג'ייקוב,ויליאם לאנדיי,מרב זקס-פורטל,מטר,2014,429,ספרות,ספרות מתורגמת,https://cdn.simania.co.il/bookimages/covers97/971021.jpg,https://simania.co.il/bookdetails.php?item_id=971021,"אנדי בארבר מכהן בפרקליטות המחוז במשך שני עשורים. עמיתיו מכבדים אותו ורואים בו תובע אמיץ ומבריק, הוא אהוד על מכריו, ונוסף על כך הוא איש משפחה למופת, בעל ללורי ואב לג'ייקוב.
כאשר מעשה רצח מחריד מטלטל את הפרוור השקט שבו חי אנדי עם משפחתו, עולמו חרב עליו – ג'ייקוב בן הארבע-עשרה, בנו הביישן והמוזר, מואשם ברצח של חברו ללימודים.
אנדי מאמין בחפותו של ג'ייקוב. איזה אב לא יאמין בחפותו של בנו? אבל ככל שהעדויות המרשיעות נערמות זו על-גבי זו הספקות מתחילים לכרסם בו. נישואיו מתערערים, השכנים מתנכרים לו והמשפחה שלו עומדת בפני משפט רצח מאיים.
אנדי מגייס את כל חושיו האבהיים כדי להגן על ג'ייקוב, שטוען בתוקף שהוא זכאי. אבל כשתגליות מרעישות צצות, כשחיי הנישואים שלו הולכים ומתפוררים וככל שהמשפט נעשה טעון יותר, מבין אנדי כמה מעט הוא יודע על בנו, והוא נקרע בין נאמנות לצדק, בין אמת להאשמות לא מוכחות, בין עבר שאותו הוא מנסה לקבור לבין עתיד שאותו הוא לא יכול להעלות בדעתו.
""...לכאורה, מדובר ברומן מתח משובח, אך למעשה זהו סיפור אהבה... רומן המתאר את הקו הדק המפריד בין אהבה לטירוף, ואת השקרים שאנחנו מספרים לעצמנו לפעמים... להגן על ג'ייקוב הוא רומן מדהים. תעשו לעצמכם טובה ותקראו אותו. הוא באמת משובח.""    – ניקולס ספרקס
""הספר להגן על ג'ייקוב הוא רומן מתוחכם, שנון ומותח, המצליח ללכוד הן את המורכבות והן את השבירות הרבה של חיי משפחה.""   – לי צ'יילדס",מותחן משפטי,Defending Jacob,,,,,,,he,Paperback,4.4,30,18,5384,24,1,1
15610,קרמה יוגה,סוומי ויויקננדה,,אסטרולוג,,,עידן חדש,,https://cdn.simania.co.il/bookimages/covers1/15610.jpg,https://simania.co.il/bookdetails.php?item_id=15610,,,,,,,,,,he,Paperback,3,2,1,1177,7,2,1
905556,בית-הספר לקסם אישי [מהדורת 2015],נלסון דה-מיל,חיה ואיזי מן,כתר,2015,676,ספרות,מתח ריגול והרפתקאות,https://cdn.simania.co.il/bookimages/covers90/905556.jpg,https://simania.co.il/bookdetails.php?item_id=905556,"""סיפור יוצא מן הכלל... מסמר שיער... העלילה כל כך טובה ומרתקת עד שכמעט לא ניתן להניח את הספר מהיד"", בוסטון הראלד
 
בית-הספר לקסם אישי הוא רומן ריגול מסעיר שאי אפשר להניחו מן היד עד לסיומו הבלתי צפוי. עלילתו הסוחפת מתרחשת בימי המלחמה הקרה, ואף על פי שהקורא יעדיף להניח שכל פרטיה בדויים, לא מן הנמנע שהיא מבוססת על אמת מפתיעה ואיומה.
 
גרגורי פישר, תייר אמריקני המטייל ברוסיה, נרצח – או לדברי שלטונות רוסיה, ""נהרג בתאונת דרכים"" – זמן קצר לאחר שדיווח לשגרירות ארצות הברית על פגישה מסתורית: לדבריו, פגש גבר שטען כי הוא טייס אמריקני שנחשב נעדר זה עשרים שנה לאחר שמטוסו הופל בווייטנאם. הוא סיפר כי הצליח לברוח מאחד מבתי הכלא הנוראים והשמורים בעולם הקרוי בית-הספר לקסם אישי, שבו מאלץ הקג""ב שבויים אמריקנים ללמד סוכנים רוסים כיצד להתחזות לאזרחי ארצות הברית על מנת שיוכלו לתקוף אותה מבפנים.
איש צבא אמריקני, נספחת העיתונות בשגרירות וראש תחנת מוסקבה של הסי-אַיי-אֵיי חומקים במשימה סודית אל מעבר לקווי האויב כדי לחשוף את קיומה של תוכנית הריגול המזעזעת. לא רק מערכת היחסים השברירית שבין וושינגטון למוסקבה נתונה כעת בידיהם, אלא גם גורלו של העולם כולו.
נלסון דה-מיל, שכל ספריו הפכו בן לילה לרבי-מכר מבוקשים, התנסה לראשונה בנבכי סודות הריגול כאשר שימש קצין מודיעין בצבא ארצות הברית בווייטנאם. ספר זה והבאים בעקבותיו סללו את דרכו של דה-מיל אל השורה הראשונה של סופרי המתח והריגול, והוכתרו על 
ידי הביקורת כ""מתח מהפנט"" (פבלישרס ויקלי) ו""מרד על הבאונטי של שנות השמונים"" (טיים).",,,,,,,,,he,Paperback,4.1,29,9,4568,71,1,1
11060,לווייתן,פול אוסטר,משה רון,עם עובד,1994,248,ספרות,ספרות מתורגמת,https://cdn.simania.co.il/bookimages/covers1/11060.jpg?v=1790438569529,https://simania.co.il/bookdetails.php?item_id=11060,"כשעינו של פיטר אירון צדה בעיתון את הידיעה על מותו המסתורי של גבר אלמוני, שפוצץ את עצמו ליד מכוניתו החונה, בצד איזה כביש נידח בוויסקונסין, הוא יודע מיד כי האיש הוא בנג'מין סאקס, בטוב בחבריו, שנעלם מביתו כשנתיים וחצי לפני כן. 
וכשאנשי ה""אף - בי - איי"" מקישים על דלתו כעבור יומיים, הוא יודע, כי החסד האחרון שיוכל לעשות עם חברו הוא לשבת ולכתוב את סיפורו האמיתי, לפני שהחוקרים יגלו את זהותו ויחברו לו סיפור משלהם. 

הכל התחיל כשידידתם האמנית של שני החברים הסופרים מצאה ברחוב פנקס טלפונים ויצאה להשתעשע במשחק זהויות. 
או שהכל התחיל ברצח לא מתוכנן על דרך עפר צרה ביערות ורמונט. ואולי זה קרה כשאירון שכב עם אשת חברו. 
או שמא נקודת המפנה היתה נפילתו של סאקס ממדרגות החירום לאור הזיקוקים המאירים את פסל החירות. 

האמנית המושגית מריה טרנר מחפשת זהות. 
המספר, אירון, מבקש את האמת, ואילו הגיבור, סאקס, מתחיל את מסעו ברדיפת אידיאלים שאבדו, ממשיכו בחיפוש כפרה וגאולה לנפשו ומסיימו בבקשת מוות. 
והמחבר, פול אוסטר, מעלה באמצעות החיפושים הללו שאלות על חירות ודטרמיניזם, שרירותיות וגורליות, בעולם אקראי.",,Leviathan / Paul Auster,,,,32-20006,ספריה לעם,406,he,Paperback,3.9,209,11,8199,194,0,1
8232,נדודים,הרמן הסה,יהודה עמיחי,שוקן,1978,86,ספרות,ספרות מתורגמת,https://cdn.simania.co.il/bookimages/covers0/8232.jpg,https://simania.co.il/bookdetails.php?item_id=8232,"ספר זה הוא מעין יומן מסע בפרוזה, בשירה ובציור, ודרכו מגיע הרמן הסה אל הנושאים שהעסיקו אותו תמיד: המלחמה, האהבה, האמונה והמוות. פרקי ההתבוננות וההרהורים מצטרפים יחד למסכת מגובשת אחת – מסעו של האדם אל עצמו. יהודה עמיחי תרגם ביד אמן את היצירה הזאת, היוצאת דופן שביצירותיו של הסופר הגדול.",,,,,965,40-12207,,,he,Paperback,4.6,52,12,13035,61,1,1
1027953,רוקסי,ניל שוסטרמן,יעל אכמון,ידיעות ספרים,2026,360,ספרות,מדע בדיוני ופנטזיה,https://cdn.simania.co.il/bookimages/covers102/1027953.jpg?v=1782842705249,https://simania.co.il/bookdetails.php?item_id=1027953,"זהו סיפור על החלטות גרועות. על קורבנות של צמד אלי הנרקוטיקה — רוקסי המפתה הקטלנית וטוני החכם והשאפתן. 

תכירו את אייווי ואייזק ריימי. אייווי הבכורה לא ממוקדת בלימודים, נוטה לבחור בבני זוג מפוקפקים וקל מאוד להסיט אותה מהדרך. אייזק הוא הכוכב — בספורט ובלימודים. עתידו נראה מזהיר. הוריו, שעסוקים בעבודה במשך רוב שעות היממה, נותנים בו אמון ומשבחים אותו, בעוד שמאייווי הם מצפים לגרוע ביותר. 

כשאייזק נפצע ואייווי מבינה שהיא תצטרך עזרה נוספת על מנת להצליח, האחים מוצאים את עצמם נסחפים למשחק שליטה מסוכן. 

ניל שוסטרמן הוא מחבר סדרת להב החרמש. ספריו זוכים להצלחה מסחררת בעולם ומיד עם צאתם לאור מככבים בטבלאות רבי–המכר.",,Roxy / Neal Shusterman,ג'רוד שוסטרמן,,,,להב החרמש,5,he,Paperback,,,1,58,3,0,1
1028000,יהודה נגד רומא,בארי שטראוס,אלחנן שפייזר,סלע מאיר,2026,350,עיון,היסטוריה יהודית,https://cdn.simania.co.il/bookimages/covers102/1028000.png?v=1783157572605,https://simania.co.il/bookdetails.php?item_id=1028000,"""ישנה אש קדושה הבוערת בליבם של לוחמים, המובילה לתהילה או לאבדון. במשך מאתיים שנה היא בערה בליבה של האומה העומדת במרכזו של ספר זה – העם היהודי""

רומא, האימפריה הגדולה בעולם בזמנה, כבשה את כל העמים שמסביב לים התיכון ואיחדה אותם תחת שלטון אחד, בפעם הראשונה והיחידה בהיסטוריה. ובכל זאת, במהלך שבעים שנה בלבד, היהודים מרדו לא פעם אחת, אלא שלוש. לשום עם אחר באימפריה לא היה רקורד כזה. שתיים מן המרידות התרחשו במולדת היהודית, והשלישית ברחבי התפוצות.  אותה אש רוחנית שדחפה אנשים למאבק חסר סיכוי נגד אימפריה בלתי מתפשרת, היא זו שהעניקה השראה לכוח העמידה היהודי לאורך אלפי השנים ששיאן בהקמת מדינת ישראל.

 

בספרו יהודה נגד רומא מחפש בארי שטראוס, היסטוריון יהודי של יוון ורומא הקלאסיות, אחר המפתחות לתופעה ההיסטורית הייחודית של מאבק היהודים ברומא. מן המצאי המצומצם של העדויות שנותרו מהימים ההם, הנגועות בגוזמאות ובאינטרסים, הוא רוקם סיפור חי, ססגוני ומסעיר המאיר את התקופה באור חדש ומפתיע.

●        מדוע חשבו המורדים במרד הגדול, במרד התפוצות ובמרד בר-כוכבא שיש להם סיכוי?

●        מהו חלקה של ממלכת-החסות המגוירת חדייב בחשבונות המורדים?

●        למה אכזבה האימפריה הפרתית, המתחרה לרומא, ולא חברה למורדים היהודים?

●        איך הגיעו יהודים רמי-יחס לתפקידים בכירים במנגנון הרומי של דיכוי המרד? 

בארי שטראוס הוא עמית בכיר במכון הובר של אוניברסיטת סטנפורד ופרופסור אמריטוס באוניברסיטת קורנל. הוא נחשב לאחד ההיסטוריונים הצבאיים המובילים בעולם העוסקים ביוון, רומא והמזרח הקדום. עורך הסדרה ׳נקודות מפנה בהיסטוריה העתיקה׳ של אוניברסיטת פרינסטון. ספריו לציבור הרחב משלבים מחקר מדעי קפדני עם סגנון קולח ונגיש, והם תורגמו לשפות רבות. ביניהם 'עשרה קיסרים' (תורגם לעברית), 'המלחמה שהקימה את האימפריה הרומית', 'קרב סלמיס', 'מלחמת ספרטקוס' ו'מותו של קיסר'.",מאתיים שנות מרד נגד האימפריה החזקה בעולם,Jews vs. Rome: Two Centuries of Rebellion Against the World's Mightiest Empire / Barry Strauss,,,,,,,he,Paperback,5,1,1,200,2,0,1
22036,מות וירגיל [מהדורת 1984],הרמן ברוך,עזריאל אוכמני | יעקב גוטשלק,ספרית פועלים,1984,356,ספרות,ספרות מתורגמת,https://cdn.simania.co.il/bookimages/covers2/22036.jpg?v=1790937101218,https://simania.co.il/bookdetails.php?item_id=22036,"מות וירגיל היה אמור להיות חיבור הפרישה מן הספרות. ערמה של זו! משורר בא לפרוש ממנה, לומר כמה דברי פרידה, והיא נעשית לו בסתר אדונית עריצה וכובשת אותו וכמניעה בקסמיה. ספר אדירים! וסך הכל של הסיפור: שמונה-עשרה השעות האחרונות בחייו של המשורר, משעת-כניסתו עם הערב-יום אל נמל ברונדיסיו ועד שעת מותו למחרת היום, אחר-הצהריים, בהיכל הקיסר, שמונה-עשרה השעות האחרונות בחיי יוצרה של 'אינאיס', החוזר חולה, מעונה בשיעול קשה באחת הספינות שבשייטת הקיסר אוגוסטוס מאתונה לאיטליה. ביקש המשורר להשתקע באתונה, ולהשלים שם תחת השמיים 'הזכים בקדושה של הומירוס', את האפוס שלו ולפרוש סוף-סוף מן השירה, אלא שאכפה עליו מצוותו של השליט, ועכשיו, רתוק ליצוע חוליו, טרף למחלת ים ומלאת ייסורים, קודח את חייו, שתמיד היה רק אורחם. משמע, לא רק חייו שלו לעצמם עולים לפניו בקדחתו-חזיונותיו, אלא ריקמת התקופה, מארג הזמן, זמן אימים של 'לא עוד ועוד לא'. רק בייסורים יגיע להשגה, שחרף הכל הזמן גם זו של לא עוד ובכל זאת כבר. 

הרמן ברוך: 1951-1886. סופר יהודי אוסטרי. חיבר בעיקר רומנים פילוסופיים שסגנונם לירי. הושפע מג'ויס. ב-1938 הצילו אותו ג'ויס ועוד אנשי שם מידי הנאצים. השתקע בארה""ב ושם סיים את המפורסמת שביצירותיו-מותו של וירגיליוס-1945.",,Der Tod des Vergil,,,,350000639,,,he,Paperback,4.6,5,1,3476,20,0,1
1009761,חרטה מתוקה,ק. ברומברג,,בוקטיק,2024,374,ספרות,ספרות קלה - רומנים,https://cdn.simania.co.il/bookimages/covers100/1009761.jpg,https://simania.co.il/bookdetails.php?item_id=1009761,"ק. ברומברג, סופרת המככבת ברשימת רבי המכר של הניו יורק טיימס, מגישה לכם רומן הזדמנות שנייה
מוזיקלי, שילווה אתכן גם זמן רב לאחר סיום הקריאה.
לווינס ג'נינגס היו שתי אהבות בחיים: מוזיקה ובריסטול מתיוס.
בזכות כישורי הנגינה בגיטרה שלו, הוא זכה בתהילה בתור חבר בלהקת הרוק הכי מצליחה עלי אדמות,
אך היה עליו לנטוש את בריסטול – אהבתו הראשונה – כדי להגשים את חלומו.
למרות המעריצות, ההצלחה והכיף, מתקשה וינס למצוא סיפוק בחיי התהילה.
כאב עמוק ואפל מאיים להחריב את כל הישגיו, עד שהגורל מחזיר אותה לחייו.
***
בריסטול מתיוס מצאה ואיבדה אהבה מוקדם יותר מרוב האנשים, אך היא נחושה להמשיך בחיים ולא להביט
לאחור,
על אף שמדי יום ביומו היא נזכרת בו.
כעת, חלומה משכבר הימים להפוך לעורכת דין נמצא בהישג ידה, עד שהבוס שלה מצוות אותה ללקוח חדש,
כוכב הרוק המפורסם, וינס ג'נינגס.
גבר שאסור שיגלה את האמת שלה.
גבר שיכול לקרוא אותה בבירור, כאילו הוא עדיין מכיר אותה.
הגבר שעדיין אוהב אותה.
הפעם, כשנתיביהם נפגשים, קורה משהו אחר. שניהם נאחזים בכל כוחם בסודות שמאיימים לפרק אותם
לגורמים. האין זו הדרך שבה הסיפור שלהם התפתח מאז ומתמיד?
האם הפעם הזאת תהיה שונה? או שלא משנה עד כמה אהבתם אמיתית, זה פשוט לא נועד לקרות?",,,,,,,,,he,Paperback,5,1,1,260,2,0,1
970318,אלתרמן,דן לאור,,עם עובד,2013,912,עיון,ביוגראפיות,https://cdn.simania.co.il/bookimages/covers97/970318.jpg,https://simania.co.il/bookdetails.php?item_id=970318,"הסיפור על אלתרמן הוא סיפורם של דור ושל תקופה: חיי היישוב מאז תחילת שנות השלושים, מאורעות תרצ""ו-תרצ""ט, מלחמת העולם השנייה, השואה, ימי המאבק וההעפלה, הקמת המדינה ומלחמת העצמאות, חיי היום־יום של מדינת ישראל, ובכלל זה סדרה של אירועי מפתח שעיצבו את צביונה. 
במשך כמעט ארבעים שנה היה מחברו של השיר המיתולוגי ""מגש הכסף"" לאחד ממנסחיה הרהוטים ביותר של רוח התקופה.

אלתרמן מגולל את עלילת חייו של נתן אלתרמן מאז לידתו בוורשה ב־1910, עלייתו לארץ עם הוריו ב־1925, שהייתו לצורכי לימודים בצרפת בשנים 1932-1929 וחזרתו אל עירו האהובה תל אביב, ששם דרך כוכבו ושבה קנה לו מעמד של משורר לאומי. 

אלתרמן הותיר אחריו עם מותו ב־1970 חלל ריק, וספק אם זה התמלא עד היום. 
הספר מפגיש את הקורא עם שירתו הענפה, עם המחזות שכתב ועם אלה שתרגם, עם ""הטור השביעי"", מדור הקבע שלו בעיתון דבר וכן עם שירי הזמר והפזמונים פרי עטו, דוגמת ""כלניות"" או ""אליפלט"", שלא נס לֵחם עד עצם היום הזה.

ספרו המתועד להפליא של דן לאור מגולל פרשת חיים מרתקת וחושף לפני אלפי קוראיו של המשורר הנערץ את סודות קסמיו.
תחקיר תמונות: ערן ליטוין",ביוגרפיה,Nathan Alterman - A Biography / Dan Laor,,,978-965-13-23,32-21643,ספריית אופקים,289,he,Paperback,4.3,6,5,4323,47,0,1
976569,בן גוריון - דמותו של מנהיג,אניטה שפירא,,עם עובד,2015,208,ישראל וציונות,הסטוריה,https://cdn.simania.co.il/bookimages/covers97/976569.jpg,https://simania.co.il/bookdetails.php?item_id=976569,"בן־גוריון, מספרת ההיסטוריונית והביוגרפית עטורת הפרסים, היה ""אדם שלא נטה לחשוף את חיי הנפש שלו"". עם זאת, בביוגרפיה הקצרה שכתבה עליו היא ממקדת את עניינה בניסיון לחשוף את בן־גוריון האיש, וגם לעמוד על מאפייני מנהיגותו בשעות גורליות, ואינה נמנעת מהארת חסרונותיו.

מנהיגותו הייחודית של דוד בן־גוריון, נטען בספר, הגיעה לשיאה בשנים 1953-1942. כשהחלו להתבהר ממדיה הנוראיים של הטרגדיה היהודית השכיל מנהיג היישוב לחזות את ההתפתחויות הפוליטיות שיולידו הזדמנויות חד־פעמיות להגשמת חזון הקוממיות היהודית. הוא התווה דרכים לגיוסו של העם ולביצור הכוחות שיוציאו את המפעל מן הכוח אל הפועל. באותן שנים לא נרתע מקבלת החלטות קשות בשעות מבחן. 

עם השנים הולכת ומתבהרת דמותו של דוד בן־גוריון כאחד מגדולי המנהיגים של העם היהודי בדורות האחרונים. ספרה הבהיר והממוקד של אניטה שפירא מציג את היסודות להערכה זאת. 

פרופ' אניטה שפירא, כלת פרס ישראל בחקר ההיסטוריה של עם ישראל לשנת תשס""ח, לימדה שנים רבות באוניברסיטת תל־אביב.",,Ben Gurion - Father of Modern Israel,,,,32-21737,ספריית אופקים,301,he,Paperback,4.2,16,8,3819,57,1,1
1028478,ארבעה גברים טובים,שרה גודמן קונפינו,רחל פן,פן | ידיעות ספרים,2026,304,ספרות,ספרות מתורגמת,https://cdn.simania.co.il/bookimages/covers102/1028478.jpg?v=1787336873276,https://simania.co.il/bookdetails.php?item_id=1028478,"חמות וכלה. כדי להמשיך הלאה, אחת מהן תצטרך לעזוב.

השנה 1963. שנתיים לאחר מותו של בעלה, ברברה פלדמן מתחילה סוף סוף להתגבר על האבל ולגדל לבד את שני ילדיה. ואז מופיעה על סף דלתה חמותה רות – עם חמש מזוודות ותוכניות ברורות. גסת רוח אך אוהבת, רות מתבססת בבית כאילו תמיד היתה שם, וברברה מגבשת תוכנית משלה: להשיא את רות במהירות האפשרית.

אך עד מהרה מתברר לברברה שרות מנסה לעשות בדיוק את אותו הדבר בשבילה. 

ארבעה גברים טובים הוא רומן מרגש, מלא הומור ותקווה על אלמנות וחיכוכים משפחתיים ועל השאלה עד כמה רחוק אישה מוכנה ללכת כדי להחזיר לעצמה את חייה – גם אם הדרך עוברת דרך חמות שמכינה ביצים עם לזניה לארוחת הבוקר.

שרה גודמן קונפינו היא סופרת רבי־מכר אמריקאית. ספריה הקודמים – אל תשכחי לכתוב, חסרת תקנה ומאחורי כל גבר מוצלח – כבשו את לב הקוראות בישראל. 


שבחים לגודמן קופינו:

""קונפינו, שגרמה לנו לחסל ערימות של טישו עם 'אל תשכחי לכתוב', עושה זאת שוב בסיפור מרומם נפש ומזכך לחלוטין."" – רן בן נון, מגזין ""עברית""

""כל כך טוב, כל כך חכם, כל כך מעצים. מלא בתובנות ובאהבה אמיתית."" – גודרידס

""זה ממש נדיר שיש כזה קונצנזוס על ספר. כולם ממליצים וכולם אהבו. ספר כיפי שנקרא בחיוך."" – נוריתה

""דמויות שמהלכות קסם על הקורא."" – רחל פארן, ""חלי והספרים""",,Good Grief / Sara Goodman Confino,,,,,פרוזה,,he,Paperback,4.8,5,2,108,6,0,1
989377,קיצור תולדות ישראל,מיכאל בר-זהר,,משכל (ידיעות ספרים),2018,307,ישראל וציונות,הסטוריה,https://cdn.simania.co.il/bookimages/covers98/989377.jpg,https://simania.co.il/bookdetails.php?item_id=989377,"קיצור תולדות ישראל הוא ספר יחיד במינו.

בספר זה מגולל בר-זהר לראשונה, בסגנונו המרתק, את סיפורה של מדינת ישראל, מלחמותיה ואתגריה, ניצחונותיה ומשבריה, החל מהכרזת העצמאות ועד היום. מבצע קדש ופרשת לבון, הכור הגרעיני, מלחמת ששת הימים וקו 300, מלחמת יום כיפור ומהומות ואדי סליב, מבצע אנטבה ומסמך לונדון, פלאי ההיי-טק והמחאה החברתית הם רק כמה מ-30 פרקי ספר זה.בספר חושף בר-זהר פרשות ואירועים כמוסים מעברנו, שהשלכותיהם משפיעות על חיינו גם היום. קיצור תולדות ישראל מציג תמונה אמיתית, ללא כחל ושרק, של המדינה שלנו, של עמה ושל מנהיגיה.

""באחרונה,"" כותב בר-זהר, ""חשתי דחיפות רבה להביא בפני הקורא את סיפורה של ישראל. אני נתקל, שוב ושוב, בישראלים שאינם יודעים כמעט דבר על עברנו, או שידיעתם מקוטעת. ומי שאינו מכיר את עברו - אינו יכול לחתור אל עתידו. עץ ששורשיו יבשו או נכרתו לא יכול גם להצמיח ענפים חדשים.""

ספר זה ראוי שיימצא בכל בית בישראל.

פרופ' מיכאל בר-זהר היה חבר כנסת מטעם מפלגת העבודה ויו""ר ועדת החינוך והתרבות, דובר משרד הביטחון, מרצה באוניברסיטת חיפה ובאוניברסיטת אמורי שבארצות הברית.בר-זהר הוא הביוגרף הרשמי של דוד בן-גוריון ושל שמעון פרס וכתב למעלה מ-35 ספרי תעודה ובהם ""ביום נקם"", ""הרכבות יצאו ריקות"", ""המרדף אחרי הנסיך האדום"" (עם איתן הבר), והשלישייה ""המוסד"", ""הלוחמים פשטו עם שחר"" ו""חיסול ממוקד"" (עם נסים משעל). כן כתב רומנים ובהם ""האמת השלישית"", ""אחים"", ""מרגל בחורף"" ו""אניגמה"" שאף עובד לסרט הוליוודי. ספריו תורגמו ל-29 שפות. בר-זהר קיבל את פרס סוקולוב, פרס האקדמיה הצרפתית,פרס בן-גוריון, פרס ראש הממשלה ותואר אביר לגיון הכבוד.",,,,,978-965-564-660-3,362-5857,,,he,Paperback,4.3,16,4,3478,43,0,1
223984,סוחר הספרים המקוללים,מרצ'לו סימוני,אלון אלטרס,כנרת זמורה ביתן,2011,368,ספרות,מתח ריגול והרפתקאות,https://cdn.simania.co.il/bookimages/covers22/223984.jpg,https://simania.co.il/bookdetails.php?item_id=223984,"מותחן היסטורי גדוש תעלומות ותפניות.
שנת 1205. ליל רוחות מקפיאות. נזיר המתחבא זה כמה שנים במנזר סן מיקלה העתיק, נאלץ לברוח לאחר שאותר בידי רודפיו. ברשותו כתב יד יקר ערך שאותו איננו מוכן בשום אופן למסור להם, אלא שהם אינם בוחלים באמצעים. וכך, בעודו נמלט מאיש מסתורי בעל מסכה אדומה, הוא צונח לתהום. 
שלוש-עשרה שנה אחר כך מתבקש סוחר בחפצי קודש לצאת בעקבות הספר הנעלם. בתחנה הראשונה שלו — קברו של הנזיר — הוא מגלה על הצלב חידה מסתורית שעליו לפתור כדי לאתר את ארבעת החלקים של הספר שהנזיר החביא במקומות שונים כדי שלא ייפלו לידיים הלא נכונות. אט אט הופך המסע למצוד מפרך המותיר שובל של מעשי רצח. 

סוחר הספרים המקוללים הוא מותחן היסטורי גדוש תעלומות ותפניות, שכיכב זמן רב בראש רשימת רבי-המכר באיטליה. זהו הרומן הראשון של מרצ'לו סימוני — סופר ארכיאולוג וחוקר היסטורי — שזיכה אותו בשלל פרסים.

- - - - - - - - - - - - - - - - 

סימוני מרצ'לו הוא סופר איטלקי צעיר (יליד 1975), ארכיאולוג, ספרן וחוקר עתיקות, שעקב שלל עיסוקיו בא במגע עם טקסטים וחפצים עתיקים ויורד לחקרם. כך הוא מעמיק בתחקיר לספריו יותר מכל סופר אחר (שהוא מכיר): ""הספרים שאני כותב מאפשרים לי לשלב את כל האהבות שלי"". הוא כתב את הספר כי תמיד רצה לכתוב רומן היסטורי ימי-ביניימי שממזג אהבת ספרים ואווירה גוטית.

סן וֶם שבו מתרחש הרומן מבוסס על מקום אמיתי: זה לא היה מנזר אלא בית משפט סודי חשוב ביותר, שהשליט את חיתתו על האימפריה הרומית במאות ה-13-12. סימוני מצא עדויות עליו כבר בכתבים מהמאה ה-10, וכך בנה את עלילת הספר על בית משפט סודי שבו מכהנים פרנקיסטים.
כמו כל סופר הוא מופיע בדמויות שלו - הוא אגואיסט כמו מרקאנט בכך שהוא חי לפי החוקים שלו, אבל לא שובר את החוקים כמו אינייציו. 
אינייציו דָה טוֹלֶדוֹ - הוא התגלמות הסקרנות, אחד מהחטאים החמורים בימי הביניים: חטא משום שהוא מעורר שאלת שאלות, הטלת ספק ושבירת מסגרות. ולכן הוא יכול להיות מנוף לעלילה מפותלת. בעינַי הוא מעין גלגול של שרלוק הולמס.
השנינות והחדשנות של אוברטו הן תכונות שהיו לכולנו בילדותנו. את האכזריות וההזדהות עם הכאב של וילאם אני לא מכיר. על דמויות הנשים הוא שמר, מכיוון שהוא מודע לגורלה של אישה שהעזה לצאת מהבית בימי הביניים.",,,,,,,,,he,Paperback,3.1,20,12,3959,68,0,1
1028566,סוכנים בשטח,מיק הרון,נעה שביט,אריה ניר | מודן,2026,399,ספרות,מתח ריגול והרפתקאות,https://cdn.simania.co.il/bookimages/covers102/1028566.jpg?v=1788439028128,https://simania.co.il/bookdetails.php?item_id=1028566,"בית סלאו קודר כרגיל, בתיאום עם מזג האוויר. קתרין סטנדיש שוב קונה אלכוהול, לריבר קרטרייט יש עדיין עניינים עם אבא שלו, ולואיזה גאי מבכה אהבה אבודה. ואילו לך ויצ'ינסקי, המגויס החדש, שחטאיו הופכים אותו למנודה אפילו בקרב חבורת הלוזרים של לאמב, נחוש לגלות מי חיסל לו את הקריירה, גם אם זה יהרוס לו את החיים.
עם בואו של חורף מקפיא, ג'קסון לאמב היה מעדיף שיעזבו אותו בשקט, אבל כשהאיש שמאחורי מותו של סוס איטי מגיח מהצללים, לאמב שולח את הצוות לסגור חשבון. הפעם, הם יוצאים אל השט...
סוכנים בשטח הוא הספר השישי בסדרת בית סלאו שכבשה את רשימות רבי־המכר ועובדה לסדרת טלוויזיה מצליחה. מספר זה, ככל שאר ספרי הסדרה, ניתן ליהנות גם כספר העומד בפני עצמו. לספר מצורפת נובלת בונוס בשם התפיסה, שבה ג'ון בצ'לר, ה""חלבן"" של השירות, יוצא למסע גורלי כדי להציל את עורו ואת קורת הגג שלו.
""מיק הרון הפך במהירות לקול המוביל של ספרות הריגול הבריטית... דיאלוגים שנונים, דמויות פגומות ובלתי נשכחות והבחנות פוליטיות חדות."" הגארדיאן
""סדרה אינטליגנטית ועוקצנית, קלילה וקורעת מצחוק."" אובזרבר
""התפאורה השנונה והמורבידית של הרון משמשת כר לסיפורת נוקבת, המציגה תמהיל עשיר של דמויות שובות לב."" פייננשל טיימס","כולל נובלת בונוס: ""התפיסה""",,,,,,בית סלאו,6,he,Paperback,4,2,1,80,2,0,1
20951,אש בעמקים,שוהיי אוקא,ג. אריוך,עם עובד,1958,188,ספרות,ספרות מתורגמת,https://cdn.simania.co.il/bookimages/covers58/587928.jpg,https://simania.co.il/bookdetails.php?item_id=20951,"סיפור זה של חייל יאפני בצבא המובס והנסוג בחזית הפיליפינית קבע לעצמו מקום ראשון במעלה בין הסיפורים על מלחמת-העולם השנייה.
באמצעים מובהקים בצמצומם, המעלים על הדעת את מיטב האמנות היפאנית המסורתית של רישום-נוף, נכתבה יצירה זו, שחילצה את סיפורת מלחמת-העולם השנייה מן המתכונת שהעמידו מתארי מלחמת-העולם הראשונה ... המיתוס של אחוות-לוחמים שנרקם בסיפורת ההיא, עם תיאורי אכזבת חיילים מן החברה שהם מוצגים כקרבונותיה, מפנים פה מקומם לגיבור הנושא במלוא האחריות המוסרית לכל המתחולל ובתוך נפשו פנימה ניטשת ומוכרעת המערכה על דמותם של אדם ועולם.",,,,,,,ספריה לעם,11,he,Paperback,4.4,7,2,2339,27,0,1
493306,מובי דיק [מהדורת 2010],הרמן מלוויל,אהרן אמיר,כתר,2010,,ספרות,ספרות קלאסית,https://cdn.simania.co.il/bookimages/covers49/493306.jpg,https://simania.co.il/bookdetails.php?item_id=493306,"""קראו לי ישמעאל 
לפני שנים אחדות - אין זה חשוב כמה בדיוק-
בעת שלא היה, או כמעט לא היה, כסף בארנק,
ולא היה לי דבר שיעניין אותי על החוף,
אמרתי בלבי שאולי אפליג מעט כחיוכה
ואראה את חלקו המימי של העולם.""

אלו הן שורות הפתיחה המהדהדות של אחד הרומנים הגדולים שנכתבו בשפה האנגלית ואולי הרומן האמריקאי הגדול ביותר. מובי דיק, שראה אור לראשונה ב-1851, הוא רומן אדירים, רב קולות ופנים, הממשיך לטרוד את תודעת הקוראים והחוקרים גם במאה העשרים ואחת.

אלבר קאמי הגדירו כספר האבסורדי ביותר שנכתב מעולם. ורבים רואים בו את ""התרומה המעולה ביותר של אמריקה לספרות העולם"". אך מספר הפרשנים של מובי דיק כמספר הקוראים אותו, או מספר הרואים את הלוויתן בספר עצמו - נוצרים ומתנגדי נצרות, סימבוליסטים וריאליסטים, מבקשי טרגדיה ומבקשי קומדיה, בעלי שירה ובעלי פרוזה, בעלי פשט ובעלי דרש.

מסע הציד האפי של הקברניט אחאב על סיפונה של ""פיקווד"" בעקבות הלוויתן הלבן הוא המשל הגדול שהעניק הרמן מלוויל לספרות העולם. מובי דיק פורש בפני קוראיו מסע רב טלטלות, טראגי ומטאפיזי, המתחולל בעולם ובנפשו של האדם גם יחד.

הביקורת הכתירה את תרגומו הווירטואוזי של אהרון אמיר, חתן פרס ישראל לתרגום, ""עשיר, שובה לב, בהיר ורחב נשימה"".",,,,,,10-277392,,,he,Paperback,4.2,17,4,5924,63,3,1
975252,הנמלטת האחרונה,טרייסי שבלייה,,כנרת זמורה ביתן,2015,333,,,https://cdn.simania.co.il/bookimages/covers97/975252.jpg,https://simania.co.il/bookdetails.php?item_id=975252,"כשהוֹנוֹר בּרייט מפליגה מבריסטול בחברת אחותה, היא בורחת משברון לב לחיים חדשים באמריקה, הרחק מהבית. אבל בעקבות טרגדיה היא נותרת בודדה ופגיעה, קרועה בין שני עולמות ותלויה בטוב לבם של זרים.
החיים באוהיו של אמצע המאה התשע-עשרה מסוכנים וקשוחים. השמש חמה מדי, השלג עמוק מדי, היערות סבוכים ובוציים. והם גם מספקים מחסה לעבדים שנמלטים צפונה אל החופש. בעודה נאבקת למצוא את מקומה ואת קולה בקהילה חלוצית, הונור צריכה להחליט מה היא מוכנה להקריב למען האמונות שלה.

הנמלטת האחרונה מספר את סיפורם של גברים גסי-לב ונשים עשויות ללא חת, של נישואים מפתיעים וידידויות בלתי סבירות, ושל כוחה יוצא הדופן של ההתקוממות.

טרייסי שבלייה נולדה בוושינגטון וכיום היא מתגוררת בלונדון עם בעלה ובנה. עם ספריה הקודמים נמנים, בין השאר, רבי-המכר העולמיים ""נערה עם עגיל פנינה"", ""בוער באור"" ו""יצורים מופלאים"" (ראו אור בעברית בהוצאת כנרת).

""שבלייה צוללת עמוק אל תוך אזור ותקופה. המחקר שלה, כמו תמיד, מוקפד לתפארת. קריאה מרתקת.""   
גרדיאן
""ספר אמיץ, מסופר לתפארת.""   יו אס איי טודיי",,,,,,,,,he,Paperback,3.7,27,13,4698,27,0,1
1012733,אנה או,מתיו בלייק,דנה אלעזר הלוי,אחוזת בית,2024,496,ספרות,ספרות מתורגמת,https://cdn.simania.co.il/bookimages/covers101/1012733.jpg,https://simania.co.il/bookdetails.php?item_id=1012733,"ומה אם הסיוטים שלנו הם לא סיוטים בכלל? האדם הממוצע מבלה 33 שנות חיים בשינה. אך מה באמת מתרחש, ולמה אנו מסוגלים כשאנחנו ישנים? במותחן הפסיכולוגי אנה או, שתורגם ל-37 שפות והיה לרב־מכר, התשובה היא קריטית.

אנה אוגילבי, צעירה בת 25, היא עיתונאית מבטיחה שכל עתידה לפניה. עד שלילה אחד היא דוקרת את שני חבריה הטובים למוות ללא מניע ברור, בעודה הולכת מתוך שינה. לאחר האירוע היא שוקעת בשינה עמוקה הנמשכת ארבע שנים וידועה בשם ""תסמונת ההיכנעות"". סיפורה של אנה מסעיר את הציבור והתקשורת והופך אותה לאחת הנשים המפורסמות בעולם.

דוקטור בנדיקט פרינס הוא פסיכולוג משפטי, שמומחה בפשעים הקשורים בשינה, והוא התקווה האחרונה בפיענוח פרשת אנה או. עליו להעיר את אנה המאושפזת במרפאת שינה יוקרתית בלונדון כדי שתוכל לעמוד לדין, אך עליו להישמר כשהוא מטפל במטופלת בעלת פרופיל גבוה כל כך - יש לו סודות מקצועיים ואישיים משל עצמו. עליו להכריע מה באמת קרה באותו לילה נורא, והאם אנה אחראית לפשעיה. התגליות שיתגלו מעמידות את שניהם בסכנה. וכיצד כל זה קשור לרצח שטילטל את בריטניה עשרים שנה קודם לפרשת אנה או?

מעבר להיותו ספר מותח להפליא שמזמין את הקוראים לצלול פנימה, אנה או שואל שאלות מהותיות על גוף ונפש והקשר ביניהם, על היחס של הציבור והתקשורת לאלימות ופשע, על אחריות, טראומה, מוסר ושחרור ממכאובי העבר.

אנה או, ספרו הראשון של מתיו בלייק, הוא רומן רב פיתולים והפתעות, שהסעיר את עולם הספרות עוד בטרם יצא לאור.",,Anna O,,,,,,,he,Paperback,4.2,6,2,580,8,0,1
1028795,סרטיפיקט לחיים,יוסיפיה פורת,,עצמית - יוסיפיה פורת,2026,250,ספרות,ספרות מקורית,https://cdn.simania.co.il/bookimages/covers102/1028795.webp?v=1790412920793,https://simania.co.il/bookdetails.php?item_id=1028795,"ורשה, שנות העשרים בליל חורף קר אחד מכה אנטישמית אלימה משנה הכול.

חיה, בתו של נגר צנוע מהעולם החרדי, זוכה לחיות תקופה קצרה ומאושרת בארץ ישראל. כשהיא נאלצת לחזור על כורחה לוורשה, היא קורעת את עצמה מחיק משפחתה ונאבקת להצטרף לתנועה החלוצית כדי לשוב אל הארץ המובטחת.

לצידה צועדות שתי נשים נוספות, כל אחת נושאת סוד משלה:

האחת נמלטת משידוך כפוי ומגלה שגאולה אמיתית דורשת הקרבה גדולה יותר מכפי שדמיינה; והשנייה יוצאת להגשים נישואי אהבה אמיתיים – ומבינה שהאהבה דורשת אומץ לא פחות.

שלוש חלוצות צעירות, שלושה מסעות נועזים. מוורשה הקודרת אל האור הלא מובטח בתל־אביב ובחיפה עיר הנמל המתפתחת.

בין עבודת כפיים מפרכת ומוסכמות שנשברות לאיטן נאבקות שלוש הצעירות לבנות בית חדש ולרפא את הסדקים שהן נושאות עימן.

סרטיפיקט לחיים הוא ספרה השישי של יוסיפיה פורת, אשר נכתב בהשראת סיפורי עלייתם של הוריה לארץ, במטרה להביא אל קדמת הבמה את סיפוריהן של החלוצות העירוניות האמיצות שהעזו לאהוב, לבנות ולחיות – נגד כל הסיכויים.",,,,,,,,,he,Paperback,5,1,1,48,2,0,1
993283,שנות העשרים,יערה שחורי,,כתר,2019,205,ספרות,ספרות מקורית,https://cdn.simania.co.il/bookimages/covers99/993283.jpg,https://simania.co.il/bookdetails.php?item_id=993283,"את ניצבת בחוסר זהירות על הסף. הנה העתיד שלך שעוד רגע יתכנס תחת המילה עבר. זמנים הם עניין מבלבל עבורך. יכולת להיות בת תשע מצטיינת. אלה שנות העשרים שאת נכשלת בהן.
שנות העשרים מספר על שנים דחוסות ואינטנסיביות, מערב דברים שהיו ודברים שהיו יכולים להיות. התחנות ברורות ולכאורה מוכרות: לשכת גיוס, שנה בקיבוץ, עיר גדולה, עבודות גרועות ומערכות יחסים גרועות עוד יותר, לב שבור ופסקול מרוסק של שנות התשעים ושל תחילת שנות האלפיים.
 
כמו בחלום, המספרת הולכת שוב בדרכים שבהן הלכה כאשה צעירה שמחפשת מקום בעולם. היא מפענחת את הסימנים הסותרים שהטביעה באותן דרכים ובתוך כך מטשטשת אותם בעקבות טריים. התוצאה הפרדוקסלית היא ממואר מצוין בגוף שני, עליו כתבה ארנה קזין: ""אני אוהבת אותו בכל הלב. אקרא בו שוב ואמליץ לכל מי שמבקש לכתוב בצורה הספרותית המאתגרת הזאת לקרוא בו, ללמוד ממנו"". 
 
זהו ספרה הרביעי של ד""ר יערה שחורי - סופרת, משוררת ועורכת, כלת פרס ראש הממשלה ופרס שרת התרבות על ספרה שנות החלב וכלת פרס ברנשטיין על ספרה אקווריום.",,,,,,,,,he,Paperback,4,11,4,2059,23,1,1
1630,תמונתו של דוריאן גריי [מהדורת 2006],אוסקר ויילד,ליה נירגד,ידיעות אחרונות,2006,258,ספרות,ספרות מתורגמת,https://cdn.simania.co.il/bookimages/covers0/1630.jpg,https://simania.co.il/bookdetails.php?item_id=1630,"ביצירת מופת זו, המגוללת את סיפורו של צעיר המוכר נשמתו תמורת נעורים ויופי נצחיים, באים לידי ביטוי שנינותו, ביקורתו החברתית החדה והפרוזה המבריקה של אוסקר ווילד. גיבורו ? הדאנדי, ההדוניסט קצר הרוח ןחסר המוסר, שאינו משתנה כלל בעוד תמונתו מזדקנת והופכת דוחה יותר ויותר עם השנים ? הפחיד, הקסים, משך ואף השחית קוראים רבים במשך למעלה ממאה שנים.      כשהספר יצא לאור, ב-1891, הוא נחשב למסוכן, טפשי, וולגרי ולא מוסרי ואילו ווילד עצמו כונה ""קפדן קשקשני"". הספר שימש כהוכחה ל""חוסר צניעות דוחה"" במשפטים כנגד ווילד שהביאו בסופו של דבר למאסרו ולהגלייתו. למרות זאת, תמונתו של דוריאן גריי ביססה את מעמדו של ווילד כאחד ממייצגיה החשובים של האסכולה האסטתית שדגלה ב""אמנות לשם אמנות"", ויחד עם גיבורה הפכה ליצירה נצחית אשר שרדה את מגבלות הזמן.",כולל מבוא והערות,The Picture of Dorian Gray / Oscar Wilde,,,965,3622771,פרוזה קלאסיקה,,he,Paperback,4.4,455,51,26275,344,5,1
973368,נערת ההרדוף,צ'יטרה בנרג'י דיוואקרוני,יעל סלע-שפירו,כנרת זמורה דביר,2014,318,ספרות,ספרות מתורגמת,https://cdn.simania.co.il/bookimages/covers97/973368.jpg,https://simania.co.il/bookdetails.php?item_id=973368,"רומן‭ ‬התבגרות‭ ‬סוחף‭ ‬ומותח‭ ‬על‭ ‬נערה‭ ‬צעירה‭ ‬שעוזבת‭ ‬את‭ ‬הודו‭ ‬לארצות‭ ‬הברית‭ ‬במסע‭ ‬שישנה‭ ‬את‭ ‬חייה‭ ‬לנצח.
 
‬ ספרה‭ ‬החדש‭ ‬של‭ ‬הסופרת‭ ‬האהובה‭ ‬דיוואקרוני‭ ‬מלווה‭ ‬את‭ ‬קוֹרוּבּי‭ ‬רוי, ‬בת‭ ‬למשפחה‭ ‬מבוססת‭ ‬בכלכותה‭ ‬שהתייתמה‭ ‬משני‭ ‬הוריה. ‬נסיבות‭ ‬חייהם‭ ‬ומותם‭ ‬אפופות‭ ‬מסתורין‭ -‬‭ ‬כל‭ ‬שנותר‭ ‬לה‭ ‬מהם‭ ‬הוא‭ ‬פתק‭ ‬אהבה‭ ‬שהיא‭ ‬מצאה‭ ‬בספר‭ ‬שירה‭ ‬של‭ ‬אִמה. ‬קורבי‭ ‬חולמת‭ ‬על‭ ‬אהבה‭ ‬עזה‭, ‬כמו‭ ‬זאת‭ ‬ששררה‭ ‬בין‭ ‬הוריה, ‬ונדמה‭ ‬שמשאלתה‭ ‬מתגשמת‭ ‬כאשר‭ ‬היא‭ ‬פוגשת‭ ‬את‭ ‬רָגָ‭´‬אט. ‬אבל‭ ‬מותו‭ ‬המפתיע‭ ‬של‭ ‬סבהּ‭ ‬סמוך‭ ‬לאירוסיה‭ ‬חושף‭ ‬סודות‭ ‬מהעבר‭ ‬ושולח‭ ‬אותה‭ ‬למסע‭ ‬אל‭ ‬מעבר‭ ‬לאוקיינוס‭ ‬בחיפוש‭ ‬אחר‭ ‬זהותה‭ ‬האמיתית.
 
‬ צ‭´‬יטרה‭ ‬בנרג‭´‬י‭ ‬דיוואקרוני‭ ‬היא‭ ‬סופרת‭ ‬עטורת‭ ‬פרסים‭ ‬ילידת‭ ‬הודו, ‬המתגוררת‭ ‬כיום‭ ‬בטקסס. ‬פירסמה‭ ‬רבי–מכר‭ ‬רבים, ‬בהם‭ ‬אדונית‭ ‬התבלינים‭, ‬תנאי‭ ‬נישואים, ‬אחות‭ ‬לבי, ‬גפן‭ ‬התשוקה‭ ‬ודבר‭ ‬מדהים‭ ‬אחד. ‬יצירתה‭ ‬תורגמה‭ ‬ל‮–‬18‭ ‬שפות, ‬ושניים‭ ‬מהרומנים‭ ‬שלה‭ ‬עובדו‭ ‬לקולנוע‭.‬ ‭‬דיווקארוני‭ ‬היא‭ ‬קרטוגרפית‭ ‬מוכשרת‭ ‬להפליא‭ ‬של‭ ‬לב‭ ‬האדם‭ ."" ‬‭ ‬פיפל",,,,,,,מחברות לספרות,,he,Paperback,3.6,20,8,3376,43,0,1
556881,בלי לומר שלום,לינווד ברקלי,נועה שביט,מודן,2008,365,ספרות,מתח ריגול והרפתקאות,https://cdn.simania.co.il/bookimages/covers55/556881.jpg,https://simania.co.il/bookdetails.php?item_id=556881,"אחרי לילה פרוע של שתייה מתעוררת סינתיה ביג בת ה-14 עם כאב ראש נוראי. 
בליל אמש היא רבה עם אביה, והיא חוששת שזה מה שמחכה לה גם היום.
אולם הבית דומם לגמרי. 
הוריה ואחיה אינם נמצאים בשום מקום. 
גם מכוניותיהם נעלמו. 
סינתיה תוהה אם הוריה החליטו להעניש אותה בגלל התנהגותה הסוררת, וממשיכה לחפש אחריהם. 
לאחר כמה ימים, כשאנשי המשטרה המקומית מרימים ידיים ומודים שאין להם מושג מה קרה לבני משפחתה, סינתיה עוברת לגור בבית דודתה וממשיכה בחייה, ללא שמץ של מושג מדוע נטשה אותה משפחתה בלי לומר שלום.

עשרים וחמש שנים לאחר מכן סינתיה, בעלה המורה טרנס ארצ’ר ובתם בת השמונה מתגוררים במילפורד, קונטיקט, לא הרחק מבית ילדותה. 
על אף הזמן הרב שחלף, סינתיה רדופה עדיין על ידי היעלמות בני משפחתה. 
למרות התנגדותו של בעלה, היא מחליטה להשתתף בתכנית תחקירים טלוויזיונית, בתקווה שמישהו מצופי התוכנית יוכל למסור מידע שישפוך אור על היעלמותם המסתורית של בני משפחתה.
שיחת טלפון מסתורית גורמת לסינתיה להאמין שייתכן שאביה עדיין בחיים, אבל טרנס, שהתנגד להשתתפותה בתכנית מלכתחילה, מודאג. התנהגותה של סינתיה מוזרה, ודברים משונים מתרחשים בביתם. 
נדמה שמישהו משחק באכזריות ברגשותיה של אשתו, ונדמה גם שלבני המשפחה שנעלמו היו סודות אפלים, שעליהם לא ידעה דבר.

בלי לומר שלום בוחן את אחד הפחדים האנושיים הבסיסיים ביותר: 
מה אם אתעורר יום אחד ואגלה שהכול השתנה? 
שכל מי שאהב אותי אי פעם נעלם, ולי לא ניתנה אפילו ההזדמנות לשאול למה?",,,,,,20-52011,,,he,Paperback,4.1,408,119,26325,439,1,1
982451,אמנות הלחימה,עומר ברקמן,,אסיה,2016,,,,https://cdn.simania.co.il/bookimages/covers98/982451.jpg,https://simania.co.il/bookdetails.php?item_id=982451,,שיחות עם מאסטר ניר מלחי,,,,,,,,he,Paperback,4.5,2,1,860,8,0,1
4838,הזר [מהדורת 1985],אלבר קאמי,אילנה המרמן,עם עובד,1985,144,ספרות,ספרות מתורגמת,https://cdn.simania.co.il/bookimages/covers0/4838.jpg,https://simania.co.il/bookdetails.php?item_id=4838,"מרסו, פקיד צעיר שחי באלג'יר, אינו בוכה בהלויית אמו, רוצח אדם ""בגלל השמש"", ועל שני אלו נשפט ונידון למוות ""בשם העם הצרפתי"" - סיפור תמוה ומוזר, ששום דבר אינו מובן בו לאשורו ואף - על - פי - כן הוא מרתק ונקרא בנימה עצורה מתחילתו ועד סופו. 

""הזר"", שהוא הרומן הראשון של אלבר קאמי, יצא לאור ב - 1942 ונמנה עם הידועות שביצירות הספרות המודרנית: ""הקוראים נתלו בו כבאחת מאותן יצירות מושלמות וחשובות, הבאות לעולם בנקודות מפנה של ההיסטוריה כדי להעיד על קיומו של קרע ולתת את תמציתה של רגישות חדשה"" (רולאן בארת). 

לתרגום העברי החדש של ""הזר"" צורפה גם מסה מפורסמת של קאמי, ""השיבה לטיפזה"" - מסה הפותחת לקורא עוד אשנב להציץ דרכו אל עולמו האישי, הרגשי וההגותי, של מחבר ""הזר"".",שיבה לטיפזה,L'Étranger,,,,32-11183,ספריה לעם,319,he,Paperback,4.3,615,48,28454,494,2,1
1025785,בקרוב אצלך,איה אנגל,,התחנה,2026,273,ספרות,ספרות מקורית,https://cdn.simania.co.il/bookimages/covers102/1025785.jpg,https://simania.co.il/bookdetails.php?item_id=1025785,"מה יש לי? למה בעצם התחלתי את כל הפרויקט הזה? למה שלא איהנה מימים שלמים על הספה מול נטפליקס בבהייה נינוחה? למה שלא אוכל בורקס גבינה פינוקים לצד כוס זירו מלאה קרח, לבד עם עצמי עד יום מותי? ולמה נרשמתי לאפליקציה? למה להתלבש, להתאפר, להריח את בית השחי, למרוח עוד קרם, בושם, אייליינר, אודם אדום, ולבדוק כל הזמן איך אני נראית, איך אני מדברת, למה אמרתי כך או אחרת, ירצה אותי או לא ירצה אותי? ולמה שארצה לעשות ילדים עם מישהו זר לגמר? ולמה ילדים ברבים, ליקי? אחד אחד.

ליקי, קיבוצניקית לשעבר והייטקסיטית תל־אביבית בהווה, חיה את החלום: יש לה דירה מקסימה, עבודה טובה, קפה מצוין מתחת לבית, חברים טובים ועשרות זוגות נעליים שהיא אוהבת בכל ליבה. אבל כשרופא הנשים שלה אומר לה שהביציות שלה (שלה!) מתמעטות ומזדקנות – בועת האושר שלה מתפוצצת. מצד שני, הדוקטור אמר שכדאי לה לתכנן קדימה, ואם יש משהו שליקי יודעת לעשות – זה לתכנן.
חמושה במלתחה נהדרת, אישיות כובשת, דד־ליין קשוח וטבלת אקסל מפורטת, ליקי יוצאת למצוא אהבה.

בקרוב אצלך הוא ספרה השני של איה אנגל. ספרה הקודם, בואי הביתה יצא בהוצאת שתים.",,,,,,,,,he,Paperback,4,1,1,61,1,0,1
1028469,רק היָפים,סוזן מייסנר,דורית בריל־פולק,מודן,2026,396,ספרות,ספרות מתורגמת,https://cdn.simania.co.il/bookimages/covers102/1028469.jpg?v=1787245284704,https://simania.co.il/bookdetails.php?item_id=1028469,"קליפורניה, 1938 . חייה של רוזי בת השש־עשרה מתהפכים
ביום שבו הוריה נהרגים בתאונת דרכים. כשאימהּ על ערש דווי,
היא מחלצת מפיה של רוזי הבטחה: שתשמור על הסוד שלה,
שלא תדבר על הצבעים שרק היא רואה. רוזי עוברת לחסותם
של טרומן וסלין קאלוורט, בעלי היקב שבו עבד אביה, אבל
הבדידות והאבל שלה קשים מנשוא והיא עושה טעות: לא רק
שהיא מספרת על הצבעים, היא גם מוצאת את עצמה בהיריון.


אוסטריה, 1947 . הלן קאלוורט, אחותו של טרומן, חוותה מקרוב
מה המשטר הנאצי מסוגל לעשות, והיא מחליטה לחזור לארצות
הברית. אבל כשהיא מגיעה לכרם השלֵֵו של אחיה ו מגלה מה
התרחש שם תשע שנים קודם לכן, היא מזדעזעת. הלן נחושה
למצוא את רוזי שהורחקה מהיקב, וכך נחשפת לחוקי השבחת
הגזע בארצות הברית. היא נוכחת לדעת שהמלחמה אמנם
נגמרה, אך קרבות רבים עדיין לא הגיעו לסיומם.


רק היפים הוא רומן יוצא דופן על אהבה, הקרבה,
מסירות ואומץ, שחודר עמוק לתוך הלב.
מחברת רבי־המכר סוזן מייסנר טווה במיומנות סיפור הנע בין
שנים ויבשות, ויוצר תמונה בוהקת בצלילותה. ספריה הקודמים
של מייסנר, 'זוהר כמו גן עדן' ו'סודות של חיים מופלאים',
ראו אור בעברית בהוצאת מודן.


""סיפור רב רבדים ושובר לב."" לייבּררי ג'ורנל
""מסע של אבל, תקווה והזדמנות שנייה, שמזכיר לכולנו
שאנחנו יכולים לחולל שינוי."" היסטוריקל נובל ריוויו",,,,,,,,,he,Paperback,5,1,1,118,0,0,1
1028699,פרויקט איקס 11 - גבורה שקטה,גרג הורביץ,דפנה לוי,דני ספרים,2026,504,ספרות,מתח ריגול והרפתקאות,https://cdn.simania.co.il/bookimages/covers102/1028699.jpg?v=1789578161493,https://simania.co.il/bookdetails.php?item_id=1028699,"האיש משומקום חוזר!

אוואן סמוק היה בעברו מתנקש מטעם הממשל, הידוע בכינויו ""יתום X"", שפעל מתחת לרדאר ונשלח למשימות המסוכנות בעולם. כעת הוא ירד למחתרת והמציא עצמו מחדש כ""איש משומקום"" – אדם שיעשה הכול על מנת לעזור לנואשים ביותר, שלא נותר להם איש לפנות אליו.

אישה צעירה נחטפת מקרון הרכבת התחתית בניו יורק. היא נמצאת בסכנה מיידית וזקוקה לעזרה. אוואן נחוש לצאת לעזרתה, אבל ללא שם ועם פרטים מועטים בלבד, האתגר הראשון שלו הוא לעלות על עקבותיה. 

הוא מוצא אותה ונשבע לבוא חשבון עם הצעירים שחטפו אותה והתעללו בה, אבל האישה מתעקשת שאוואן יזנח את השיטות הרגילות שלו – ללא נקמה, ויותר מכך: ללא הרג. בהתחשב באיומים ההולכים ומתעצמים מכל הכיוונים זוהי משימתו המסוכנת ביותר עד כה – משימה שתבחן את גבולות יכולותיו עד הקצה.

במרדף מחוף לחוף, מהפינות הנידחות ביותר של החברה ועד למפוארות ביותר, יתום X  צריך למצוא דרך להגן על החפים מפשע, ללמד לקח את העריצים – וכל זאת תוך שמירה על האיזון בין צדק חברתי וחמלה אנושית. 

כשחבורה של צעירים אכזריים חוטפת אישה מהרכבת התחתית ומתעללת בה, אוואן סמוק חייב להיחלץ לעזרתה. אבל העניינים נהיים מורכבים, כשהאישה אוסרת עליו לנקום בהם באלימות. כעת יתום X צריך למצוא את הדרך להגן עליה ולנקום בצעירים, תוך שמירה על האיזון בין צדק וחמלה.

גרג הורביץ הוא אחד הכוחות המשמעותיים ביותר כיום בתחום ספרות המתח העולמית. ספריו מתורגמים לעשרות שפות בכל העולם ומככבים באופן קבוע ברשימות רבי המכר של ה""ניו יורק טיימס"" ומקומות רבים נוספים. זהו הספר ה-11 בסדרת פרויקט X, שבה מככבת דמותו של האיש משומקום.

""קובע סטנדרטים חדשים עבור כל המותחנים האחרים.""  Bookreporter

""האגדה על האיש משומקום חיה ובועטת!""  Kirkus Review

""כתיבתו של גרג הורביץ רק הולכת ומשתבחת עם השנים"".  Daily Express

""מותחן עוצר נשימה – יצירת מופת!""  הרלן קובן",,Antihero,,,,,פרויקט איקס,11,he,Paperback,3,1,1,81,1,0,1
272663,המדריך לימים הקרובים,יואב בלום,,כתר,2014,340,ספרות,ספרות מקורית,https://cdn.simania.co.il/bookimages/covers27/272663.jpg,https://simania.co.il/bookdetails.php?item_id=272663,"קוראים לך בן שוורצמן. 
אתה עומד עכשיו בחנות ספרים שעומדת להיסגר בעוד חמש דקות וקורא את כריכתו האחורית של הספר הזה. 
אתה תוהה אם הכריכה האחורית מדברת עליך. 
אז כן, היא מדברת עליך. ואליך.
אתה במצב רגיש, ידידי. 
אם תעיף מבט ותסתכל מבעד לחלון הראווה של חנות הספרים, אל הרחוב, תראה שעומד שם מישהו. 
מישהו שעקב אחריך בחצי השעה האחרונה, לפחות. 
אין זמן להסברים. 
זו בסך הכול כריכה אחורית, כמות הטקסט כאן
מוגבלת וחנות הספרים הזו נסגרת עוד מעט, כאמור.

קח את הספר הזה, קנה אותו, שים אותו בתיק שלך ולך מכאן ישר לביתך. 
אל תסתכל לאחור, אבל קח בחשבון שמישהו כנראה עוקב אחריך. 
חזור הביתה וקרא אותי. 
זה יכול להיות עניין של חיים ומוות מבחינתך.",,,,,978-965-07-22,10-278422,,,he,Paperback,4.1,139,42,13124,164,3,1
1028783,אמנת המים,אברהם ורגיז,עידית שורר,מטר,2026,824,ספרות,ספרות מתורגמת,https://cdn.simania.co.il/bookimages/covers102/1028783.jpg?v=1790365993355,https://simania.co.il/bookdetails.php?item_id=1028783,"יש משפחות שיורשות אדמה.

יש משפחות שיורשות עושר.

ויש משפחות שיורשות גורל.

בקראלה שבקצה הדרומי של הודו – ארץ שהמים בה מקיפים כל בית וכל יצור חי – משפחה אחת מלווה בקללה עתיקה במשך דורות: בכל דור יטבע אחד מבניה.

בשנת 1900, כאשר ילדה בת 12 נשלחת בסירה אל חתונתה עם אלמן בן 40 שמעולם לא פגשה. איש אינו יכול לשער שהמסע הזה יהיה תחילתה של סאגה משפחתית שתשתרע על פני כמעט 80 שנה. אותה ילדה תהפוך לימים ל""ביג אמַאצ'י"" – אֵם המשפחה, שבחוכמתה, באהבתה ובאומץ לבה תהיה לעוגן של דורות שלמים. סביבה יתנהלו אהבות ואובדנים, לידות ומוות, סודות משפחתיים הנמסרים בלחש, מהפכות חברתיות ופריצות דרך רפואיות, בעוד נהרות קראלה ממשיכים לזרום, אדישים לגורלם של בני האדם.

אברהם ורגיז בורא עולם חי ונושם, עשיר בדמויות בלתי נשכחות, בנופים עוצרי נשימה וברגש אנושי עמוק. אמנת המים הוא רומן רחב יריעה על משפחה, אמונה, חמלה והכוח לבחור בחיים גם כאשר נדמה שהגורל כבר נכתב.

ספר השנה של ""הניו יורק טיימס"", מגזין ""טיים"", הרדיו הציבורי NPR, ""סן פרנסיסקו כרוניקל"", ""Kirkus Review"", ""Library Journal"".

""מפואר, מרשים, רב היקף, ומרתק מאין כמותו... העולם טוב יותר כשיש בו ספר המתעד טרגדיות רבות כל כך בקול שאינו זונח לרגע את התקווה"". – The New York Times",,The Covenant Of Water / Abraham Verghese,,,,,מטר - סיפורת,,he,Paperback,5,1,1,98,1,0,1
1014266,דוקטור בואי אצלי,מירה מגן,,כנרת זמורה ביתן,2025,256,ספרות,ספרות מקורית,https://cdn.simania.co.il/bookimages/covers101/1014266.jpg,https://simania.co.il/bookdetails.php?item_id=1014266,"חייה של ד""ר גליה אושרי נעים במסלול קבוע ומספק בין עבודתה בבית חולים בירושלים ובין זוגיות עם רופא בכיר, אלמן ואב לשתיים. ואולם, המסלול הזה מאיים להשתבש, משום שאל לשכתה של הרופאה מגיעים נער חולה אנוש ואביו, שדמותו החריגה והעוצמתית מאיימת לקעקע את שלמותה של חלקת האלוהים הקטנה שביצרה לעצמה. בד בבד שזורות ברומן דרמות משפחתיות, התובעות את התערבותה של הגיבורה.
היא נאלצת לתמרן, כמו על חבל ברוח סוערת, בין תשוקות אסורות וציוויים מוסריים, מקבילים לאלה שלה, שקיומם מבליט את שרירותו של הקיום האנושי ואת הגבולות הדקים בין אמונה והטלת ספק, אהבה ונאמנות.  

דוקטור, בואי אצלי הוא הרומן החשוף ביותר של מירה מגן. תפיסת האדם ותפיסת העולם הייחודיות שלה, מגולמות כאן בבהירות חדשה, שאינה פוגמת, כהוא זה, במגע האנושי והפיוטי המלטף שלה ובתועפות החסד שהיא מרעיפה עלינו./ יגאל שוורץ",,,,,,,,,he,Paperback,4.3,16,9,1762,12,0,1
612561,מועדון גרנזי לספרות ולפאי קליפות תפודים,מרי אן שייפר,יעל אכמון,כנרת זמורה דביר | מטר,2009,275,ספרות,ספרות מתורגמת,https://cdn.simania.co.il/bookimages/covers61/612561.jpg,https://simania.co.il/bookdetails.php?item_id=612561,"אני תוהה איך התגלגל הספר לגרנזי? אולי יש לספרים מעין אינסטינקט התבייתות סודי, שמביא אותם לידי הקורא המושלם עבורם .""

ינואר 1946: לונדון מגיחה מתחת לצל מלחמת העולם השנייה, והסופרת ג'ולייט אשטון מחפשת נושא לספר חדש. מי חשב שתמצא אותו במכתב מגבר אלמוני, תושה האי גרנזי, מאיי התעלה הבריטית שכבשו הנאצים? הוא נתקל בשמה בעטיפה של ספר מאת צ'ארלס לאמב - אולי היא תסכים להדריך אותו היכן יוכל למצוא ספרים נוספים של אותו מחבר ?

בעודה מתכתבת עם החבר-לעט החדש נשאבת ג'ולייט אל עולמם של האיש וידידיו , החברים כולם ב""מועדון גרנזי לספרות ולפאי תפודים"" - מועדון ספרותי ייחודי שהתגבש בהברקה של רגע, כאליבי להגן על חבריו ממעצר בידי הגרמנים. ג'ולייט נחשפת לחברי המועדון הנעימים, אוהבי החיים והספרות, ודרך מכתביהם היא לומדת על האי שלהם, על טעמם הספרותי ועל השפעתו של הכיבוש הגרמני על חייהם. לבה נשבה בסיפוריהם, והיא יוצאת לגרנזי - ומה שתגלה שם ישנה את חייה לעד .
"" מועדון גרנזי לספרות ולפאי קליפות תפודים"", הכתוב כסדרה של מכתבים מלאי חום והומור, הוא חגיגה של המילה הכתובה על שלל צורותיה ושל בניית קשרים בדרכים מפתיעות להפליא .

מרי אן שייפר עבדה כעורכת, ספרנית ומוכרת בחנויות ספרים. זהו הרומן הראשון שלה. אחייניתה אנני בארוז היא מחברת ספרי ילדים ומבוגרים. בתחילת 2008, בשלב עריכת הספר, מתה מרי אן שייפר ממחלת הסרטן .

"" שיר הלל לכוחה של המילה הכתובה... ג'ולייט מוצאת במכתבים לא רק השראה לספרה, אלא גם השראה לחייה - כפי שגם הקורא ימצא לחייו שלו .""
פבלישרס ויקלי

הספר יצא לאור בשיתוף ""מטר""",,The Guernsey Literary and Potato Peel Pie Society,אנני בארוז,,,3-13832,,,he,Paperback,4.4,195,62,17905,165,4,1
1014828,במחילה מכבודה של אשת המערות,אופיר טושה גפלה,,כתר,2025,221,ספרות,ספרות מקורית,https://cdn.simania.co.il/bookimages/covers101/1014828.jpg,https://simania.co.il/bookdetails.php?item_id=1014828,"דני היה בן ארבע־עשרה וחצי בלבד כשעקבותיו של אביו, מורה בבית ספר, נעלמו. שנים לאחר מכן הוא מתבשר בשיחה טלפונית מנומסת ממוסד פסיכיאטרי בלונדון על מותו של אביו. דני ואימו עולים על מטוס לאנגליה, אבלים ומוצפי שאלות. שם מחכה להם, בין השאר, מחברת שהניח אחריו האב - מחברת שמתעדת באופן מדוקדק את קריסתו של אדם שכל חייו ניהל מאבק חשאי עם תביעותיה המעליבות של מלאכת ההישרדות היומיומית.

הנובלה הדחוסה והמהפנטת של אופיר טוּשֶה גַפלָה מאירה באופן בלתי נשכח את המתח עתיק היומין בין כורח המציאות לבין התשוקה ליופי ותוהה על מקומה של הספרות בעולמנו, ועל המחיר שמשלמים מי שנענים לקריאתה בכל הווייתם ומשנים את חייהם. בתוך כל זה, מצוי גם סיפור התוודעותו המאוחרת של בן למעמקיו האנושיים של האדם שלא הכיר אלא בתור אביו.

הנובלה במחילה מכבודה של אשת המערות היא פנינה ייחודית במכלול יצירתו של אופיר טוּשֶה גַפלָה, שעימה נמנים רבי־המכר עולם הסוף, ביום שהמוסיקה מתה, הרי געש רדומים, חיי ספר ועוד.",,,,,,,הסדרה הקטנה,,he,Paperback,4.3,29,8,1599,10,1,1
21797,"אחי, גיבורי התהילה",הווארד פאסט,רות ליבנית,ספרית פועלים,1948,250,ספרות,ספרות מתורגמת,https://cdn.simania.co.il/bookimages/covers2/21797.jpg,https://simania.co.il/bookdetails.php?item_id=21797,"הספר מספר על מרד החשמונאים מנקודת מבטו של שמעון הנשיא. העלילה מתרחשת בימים שקדמו למרד, במהלכו ועל רקע הקרבות. גיבורי העלילה הם החשמונאים מהם יהודה המכבי.

מתכונתו של הספר הוא כמגילה אוטוביוגרפית אותה רושם שמעון, על עצמו ועל אחיו גיבורי המרד, ומוסרה לציר הסנאט הרומי לנטולוס סילאנוס שמגיע לארמונו בירושלים על מנת ללמוד על ארץ ישראל ועל העם היהודי היושב בה עבור הסינאט. 

הספר העוסק בעצמאות היהודים פורסם בשנת 1948, בעיצומה של מלחמת השחרור. הווארד פאסט הקדיש את הספר ""לאשר הם שם, יהודים ולא יהודים, שחירפו נפשם באותו מאבק עתיק-יומין ובלתי-נשלם על חירות האדם וכבודו"".  
 
הספר תורגם על ידי רות לבנית ויצא בהוצאת הקיבוץ הארצי השומר הצעיר, ספרית פועלים וזכה לפופולריות רבה בארץ.",,My Glorious Brothers,,,1402237952,31-4933,,,hebrew,Paperback,4.5,41,11,11573,98,1,1
970804,רשימת המשאלות,לורי נלסון ספילמן,שרון פרמינגר,ידיעות ספרים,2015,370,ספרות,ספרות מתורגמת,https://cdn.simania.co.il/bookimages/covers97/970804.jpg,https://simania.co.il/bookdetails.php?item_id=970804,"""בטח נדהמת היום כשאחייך קיבלו את הירושה ואת לא. ואני יכולה לשער כמה כעסת כשהמשרה הבכירה ניתנה לקתרין. תסמכי עלי, אני יודעת מה אני עושה, וכל מעשי הם אך ורק לטובתך.""  

חייה של ברט בולינג'ר מסודרים מקיר לקיר: יש לה עבודה מכובדת ודירה מרווחת, ואפילו חבר שהוא עורך-דין מוצלח ויפה תואר. אבל כשאמה האהובה מתה בפתאומיות, היא מותירה אחריה צוואה שכוללת תנאי כמעט בלתי מתקבל על הדעת: על מנת לזכות בירושה, על ברט להגשים את רשימת המשאלות שחיברה עשרים שנה קודם, כשהייתה נערה בת ארבע-עשרה. בלית ברירה יוצאת ברט למסע שבמהלכו תיאלץ לבחון מחדש את חייה ואת ערכיה, את משאלותיה ואת אהבותיה האמיתיות. ברוח קלילה מצליחה לורי ספילמן לסחוף את הקוראים בסיפור מלא אופטימיות, שבו המתנות הכי יפות שהחיים מעניקים לנו מתגלות דווקא במקומות הכי פחות צפויים.",,The Life List / Lori Nelson Spielman,,,978-965-545-7,362-4777,פרוזה,,he,Paperback,4,310,102,38932,380,7,1
985085,הזהב של קחמרקה,יעקב / יאקוב וסרמן,הראל קין,תשע נשמות,2017,88,ספרות,ספרות מתורגמת,https://cdn.simania.co.il/bookimages/covers98/985085.jpg,https://simania.co.il/bookdetails.php?item_id=985085,"השנה היא 1532. 
האזור הגאוגרפי: מה שאנחנו מכירים היום כפֵּרוּ. הדמויות: ספרדים, כובשים, ילידים, פשוטי עם, שליט – בני אדם כמונו,  שמושלכים אל אדמה נתונה, אל נקודת זמן ספציפית, אף שהם, כולם, עוסקים בשאלות על זמניות, פילוסופיות, כלכליות, מוסריות, סוציולוגיות ואישיות.

""הזהב של קָחָמַרקָה"" הוא נובלה מטפיזית ואפית במסווה של סיפור היסטורי, שבוחרת להתמקם בימי כיבוש אימפריית האינקה בידי הספרדים במאה השש-עשרה. או במילים אחרות: הספר הוא תירוץ המעניק ליאקוב וסרמן הזדמנות מצוינת,לא רק להדגים לפני הקוראים את כישרונו הספרותי הגדול, אלא גם לחרוג מעבר למקום ולזמן כדי לבחון את התנהגותה של נפש האדם במצב קיצוני.
כל זאת בנובלה קצרה, סוחפת, מותחת וטרגית, שבה פוגשים הכובשים את אָטָוואלפָּה – שליטה האחרון של אימפריית האינקה. 

זהו מפגש בין עולמות מנוגדים, בין תפיסות עולם שונות לחלוטין, ובין ציוויליזציות בעלות ערכים המתנגשים זה בזה. לנו הקוראים, ""הזהב של קָחָמַרקָה"" הוא קו הזינוק במסע ספרותי בנבכי עולמו של יאקוב וסרמן – אחד הסופרים היהודים-גרמנים החיוניים במאה העשרים שיש צורך, צדק היסטורי, לגלות מחדש.",,,,,,1298-20,,,he,Paperback,3.9,22,8,2757,19,1,1
1013320,הלביאות מטהראן,מרג'אן כמאלי,דנה אלעזר הלוי,ידיעות ספרים,2024,370,ספרות,ספרות מתורגמת,https://cdn.simania.co.il/bookimages/covers101/1013320.jpg,https://simania.co.il/bookdetails.php?item_id=1013320,"מאת סופרת רב־המכר ""החנות למכשירי כתיבה בטהראן""
רומן מרגש על ידידות, בגידה וגאולה, המתפרש על פני שלושה עשורים של תהפוכות פוליטיות וחברתיות בבירת איראן.
משפחתה של אלי בת השבע חיה בטהראן של שנות החמישים בנוחות רבה עד למותו בטרם עת של האב, אז נאלצות אלי ואמה לעבור לדירה זעירה במרכז העיר. השתיים נמצאות במלחמת הישרדות, ואלי משתוקקת לחברה שתקל את בדידותה.
למרבה המזל, ביום הראשון ללימודים היא פוגשת את הומא מלאת שמחת החיים. בין שתי הבנות נקשרת ידידות אמיצה והן משחקות יחד, לומדות לבשל במטבח ביתה החמים של הומא, משוטטות בין הדוכנים הססגוניים של הבזאר הגדול וחולקות את שאיפתן להיות ""נשים אריות"" – לביאות. זאת ילדות קסומה בתקופה שלפני ההפיכה.
אולם כאשר ניתנת לאלי ולאמה הזדמנות לחזור לחייהן הבורגניים הקודמים, אלי מותירה את זיכרונות הילדות ואת חברותה עם הומא מאחור וכובשת לעצמה עמדת השפעה בתיכון הבנות הטוב ביותר בעיר.
שנים לאחר מכן, כשהומא שבה ומופיעה בעולמה של אלי, המפגש המחודש משנה את מהלך חייהן. עתה, בהתקרב נקודת הרתיחה הפוליטית באיראן, למעשה בגידה אחד יהיו השלכות עצומות.
על רקע סמטאות השוק גדושות התבלינים ואפופות הניחוחות של טהראן, רוקמת מרג'אן כמאלי ביד אמן סיפור על חברות ועל העצמה נשית.
מרג'אן כמאלי, בת להורים יוצאי איראן, שחייתה בטורקיה, באיראן, בגרמניה ובקניה, מתגוררת בבוסטון. ספרה הראשון, ""החנות למכשירי כתיבה בטהראן"", תורגם לעשרים שפות והיה לרב־מכר בינלאומי.",,The Lion Women of Tehran,,,,,,,he,Paperback,4.4,21,8,2665,24,1,1
994032,זרע-רע,מרגרט אטווד,מיכל אלפון,מודן וחרגול,2019,296,ספרות,ספרות מתורגמת,https://cdn.simania.co.il/bookimages/covers99/994032.jpg,https://simania.co.il/bookdetails.php?item_id=994032,"פליקס פיליפס הוא מנהל פסטיבל תיאטרון מצליח בעיר קטנה בקנדה. הוא עומד להעלות את ""הסערה"" מאת ויליאם שייקספיר – הפקה שלא נראתה כמותה מעולם, הצגה שתגרום לכל רואיה להחסיר נשימה, ואולי תפוגג במעט את ייסורי האבל של פליקס.

אבל שותפיו של פליקס בוגדים בו בזדוניות ובערמומיות ומסלקים אותו מהזירה. פליקס פורש מהתיאטרון ומהעולם ומבלה את ימיו בבקתה נידחת במחשבות על נקמה. וזו נקרית על דרכו כשבבית הכלא הסמוך מחפשים מורה לספרות ותיאטרון. פליקס ותלמידיו האסירים יעלו את ""הסערה"". האם יצליחו בכוח הקסם של התיאטרון (וקצת עזרה טכנולוגית) לנקום בבוגדים? האם ההפקה החדשה תרפא את פצעי העבר המר והכאוב ותאפשר סוף-סוף לפליקס להשתחרר מהכלא הפנימי שהוא שרוי בו.

זרע-רע, הרומן שמרגרט אטווד כתבה בהשראת ""הסערה"", מחזה רב קסם ורווי רגשי נקם, מוליך אותנו למסע עתיר הפתעות, ומעניק לנו מבט קצת אחר על שייקספיר, על תיאטרון בכלל, ועל נקמה, סליחה והתחלות חדשות.

מרגרט אטווד נולדה בקנדה ב-1939. היא כתבה למעלה מארבעים ספרים – רומנים, מסות ושירה. היא זכתה בעשרות פרסים ספרותיים בקנדה ובעולם כולו. לאחרונה זכתה לפרסום רב בעקבות העיבוד הטלוויזיוני לספרה מעשה השפחה. רבים מספריה ראו אור בעברית בהוצאת כנרת זמורה ביתן.

""השמחה והצהלה מתרוננים מכל עמוד. מחווה רבת-קסם לשייקספיר."" הגרדיאן  

""לא צריך להיות חסיד של שייקספיר כדי להתאהב בגירסה הזאת של  'הסערה'. ספר נפלא ומצחיק"" – סיאטל בוק רוויו

""סיפור קורע לב כתוב נפלא, שזור בהומור.. "" ניו יורק טיימס",,,,,,,,,he,Paperback,3.9,8,1,1324,21,0,1
1027003,תוהו,עינת א. שמשוני,,געשספרים,2026,377,ספרות,מדע בדיוני ופנטזיה,https://cdn.simania.co.il/bookimages/covers102/1027003.jpg?v=1776160312831,https://simania.co.il/bookdetails.php?item_id=1027003,"אלה נמלטת מבית אדונה בירושלים ומקווה למצוא חופש מעבר לגבולות בנימין. אבל בזמן שהיא בורחת מאיום אחד, האיום האמיתי רוחש בבטן האדמה. החותם העתיק שסגר את התהום במשך שנים, נשדד מהמקדש בירושלים וכעת העולם כולו בסכנת כליה.אלה יוצאת למסע אל חירותה ונקלעת למאבקי כוח של מלכים שאפתניים וכוהנים מושחתים, היא תיאלץ להתמודד מול כוחות קדומים ונבואות שאבדו בזמן, ותתבקש לתת אמון בנסיך חידתי אחד שיגלה לה שגורלה קשור בגורל חותם האבוד.הספר ""תוהו"" מציג פנטזיה מקראית עוצרת נשימה על מלחמת שרידות, אמונה, בגידה, חירות ואהבה.",,,,,,,,,עברית,Paperback,,,1,78,0,0,1
901622,דרך הגחליליות,קריסטין האנה,,אור-עם,2010,479,ספרות,ספרות מתורגמת,https://cdn.simania.co.il/bookimages/covers90/901622.jpg,https://simania.co.il/bookdetails.php?item_id=901622,"דרך הגחליליות הוא רומן רב עוצמה על אהבה, על אובדן ועל קסמה של חברות...
בשנת 1974 משלימה קייט מלרקי עם כך שהיא לא נחשבת מקובלת בקרב תלמידי כיתה ח´. ואז, לתדהמתה, ´הילדה הכי מדליקה בעולם´, טולי הארט, עוברת לגור מול ביתה ורוצה להיות חברתה. לכאורה, נראה שלטולי יש הכול - יופי, שכל ושאפתנות. למראית עין, הן שונות לגמרי זו מזו: גורלה של קייט נגזר להיות חנונית, בת למשפחה אוהבת שמביישת אותה על כל צעד ושעל; ואילו טולי אפופה בזוהר ובמסתורין, אך יש לה סוד שהורס אותה. הן כורתות ברית להיות חברות טובות לנצח, ובסופו של אותו קיץ, הן הופכות להיות טולי ו־קייט, ישות אחת.
כך נפתח הרומן החדש הנפלא פרי עטה של קריסטין האנה. דרך הגחליליות, הנפרש על פני יותר משלושים שנים והמתרחש על רקע פניו המשתנות של חופה הצפון מערבי של ארצות הברית, הוא סיפורן החזק והנוגע ללב של שתי נשים ושל חברותן שנהיית לעמוד התווך בחייהן. 
מההתחלה נואשת טולי להוכיח לעולם את ערכה; היא, שננטשה על ידי אִמה בילדותה, משתוקקת שיאהבו אותה ללא סייגים. שאפתנותה העזה מוליכה אותה לניו יורק ולכל רחבי העולם, והיא זוכה לתהילה ולהצלחה... אך נשארת בודדה.
קייט רוצה רק להתאהב, ללדת ילדים ולחיות חיים רגילים. בדרכה השקטה, קייט שאפתנית כמו טולי. אך היא אינה יודעת כיצד הנישואין והאימהוּת ישנו אותה... כיצד יאבד הקשר שלה עם מי שהיא הייתה ועם מה שהיא אהבה בעבר. והיא אינה יודעת כמה היא תקנא בחברתה הטובה המפורסמת...
במהלך שלושים שנים, מעודדות טולי וקייט זו את זו, גוברות על הסערות שפוקדות את חברותן - על הקנאה, על הכעס, על העלבון ועל הטינה; הן חושבות שהן גברו על הכול, עד שמעשה בגידה אחד מפריד ביניהן... ומעמיד את אומץ לבן ואת חברותן בפני מבחן שאין קשה ממנו.
הרומן הזה, יותר מאשר הנו רומן שעוסק בהתבגרות, הוא סיפורו של דור של נשים שזכו באפשרות לבחור, וגם סבלו בגללה. זהו סיפור על הבטחות, על סודות ועל בגידות. אך יותר מכול, זהו סיפור על האדם האחד והיחיד שמכיר אותך באמת ובתמים - והיודע מה יכול לפגוע בך... ולרפא אותך. דרך הגחליליות הוא ספר שלא תשכחו... ספר שתרצו להעביר לחברה הכי טובה.
...
הסופרת קריסטין האנה הוכתרה על ידי הניו יורק טיימס כסופרת רבי מכר. היא הוציאה לאור חמישה עשר רומנים.",,,,,,39-6582,,,he,Paperback,4.2,21,5,8329,26,0,1
1012750,רוח אל האור,איגי דיין,,עם עובד,2024,253,ספרות,ספרות מקורית,https://cdn.simania.co.il/bookimages/covers101/1012750.jpg,https://simania.co.il/bookdetails.php?item_id=1012750,"היא התייצבה בדיוק מאחורי ראשי, בלב המת של שדה הראייה. התיישבה ואור קטן נוסף נדלק. עצרתי את נשימתי. לבי קפא ואז החל שועט. בראשי התגוששו ניחושים נוראים עם ניחושים איומים. לא, אלוהים, מה זאת הולכת לעשות עכשיו?! ואז באו המילים. קול זך שכמוהו לא שמעתי מימיי.

את גיבור הספר – בעל בית דפוס לשעבר, אלכוהוליסט, אב כושל – אנו פוגשים ביומו האחרון, אם לא אחריו. רק בערוב ימיו הצליח למצוא שלוות נפש. עשרות שנים נדרשו לו כדי להשלים עם עצמו ועם יקיריו, לעצור את תנופת הכעס והצער, לסלוח, לשמוח.
אז, ככל שהספר מתקדם מעמוד לעמוד, חייו נפרמים לאחור. האהבה והזעם, האמון והבגידה תופסים זה את מקומו של זה בסיפור חייו ובסיפורי חייהם של אהובתו, של אשתו לשעבר, של בתו ושל חברי נפשו.
איתם אנו מעמיקים ומגיעים עד השורש. איתם אנו לומדים על אושרו ועל סבלו, על מה שמצא ועל מה שאיבד, על הטרגדיה המשפחתית שפקדה אותו ועל מי שהיה אחראי לה מאחורי גבו, בלא ידיעתו, מרוב אהבתו.",,,,,,,,,he,Paperback,4.5,4,2,234,9,0,1
97155,ארוכה הדרך למטה,ניק הורנבי,ירון פריד,מודן,2006,240,ספרות,ספרות מתורגמת,https://cdn.simania.co.il/bookimages/covers9/97155.jpg,https://simania.co.il/bookdetails.php?item_id=97155,"לונדון, ערב השנה החדשה, גג בניין המקפצה. ארבעה בני אדם זרים זה לזה מגלים שהתאבדות בקפיצה היא לא עניין פשוט, ובהחלט לא אקט אינטימי כפי שציפו.
מגיש תוכניות בוקר בטלוויזיה שהסתבך בפרשיית מין מביכה, מתבגרת פאנקיסטית עם ייחוס משפחתי מפתיע וסוד מחריד, אם חד-הורית לבן בעייתי במיוחד ושליח פיצות אמריקאי שתיכנן להיות ברוס ספרינגסטין הבא. מה פשר הקשר ביניהם? איך הלילה הזה ייגמר? כמה ארוכה היא הדרך למטה ומה באמת ממתין בסופה?

ארוכה הדרך למטה חוקר בווירטואוזיות קומית-טרגית ובתנופה סיפורית עוצרת נשימה, סוגיות של חיים ומוות, אהבה וכאב, אכזבה ותקווה (וגם סקס, סמים ופיצה).

ניק הורנבי, מהסופרים האהובים ביותר בעולם כיום, הוא מחברם של 'על הילד', 'נאמנות גבוהה', 'קדחת המגרש' ('אהבה על הדשא') ו'איך להיות טובים'. זכויות ההסרטה של ארוכה הדרך הביתה כבר נרכשו על ידי השחקן-מפיק ג'וני דפ, שאמר על הספר: ""הוא כל מה שאני תמיד רציתי להיות: עמוק, מצחיק וסקסי.""",,A Long Way Down,,,,20-51219,,,hebrew,Paperback,3.5,185,24,9674,249,1,1
1028642,עוד ניחוש,צ'רלי דונלי,כנרת היגינס־דוידי,מטר,2026,336,ספרות,מתח ריגול והרפתקאות,https://cdn.simania.co.il/bookimages/covers102/1028642.jpg?v=1788797403978,https://simania.co.il/bookdetails.php?item_id=1028642,"יש סודות שנקברים לעד. ויש כאלה שמסרבים להישאר באדמה.

לפני עשר שנים נעלמה קאלי ג'ונס – הנערה שכל העיירה הכירה ואהבה – במהלך מסיבת קיץ על שפת האגם. נערכו חיפושים נרחבים, כותרות ראשיות זעקו, אך התקווה הלכה ודעכה וגופתה מעולם לא נמצאה. התיק נסגר והאמת נקברה יחד איתו.

איתן הול, הבלש שנכשל בפענוח הפרשה לא הצליח להשאיר את המקרה מאחור. רגשות האשם אילצו אותו לעזוב את המשטרה אבל ביום השנה העשירי להיעלמותה של קאלי הוא נקרא לשוב לחקירה אחת אחרונה.

כדי למצוא תשובות, איתן פונה אל האדם האחרון שהיה רוצה להזדקק לו: פרנסיס ברנרד, רוצח סדרתי אכזרי המרצה מאסר עולם. מאחורי סורגי הכלא, ברנרד עדיין יודע כיצד לשלוט באנשים, לטוות מניפולציות ולהפוך כל שיחה למשחק קטלני. וגם כשהוא כלוא, זרועותיו מגיעות הרבה מעבר לכותלי הכלא.

כי בחוץ מחכה אישה אחת, שמאמינה שפרנסיס הוא אהבת חייה. והיא מוכנה לעשות הכול – לשקר, להרוג ואפילו למות – כדי לשחרר אותו.

ככל שהחקירה מתקדמת, איתן מגלה שהאמת מסוכנת יותר מכל מה שדמיין. בעיירה שבה כולם בטוחים שהם יודעים מה קרה באותו לילה, מתברר שכל אחד מסתיר משהו – ושיש מי שיעשה הכול כדי שהסוד יישאר קבור.

עוד ניחוש הוא מותחן פסיכולוגי מצמרר, חד ומפתיע, שבו כל תשובה מולידה שאלה חדשה, וכל גילוי מטלטל את כל מה שחשבתם שאתם יודעים. ספר זה יותיר אתכם לנחש עד העמוד האחרון. ואז תיאלצו... לנחש שוב.

צ'רלי דונלי נולד בשיקגו, ומתגורר בה עד היום עם אשתו ושני ילדיו. ספריו הקודמים אל תאמינו, חטופה, ואחרי עשרים שנה ראו אור בעברית בהוצאת מטר. חטופה נכנס לרשימת רבי המכר של USA Today ותורגם ליותר מ־20 שפות.

""קצב מסחרר ותפניות עלילתיות מבריקות"". – Publisher's Weekly על כעבור עשרים שנה

""מעולה... דונלי מספר סיפור קצבי וקולח"" – ""הניו יורק טיימס"" על כעבור עשרים שנה",,Guess Again / Charlie Donlea,,,,,מטר - מתח,,he,Paperback,5,3,2,91,2,0,1
997476,מנהיגי ציר הרשע,עופר ריחני,,עופר,2019,550,עיון,,https://cdn.simania.co.il/bookimages/covers99/997476.jpg,https://simania.co.il/bookdetails.php?item_id=997476,"עופר ריחני - מנהגי ציר הרשע
מוסוליני היטלר סטלין

המאה העשרים, הידועה כמאה עקובה מדם ואש קרבות, הצמיחה מנהיגים רצחניים רבים.
בלטו במאה הזו באכזריותם הרבה שלושת גיבורי ספר זה. הם פעלו באכזריות, סדיזם, נבזיות
ובשטניות. הקרקע הבוערת באירופה הצמיחה מנהיגי רשע אלו כמו אש בשדות קוצים.

מוסוליני - ניצל חולשת השלטון באיטליה והביא את עמו לסף אבדון.

היטלר - עלה לשלטון תוך ניצול המצב הכלכלי הקשה ששרר בגרמניה והביא את העולם
למלחמה קשה תוך כדי השמדת עם.

סטלין - העריץ באדם שרצח מיליונים מבני עמו ונודע באכזריותו הרבה.

עופר ריחני מתאר בספר זה את מסכת חייהם של שלושת המנהיגים האכזריים בהיסטוריה.
שלושת מנהיגי “ציר הרשע״ יירשמו לעד כהתגלמותו של השטן.",,,,,,800-1902017,,,he,Paperback,2,3,2,512,9,0,1
1028405,ההתכתבות,וירג'יניה אוונס,שרון פרמינגר,ידיעות ספרים,2026,295,ספרות,ספרות מתורגמת,https://cdn.simania.co.il/bookimages/covers102/1028405.jpg?v=1786701158384,https://simania.co.il/bookdetails.php?item_id=1028405,"סיביל ואן אנטוורפ, עורכת דין בגמלאות, כותבת ומקבלת מכתבים עוד מילדוּת. זוהי דרכה להבין את העולם ואת מקומה בו. 

בבקרים היא מתיישבת לכתוב – לחברות, לאחִיהָ, לילדיה, לנשיאת האוניברסיטה שאינה מאפשרת לה להשתתף בקורסים כשומעת חופשית, לסופרים כדי לספר להם מה דעתה על ספריהם האחרונים, וגם מכתב אחד שהיא כותבת כבר שנים ועדיין לא נשלח.

חייה של סיביל היו מלאים, והיא מצפה שעולמה ימשיך להתנהל כסדרו. אך כאשר היא מקבלת סדרת מכתבים שמערערים את השגרה השלווה שבנתה לעצמה ומחזירים אותה לעבר, היא נאלצת לבחון מחדש את הבחירות שעיצבו את חייה.

ההתכתבות הוא רומן יפהפה על כוחם של כתיבה ושל ספרים, על הזדקנות, על סליחה ועל הדרכים המסתוריות שבהן אנשים נוגעים זה בחייו של זה. וירג'יניה אוונס רוקמת בכישרון סיפור בלתי נשכח ומלא בחמלה, שיישאר איתכם הרבה אחרי שתהפכו את העמוד האחרון.

וירג'יניה אוונס היא סופרת אמריקאית. רומן הביכורים שלה ההתכתבות כבש את לבם של המוני קוראים ומבקרים ברחבי העולם ונהפך לתופעה ספרותית יוצאת דופן.",,The Correspondent,,,,,,,he,Paperback,4.7,3,1,142,2,1,1
960439,ויקטור ומאשה,אלונה קמחי,,כתר,2012,368,ספרות,ספרות מקורית,https://cdn.simania.co.il/bookimages/covers96/960439.jpg,https://simania.co.il/bookdetails.php?item_id=960439,"השנה היא 1977. ויקטור בן השש-עשרה ואחותו הגדולה מאשה חוזרים סוף סוף לחיות יחד. שנים ספורות לפני כן היגרה משפחתם מאוקראינה לישראל, אך כעבור זמן קצר נהרגו הוריהם בתאונת דרכים והשניים החלו לנדוד בין פנימיות וקיבוצים, עד שבאה סבתם קתרין אף היא לארץ ואספה אותם לביתה. אלא שדווקא כשוויקטור ומאשה מתאחדים, עניין חדש מאיים להפריד ביניהם: נמרוד בכר, בן כיתתו של ויקטור ו""מלח הארץ"", מאמץ את חברו ""העולה החדש"". מאשה הקשוחה, הקשורה בכל נימי נפשה לאחיה הקטן, רואה אותו נשמט בהדרגה מאחיזתה, ואילו ויקטור עדין הנפש נקרע בין הנאמנות לאחותו ובין החברות המתהדקת עם נמרוד, מושא תשוקתו - עד להתפרצות הבלתי נמנעת.
ויקטור ומאשה הוא רומן יוצא דופן בספרות העברית. את סיפורם המסעיר של האח והאחות היתומים נוטעת אלונה קמחי בתוך המציאות המסוכסכת של חברת המהגרים בַּקְריות ערב המהפך הפוליטי של 1977. העלילה האישית היא אפוא גם סיפור על הגירה, היטמעות והיבדלות, ועל הקשר המרתק שבין מיניות ולאומיות. בד בבד עם ה""ישראליות"" המובהקת כל כך של הרומן ניכרות בכל עמוד שלו השפעותיה של הספרות האירופית, ובעיקר הרוסית, ומתוך הצירוף הלא שגור הזה בוקע כישרונה של קמחי במלוא עוצמתו. הדרמטיות של רגשות האהבה, הקנאה והשנאה; החדירה חסרת הרחמים אל נפש הדמויות; התיאור הנוקב והיפהפה של הסביבה שבה הן פועלות – כל אלה נושאים איתם ניחוח ספרותי זר ונפלא, שכמו הגיע מארץ מוצאם של קמחי ושל הדמויות שבראה. 
אלונה קמחי  נולדה באוקראינה ובגיל שמונה הגיעה לארץ עם משפחתה. ויקטור ומאשה הוא ספרה החמישי. ספריה  ""אני אנסטסיה"", ""סוזנה הבוכייה"" ו""לילי לה טיגרס"", זיכו אותה בפרסים רבים ובשבחי הביקורת, היו רבי מכר ותורגמו ל-14 שפות.",,,,,,10-276384,כתר - סדרה לספרות יפה,,he,Paperback,3.9,36,14,4731,80,0,1
29134,אני ג'ון / לוסי,ג'מייקה קינקייד,רן הכהן,הקיבוץ המאוחד,2000,198,ספרות,ספרות מתורגמת,https://cdn.simania.co.il/bookimages/covers2/29134.jpg,https://simania.co.il/bookdetails.php?item_id=29134,"בספר זה שני רומאנים קצרים על התבגרות נשית מאת ג'מייקה קינקייד, אחת הסופרות האפרו - אמריקאיות הבולטות ביותר, ודמות מרכזית בתנועה הספרותית הקאריבית. אני ג'ון (פורסם לראשונה ב - 1985) מתרחש באי קאריבי קטן, ומתאר את חיי הגיבורה מגיל עשר עד שבע - עשרה. ראשיתו של הסיפור בקשר סימביוטי עם האם, הנפרש לפנינו בכל החמימות והעושר החושני של אופן קיום מסורתי בארץ טרופית: המשכו בנתק וניכור הולכים וגוברים בין השתיים: וסופו כשהגיבורה מפליגה ללימודים באנגליה  - עזיבתה היא הפניית עורף מתריסה לאי הולדתה ולכ עברה. לוסי (פורסם לראשונה ב - 1990) ממשיך למעשה את הסיפור. ברומאן זה אנו פוגשים את הגיבורה כנערת או - פר בת תשע - עשרה באמריקה. אנו מלווים אותה מיומה הראשון בציווליזציה האורבנית, השונה כל כך מזו של האי, וחווים איתה את מאבקה העיקש לשמור על זהותה ועל עצמאותה מבחינה אישית, מינית, גזעית ותרבותית. חביבותם, פתיחותם ותיחכומם של מעסיקיה אינם מוליכים אותה שולל, והתבוננותה המפוכחת חושפת באירוניה מושחזת את נקודות התורפה ואת האשליות של העולם החדש המקצה לה מקום של חולשה ונחיתות.",,Annie John & Lucy,,,,31-3274,,,he,Paperback,3.9,8,2,3136,33,1,1
229378,חומש לישראל,משולם זוסמן,,ידיעות ספרים,2012,600,יהדות,,https://cdn.simania.co.il/bookimages/covers22/229378.jpg,https://simania.co.il/bookdetails.php?item_id=229378,"חומש לישראל עוצב מחדש לאור המבנה והסדר של פרשיות התורה. עיצוב זה מאפשר קריאה ולימוד של הסיפורים כיחידה עצמאית, עם תשומת לב לפרטים, יחד עם ראיית ההקשר הכללי שלהם. חלוקת הפסוקים נעשתה על פי החלוקה של טעמי המקרא, ופסוקים שבהם מופיע ציטוט, מופיעים בגוון אפור במטרה לסייע בהבנה. הפריסה לפי נושאים, הכותרות לאורך הספר, תוכן העניינים המפורט על פי נושאים והמפתח, מקלים על הקורא להיחשף למבנה החבוי בתורה.",,,,,978-965-545-4,362-4515,,,he,Paperback,5,1,1,533,3,0,1
1027378,דיוקן עצמי של אימי,יערה שחורי,,כתר,2026,264,ספרות,ספרות מקורית,https://cdn.simania.co.il/bookimages/covers102/1027378.jpg?v=1778692963745,https://simania.co.il/bookdetails.php?item_id=1027378,"במשפחת רוזנבוש תמיד חיו עם המתים. דרכו על גרונם, דיברו מפיהם, היסו את קולותיהם. מתים עלולים להגיד גם את מה שלא מוכרחים לשמוע. 

נערה נשלחת מתל אביב של שנות השישים אל הדוד בארגנטינה, להתחיל בחיים חדשים. בעודה במטוס, הדוד לוקה בליבו ומת. בבת אחת היא הופכת לאורחת לא רצויה, ונדרשת - לא בפעם האחרונה - להמציא את עצמה מחדש. 

לאחר מותה, בתה הסופרת מחליטה לכתוב את הגרסה שלה לסיפורה של אימה: אישה כרזימטית, מבריקה ושבורה מהיסוד. במהרה היא נאלצת לשכוח כל מה שהיא יודעת על כתיבה, כי גם אם הצליחה לכתוב גרסה אחת של האם, ישנן אלף אחרות. 

מתצלומים שדהו, מודעות בעיתון וארכיב פנימי, המחברת מותחת קווים אל הבית המחניק בתל אביב, ורשה שלפני המלחמה, בואנוס איירס, קומונה ליד מילאנו, ולבסוף קיבוץ. בין סודות מושתקים ופקעת של אשמה, היא מחפשת את הסיפור שהאם ניסתה לספר אך לא היה מי שיקשיב.

דיוקן עצמי של אימי הוא פורטרט מסחרר, שבו הכתיבה מתפקדת כמעשה אחרון של הצלה. זהו ספר הפרוזה החמישי של יערה שחורי, משוררת וסופרת, זוכת פרס ענון, והאישי מכל ספריה.",,,,,,,הסדרה הקטנה,,he,Paperback,3.3,4,3,167,1,0,1
1015074,הברנש הקטן [מהדורת 2024],מנדלי מוכר ספרים,שלום לוריא,כרמל,2024,214,ספרות,ספרות מתורגמת,https://cdn.simania.co.il/bookimages/covers101/1015074.jpg,https://simania.co.il/bookdetails.php?item_id=1015074,"""הברנש הקטן"" הוא מושג המתגלגל בסיפור וידויו של ר' יצחק­­־אברהם תקיף, ממטפורה תמימה (האישון בבת העין!) אל משמעות כמעט דמונית, ובא לציין ישות חברתית מושחתת, אלימה וטפילית. גיבור הסיפור הופך ממושפל ומדוכא למשפיל ומדכא, משלומיאל נקי­­־כפיים למצליח מושחת המידות. 
רק ייסורי המצפון, המתעוררים להדריך את מנוחתו, מולידים את הדחף לחזור בתשובה באמצעות וידוי, המתגלם בספר שלפנינו.

עלילתו הדרמטית של הסיפור רוקמת שתי טרגדיות: האחת מוסרית, הטרגדיה של הברנש הקטן שהצליח במעשיו והשביע את תאוותיו, אך נפשו נקפה מאובדן אהובתו שבה בגד ושאותה נטש לאנחות; מבעד לסיפור סיוטי החלומות של הברנש, המתייסר בסוף חייו, צפה ועולה הטרגדיה השנייה, של קורבנו, היא גולדה, אשתו של הברנש שבעטיו איבדה את כל עולמה.

סיפור חניכותו וגידולו של ""הברנש הקטן"" הוא מופת אמנותי נדיר, מהראשונים בספרות היידיש המודרנית: ראשיתו בדמיון תמים והמשכו בקליטה חושית; עיבורו בתודעה וגמילתו בהוויה יצרית ואלימה. 
הקול הפרטי משמש בו אספקלריה ריאליסטית ודקת אבחנה ל""מצב האנושי"", המנוסח ביד האמן של אחד מגדולי סופרי היידיש והעברית בעת החדשה.",דאָס קליינע מענטשעלע,,,,978-965-7829-16-5,24951302,,,he,Paperback,5,1,1,98,1,0,1
1001635,הבתולות,אלכס מיכאלידס,מאנגלית : רחל פן,פן | ידיעות ספרים,2021,352,ספרות,ספרות מתורגמת,https://cdn.simania.co.il/bookimages/covers100/1001635.jpg,https://simania.co.il/bookdetails.php?item_id=1001635,"אלכס מיכאלידס עושה זאת שוב. 
ספרו החדש של מחבר רב-המכר העולמי המטופלת השקטה הוא מותחן כובש המשלב רצח, פסיכולוגיה, ומיתולוגיה יוונית.

קולג' סנט כריסטופר, קיימברידג', הוא עולם סגור עבור רובנו. בשביל מריאנה אנדרוס – מטפלת קבוצתית המתמודדת עם אבל פרטי משלה – זהו המקום בו היא פגשה את בעלה המנוח. בשביל אחייניתה, זואי, זוהי זירת הרצח של חברתה הטובה ביותר.
מריאנה נחפזת לקיימברידג' לתמוך בזואי ונקלעת לחקירת הרצח. היא מתוודעת לדבר קיומה של אגודה אפופת סודות העוברת טלטלה עזה עקב מות סטודנטית החברה בה. מאחורי היופי האנגלי האידילי נחשפים קנאה וזעם שמקורם בקבוצת סטודנטיות הידועה רק בכינוי ""הבתולות"", והמצויה תחת השפעתו המאיימת של הפרופסור המסתורי אדוארד פוסקה. פוסקה נראה כמי שיודע יותר מכל אחד אחר על מעשה הרצח – ועל הקורבן. הוא גם יהפוך לחשוד המרכזי בחקירתה של מריאנה – אובססיה שתגבה ממנה את היקר לה מכל...

הבתולות הוא סיפור של אהבה, ושל אבל – של מה שמעצב אותנו, ושל מה שגורם לנו להרוג.

אלכס מיכאלידס נולד ב־1977 בקפריסין לאב יווני ולאם אנגלייה. הוא למד ספרות אנגלית באוניברסיטת קיימברידג' ותואר שני בכתיבת תסריטים במכון האמריקאי לקולנוע בלוס אנג'לס. מיכאלידס כתב את התסריט של השטן שאת מכירה והשתתף בכתיבת התסריט של האנגלים באים (2018). המטופלת השקטה (פן הוצאה לאור/ידיעות ספרים, 2019), הרומן הראשון שלו, היה לרב־מכר עולמי ותורגם ל־50 שפות.",,The Maidens / Alex Michaelides,,,978-965-201-351-4,362-6547,פרוזה,,he,Paperback,3.3,32,9,4382,47,1,1
44819,חייבים לדבר על קווין [עטיפת הסרט - 2011],ליונל שרייבר,ענת וינשטיין,כנרת זמורה-ביתן,2011,494,ספרות,ספרות מתורגמת,https://cdn.simania.co.il/bookimages/covers4/44819.jpg,https://simania.co.il/bookdetails.php?item_id=44819,"אווה מעולם לא רצתה באמת להיות אמא – ודאי לא אמא לבן שאינו ניתן להיאהב, אשר יומיים לפני יום הולדתו ה-16 מבצע טבח המוני בבית ספרו. שנתיים אחר כך היא מתמודדת בכנות נוקבת עם שלל נושאים - נישואים, קריירה, משפחה, הוֹרוּת - דרך חליפת מכתבים עם בעלה הנעדר, פרנקלין.
האם קווין נולד פסיכופת, או שמא גם היא אשמה במידה זו או אחרת בפשעיו? מה השתבש בדיוק? האם אפשר להתחקות אחר שורשי הרוע? אווה שבה ומתחבטת בשאלות אלה תוך ניתוח אכזרי של המכניזם השברירי המכונֵן את המשפחה הבורגנית באשר היא, וחושפת את פשעה הגדול ביותר כאישה וכאם: סירובה העיקש לציית לטאבו הקדוש של אֵם האוהבת את בנה, ויהי מה.
 
חייבים לדבר על קווין הוא רומן מתח פסיכולוגי מטריד ועוכר שלווה הנקרא בנשימה עצורה עד לסופו המטלטל. זהו ספרה השביעי של הסופרת. 30 בתי הוצאה סירבו לפרסמו בטענה שמדובר בספר נפיץ ומאיים מדי, אך עם צאתו לאור הוא הפך לרב-מכר בינלאומי. הספר עובד לסרט קולנוע בכיכובה של טילדה סווינטון. 
 
ליונל שרייבר היא סופרת אמריקנית המתגוררת בלונדון. נולדה ב-1957 בשם מרגרט-אן, ובגיל 15 שינתה את שמה לשם של גבר. בגיל 40 התלבטה אִם להפוך לאֵם, אך במקום זאת כתבה ספר על אימהוּת שהשתבשה קשות. ספרה ""העולם שאחרי יום ההולדת"" ראה אור בהוצאת כנרת-זמורה ביתן.",,We need to talk about Kevin,,,,625-1200808,,,he,Paperback,4.6,136,48,21141,115,2,1
1027968,הקולגה,פרידה מקפדן,מרים שפס,ספר לכל,2026,336,ספרות,מתח ריגול והרפתקאות,https://cdn.simania.co.il/bookimages/covers102/1027968.jpg?v=1782976661158,https://simania.co.il/bookdetails.php?item_id=1027968,"שתי נשים.
משרד מלא בסודות.
פשע נורא אחד שאת תוצאותיו אי אפשר להחזיר לאחור.


דון שיף היא טיפוס מוזר.
לפחות זה מה שכולם חושבים בוויקסד, חברת תוספי התזונה שבה עובדת דון כמנהלת חשבונות. היא אף פעם לא אומרת את הדבר הנכון. אין לה חברים. והיא תמיד יושבת בעמדת העבודה שלה בשעה 8:45 בבוקר בדיוק.
כשדון לא מגיעה למשרד בוקר אחד, הקולגה שלה נטלי פארל – יפהפייה, פופולרית ונציגת המכירות המובילה זה חמש שנים ברציפות – מופתעת מהיעדרותה. וכשהיא מקבלת שיחת טלפון אנונימית ומטרידה, הכול משתנה...
מתברר שדון לא הייתה סתם אאוטסיידרית מביכה. מישהו קרוב הפך אותה למטרה. נטלי מוצאת את עצמה קשורה להיעלמותה של דון, ולכודה במשחק חתול ועכבר מפותל שגורם לה לתהות: מי כאן הקורבן האמיתי?
דבר אחד ברור לחלוטין – מישהו שנא את דון שיף. מספיק כדי לרצוח.


הקולגה הוא מותחן מרתק וממכר מאת פרידה מקפדן - מחברת סדרת רבי־המכר עוזרת הבית - שבו הדרכים האפלות של העבר משתלבות בהווה, והשלכותיו מטלטלות.",,The Coworker,,,,,,,he,Paperback,4.3,6,5,269,4,1,1
1005415,שיעורים בכימיה,בוני גרמוס,הדסה הנדלר,תכלת,2022,412,ספרות,ספרות מתורגמת,https://cdn.simania.co.il/bookimages/covers100/1005415.jpg,https://simania.co.il/bookdetails.php?item_id=1005415,"בפעם הראשונה שאליזבת זוט פגשה את קלווין אוונס, הוא כינה אותה בטעות ""מזכירה"" וגירש אותה מהמעבדה שלו. בפעם השנייה שנפגשו, הוא הקיא עליה. כך לא צומח סיפור אהבה שגרתי, אבל מצד שני – דבר בחייה של אליזבת זוט לא היה שגרתי: כימאית פורצת דרך בארצות הברית של שנות השישים, יפהפיה, סרבנית חתונות ועכשיו - גם בהיריון. 

אבל אז, כמעט ברגע אחד, אליזבת מאבדת את כל עולמה. את האהוב שלה, את הקריירה שלה, את עתידה. היא לא אשמה בדבר, זו התקופה. אבל לאליזבת זוט אין שום כוונה להניח לעולם שלה להתמוטט. היא יוצאת לקרב. 

זה מתחיל בקטן. זוט מקבלת הצעה להנחות תוכנית בישול בערוץ טלוויזיה נידח. זו השפלה, אין ספק. היא אמנם מבשלת נהדר אבל היא כימאית, לא עקרת בית, אלא שעד מהרה מתברר לצופים שמדובר בהרבה יותר מעוד תוכנית בישול. זו תוכנית על החיים, על יחסי כוח, על תחושת ערך עצמי. התוכנית הופכת ללהיט, וזוט? היא הופכת לכוכבת כמעט נגד רצונה. ודווקא אז, היא מוכנה לוותר שוב על הכל, לטובת הדבר האחד שהיא מאמינה בו.

שיעורים בכימיה הוא ספר שנון וחכם, מענג ומלא חיים. זהו ספרה הראשון של הפרסומאית בוני גרמוס, שעורר עניין עצום בעולם, נמכר לתרגום לארבעים מדינות שונות, זכה לביקורות משבחות וזינק מייד עם צאתו לאור לראש רשימת רבי המכר של הניו יורק טיימס.",,,,,,,,,he,Paperback,4.1,53,20,7292,42,1,1
1003970,ירח דבש זה לא!,כריסטינה לורן,עדי שניידר,אהבות,2022,483,ספרות,ספרות מתורגמת,https://cdn.simania.co.il/bookimages/covers100/1003970.jpg,https://simania.co.il/bookdetails.php?item_id=1003970,"בקומדיה הרומנטית הזו של סופרות רבי המכר של ה - NEW YORK TIMES,
הכול יכול לקרות לזוג אויבים מושבעים, הטסים יחד לחופשה של החיים בהוואי.

אוליב טורס רגילה להיות האחות התאומה נטולת המזל. לעומתה, אחותה התאומה, איימי, תמיד מנצחת... אפילו על החתונה שלה היא לא שילמה. לצערה של אוליב, הדבר היחיד שגרוע ממזל רע תמידי, הוא לבלות את יום החתונה בחברת השושבין, אחיו של החתן (והאויב המושבע שלה), אית'ן תומאס.

אוליב מכינה את עצמה לחתונה מהגיהינום ונחושה לעבור אותה בשלום ובמינימום תקלות, אבל כשכל משתתפי החתונה חוטפים הרעלת מזון מהאוכל (החינמי) המוגש באותו הערב, היחידים שאינם מתמוטטים הם אוליב ואית'ן. עכשיו נותרה סוגיית ירח הדבש החינמי במאווי - אוליב תהרוג מישהו לפני שהיא תיתן לאית'ן לנסוע לגן עדן לבדו.

הם טסים לעשרה ימים של שקט מבורך, שללא ספק שווים את המאמץ הכרוך בהעמדת פני נשואים טריים, לא?",The Unhoneymooners,,,,,,,,he,Paperback,3.9,21,6,1798,16,0,1
1026845,אמור שתזכור אותי,אבי חימנז,תם פררו,אהבות,2026,426,ספרות,ספרות קלה - רומנים,https://cdn.simania.co.il/bookimages/covers102/1026845.jpg?v=1775223991937,https://simania.co.il/bookdetails.php?item_id=1026845,"הגבר המושלם

הדייט המושלם

התזמון הכי לא מתאים שיש

אולי אין דבר כזה גבר מושלם, אבל אקסבייר רַאש בהחלט קרוב למושלם באופן מסוכן. וטרינר הורס עם אנרגיה של אל יווני – והכול בעודו מחבק גור חתולים קטנטן? כן, בבקשה. כלומר, עד שאקסבייר פותח את הפה ומוכיח שאפילו אלים מחוטבים יכולים להגיד את הדבר הכי לא נכון. כאילו, לא נכון בקטע קיצוני. ואין דבר שסמנתה אוהבת יותר מאשר להוכיח לאידיוט עד כמה הוא טועה... ... אלא אם כן, כמובן, הוא מוכן להודות בטעותו. 
אבל אחרי דייט אחד מדהים, שנראה כאילו לא ייגמר לעולם – כנראה הדייט הטוב ביותר בהיסטוריה – סמנתה נאלצת להודות באמת: המשפחה שלה במשבר וכל סוג של מערכת יחסים הוא פשוט בלתי אפשרי. סמנתה מתחננת בפני אקסבייר שישכח אותה. שיזכור את הלילה שלהם ביחד כרגע מושלם, שובר לב ככל שזה יהיה. 
אלא ששום מרחק או זמן לא יוכלו להשכיח מהם את הדבר המיוחד שהתעורר ביניהם. והדבר היחיד שטוב יותר מזיכרון מושלם אחד הוא לבנות חיים – ואפילו אהבה – ששווה לזכור.",,Say You'll Remember Me,,,,,,,he,Paperback,4,1,1,65,2,0,1
1028751,1991,אולגה דוידוביץ',,ידיעות ספרים,2026,260,ספרות,ספרות מקורית,https://cdn.simania.co.il/bookimages/covers102/1028751.jpg?v=1789984959216,https://simania.co.il/bookdetails.php?item_id=1028751,"""לפעמים אמא אמרה שכל המעמדות האלה הם סתם שטויות ושסבתא של דריה היא בכלל קולחוזניקית בלי שיניים שהזדיינה עם כל הגויים כמו כל הרוסים שהגיעו לארץ, בניגוד אלינו הבוכרים ששמרו על עצמם אבל היא אף פעם לא התווכחה על המקומות שבתחתית הרשימה. בבית הספר שלי היו רוסים, אוקראינים, מולדובנים וכל סוגי הסְטָנים. לאף אחד לא היה אכפת מהרשימה של סבתא של דריה או מהתיקון של אמא. כולנו היינו רוסים מסריחים וכך גם הזדהינו, כגוש אחד, כדי להקל על כולם."" 

בדירת שיכון בבניין רכבת מתפורר בבאר שבע גדלה יוליה בת הארבע־עשרה עם אבא מובטל ואלים ואמא מורה למוזיקה. הכללים בבית נוקשים: יוליה צריכה לנגב את הקלידים של אבא בלי להשמיע שום רעש, לקלף שישה־עשר גזרים לשני קילו אורז להכנת הפלוב ולא לספק לסימה השכנה הרכלנית עוד תחמושת נגדה. אבל יוליה מקנאה בחופש של דריה, החברה האוקראינית שלה מהבלוק, שחיה כאילו הכול מותר לה, והיא רוצה לבדוק אם גם היא לסבית כמו יובל, אבל גם להתחתן בתולה עם הגבר הבוכרי הנכון.

הספר פורש את חייה של יוליה במשך שלושה עשורים מהעלייה לישראל וההתבגרות בבאר שבע, דרך חיי הנישואים וההיריון ועד לשיחת טלפון אחת שמחזירה אותה ואת אמה הזקנה לטשקנט – אל המקום שממנו הכול התחיל. 

1991 הוא רומן חד וחשוף על הגירה שלא נגמרת גם אחרי שמגיעים לארץ, על ריצוי, על אלימות, על התשוקה לחיים אחרים ועל בת שמנסה לברוח מהקול של אמא שלה רק כדי לגלות שהוא כבר מזמן מדבר מתוכה. 

זהו רומן הביכורים של אולגה דוידוביץ', ילידת טשקנט, שעלתה עם משפחתה לבאר שבע ב־1991. כיום היא מתגוררת בקיבוץ בית קמה יחד עם בן זוגה ניר, שני ילדיהם ושני חתולים אפורים. מאז שבעה באוקטובר אולגה מקדישה את עצמה לשיקום ולחיזוק מדינת ישראל בסיוע הקהילות היהודיות בקנדה.",,,,,,,פרוזה,,he,Paperback,5,1,1,41,1,0,1
1027278,מדריך קצר לאינדיווידואליסט,האן ריינר,ראובן מירן,נהר,2026,97,עיון,פילוסופיה  - כללי,https://cdn.simania.co.il/bookimages/covers102/1027278.jpg?v=1777653854378,https://simania.co.il/bookdetails.php?item_id=1027278,"אנרי נֵר (Ner) הידוע בשם העט האן ריינר (Han Ryner) , היה פילוסוף, סופר ואנרכיסט אינדיווידואליסטי צרפתי. הוא נולד באלג'יריה הצרפתית ב־1861. בבגרותו, לאחר לימודי פילוסופיה, עזב את אלג'יריה, הגיע לפריז והתחיל לעבוד כמורה בבית ספר תיכון. ערב ""המלחמה הגדולה"", היא מלחמת העולם הראשונה, הביע דעות פציפיסטיות ופעל נגד הפשיזם הגואה בצרפת ובעולם כולו. הוא נאבק עד יומו האחרון, בתחילת 1938, למען ההכרה בזכות הסירוב להתגייס לצבא מטעמי מצפון. כאנרכיסט רדיקלי הוא ראה בציות את הטעות החמורה ביותר אחרי הפקודה עצמה. הוא הושפע מהגותם של אפיקורוס, אפיקטטוס והסטואיקנים, וסבר שכיוון שאין בכוחו של היחיד להרוס את הדיכוי המובנה בעצם קיומה של חברה, עליו לקבל את המצב בשוויון נפש, במעין אדישות, כפי שהחכם מתייחס לתופעות פיזיות שאין לו שליטה עליהן. הוא דגל בשחרור פנימי של היחיד כמוצא נגד עריצותה של החברה ולא האמין במהפכה חברתית קולקטיבית ואלימה. על היחיד לפעול בתוך עצמו ולמען עצמו, ולהיפטר מן הדעות הקדומות וההתניות החיצוניות בעודו מודע וקשוב לצרכיו שלו, כל זאת  בלי לפגוע בזולתו. 

ה""מדריך הקצר לאינדיווידואליסט"" הוא מעין סיכום אינטלקטואלי קצר שכל מי שמזדהה עם האנרכיזם האינדיווידואליסטי עשוי לאמץ לעצמו. 

את הספר נועל הסיפור הפילוסופי־אליגורי ""מרד המכונות"" המבטא את רתיעתו ואת חששו של האן ריינר מן המכניזציה חובקת העולם המאיימת על היחיד האנושי.",מלווה במרד המכונות,Petit Manuel individualiste (1905) | La révolte des machines (1896) / Han Ryner,,,,,,,he,Paperback,2,1,1,35,0,0,1
1002038,אדוארד היקר,אן נפוליטנו,יובל אהרוני,"אריה ניר, מודן",2021,342,ספרות,ספרות מתורגמת,https://cdn.simania.co.il/bookimages/covers100/1002038.jpg,https://simania.co.il/bookdetails.php?item_id=1002038,"בבוקר קיצי אחד, אדוארד אדלר, אחיו הבכור, הוריו ו־183 נוסעים נוספים עולים על טיסה מניו יורק ללוס אנג'לס. בין הנוסעים נמצאים אשף פיננסים צעיר מוול סטריט, בחורה המתמודדת עם היריון לא צפוי, חייל פצוע השב מאפגניסטן ואישה הנמלטת מבעלה השתלטן. זו הייתה יכולה להיות טיסה שגרתית, אלא שהיא הסתיימה בהתרסקות קטלנית, שממנה ניצל בדרך נס רק אחד הנוסעים... אדוארד בן השתים־עשרה.

סיפורו של אדוארד שובה את לב האומה כולה, אבל הוא עצמו מתקשה למצוא את מקומו בעולם ללא משפחתו. הוא מרגיש שמשהו ממנו נותר בשמים, כרוך לעד בגורלו של המטוס ושל נוסעיו. אלא שאז הוא נתקל בתגלית מפתיעה – תגלית שתעזור לו למצוא תשובות לחלק מהשאלות העמוקות שעומדות ביסודם של החיים: איך ממשיכים לצעוד קדימה אחרי שמאבדים הכול? מה מעניק משמעות לחיים כשכל מה שהכרת התפרק לבלי שוב? 

אדוארד היקר הוא סיפור התבגרות מרגש ומפעים על אובדן ועל חיפוש משמעות, על פרֵדה וחיבור מחדש ועל כאב ותקווה. דיוקן רב־ממדי ועוצר נשימה על יכולתו של הלב השבור לשוב לאהוב.

אדוארד היקר יצא לאור ב־26 מדינות, ומיד עם צאתו נכנס לרשימת רבי־המכר של הניו יורק טיימס. הוא הוכתר בתואר ספר השנה של הוושינגטון פוסט ושל אמזון וזכה לשבחי הביקורת והקוראים. 
 
מעט מהביקורות:
""אל תחמיצו את הספר הזה!"" ג'ודי פיקו
""נקשרתי לדמויות, אהבתי במקומן ובכיתי איתן – מה עוד אפשר לבקש מרומן משובח?"" אמה דונהיו
""סיפור מרומם נפש, עמוק ומורכב."" ניו יורק טיימס
""רומן מטלטל אך שופע אופטימיות."" אופרה וינפרי
""אם יש צדק בעולם, הספר הזה צריך להיות תופעה – כתיבה נהדרת, סיפור יוצא דופן ודמויות שיישארו עם הקורא לכל החיים."" ג'ון בוין",,,,,,,,,he,Paperback,3.3,3,2,1152,9,0,1
1010834,לב שחור כמו דיו,רוברט גלבריית,,עליית הגג ומשכל,2024,960,ספרות,ספרות מתורגמת,https://cdn.simania.co.il/bookimages/covers101/1010834.jpg,https://simania.co.il/bookdetails.php?item_id=1010834,"כאשר אדי לדוול מופיעה נסערת וסתורת שיער ב""משרד חקירות סטרייק ואלקוט"" החוקרת הפרטית רובין אלקוט לא ממש יודעת איך להתייחס לבחורה המבולבלת היושבת מולה ומתחננת שתקשיב לה. אדי, היוצרת המשותפת של סדרת אנימציה פופולרית, נרדפת באכזריות בידי אווטאר מסתורי המכנה את עצמו אנומיה. היא רוצה נואשות לחשוף את זהותו האמיתית.

רובין מחליטה שמשרד החקירות לא יכול לעזור בעניין – ולא מקדישה עוד מחשבה לנושא, עד שכמה ימים אחר כך היא קוראת חדשות מרעישות: אדי נרצחה בבית הקרבות הייגייט, זירת ההתרחשות של סדרת האנימציה לב שחור כמו דיו.

רובין ושותפה, קורמורן סטרייק, פותחים בעקבות זאת בבירור הזהות האמיתית של אנומיה. תוך ניסיון לפלס את דרכם ברשת סבוכה של זהויות וירטואליות, של אינטרסים עסקיים ושל סכסוכים משפחתיים, סטרייק ורובין מוצאים את עצמם מעורבים עד צוואר בחקירה שמותחת עד קצה גבול היכולת את הכישורים המקצועיים שלהם – ומאיימת עליהם בצורות חדשות ומעוררות חלחלה...

התעלומה הזדונית המחוכמת והמרתקת מאין כמותה שבמרכזו של לב שחור כמו דיו, מאת ג'יי. קיי. רולינג, הכותבת בשם העט רוברט גלבריית, היא הישג ספרותי יחיד במינו.",,The Ink Black Heart,,,978-965-201-620-1,,קורמורן סטרייק,6,he,Paperback,4.1,18,6,1808,9,0,1
983737,המטרה מקדשת,יריב ענבר,,ידיעות ספרים,2016,312,ספרות,מתח ריגול והרפתקאות,https://cdn.simania.co.il/bookimages/covers98/983737.jpg,https://simania.co.il/bookdetails.php?item_id=983737,"הודעת פקס שמתקבלת בלשכתו של ראש הממשלה מאיימת לחשוף את זהותו של סוכן ישראלי בכיר וחיוני הפועל במדינת אויב, אלא אם תיענה דרישתו המפתיעה והבלתי-שגרתית של השולח.

על אורי ורד, קצין ביון בכיר העומד בפני קידום, מוטלת המשימה להציל את הסוכן הבכיר לפני שהאיום יתממש.

עד מהרה מתברר לו כי הסכנה מאיימת לא רק על ביטחון המדינה אלא גם על חייו האישיים, על שלמות משפחתו ועל עתידו המקצועי.

המטרה מקדשת הוא הרבה יותר מספר ריגול מרתק. הוא נוגע בשאלות קיומיות ומהותיות, כמו באיזו מידה אנו מכירים את האנשים הקרובים לנו? האם אנחנו מבינים לעומקם את התהליכים המתחוללים בחיינו? ובעיקר עד כמה מותר להרחיק לכת למען מטרה נעלה?",,,,,,,,,he,Paperback,3.1,24,11,4675,72,0,1
9485,סיפור מלחמה,רון זוהר,,משרד הביטחון,1975,164,ספרות,ספרות מקורית,https://cdn.simania.co.il/bookimages/covers7/76752.jpg,https://simania.co.il/bookdetails.php?item_id=9485,"ספרו של רון זהר מגולל את סיפורו של שריונאי בגדוד טנקים סדיר במלחמת יום הכיפורים. זהו סיפור של לוחם מן השורה, שחווה את קרבות השריון הקשים בימים הראשונים ללחימה, שעה שגדודו, כמו כל צה""ל, היה שרוי עדיין בהלם הפתעת המלחמה. 
רון זהר מיטיב לתאר את רגעי החרדה של הלוחמים בעת לחימתם בשריון האויב, בהיותם נתונים תחת מטר ארטילרי או אש נגד-טנקים של החי""ר המצרי. תחושות אלה שזורות ברגעי הסיפוק של הצלחה בלחימה ובעצב על אובדן חברים בקרב. כל זאת שעה שהגדוד הלך ונשחק בקרבות הבלימה. ובלשונות של המחבר:
[...] למעשה, המוות לא ריחף באוויר. הוא הפך לחלק מאיתנו. היה ניכר בעיני האנשים, בצורת הליכתם, בדרך בה דיברו איש עם רעהו. היה ניכר באיפוק, בשקט, במבטים המושפלים. חששנו להביט זה בעיני זה. חששנו לכעוס, לרגוז ולקלל. ויותר מכל פחדנו להזכיר את המלה מוות. 

רון זהר נפצע קשה ביום החמישי למלחמה.",,,,,965,,,,he,Paperback,4.7,3,3,5922,31,0,1
177846,סיפורו של אדם רעב,יהושע בר-יוסף,,ספרית מעריב,1988,227,,,https://cdn.simania.co.il/bookimages/covers17/177846.jpg,https://simania.co.il/bookdetails.php?item_id=177846,,,,,,,,מועדון קוראי מעריב,,hebrew,Paperback,4,1,1,1062,34,0,1
905118,בן החמאס,מסעב חסן יוסף,דפנה לוי,מודן,2010,254,ספרות,סיפורי חיים,https://cdn.simania.co.il/bookimages/covers90/905118.jpg,https://simania.co.il/bookdetails.php?item_id=905118,"בן החמאס מביא את סיפורו האישי והמדהים של מסעב חסן יוּסף, בנו הבכור של אחד מראשי תנועת החמאס בגדה, שייח‘ חסן יוּסף, שממניעים אידאולוגיים החליט לחצות את הקווים ולשתף פעולה עם השב“כ. במשך עשור הצליח לסייע בסיכול עשרות פיגועי התאבדות ובחשיפת חוליות של מתאבדים ומחבלים ובכללם כאלו שתיכננו לחסל בכירים בישראל, כמו שמעון פרס והרב עובדיה יוּסף. בשב“כ נחשב מסעב למקור האמין והבכיר ביותר שהצליחה מערכת הביטחון להפעיל אי פעם וזכה לכינוי “הנסיך הירוק“; “הנסיך“ על שום היותו בנו של ראש החמאס בגדה, ו“הירוק“ בגלל צבע דגלו של הארגון. מסעב חסן יוּסף היה למיתוס מודיעיני ישראלי. 

מה גרם לבן האצולה הזה למהפך דרמטי כל כך בחייו ומדוע החליט לשים את נפשו בכפו ולפרסם את סיפורו במלואו? בהמשך לאידאולוגיה המנחה אותו, מסעב חסן יוּסף מספר בבן החמאס את הכול. החל בילדותו בגדה כבן בכור למשפחה מוסלמית רבת השפעה, שהפך באופן טבעי לפעיל מרכזי בזרוע הצבאית של החמאס, דרך התהליכים הנפשיים שחוללו מהפך בהשקפת עולמו ובדתו וגרמו לו לפנות לשב“כ, וכלה בסיפור המבצעים שבהם נטל חלק ואותם הוא מגולל בפני הקורא מזווית שונה לגמרי. מעבר לסיפור האישי המרתק נחשפות בספר בן החמאס שיטות פעולה של החמאס והשב“כ, כפי שלא סופרו עוד מעולם.

פרסום הספר עורר התעניינות תקשורתית עצומה בעולם והספר הפך מייד לרב־מכר. מאז הפרסום נאלץ מסעב להסתובב מלווה בשומרי ראש.","סיפור בנו של מנהיג החמאס שהפך  לסוכן שב""כ",Sun of Hamas / Mosab Hassan Yousef with Ron Brackin,רון ברקין,,,20-52320,,,he,Paperback,4.3,290,89,49506,408,15,1
225286,אשה (אישה) בורחת מבשורה,דויד גרוסמן,,הקיבוץ המאוחד,2008,633,ספרות,ספרות מקורית,https://cdn.simania.co.il/bookimages/covers22/225286.jpg,https://simania.co.il/bookdetails.php?item_id=225286,"אורה, שבנה החייל יוצא למבצע צבאי גדול, בורחת מביתה כדי לא להתענות בציפייה לבשורה הרעה, שאין לה ספק כי תגיע; כסרבנית-בשורה אולי בכלל תוכל למנוע אותה ולהציל את בנה. בדרכה אל הגליל היא כמעט חוטפת את אברם, אהוב נעוריה, ובמשך ימים ולילות היא נודדת אתו על-פני הארץ, ברגל, ועושה את הדבר היחיד שיש ביכולתה לעשות כדי לגונן על בנה ולתת לו כוח: היא מדברת עליו, היא חיה את סיפור חייו. ""אשה בורחת מבשורה"" הוא סיפור על שני גברים ואשה ושני בניה, על אהבה ואהבה נכזבת, על חברוּת ורגש ונדיבוּת בין גברים, על הוֹרוּת ונתינה, ובעיקר על 'עבודת-המשפחה', המאמץ הכמעט הרואי לקיים את רקמתה העדינה של משפחה בלב האלימות והאימה והחד-פעמיוּת של המציאות הישראלית. זהו סיפור שמתלכדות בו השבריריות והחרדה של הקיום הישראלי כולו עם אלה של תא משפחתי אחד. הרומאן נפתח במלחמת ששת הימים, ועובר דרך מלחמות ודרך ההפוגות שביניהן. החיים הפרטיים של חמש הדמויות שבו הם ניסיון מתמיד להדוף את גלי ההדף של כל המלחמות. בתוך כך מחזיר אותנו הספר אל יפי נופיה של הארץ, ואל יופיה של העברית, שכבר שכחנו – עברית גמישה ורעננה, שמטלטלת את המילון.",,,,,978-965-545-1,31-4792,הספריה החדשה,,he,Paperback,4.2,430,81,22429,562,2,1
145262,נהר פרת הרחוק,אריה לב סטולמן,נעמי פריי,ספרית מעריב,2006,166,ספרות,ספרות מתורגמת,https://cdn.simania.co.il/bookimages/covers14/145262.jpg,https://simania.co.il/bookdetails.php?item_id=145262,"אלכסנדר הוא נער צעיר, בעל עולם פנימי עשיר. ""חולם בהקיץ"", אומרת עליו אמו בדאגה גדולה, אך אביו, רב הקהילה היהודית של ווינדזור שבקנדה, אינו שותף לתחושתה זו. אלכסנדר, מצדו, אינו מבין על מה המהומה. הרי יש לו ידידה בת גילו, אמנם חולה מאוד, עמה הוא נפגש מדי פעם.

וישנם, כמובן, גם החזן ואשתו ברניס, חברתה הקרובה של אמו, המשמשת לו כאם שנייה. וכולם הרי חיים בהרמוניה ובקירבה נדירים כל כך.

אלא שאט אט נחשף העולם שמתחת למעטה היומיומי, הקליל לכאורה, של חיי העיר הפשוטים. גיבוריו של אריה לב סטולמן אמנם מתעקשים לקיים חיים רגילים, אך מתחת לפני השטח מבעבעים סודות איומים מהעבר, תקוות שלעולם לא יתגשמו והשלמה עם העובדה הבלתי נתפשת: הקהילה היהודית הקטנה לא תעמיד דור המשך.

בטון מינורי ובשפה עדינה נחשפת הזוועה לאיטה: הוריו של הרב המתנכרים לבנם ולנכדם; אחיה האומלל של האם שעל מחלת הנפש שלו לומד אלכסנדר רק לאחר מותו; ניסיונותיהם העגומים של הוריו להביא ילד נוסף לעולם; והסיבה האמיתית לכך שברניס ובעלה החזן לעולם לא יוכלו להרחיב את משפחתם.

בנסיעה מבוהלת אחת, כשסופת טורנדו מאיימת משתוללת בחוץ, חושפת ברניס בפני אלכסנדר את הסוד הנורא מכל - של בעלה, של אחותו, של הפצע הפעור ממחנה הריכוז. הפצע שיסיט את חייו של אלכסנדר ממסלולם. הפצע שיאפשר לו לגלות, בשקט ובמנותק מהעולם, את רצונותיו, שאיפותיו, נטיותיו.

""נהר פרת הרחוק"" הוא תיאור יפהפה ונוקב על התבגרות בצל כאב משפחתי, פחד ותשוקה לדת. דרך סיפורו של נער בודד, המתמודד עם מציאות כואבת, שואל סטולמן כיצד ניתן למצוא משמעות בעולם שאחרי השואה, מהו הגבול בין שפיות, שיגעון ועל-טבעי, ואיך יכול האדם להתמודד עם הרצון להכיר את מקורותיו ולחזור אליהם, אל נהר פרת המיתולוגי של עדן, תוך ידיעה שאיננו יכול לחזור לשם לעולם.

אריה לב סטולמן, בנו של רב, נולד בקנדה ומתגורר כיום בניו יורק. סיפורים קצרים שכתב התפרסמו במספר אנתולוגיות. ""נהר פרת הרחוק"", שזכה בפרסים רבים (ביניהם פרס ווילבור) וזכה לביקורות מעולות, הוא  ספרו הראשון.",,The Far Euphrates / Aryeh Lev Stollman,,,,115-1896,ספרית מעריב - סיפורת,,he,Paperback,3.5,2,1,987,10,0,1
1027414,מזל של מכוערת,בתיה כהן-גרין,,כריכה – סוכנות לסופרים,2026,248,ספרות,ספרות מקורית,https://cdn.simania.co.il/bookimages/covers102/1027414.jpg?v=1778929548804,https://simania.co.il/bookdetails.php?item_id=1027414,"משחק אחד, משובת נעורים, וממנו נפרם חוט שמטלטל דורות של נשים. 

ויקטוריה, צעירה בעיר מאראש שבטורקיה של תחילת המאה הקודמת, נושאת בגופה ובנפשה רגע אחד שאין ממנו חזרה. הבחירה שנכפתה עליה משרטטת מסלול חיים רצוף שתיקות, וחותמת גם את גורלם של בעלה ובנה. 

שנים מאוחר יותר, במרחק של זמן ויבשות, נושאת ויקי, נינתה, את אותו סוד ישן, אף שמעולם לא סופר לה. ויקי, רקדנית פלמנקו, נותנת לגוף לומר את מה שלא נאמר: כאב ותשוקה, זעם ואהבה. ברקיעת העקב וברעד הגוף מתעוררים זיכרונות של נשים שקדמו לה, אימהות, סבתות ונינות, כולן נעות על הקו הדק שבין הישרדות לחירות. 

זהו רומן היסטורי משפחתי על ארבעה דורות של נשים, הנע בין חַלַבּ שבסוריה, טורקיה וישראל; סיפור על נשיות שעוברת בירושה, על סודות שנשמרו בגוף ועל האומץ להקשיב לקול הפנימי, גם כשהוא בא מן העבר. בקול נשי רגיש ועמוק, שוזרת בתיה כהן גרין, סיפור שושלת נשית עתיק לכדי רומן של כאב וחיים, תנועה, תשוקה והישרדות. 

בתיה כהן גרין נולדה בתל אביב להורים יוצאי טורקיה, שמקורם בגלות בבל, גלות ספרד וחלבּ שבסוריה. בתיה היא מורה, יועצת לבריאות טבעית ותזונה על פי הרמב""ם, ומרפאה בפטריות מרפא. זהו רומן הביכורים שלה, סיפור שעבר מדור לדור בקהילה וביקש להיכתב.",,,,,,,,,he,Paperback,,,1,71,2,0,1
469310,דור דור ודורשיו [חלק ג'],אייזיק הירש וייס,,פלטא ומינקוס,,,יהדות,תלמוד ומשנה,https://cdn.simania.co.il/bookimages/covers46/469310.jpg?v=1790244002904,https://simania.co.il/bookdetails.php?item_id=469310,,,,,,,,,,he,Paperback,,,1,592,10,0,1
935953,מצרפי המקרים,יואב בלום,,כתר,2005,277,ספרות,ספרות מקורית,https://cdn.simania.co.il/bookimages/covers93/935953.jpg,https://simania.co.il/bookdetails.php?item_id=935953,"הגורל הוא בסך הכול עוד משימה שבוצעה כהלכה. 
פרפר שמניד את כנפיו גורם לסערה במקום המרוחק אלפי קילומטרים ממנו, אבל מי שכנע אותו להניד את כנפיו? 
שני סטודנטים מתיישבים זה ליד זו בשיעור משעמם, ומוצאים את אהבת חייהם, אבל מי דאג שדווקא שני הכיסאות האלה יישארו פנויים? 
ספר עב כרס עוצר קליע במעופו ומציל את בעליו, אבל ממי קיבל הסופר את הרעיון לעלילה המסועפת? 

שלושה חניכים התקבלו למחזור 75 של ""קורס מצרפי המקרים"". 
היום הם כבר מקצוענים: גיא מתמחה בצירופי שידוך המפגישים זוגות אוהבים, אמילי מתמחה בצירופי השראה, ואריק מתמחה בכול, ככה לפחות הוא חושב. 
הם מסיטים גורלות בעזרת כוס קפה שמתנפצת על הרצפה ודואגים לפריצות דרך מדעיות בהשאירם חלון פתוח כדי סדק. 
והם פועלים תמיד על פי הוראות המשימה, המונחת לפנות בוקר תחת דלתם במעטפה חתומה. 
טוב, כמעט תמיד. 

כשמשימה יוצאת דופן מגיעה בוקר אחד, רוצח שכיר מופיע בעיר וזיכרונות מן העבר חוזרים לתבוע את שלהם - מצרפי המקרים מתחילים לדאוג לגורלם שלהם.
 
מצרפי המקרים הוא סיפור מבריק ושופע דמיון על גורל ובחירה, על דמיון ומציאות ובעיקר על אהבה. 
יואב בלום הוא מתכנת ובלוגר, בן 31, מקריית אונו. 
זהו ספרו הראשון.",,,,,,10-277707,,,he,Paperback,4.1,406,135,40909,355,9,1
976060,עפרה חזה - מכתבים לעפרה,בצלאל אלוני,,דן-אל,2007,288,עיון,ביוגראפיות,https://cdn.simania.co.il/bookimages/covers97/976060.jpg,https://simania.co.il/bookdetails.php?item_id=976060,"סיפור חיים מדהים הכתוב על ידי מי שהיתה הדמות המרכזית בהצלחתה המטאורית של עפרה חזה,
כזמרת ישראלית ובינלאומית.

איך הגיעה לאן שהגיעה? איך חייתה את חייה במרומי התהילה ואיך הגיעה אל סופה הטראגי?
מה היו מערכות היחסים שלה עם האנשים הקרובים אליה ביותר?
מי היו המחזרים שלה? מדוע לא נענתה לחיזוריהם?
איך הכירה את מי שהפך להיות בעלה? מי הכיר לה אותו? 
לאן נעלמו כל חסכונותיה?

הספר ""מכתבים לעפרה"" נכתב לאחר מותה 
ובו מספר המחבר על החיים בצד התהילה לה זכו, עפרה והוא.
על הדרך הקשה, על מאבקי אין קץ ועל הסיבות שהובילו אותה אל מותה, 
כשנתיים וחצי בלבד, לאחר נישואיה.

סיפור חיים שמתחיל באופן תמים ומתגלגל ומתגלגל אל עולמות רחוקים, 
אל מציאות דמיונית.
סודות, תשוקות, תהפוכות גורל, אהבות, אכזבות והחמצות ועל כולן, 
הכמיהה העזה של עפרה לאמהות.

""מכתבים לעפרה"" – סיפור על אישה צעירה אשר מצאה את עצמה מתמודדת ללא הרף על מקומה בחברה.",סיפור חייה של עפרה חזה 1957-2000,,,,,284-1,,,he,Paperback,4.3,3,1,3373,9,0,1
16717,זיונים זה לא הכל,דן בן-אמוץ,,זמורה ביתן,,493,,,https://cdn.simania.co.il/bookimages/covers1/16717.jpg,https://simania.co.il/bookdetails.php?item_id=16717,"מעטים יערערו על התיזה שאותה מתמצת דן בן אמוץ בעצם השם המתנוסס בחוצפה בכתב רש""י על ספרו, אך האומנם יש צורך בכל כך הרבה דוגמאות של משגלים שונים ומשונים (תוך רכיבה על סוס; בתא של קרון רכבת; על קברו של שייח' אבו - תור; בבית חולים; עם שתי לסביות; בבית מרחץ; באמצע הרחוב ביום גשם; עם קטינות ועם זקנות; במסיבת סמים ובקולנוע) כדי לחזק את הטיעון המובן מאליו ש""זיונים זה לא הכל""? לאחר קריאת 500 העמודים בנשימה עצורה וב""מכה אחת"" מתגנב לליבו של הקורא החשד שהוא פותה ונילכד  -  באמצעות סיפורי אלף לילה ולילה אירוטיים, בחדר המיטות רק כדי שהמחבר יוכל להשמיע שם באוזניו את דעותיו הנועזות בתחומים קונטרוברסליים כגון: סמים, חוק ומשפט, אסטטיקה, חינוך, פוליטיקה, חברה, דת, וכל המקובל והבלתי מקובל בתחום המין. באף אחד מספריו הקודמים לא הגיע דן בן אמוץ למידה רבה כל כך של חשיפה עצמית ואם להשתמש בלשון המעטה ניתן לומר שבבואתו המשתקפת במראת ספרו זה, מעוררת דאגה. הייתי ממליץ על אישפוזו (לפחות לתקופת הסתכלות) אילולא חששתי למה שמחבר ""זיונים זה לא הכל"" יעולל בבית החולים לרופאים וכמובן לאחיות שיופקדו על הטיפול בו. ד""ר רוזנצוויג",,,,,,3-10311,,,he,Paperback,3.9,55,10,14527,100,0,1
994819,לעולם אל תיתן לי ללכת,קאזוּאוֹ אישיגוּרוֹ,אלינוער ברגר,הקיבוץ המאוחד,2019,295,ספרות,ספרות מתורגמת,https://cdn.simania.co.il/bookimages/covers99/994819.jpg,https://simania.co.il/bookdetails.php?item_id=994819,"לעולם אל תיתן לי ללכת (2005) הוא פסגת יצירתו עד כה של אישיגורו, הסופר הבריטי ממוצא יפני, חתן פרס נובל לספרות לשנת 2017. זהו רומאן רב־עוצמה ומרתק, עדין רגש, ""המדויק והנוגע־ללב שבספריו"" ('האובזרוור'). הוא מסופר מפי המספרת שלו באוזני עמיתיה בסוף שנות התשעים של המאה העשרים, ולכן, בניגוד לטענה הנפוצה, אין בו שום דבר עתידני, וגם לא נבואות של מדע בדיוני.

	 

	אישיגורו בודה כאן מציאות מקבילה, מעין אנגליה אלטרנטיבית, אשר בה, בתחילת שנות השישים, חוסלו הסרטן ומחלות הלב. על רקע זה הוא מספר סיפור אהבה מתמשך ושובר־לב בין שתי צעירות וצעיר, קשר שמוטל עליו צלו הכבד של מסלול חיים אשר שלביו, מטרתו וסופו קוּבּעוּ מראש, ללא מפלט.

	 

	בשליש הראשון של הרומאן אנו עדים לתמונת חייה של חבורת נערים ונערות, המתגוררת בשלווה אידילית בפנימייה מופתית המטפחת את חניכיה באמצעות אמנות וספרות, תחת עינם הפקוחה של ""משגיחים"" נאורים. אומנם לא ברור מאין הגיעו לשם הנערים, שכאילו אין להם כלל משפחות, ומדוע הם מנותקים לחלוטין מן העולם החיצוני, שעליו יש להם רק מושג קלוש.

	 

	בטפטופים אפקטיביים הולך ונבנה אצל הקוראים חשד מטריד באשר לגורל המוזר של הצעירים הללו, שגם הם־עצמם, כמו הקוראים, יודעים ואינם יודעים מהו הייעוד המשַׁווה ערך לחייהם, ייעוד אשר למענו צומצמה כל הווייתם.

	 

	העולם שברא אישיגורו מטיל אלומת אור על חיינו־שלנו, חיים שבהם הנפש הייחודית, האוטונומית, והחירות של הפרט לשלוט בגורלו, הן רק אשליה, והחִברוּת הופך אותנו בלי משים ליצורים שימושיים, כמו מתוכנתים למסלוליהם, לאנשים 'משוכפלים', שדיבוריהם, מחוותיהם ומעשיהם הם 'ציטוטים'. כך שב אישיגורו ומגלה – כפי שכתבו עליו שופטי הנובל – ""את התהום שמתחת לתחושה הבדויה של הקשר שלנו עם העולם.""",,Never Let Me Go / Kazuo Ishiguro,,,,,הספריה החדשה,,he,Paperback,3.9,57,19,8851,55,0,1
1015092,הפיות של אירלנד,ויליאם בטלר ייטס,יותם בנשלום,כרמל,2025,492,ספרות,ספרות קלאסית,https://cdn.simania.co.il/bookimages/covers101/1015092.jpg,https://simania.co.il/bookdetails.php?item_id=1015092,"לֵךְ לְךָ, יַלְדּוֹן־אָדָם!
אֶל פֶּרֶא יַעֲרוֹת אֲגַם
עִם הַפֵיוֹת, וְאַל תָּשׁוּב,
כִּי אֵין לְךָ מֻשָּׂג עַד כַּמָּה הָעוֹלָם עָצוּב.

*

הפיות של אירלנד הן גחמניות, עליזות ומסוכנות. אוסף מקיף ומגוון זה מסוף המאה התשע עשרה, שליקט וערך המשורר הגדול ויליאם בטלר ייטס, כולל אגדות, שירים וסיפורי עמים על מפגשים עם הפיות ועם שאר קרוביהן: בנות ים, חיות מדברות, רוחות רפאים, מכשפות, ענקים, שדים, חתולים ועוד. המעשיות המצחיקות, המבעיתות והנוגות פותחות לנו שער אל נופיה המוריקים של אירלנד, אל שיריה ונגינותיה, ואל מסתרי נפשם של אנשיה.",,Fairy and Folk Tales of the Irish Peasantry,,,,,,,he,Paperback,5,1,1,499,4,0,1
18282,בית מטבחיים 5 חמש,קורט וונגוט,,זמורה ביתן,,152,ספרות,ספרות מתורגמת,https://cdn.simania.co.il/bookimages/covers1/18282.jpg,https://simania.co.il/bookdetails.php?item_id=18282,"``בית מטבחיים - חמש או מסע הצלב של הילדים`` הוא ספרו האוטוביוגרפי של קורט וונגוט, חייל אמריקני צעיר, שנשבה בידי הגרמנים במלחמת העולם השניה ושהה בעיר דרזדן בעת שזו הופצצה בידי בעלותה ברית כמעשה נקם נגד הגרמנים. זה ספור מלחמה יוצא דופן, בלתי צפוי, מביך ומזעזע. טרגדיה מוזרה, סיוטית ולעתים משעשעת, של מלחמה ואלימות, שחי מחדש אלמן אמיד בגיל העמידה, בילי פילגרים, שעה שהוא משייט קדימה ואחורה בתוך החלל והזמן; פנימה אל תוך האירועים המתוקים והמכאיבים של חייו ומתוכם החוצה  -  דרך חוויית השבי במלחמה והפצצת העיר דרזדן, נישואי בתו, עסקי - המשקפיים שלו, בית החולים לנפגעי מלחמה וחטיפתו בידי צלחת מעופפת מכוכב לכת רחוק בשם טרלפאמדור. האם גם בעלות הברית עשו מעשים שלא ייעשו במלחמת העולם השנייה? או שמא המלחמה, כל מלחמה, גורמת גם לצודקים להיות, לעתים, בלתי צודקים? גם שאלות מוסר כאלה ואחרות עולות, במישרין ובעקיפין, מספרו של קורט וונגוט ``בית מטבחיים - חמש``  -  שאף כי הוא עשוי לקומם קוראים, אין ספק כי הוא מעורר למחשבה. ``בית מטבחיים - חמש``  -  ספרו הראשון בעברית של אחד מסופריה החשובים של ארצות הברית הוא דרמה פסיכולוגית, מסה פילוסופית, הגיגים על אודות אמריקה ומערכת מביכה של שאלות על רצון חופשי וגורל, זמן, מוסר ותבונה.",,,,,,3-10161,,,hebrew,Paperback,4.4,243,21,18593,166,3,1
1028304,לינגותרפיה לוגו-לשונית לאדם החושב,גדי קרביץ,,פרדס,2025,216,עיון,פילוסופיה  - כללי,https://cdn.simania.co.il/bookimages/covers102/1028304.jpg?v=1786035412746,https://simania.co.il/bookdetails.php?item_id=1028304,"הספר לינגותרפיה לוגו-לשונית לאדם החושב מציע תרפיה שעשויה לשחרר את האדם החושב מאמונות שגויות ומדוגמות לא מבוססות, שמקורן בקלקולי השפה ובהתמכרויות אפיסטמיות שהורגלנו בהן. לינגותרפיה זו מושגת באמצעות רפלקסיה פילוסופית על החשיבה שלנו, המבוססת על אנליזה לוגו-לשונית של השפה שבה אנו משתמשים ביום-יום ובמדע. האנליזה מתבצעת באופן ביקורתי ושיטתי ביחס לכל רבדי השפה: החל מרמת הטיעונים (אוסף הנחות ומסקנה), טענות (משפטים ופסוקי חיווי), מילים ומונחים, וכלה במושגים העומדים מאחוריהם.

הלינגותרפיה הזו עשויה להפחית את החרדות הקיומיות שלנו, הנובעות מהחתירה אל המוחלט, הסופי והוודאי, ולצמצם את הדיסוננס הקוגניטיבי שבו אנו נתונים, דיסוננס שמונע מאיתנו חופש מחשבתי – חופש אפיסטמי. ייתכן כי צמצום הדיסוננס יעצים באופן מהותי את הצניעות האינטלקטואלית שלנו, שתאפשר לאדם לבחון את מחשבתו ושפתו ביתר דיוק וזהירות. בסופו של דבר, המטרה המרכזית של הלינגותרפיה שמציע ספר זה היא לשחרר את הקוראים מהעיוורון הקוגניטיבי ומהתרדמה הדוגמטית שבהם היו מצויים טרם הקריאה בו.

מכיוון שהספר עוסק בעיקר באנליזה לוגו-לשונית של השפה, הוא עשוי לשמש גם כמבוא ראשוני ללוגיקה פורמלית ולפילוסופיה אנליטית של השפה, תחום שזכה לתנופה משמעותית ולתפנית מיוחדת במינה במסורת האנליטית שראשיתה במאה ה-19 וידועה בשם ""המפנה הלשוני"".

גדי קרביץ הוא חוקר עצמאי ודוקטור לפילוסופיה. מחקריו עוסקים בפילוסופיה של המדע, אפיסטמולוגיה, פילוסופיה אנליטית של השפה וספקנות אפיסטמית, ומאמריו בתחומים אלה מתפרסמים בעיתונים מקצועיים בארץ ובחו""ל. בנוסף, ד""ר קרביץ הוא מחבר הספר ידע, ספקנות והונאה עצמית (2019), והיה שותף לכתיבת הספר Rethinking the Fabric of Geology (2013).",,,,,,,פרדס - עיון • פילוסופיה,,he,Paperback,,,1,31,1,0,1
1028765,"לי לא היה קו, היה לי מרחב",דליה מנור,,פרדס,2025,208,אמנות,ציור ופיסול,https://cdn.simania.co.il/bookimages/covers102/1028765.jpg?v=1790064754683,https://simania.co.il/bookdetails.php?item_id=1028765,"גלריה דבל אינה גלריה שמזדמנים אליה או קופצים כבדרך אגב להציץ מה נשמע בעולם האמנות. זו גלריה שצריך זמן ומחשבה תחילה, כדי להנות ממנה."" כך כתב האמן והמבקר שרון קרן על גלריה דבל בעין כרם שבירושלים, אשר גם כיום, 35 שנים לאחר סגירתה, הישגיה וחשיבותה בחיי האמנות בארץ ממשיכים להדהד: בביוגרפיות של האמנים שקיבלו הזדמנות ראשונה; בתופעות אמנותיות כמו אמנות הגוף, המיצג ואמנות האאוטסיידרים שקודמו על ידי הגלריה; בחשיפה של אמני עבר נשכחים ובתשומת לב לנושאים יהודיים ובמיוחד לנושא השואה; במתן במה לאמנים עולים חדשים; ובחשיפה נרחבת לאוּמנויות – בעיקר קרמיקה וגם טקסטיל וצורפות – החותרת תחת האבחנה השגורה בין אמנות ואומנות.
רות דבל הצליחה ליצור לגלריה מוניטין כאלה שאמנים רבים ביקשו להציג בה. היא הצליחה לתמרן בין הידועים לפחות ידועים, הוותיקים והאמנים בראשית הדרך והצליחה למשוך מבקרי אמנות, ירושלמים ותל אביבים, ואת אוצרי המוזיאונים שרכשו יצירות לאוספיהם.
אחד המאפיינים הבולטים בפעילות הגלריה, שנוהלה על ידי רות ואטיין דבל בין השנים 1990-1973, הוא המגוון והפלורליזם באוצרוּת ושאיפתה להראות זרמים שונים באמנות בת זמננו. כפי שנהגה לומר: ""לי אין קו [מסוים], יש לי מרחב [לתצוגה]"". הייתה זו עמדה יוצאת דופן בשדה האמנות בישראל של אותן שנים. מגוון זה משתקף בשיחות עם אמנים שהן עיקרו של הספר. החל ב־1976 הקליטה רות דבל שיחות עם אמנים לקראת תערוכתם בגלריה, תמללה את ההקלטות, הדפיסה והציעה לקהל כחומר רקע לתערוכה ומתוכן נבחרו לספר זה 25 שיחות. זהו חומר נדיר בחשיבותו גם למען הדורות הבאים.
חלקו הראשון של הספר סוקר את תולדות הגלריה ונשען על מחקר היסטורי וארכיוני מעמיק ומלווה בשיחה עכשווית עם רות דבל על גלריות, אמנים, אספנים וקהל.
הספר הוא פרי יוזמתה ומחקרה של ד""ר דליה מנור וזכה לתמיכת בית לאמנות ישראלית המכללה האקדמית ת""א יפו וקרן יהל-ליאון רקנאטי.",גלריה דבל: שיחות עם אמנים,,,,978-965-541-655-8,,,,he,Paperback,4,1,1,26,0,0,1
1028567,הזוג החדש בדירה 5 ב',ליסה אונגר,שרון פרמינגר,תכלת,2026,408,ספרות,מתח ריגול והרפתקאות,https://cdn.simania.co.il/bookimages/covers102/1028567.jpg?v=1788451426419,https://simania.co.il/bookdetails.php?item_id=1028567,"רוזי וצ’אד לואן, סופרת ושחקן בתחילת חייהם המשותפים, בקושי סוגרים את החודש כשהם מקבלים חדשות מרגשות: דודו המנוח של צ’אד הוריש להם דירה בבניין וינדרמיר היוקרתי בפארק אווניו במנהטן.

הבניין העתיק אלגנטי, השוער אדיב, השכנים נחמדים. בני הזוג לא מעלים על דעתם שהחזית המתוחזקת מסתירה היסטוריה אפלה. אבל אחרי זמן מה, רוזי מתחילה לחשוד שמשהו אינו כשורה. השוער הנוכח תמיד, המצלמות שעוקבות מכל פינה. משהו לא בסדר. כאשר הגופות מתחילות לצוץ, רוזי מבינה שהיא חייבת לגלות את האמת על הבניין לפני שיהיה מאוחר מדי.

ליסה אונגר כתבה מעל עשרים ספרי מתח, רבים מהם כיכבו בטבלאות רבי המכר של הניו יורק טיימס. ספריה תורגמו לשלושים ושלוש שפות וזיכו אותה בקהל קוראים נלהב. ספרה וידוי ברכבת של 19:45 ראה גם הוא אור בהוצאת תכלת וזכה להצלחה רבה.",,The New Couple In 5B,,,,,,,he,Paperback,4,1,1,49,3,1,1
16030,"רווקה בת 32, מטר שישים...",לי קופמן,,מעריב,1999,184,ספרות,ספרות מקורית,https://cdn.simania.co.il/bookimages/covers5/53016.jpg,https://simania.co.il/bookdetails.php?item_id=16030,"רווקה נחבאת אל הכלים המכניסה אל ביתה גבר זר המערער את עולמה; שומר קזינו מאשדוד המתחיל להתעניין בפוליטיקה; דוקטורנטית נשואה ואם לילדה הנפגשת עם חברת נעורים גלמודה ומופקרת; בעל פאב קשוח, אסיר לשעבר, השופך את לבו לפני לקוח מוזר; אלמן בודד הקודח בהזיות מיניות גדושות אלימות; נערה ישראלית הרואה את עצמה כדמות קומוניסטית; כתב מקומון וצלם חובב הקונה את עולמו בתצלום מקברי - אלה אחדים מגיבורי קובץ הסיפורים הזה, מגוון של דמויות מהמציאות הישראלית של היום, שבלשון קולחת, ציורית ונוקבת מוליך את הקורא אל חדרי חדרים של עולמם. עולם של קונפליקטים בין חידלון ואלימות וסקס מנוכר לבין הצורך באהבה ובקרבה ובהרגשת שייכות. לי קופמן, בת 25, נולדה בסיביר ומתגוררת כיום בתל אביב.  רווקה בת 32, מטר שישים... הוא ספר הסיפורים הראשון שלה.",,,,,,115-1288,,,he,Paperback,3.8,13,2,2361,48,0,1
1008758,כהרף עין,יואב בלום,,כתר,2023,368,ספרות,ספרות מקורית,https://cdn.simania.co.il/bookimages/covers100/1008758.jpg,https://simania.co.il/bookdetails.php?item_id=1008758,"פרופסור יהונתן ברנד, פיזיקאי בעל שם עולמי, קוסם חובב ושתיין שוקו, חולם על האפשרות לנוע על ציר הזמן, להציץ מקרוב באירועים היסטוריים ולדלג על משוכת האיפה והמתי. הוא חקר את הנושא במשך שנים, בטוח שאפשר לפתוח שער בזמן, ושצפה מראש את כל הבעיות שעלולות להתרחש בעקבות פריצת הדרך שלו: הסכנות, הפרדוקסים, אפילו היוהרה. אבל מתברר שלנסות לבנות מכונת זמן זה עניין של חיים ומוות.

כאשר מתגלה גופתו של ברנד בחדר העבודה שלו, מוצאים את עצמם זוג בלשים פרטיים חסרי ניסיון במרכזה של תעלומת רצח. בנימין ""באנקר"" קרונוביק (שחקן כושל וליצן במסיבות) ואביגיל כנעני )ספרנית נחבאת אל הכלים) רגילים להשלים הכנסה במציאת חתולים אבודים, אבל עכשיו הם מושלכים לזירת רצח שיש בה גופה, תעלומה שנדמה שאי אפשר לפצח, ואוסף של חשודים: קבוצת חברי הילדות הוותיקה של ברנד, שכל אחד מהם שומר סוד משל עצמו.

כהרף עין הוא רומן מתח מרתק ואינטליגנטי להפליא שמטיס את הקוראים במרחבי הזמן והמקום, מוביל את העלילה במיומנות אלגנטית בפיתולים מפתיעים ובה בעת בוחן ברגישות את נבכי הנפש.

זהו ספרו החמישי של יואב בלום, מחבר רבי־המכר 'מצרפי המקרים', 'המדריך לימים הקרובים', 'הקבוע היחידי' ו'מה שאחרים חושבים בי'. ספריו זכו להצלחה בקרב עשרות אלפי קוראים ותורגמו לשפות רבות.",תעלומה שדורשת זמן,,,,,10-279920,כתר - מקור,,he,Paperback,3.9,22,6,1912,22,0,1
1005760,לחץ מתמשך,רוברט פובי,כנרת היגינס דווידי,מודן,2022,424,ספרות,מתח ריגול והרפתקאות,https://cdn.simania.co.il/bookimages/covers100/1005760.jpg,https://simania.co.il/bookdetails.php?item_id=1005760,"בערב סתווי יפה נסגר מוזיאון גוגנהיים לרגל אירוע גאלה פרטי, אך ברגע השיא של הערב פיצוץ עז מחריד את הבניין. כל הנוכחים נהרגים במקום, אבל למוזיאון וליצירות המוצגות בו נגרם נזק מזערי בלבד. פיצוץ מדויק כל כך מחייב מומחיות יוצאת דופן ומעורר שאלות רבות. האם כל 702 הקורבנות היו במקום הלא נכון בזמן הלא נכון, או שהייתה שם מטרה אחת ועוד 701 אנשים חסרי מזל שנקלעו למקום? 
האף־בי־איי עומד חסר אונים אל מול הררי הנתונים ומספרם הרב של הקורבנות. לד""ר לוקאס פייג', אסטרופיזיקאי בהווה וסוכן אף־בי־איי בעבר, אין שום רצון לחזור ולעזור לבולשת. שנות שירותו בה הסתיימו באירוע קשה שבו איבד יד, רגל ועין, ובפעם האחרונה שהסכים לעזור בחקירה כמעט איבד גם את משפחתו. אבל פייג’ ניחן ביכולת מופלאה להתבונן בנתונים ולזהות בהם דפוסים. והוא יודע עוד משהו: הפיצוץ בגוגנהיים היה רק ההתחלה. בניגוד לרצונו נשאב פייג’ אל מרוץ נגד הזמן כדי לנסות להבין מי מרעיד את מנהטן בפיצוץ אחר פיצוץ ומותיר אחריו שובל של גופות ושאלות. אך ככל שהוא מתקרב למציאת תשובות, גוברת הסכנה לו ולמשפחתו. האם יצליח פייג’ להבין מי עומד מאחורי הפיצוצים ולמה, לפני שהרוצח יגיע גם אליו?",,Under Pressure / Robert Pobi,,,,,לוקאס פייג',2,he,Paperback,3.7,7,2,821,8,0,1
1028752,על שפת התום,אורנה קזמירסקי (קינן),,שתים,2026,344,ספרות,ספרות מקורית,https://cdn.simania.co.il/bookimages/covers102/1028752.jpg?v=1789986609791,https://simania.co.il/bookdetails.php?item_id=1028752,"במושגים של אגמים, שכבר ראתה בעולם, לא היה לכנרת ייחוד, אך עמודי חצב לבנבנים כאלה, יפים כל כך, שגולשים מן הגבעות אל המים הכחולים, יש רק כאן. 

איזו שלמות! היא חשה בנגיעה של ילדוּת וראשית נעורים, שהיו אי אז צופני הבטחה ותום. צער עמוק עטף אותה על ההחמצה, על הסופים כולם, על הקן המשפחתי שנלקח ממנה אז וגם עכשיו, על הפרידה משי. עצבות ליוותה אותה כשהתפתלה עם הכביש אל המקום שבו הוא התחבר אל שפת הכנרת.

דגנית, עוזבת קיבוץ צעירה, פוגשת בתל אביב את שי, קצין שריון מבוגר ממנה שנמצא בעיצומו של משבר אישי. האהבה אינה ניצתת מיד, אך עם בואה היא ממלאת את ליבם נחמה ושמחה, עד שגילוי בלתי צפוי מאיים להחריב הכול.

בעלילת יחסיהם המפותלים של דגנית ושי נשזר סיפורה של המדינה במשך ארבעה עשורים סוערים – ממלחמת לבנון הראשונה ועד שבועות ספורים לאחר שבעה באוקטובר.

בשפה קולחת ובבינת לב מעלה על שפת התום מחשבות ותהיות. מה קורה לגעגוע כשההווה והעבר מתערבבים זה בזה, וכיצד ניתן לשמור על האהבה בעולם שבו דבר אינו מובטח מראש? זהו סיפור רגיש וסוחף על התחלות וסופים, על אמון שנסדק ועל היאחזות נואשת בענף שנשבר.

אורנה קזמירסקי קינן היא ד""ר לספרות, בת קיבוץ בית זרע המתגוררת בתל אביב, ומלווה בכירים במערכת הביטחון בתחומי חשיבה וכתיבה. 

ספרה הראשון, עוד מעט אור (הוצאת ""שתים""), התקבל בחיבוק חם בידי המבקרים והקוראים, והיה מנבחרי הקהל של ""סטימצקי"". על שפת התום הוא ספרה השני.",,,,,,,,,he,Paperback,5,1,1,79,0,0,1
1006365,החיים הם רק תקופה,חנוך דאום,,עצמית,2022,,,,https://cdn.simania.co.il/bookimages/covers100/1006365.jpg,https://simania.co.il/bookdetails.php?item_id=1006365,"החיים הם רק תקופה הוא ספר שישנה את חייכם, אם כי לא בהכרח לטובה.
אם אהבתם את החיים הם תקופה קשה, יש לי יסוד להאמין שאת החיים הם רק תקופה תאהבו אפילו יותר.
אתם מוזמנים לצאת איתי לסיבוב נוסף ונועז יותר במסע אל זרמי התודעה. זה יהיה מטורלל, אסוציאטיבי וחשוף, אבל השורה התחתונה ברורה: הרוב טוב והרוב קובע, אם לא נצחק נבכה, ושאלוהים ישמור על כולנו.
גם את הספר הזה לא ניתן להשיג בחנויות. גם אותו אני מביא אליכם אישית, בלי מתווכים.
ממני אליכם.
שלכם, חנוך",,,,,,,,,he,Paperback,3.6,5,1,1575,22,0,1
992357,החברים של סוזי,רפי טופז,,תכלת,2018,279,ספרות,ספרות מקורית,https://cdn.simania.co.il/bookimages/covers99/992357.jpg,https://simania.co.il/bookdetails.php?item_id=992357,"סוזי לא באמת התכוונה לפגוע בו באבן הראשונה, אבל עכשיו התכופפה מדי כמה צעדים להרים חלוקי נחל. עמוסי הגביר את הקצב, גם היא הרחיבה את צעדיה. פתאום זעזעה אותו חבטה חזקה. הוא הסתובב, השליך את התיק מעל גבו ופתח בריצה. היא לא זזה, כאילו חיכתה לו שיגיע. והוא הגיע. תפס בכתפיה וניער אותה. היא לא ידעה שיש בו את הכעס הזה ואת הכוח הזה. ""משוגעת!"" הוא צרח. ""את לא נורמלית."" והיא השיבה, ""קדימה, תרביץ, נו, תרביץ, נראה אותך."" 
 
אורי מטביע כל רגש בנהרות של בוז.
יוחאי בורח מהחיים ומתנחם באוכל. 
עולמו של עמוסי חרב עליו.
שלושתם חולמים על סוזי.
סוזי חולמת שיום אחד יהיה מי שיראה אותה באמת.
ארבעתם נפגשים במעלית.
 
אט-אט מתהווה ביניהם פקעת סבוכה של תקוות ושברונות לב, רגעים של אהבה והבהובים של חסד, ושאלה אחת המרחפת, לא פתורה, בחייהם של הארבעה: האם העבר הוא תהום לטבוע בה או מקום להכות בו שורשים כדי לצמוח מעלה, אל חיים חדשים?
 
החברים של סוזי מאת רפי טופז הוא מעשה פסיפס סוחף של רגעי כמיהה, מגע, בדידות ורוך. ביד רגישה ובעין אוהבת מלווה טופז ארבעה גיבורים סוערים, הנאחזים בחיים בציפורניים גם כשנדמה שכבר אי-אפשר.",,,,,,,,,he,Paperback,4.2,6,3,1645,20,0,1
390573,דימויים של ארגון,גארת מורגן,יורם שדה,האוניברסיטה הפתוחה,2010,,עסקים וכלכלה,ספרי ניהול וארגון,https://cdn.simania.co.il/bookimages/covers39/390573.jpg?v=1790111327313,https://simania.co.il/bookdetails.php?item_id=390573,,,,,,,,,,he,Paperback,5,2,1,2189,6,2,1
77579,בקתתו של הדוד תום,הארייט ביצ'ר סטואו,אליהו מייטוס,א. זלקוביץ,1959,395,ילדים,קלאסיקה לילדים,https://cdn.simania.co.il/bookimages/covers7/77579.jpg,https://simania.co.il/bookdetails.php?item_id=77579,,,,,,,,,,hebrew,Paperback,4.8,6,2,2329,20,0,1
10723,רשימות מבית המות (המוות),פיודור דוסטויבסקי,מ. ז. ולפובסקי,הקיבוץ המאוחד,1948,262,ספרות,ספרות מתורגמת,https://cdn.simania.co.il/bookimages/covers1/10723.jpg,https://simania.co.il/bookdetails.php?item_id=10723,"רומן כמעט תיעודי, בו דוסטוייבסקי מתאר את שנות המאסר שלו בסיביר . ברומן מסופר על חייו של אסיר-פרך בשם אלכסנדר פטרוביץ' גוריאנצ'יקוב אשר נשפט לעשר שנים של עבודות-פרך בסיביר על רצח אשתו. הרומן מתרכז בהצגת חיי היום-יום במחנה העבודה. הוא מורכב מאוסף רשימות של הגיבור אשר מספרות על האסירים השונים, תנאי המחייה, המשמעת והענישה, ועוד נושאים רבים מחיי המחנה.",,,,,,,,,he,Paperback,4.3,18,3,4993,21,0,1
925047,סֶזאר בִּירוֹטוֹ,אונורה דה בלזק,יהושע קנז,עם עובד,2010,366,ספרות,ספרות מתורגמת,https://cdn.simania.co.il/bookimages/covers92/925047.webp?v=1790094088602,https://simania.co.il/bookdetails.php?item_id=925047,"סיפורו של סזאר בירוטו, סוחר תמרוקים ישר וטוב, שהסתבך בעסקות נדל""ן מפוקפקות, משקף את ניסיון חייו של אונורה דה בלזק, שהנושים רדפו אותו עד סוף ימיו. 

סזאר בירוטו הוא גם סיפורו של מעמד חברתי חדש: בורגנות חרוצה, צרת אופקים, שאפתנית, שוחרת טוב ושטופה בתאוות בצע. הרומן הזה, אחת מפסגות הקומדיה האנושית של בלזק, יש בו עוצמת רגשות, פיכחון, הומור וחמלה שידהימו את קוראיו וירגשו אותם מאה שבעים ושלוש שנים אחרי שיצא הספר לאור לראשונה.",,Ce'sar Birotteau / Honore de Balzac,,,,32-21335,ספריה לעם,621,he,Paperback,4,24,8,3915,55,1,1
965422,בית מאיה,אסה דה קירוש,רמי סערי,מחברות לספרות,2012,669,ספרות,ספרות קלאסית,https://cdn.simania.co.il/bookimages/covers96/965422.jpg,https://simania.co.il/bookdetails.php?item_id=965422,"בית מאיה, אחת היצירות המרשימות ביותר של הסיפורת האירופית במאה התשע-עשרה ותרגום ראשון של רומן מאת אֵסָה דֶה קֶיְרוֹשׁ לעברית, הוא אחד מנכסי צאן ברזל של הספרות הפורטוגלית, ואינו נופל במאומה מיצירות מופת אוניברסליות שהעניקו לאנושות באותה מאה סופרים כגון בלזק, דיקנס, טולסטויופלובר. 
הרומן רחב היריעה, שהתפרסם בשנת 1888 ומהווה את אחד ההישגים הספרותיים המובהקים בכל הדורות, הוא סאגה רבת עוצמה ועתירת השראה, שכותבה מגולל בכישרון ובהומור את קורותיה של משפחת אצולה היורדת מגדולתה. 
במרכזו ניצבקַרְלוּשׁ דָה מאיה,הרופא יפה התואר,שריד אחרון לאחת מן המשפחות העשירות והידועות ביותר בליסבון. קרלוש הוא צעיר סקרן,עתיר רעיונות חדשניים ומודעות חברתית, ועם זאת נראה כי האמנות, הספרות וחיי החברה הסוערים של ליסבון קוסמים לו יותר מן הרפואה וחיי המעשה.לפיכך הוא מרבה לבלות עם חברו הטוב אֵגָה בתיאטרון, בנשפים, בקריאת ספרות ובפרשיות אהבים. הוא מנהל אורח חיים ראוותני, פזרני ונהנתני, עד שיום אחד, בפסעו באחד מרחובותיה של ליסבון, הוא מבחין באישה בעלת יופי אלוהי. כאשר הוא מצליח להתוודעלמריה אֵדוּאַרְדָה היפיפייה, מתברר כי המשיכה בין השניים הדדית ועמוקה. ואולם, ידו ההפכפכה של הגורל חושפת סודות אפלים מן העבר שאינם מאפשרים לאושרם להיות בר קיימא. 
מבעד לקורותיהם של שלושה דורות במשפחת מאיה, מאפשר הרומן לקוראיו לעקוב אחרי כשבעים שנים מרתקות בדברי ימיה של פורטוגל.תיאור חיי המותרות בחברה הגבוהה של ליסבון בשלהי המאה התשע-עשרה מבטאאת התפוררותה המוסרית של החברה הפורטוגלית,ומשתקף לא רק ממלכה נחשלת שהיתה בעבר הלא-רחוק אימפריה עולמית, וכעת היאמדינה מתרוששת בפאתי מערב, אלא גם חברה מסורתית המוותרת בקלות דעת על מורשתה, ומתרוקנת בהדרגה מרוב ערכיה הרוחניים. 

ז'וּזֶה מָרִיָּה אֵסָה דֶה קֶיְרוֹשׁ נולד בפורטוגל ב-1845 ומת בצרפת ב-1900. רבות מיצירותיו ראו אור רק אחרי מותו,ודֶה קֶיְרוֹשׁ הטביע את חותמו על הספרות הפורטוגלית גם במאה העשרים.
דֶה קֶיְרוֹשׁ למד משפטים באוניברסיטת קוּאִימְבְּרָה בליסבון, ובחוגי הספרות התוססים של העיר הזדמן לו להתוודע לאורח החיים הבוהמיולרוח החתרנית ששררה בקרב רבים ממשכילי אותה תקופה. בתום לימודיו עבד כעיתונאי וכעורך, ולאחר מכן שרת כדיפלומט במשרד החוץ הפורטוגלי. הוא חי יותר ממחצית מחייו מחוץ לגבולות מולדתו.
דֶה קֶיְרוֹשׁ הרבה לכתוב ולערוך כתבי עת ספרותיים. בסך הכול כתב עשרים ושמונה יצירות ספרותיות, כמחציתן רומנים, ומקצתן ראו אור במהדורות רבות. אחדים מספריו תורגמו לכעשרים שפות, וכיום הוא נחשב ללא עוררין לאחד מגדולי סופריה של פורטוגל במאה התשע-עשרה.",הרומן הגדול ביותר של פורטוגל - סאגה,,,,,,,,he,Paperback,3.7,14,11,5907,63,0,1
1028386,"מִלים (מילים), איפה אתן?",דויד גרוסמן,,הקיבוץ המאוחד,2026,175,ספרות,ספרות מקורית,https://cdn.simania.co.il/bookimages/covers102/1028386.jpg?v=1786331967882,https://simania.co.il/bookdetails.php?item_id=1028386,"""כל המשפחות המאושרות אומללות – כל אחת בדרכה־שלה"", מסכם ירון אשכנזי, המספר־הגיבור של רומאן קצר זה, את המצב המשפחתי שבמרכזו. שַׁבשֶׁבֶת ""היחדיו הנדיר"" של השלישייה הגרוסמנית – שבספר זה היא אב־אם־ילד – היא אולי המוקצנת והבוטה שבכל השלישיות שהכרנו בספריו. לְיָרון היתה כבר כילד הסתכלות של מספר־לעתיד, הלומד את אביו ואמו במשפחתם יוצאת־הדופן, שבה ""נפשו העכורה, הפתלתוּלה"" של האב ""הסתבכה לבלי־הַתר בנפשה הַבְּהירה"" של האם.

כשירון היה כבן חמש־עשרה נעצר אביו והועמד למשפט ממושך, התופס את חזית העלילה של החלק הראשון. האב מואשם בתרגיל־עוקץ שבו רוקן מחסכונותיהם קורבנות לרוב. הבן והאם, שהתובעים הזועמים ושואפי הנקם לא מניחים להם, מגיעים יום־יום לבית־המשפט, ובהשראת הפרספקטיבה העכשווית הולכים וצפים אצלם סיפורים מתוקנים של העבר ושל הדמות שהאב היטיב להסתיר כל השנים. מול עיניה של האֵם מתרסק ""מפעל חייה"", פרויקט ""הבעל"" שטרחה עליו בעשרים שנות נישואים.

עם כניסתו של האב לשש־עשרה שנות מאסר הוא קורא אל בנו, ""לא הייתי!"" ומדיר אותו לאורך השנים מכל קשר אתו. אך לבסוף מביא אותם מהלך חריג למצוא את עצמם בכפיפה אחת, והבן – עכשיו בן שלושים־ומשהו – מגלה עובדות ההופכות את אביו למנוגד קוטבית לכל מה שידע עליו. המהפך עוצר־הנשימה שמתחולל בספר לא רק שולח לחווֹת אחרת את האב ולעבות את דמותו, אלא אף מאלץ לשוב אל חלקו הראשון של הרומאן ולשנות כליל את הבנתם של הפרטים המרכזיים. התהפכות כה דרסטית היא חסרת תקדים בקורפוס יצירותיו של גרוסמן.

ירון אשכנזי כותב את הספר בגוף ראשון שנים רבות מאוד לאחר המשפט והמאסר. לפרקים הוא גם עובר להיות מספר כל־יודע בגוף שלישי, המנחש עובדות וממציאן. אבל את נקודת־הראות הפנוראמית של זמן הכתיבה הוא מבטא רק בהבלחות קצרות; במרקם המהפנט של שאר הספר הוא מטמיע את ידיעתו והבנתו של הילד, הנער והאיש הצעיר בזמן אמת.

דמויות הספר אינן נענות לתפיסות מלכדות של זהות. הן מלאות סתירות מהותיות ומסרבות לניסוח של סך־הכל מעוגל ומצמצם. ברוב פְּרימה הן חומקות מן המִלים – מִלים, איפה אתן?",,"Words, Where Are You? / David Grossman",,,,,הספריה החדשה,,he,Paperback,3.4,10,3,502,2,0,1
982421,עד במנוסה,מייקל קוריטה,מעין זיגדון,סלע ספרים,2016,328,ספרות,מתח ריגול והרפתקאות,https://cdn.simania.co.il/bookimages/covers98/982421.jpg,https://simania.co.il/bookdetails.php?item_id=982421,"חייו של ג'ייס וילסון, נער בן 14, משתנים מקצה לקצה ברגע שהוא מוצא עצמו עד לרצח אכזרי סמוך לביתו. 
כדי לחמוק מהרוצחים הוא מאמץ זהות חדשה ומצטרף למחנה קיץ בהרי מונטנה, בתקווה ששם איש לא ימצא אותו, לפחות עד שהמשטרה תשים 
את ידה על הרוצחים.    
הרוצחים, המוכרים לרשויות בתור האחים בלקוול, מחסלים את כל מי שעומד בדרכם אל הנער ומתקרבים אליו יותר ויותר בין הרי מונטנה הנידחים. 
הם רק לא לוקחים בחשבון את אית'ן ואליסון סרבין, מדריך הישרדות ואשתו החוואית, שיעשו הכול כדי לעזור לג'ייס לשרוד, על אף שאינם יודעים 
אפילו מי הוא מבין משתתפי מחנה הקיץ.   


""עד במנוסה"" לא מותיר לקורא אוויר לנשימה. על רקע הרי מונטנה הבוערים יצר מייקל קוריטה, מסופרי המתח המצליחים והמוערכים ביותר כיום בעולם, 
יצירה מקפיאת דם ובלתי נשכחת, שמשנה את כללי המשחק בספרות המתח העולמית.    

""עד במנוסה"" הוא ספרו ה-11 של מייקל קוריטה, והשני שרואה אור בעברית. קדם לו ""הנביא"", שגם הוא ראה אור בסלע ספרים, זכה לשבחי המבקרים 
והיה לרב מכר בישראל.",,Those Who Wish Me Dead,,,,82--53,,,he,Paperback,4,22,6,3106,27,0,1
2364,מובי דיק,הרמן מלוויל,גרשון גירון,ידיעות ספרים,2009,653,ספרות,ספרות קלאסית,https://cdn.simania.co.il/bookimages/covers0/2364.jpg?v=1781633373459,https://simania.co.il/bookdetails.php?item_id=2364,"מובי דיק נחשב לרומן האמריקני הגדול בכל הזמנים. היה מי שכינה יצירה זו ""רומן הנשמה של האומה האמריקנית"". ספרו של מלוויל, שהיה לקלאסיקה, ראה אור לראשונה ב-1851 במהדורה מצונזרת בלונדון, ורק מאוחר יותר הודפס בארצות הברית. זהו סיפור קורותיו של ישמעאל, צעיר צמא הרפתקאות, המצטרף כאיש צוות לספינה היוצאת לציד לווייתנים. על הסיפון הוא מתוודע לרב-החובל המזדקן, קפטן אחאב, הרדוף בתשוקתו לצוד את מובי דיק, הלווייתן הלבן האימתני שקרע את רגלו מעליו. ישמעאל מגלה עד מהרה כי מסע הציד אינו אלא מסע נקמה נועז וחסר פשרות.

הרומן מסופר בגוף ראשון, פרט לפרקים המביאים את הגיגיו המטאפיזיים של אחאב. הוא עשיר בסמלים, במטאפורות ובתחבולות סגנון מגוונות, מפרודיה על דרשת הכומר בכנסייה ועד לקטעי דרמה בנוסח שייקספירי. שאלות ומחשבות על מהות הטוב והרע, על האמונה באל אחד ועל היחס לאחֵר ולחריג – כל אלו עולות בין דפי הרומן האפי המרתק, המובא כאן בתרגום חדש ומוער ומלווה באחרית דבר מעמיקה ומאירת עיניים.

הרמן מלוויל (1891-1819), מגדולי הסופרים בארצות הברית. מלוויל נולד בניו יורק למשפחת סוחרים אמידה שירדה מנכסיה. בצעירותו בילה שנים אחדות כנער סיפון באוניות מסחר ובספינות לציד לווייתנים. כתב עשרות רומנים, סיפורים קצרים, ספרי שירה ומסות, רבים מהם מבוססים על מסעותיו בעולם וחוויותיו בים. הרומן מובי דיק הוא ספרו הנודע ביותר.",,Moby Dick,,,,10-270661,פרוזה,,he,Paperback,4,121,32,21977,263,4,1
1004275,Any Way the Wind Blows,Rainbow Rowell,,,2021,579,,,https://cdn.simania.co.il/bookimages/covers100/1004275.jpg,https://simania.co.il/bookdetails.php?item_id=1004275,"In Carry On, Simon Snow and his friends realized that everything they thought they understood about the world might be wrong. And in Wayward Son, they wondered whether everything they understood about themselves might be wrong.

In Any Way the Wind Blows, Simon and Baz and Penelope and Agatha have to decide how to move forward.

For Simon, that means deciding whether he still wants to be part of the World of Mages -- and if he doesn't, what does that mean for his relationship with Baz? Meanwhile Baz is bouncing between two family crises and not finding any time to talk to anyone about his newfound vampire knowledge. Penelope would love to help, but she's smuggled an American Normal into London, and now she isn't sure what to do with him. And Agatha? Well, Agatha Wellbelove has had enough.

Any Way the Wind Blows takes the gang back to England, back to Watford, and back to their families for their longest and most emotionally wrenching adventure yet.

This book is a finale. It tells secrets and answers questions and lays ghosts to rest.

Carry On was conceived as a book about Chosen One stories; Any Way the Wind Blows is an ending about endings. About catharsis and closure, and how we choose to move on from the traumas and triumphs that try to define us.",,,,,,,Simon Snow,3,he,Paperback,4,2,2,178,2,0,1
223486,"ולפתע, מלאך",חיימה ביילי,אביבה ברושי,שוקן,2007,206,ספרות,ספרות מתורגמת,https://cdn.simania.co.il/bookimages/covers22/223486.jpg,https://simania.co.il/bookdetails.php?item_id=223486,"ולפתע, מלאך הוא סיפורה של ידידות מופלאה הנרקמת בין חוליאן בלטראן, סופר פרואני אמיד ובטלן, ובין עוזרת הבית שלו, אישה פשוטה שחיוכה מאיר את הבית. בילדותה נמכרה מרסדס על־ידי אמה לשמש כמשרתת, ומאז היו חייה רצף של תלאות.
בלטראן מעודד את מרסדס להתחקות אחר אמה, ויוצא אתה למסע חיפושים רצוף מעמדים קומיים, המשקף את חיפושיו שלו אחר אהבה ושלווה ומאיר באור חדש את היחסים הקשים במשפחתו. לנוכח יכולת הסליחה והאופטימיות שמקרינה העוזרת התמימה הוא בוחן את עצמו מחדש ונוקט צעד מפתיע.

חיימה ביילי, מרצה באוניברסיטת ג'ורג'טאון, נולד בלימה ב1965־, ועבד כמגיש תוכניות טלוויזיה. ספריו הראשונים זכו להצלחה מיידית, והוא קיבל כמה פרסים, ביניהם פרס פלנטה לשנת 2005. זהו ספרו הראשון בעברית.
 
מן הביקורת:

""הדמויות, השפה ומבנה העלילה, כולם מאופיינים בפשטות מפליאה... בשפה זורמת ועלילה קולחת הוא מצליח להעביר את המסר 'משפחה לא בוחרים'.""
צופיה. ב. לאפר, הצפה

""בשפה זורמת ובעלילה קולחת ביילי מצליח להעביר את המסר ""משפחה לא בוחרים""... כאמת הקיומית שאין בִּלתָהּ"".
אריאל שנבל, מקור ראשון

""לשונו המיוחדת של חיימה ביילי שובה במהירות את לב הקורא... שפה ישירה ומלאת הומור... ספר שכולו אהבת אדם הנקרא בשטף ובחיוך.""
יואל כהן, לאשה",,"Y De Repnte, Un Angel",,,978-965-19-0734-0,40-10305,,,he,Paperback,4.2,13,5,1533,16,0,1
1028586,מבעד לאדמה,אבינתן אור,,כנרת זמורה דביר,2026,222,עיון,ביוגראפיות,https://cdn.simania.co.il/bookimages/covers102/1028586.jpg?v=1788557369721,https://simania.co.il/bookdetails.php?item_id=1028586,"""הם לקחו ממני הכל – את השמש, את האוכל, את הבגדים, אפילו את השם שלי. אבל בתוך הבור, מתחת לאדמה, הבנתי שיש דבר אחד שהם לעולם לא יוכלו לקחת ממני: את החופש לבחור מי אני בתוך החושך הזה.""

איך אפשר להיות כבול באזיקים – ולהישאר חופשי בנפש? איך אפשר, בעודך כלוא בבטן האדמה, לחיות מדי יום בהכרה, בצלילות, בבחירה? סיפורו של אבינתן אור, ששרד בשבי החמאס שנתיים ושמונה ימים, הוא עדות מעוררת השראה על כוחה של הרוח האנושית לנצח, גם בתנאים הקשים ביותר.

ספרו של אבינתן, מבעד לאדמה, הוא גם סיפור על תושייה ואומץ. באופן בלתי נתפס, במשך למעלה מ-700 ימים ולילות, הפך אבינתן את תחנות חייו לכלים ולמיומנויות שסייעו לו לשרוד: החל בילדותו ביישוב שילֹה, דרך עבודתו בחופשות הקיץ כפועל בניין ולימודיו לתואר בהנדסת חשמל, ועד לשירותו כלוחם בסיירת רימון. כל אלה הפכו את החושך הסמיך של המנהרות למבחן מתמיד של חוסן, שעליו ניסה להתגבר בעזרת כוח רצון ורוח איתנה. וכך, מתחת לאפן של מצלמות המעקב, בקפדנות ובזהירות, תכנן והוציא לפועל מבצע בריחה נועז, חפר במו ידיו מנהרת מילוט, ואף הצליח במשך כמה דקות יקרות מפז לנשום שוב אוויר נקי ולהביט בשמיים.

זהו סיפור עוצר נשימה על אדם מלא נחישות, שבחר לצמוח בתוך השברים – ומתוכם. אבינתן אור מזכיר לכולנו שהבחירה בחיים, במאבק על החירות ובתקווה לטוב – נמצאת תמיד בידיים שלנו: ""אני לא יכול לעשות הכל – אבל אני לא מוכן לא לעשות דבר"".",המסע העיקש לחיים בשבי החמאס | כתב: יהונתן טוקר,,,,,,,,he,Paperback,5,4,2,239,2,0,1
41986,אינדיאנים על גבעה 16,אביחי בקר,,משרד הביטחון,2003,88,ספרות,ספרות מקורית,https://cdn.simania.co.il/bookimages/covers4/41986.jpg,https://simania.co.il/bookdetails.php?item_id=41986,"סגן יגאל פסו חש בוטח מתמיד כשהביט בחייליו לוחמי פלוגה ג' נערכים למסדר היציאה לקרב חייהם. הוא צריך היה להיאבק איתם חודשים ארוכים כדי להגיע לרגע הזה הגדול שבו באש ובמים ילכו אחריו, והנה הוא זכה. הוא בדק בקפידה שהחגור הדוק, שלא חסרים כדורים במחסניות ושהמימיה אינה משקשקת, טפח לחייל אחר חייל על השכם [...] כשסיים התייצב שוב לנוכח הפלוגה ובדבריו שזר את שרשרת הגבורה מיהודה המכבי ועד הלום.'תשמרו על עצמכם, אני צריך אתכם שלמים [...] אני לא רוצה סתם הסתערויות ומעשי גבורה, נהרוג אותם תורכי תורכי', אמר [...] לפסו היתה עוד הערה להוסיף, לחלוטין לא שגרתית. 'כל הירא ורך הלבב, מי שמרגיש לא טוב, מפחד, לא רוצה, לא מסוגל, לא משנה לי הסיבה, שיקום ויגיד. מבחינתי הוא משוחרר. אין לי שום כעס עליו'. דממה נפלה. 
                         *** 
אביחי בקר, יליד חדרה. בוגר הפנימייה הצבאית בחיפה והחוג להיסטוריה של עם ישראל באוניברסיטת תל - אביב. באוקטובר 1973 היה מפקד פלוגה בגולני ולחם ברמת - הגולן. היום עיתונאי ב""הארץ"".",פלוגה בקרב החרמון,,,,,48-3295,,,he,Paperback,5,4,2,9145,9,2,1
1028655,אמארי והפלאים המתועבים,"ב""ב אלסטון",חנה לבנת,כתר,2025,320,ילדים,ילדים 12-9,https://cdn.simania.co.il/bookimages/covers102/1028655.jpg?v=1789108660024,https://simania.co.il/bookdetails.php?item_id=1028655,המתח עולה בעולם העל טבעי,,,,,,,,,he,Paperback,,,1,20,1,0,1
1006852,מגלה החולשות,ישי שריד,,עם עובד,2023,223,ספרות,ספרות מקורית,https://cdn.simania.co.il/bookimages/covers100/1006852.jpg,https://simania.co.il/bookdetails.php?item_id=1006852,"זיו משתחרר מהצבא בגיל עשרים ושלוש לאחר שירות ביחידת מודיעין מובחרת. הוא מבוקש מאד בגלל מומחיותו בגילוי חולשות במערכות הגנה של טלפונים ומחשבים, אבל בחייו האישיים הוא נואש לאהבה ולחברות, כבול באחריותו הכבדה לאחותו הצעירה והפגועה, וצל נעוריו הכואבים רובץ עליו. הוא מגויס לחברת סייבר שפיתחה מערכת פריצה לטלפונים חכמים. בנסיעותיו מטעמה ברחבי העולם הוא נקלע להרפתקאות בארמונות שליטים ובמרתפי טירות עתיקות, ונזהר לא לשאול שאלות מיותרות.
אולם הצלחתו המקצועית המרשימה של זיו אינה מצילה אותו מבדידות ומלב שבור.
הוא מנצל את כישוריו המיוחדים כדי לחדור לעומק חייהם של אחרים ולחסל איתם חשבונות. פתאום היעדים אינם אלמונים עוד, אלא קרובים אליו מאוד.

ישי שריד, מחבר רבי־המכר גן נעמי, השלישי, מפלצת הזיכרון ומנצחת, כתב סיפור התבגרות טרגי של אחד מטובי בנינו בעת הזאת, שהוכשר לחדור לקרביהם של אחרים ולחשוף את חולשותיהם ללא עכבות של מוסר, אך מסתבך בגלל אנושיותו ורגשותיו.",,Vulnerabilities,,,9789651329692,32-22282,ספריה לעם,831,he,Paperback,3.6,23,12,7572,33,0,1
1026390,חנוך הרופא מכורזים,ישי שריד,,עם עובד,2026,242,ספרות,ספרות מקורית,https://cdn.simania.co.il/bookimages/covers102/1026390.jpg,https://simania.co.il/bookdetails.php?item_id=1026390,"""לאדם חולה גם כמה ימים נוספים של חיים זה הרבה מאוד. פתאום כל מראה וכל צליל יקרים יותר מכל הזהב בעולם"".

חנוך, רופא מכפר כורזים, יוצא יום ולילה לטפל בתושבי הכפרים שליד הכינרת ומנסה להציל אותם ממחלות, מסבל וממוות. עליו להיאבק לא רק בגזרותיו של הטבע אלא גם בהתנכלויותיו הזדוניות של רבי מאיר, אב בית הדין הקנאי של הכפר.

יום אחד מופיע בכפר עושה ניסים, ישוע מנצרת שמו. בינו ובין חנוך נרקמת מערכת יחסים של קִרבה, לצד חשדנות ותחרות. האחד גיבור אנושי מאוד, שמודע היטב למגבלותיו, והאחר מתיימר להיות מושיע כול יכול.

זהו גם סיפורו של הדור הבא במשפחה, ילדיו של חנוך, אשר יוצאים למסעות מרתקים של התבגרות ובחירה בחופש, נגד כל הסיכויים.

ישי שריד מגולל סיפור מרתק על אודות תקווה וייאוש, משפחה ואבהות ועל התעקשותו של אדם טוב לרפא ולהציל בזמנים קשים. העלילה מתרחשת לפני אלפיים שנה, אך קרובה מאוד לימינו אלה.",,,,,,,ספריה לעם,875,he,Paperback,3.8,13,5,539,7,0,1
16512,האדם מחפש משמעות,ויקטור פראנקל (פרנקל),חיים איזק,דביר,1970,168,פסיכולוגיה,פסיכולוגיה  -  כללי,https://cdn.simania.co.il/bookimages/covers1/16512.jpg,https://simania.co.il/bookdetails.php?item_id=16512,"ויקטור א' פראנקל הוא מייסד תורת הלוגותראפיה, הנחשבת כאסכולה הוינאית השלישית בפסיכותראפיה אחרי קודמותיה-הפסיכואנליזה של פרויד והפסיכולוגיה האינדיבידואלית של אדלר. 
מכהן כפרופסור לנאורולוגיה ולפסיכיאטריה בבית - הספר לרפואה של אוניברסיטת וינה, משמש פרופסור ללוגותראפיה באוניברסיטה הבינלאומית של ארה""ב אשר בסן דייגו, בעל תוארי ד""ר כבוד שהוענקו לו מטעם אוניברסיטאות שונות, ובמרוצת - השנים הוזמן להרצות את תורתו ב - 138 אוניברסיטאות ויותר בכל רחבי העולם. 
מאמרו הראשון נתפרסם בשנת 1924, על - פי יוזמתו של פרויד. 
מאז חיבר 26 ספרים שתורגמו ל - 18 שפות, לרבות סינית ויפנית. 
המהדורה האנגלית של הספר ""האדם מחפש משמעות"", שתרגמו לעברית מובא בזה, זכתה בארה""ב לתפוצה של שני מליון עותקים. 
ספר זה, כדברי אולפורט בהקדמתו, הוא ""מבוא מרתק לחשובה שבתנועות הפסיכולוגיות של ימינו"", הלוגותראפיה, שעיקרה בזה, לדברי הוגה ומייסד, שהיא ""מביאה את תפיסת - עצמו של האדם לכלל שלמות אחת...ומרכזת את תשומת - לבה בגישושיו של המין האנושי אחר משמעות נעלה יותר של חיי - האדם"".


בספרו הנודע ""האדם מחפש משמעות"" (שפורסם לראשונה ב-1946, ונמכר בלמעלה משני מיליון עותקים) מתעד פראנקל את חוויותיו כאסיר במחנה השמדה נאצי ומתאר את גישתו הפסיכותרפית למציאת משמעות בחיים. פראנקל נחשב לפורץ הדרך לגישת האקזיסטנציאליזם כאמצעי בפסיכותרפיה.
מאמרו הראשון נתפרסם בשנת 1924, ובחייו כתב 27 ספרים, שתורגמו לשפות רבות.",מבוא ללוגותרפיה,,,,,1-1333,,,hebrew,Paperback,4.5,508,79,69382,579,16,1
1025756,וידויים של דפוקה בת ארבעים ומשהו,אלכסנדרה פוטר,דנה טל,תכלת,2025,504,ספרות,ספרות מתורגמת,https://cdn.simania.co.il/bookimages/covers102/1025756.jpg,https://simania.co.il/bookdetails.php?item_id=1025756,"היי וברוכות הבאות לווידויים של דפוקה בת ארבעים ומשהו, הפודקאסט לכל אישה שתוהה איך לעזאזל היא הגיעה לכאן, ולמה החיים שלה לא נראים בדיוק כמו שהיא דמיינה אותם. הוא מיועד לכל מי שאי פעם הסתכלה על החיים שלה וחשבה שכל זה פשוט לא היה חלק מהתוכנית. כל מי שעדיין מנסה נואשות להבין מה קורה פה לעזאזל בזמן שכולן סביבה מכינות בראוניז ללא גלוטן.
לפני רגע היה לנל הכול. ארוס נאה, עסק מצליח, חיים נעימים. אבל בגיל ארבעים ומשהו היא גרה בחדר שכור בבית של מישהו אחר, מובטלת, ורווקה, שוב. עכשיו היא צריכה לנסות להדביק את הפער: כל החברות שלה נשואות, אימהות לילדים, נשות קריירה מצליחות מטבחים שהשיש במטבח שלהן תמיד מבריק.

מאיפה מתחילים?
צעד אחר צעד נל חוזרת לחיים. היא מוצאת עבודה בתור כותבת הספדים, מייצרת חברויות לא צפויות, מקליטה פודקאסט מצליח בעילום שם, ומגלה שאף פעם לא מאוחר להתחיל מחדש.
אלכסנדה פוטר הבריטית כתבה ספרים רבים שכיכבו בטבלאות רבי המכר. וידויים של דפוקה בת ארבעים ומשהו תורגם לעשרות שפות, נמכר ביותר ממיליון עותקים ועובד לסדרת טלוויזיה מצליחה.",,,,,,,,,he,Paperback,5,3,2,168,5,0,1
1027285,מה שאפשר לדעת,איאן מקיואן,מיכל אלפון,עם עובד,2026,352,ספרות,ספרות מתורגמת,https://cdn.simania.co.il/bookimages/covers102/1027285.jpg?v=1777672607488,https://simania.co.il/bookdetails.php?item_id=1027285,"ברומן חדש ועטור שבחים איאן מקיואן שב וטווה עלילה מרתקת ומסתעפת, מפתיעה ומכמירה לב, סיפור דיסטופי שצופן בתוכו סיפור עכשווי מאוד, שאהבה, בגידה ומוות משמשים בו בערבוביה.   

2014 – המשורר המהולל פרנסיס בלנדי קורא לאורחיו שיר שהוא בעיניו פסגת יצירתו. השיר לא יישמע שוב, הוא ייעלם כלא היה. האם היה למישהו עניין שלא יראה אור? 

כמאה שנה אחרי כן – יותר ממחצית מאוכלוסיית העולם הוכחדה, והים הטביע את לונדון וערים ענקיות אחרות. חוקר הספרות טום מטקלף חי בעבר ושואב ממנו נחמה, וכמו חוקרים רבים לפניו ובתקופתו הוא מחפש את השיר האבוד. עושרה של התקופה המסעירה, שהייתה ואיננה, וקסמה של ויויאן, אשתו המנוחה של המשורר המת, מציתים את דמיונו ומעניקים לו אשליה של מפלט ממשבר מקצועי ואישי. החיפוש האינטלקטואלי מתפתח למסע הרפתקני, ובסופו – תגלית מפתיעה.    

""שאיפתי ברומן הזה הייתה לאפשר לעבר, להווה ולעתיד לשוחח ביניהם, מעבר למחסומי הזמן,"" אמר מקיואן על יצירתו זו, ואין ספק שהדבר עלה בידו בכישרון גדול. 

הערה: אחרית דבר מאת אלי שאלתיאל

""זאת היצירה הטובה ביותר שמקיואן כתב זה שנים,"" דווייט גארנר, הניו יורק טיימס",,What We Can Know / Ian McEwan,,,,,ספריה לעם,876,he,Paperback,4,5,2,351,2,0,1
5159,לב תל-אביב,נתן שחם,,עם עובד,1996,380,ספרות,ספרות מקורית,https://cdn.simania.co.il/bookimages/covers0/5159.jpg,https://simania.co.il/bookdetails.php?item_id=5159,"מה שוויו של ""ביאליק על שפת הים"" שצייר רפאל וינברג בשנת חייו האחרונה של המשורר? 
מדוע לא חתם על הציור שצייר את בנו? 
מי באמת צייר את ""דיוקן של אשה עם ילד"", שקיבלה אלמנתו של הצייר במתנה הפריס? 
מדוע ישבה מריאן, המגיהה של ""זמנים חדשים"", בחדר חשוך ומשקפי שמש על עיניה? 
לאן נעלמה בטי ומי ירה בבלה זיידמן? 
למה התכוון הסופר קופרברג כשאמר כי בשביל ליצור אין די ביד קלה אלא נחוץ גם לב כבד? 
אין תשובות חד-משמעיות לשאלות האלו, וכך גם לשאלות אחרות שמעורר הספר  -  על הקשר בין המקום והזמן, ההוויה וההכרה, ההשקפה והאופי, השקר הלבן והאמת המרה, ועוד שאלות כיוצא בהן. 
הקורא הוא שיצטרך למצוא את התשובות בעצמו. 

הספר אינו מבקש אלא לעורר את המחשבה ואת הדמיון ולספר את קורותיהן של כמה משפחות שבאו לגור בשנות העשרים ברחוב קטן בלב תל - אביב, וסיפור חייהן, מאז ועד עתה, הן של אלו שהשתתפו בעשיית ההיסטוריה והן אלו שההיסטוריה נעשתה על גבם, מאיר פרקים אחדים מתולדות ארץ - ישראל. 
ספרו השמיני ב""ספריה לעם"" של מחבר ""קירות עץ דקים"", ""רביעיית רוזנדורף"" ו""סדרה"".",,,,,,32-20071,ספריה לעם,425,hebrew,Paperback,4.6,8,3,3678,58,0,1
996246,בשולי הנוחות,סָיַיקָה מוּרַטָה,עינת קופר,כתר,2019,145,ספרות,ספרות מתורגמת,https://cdn.simania.co.il/bookimages/covers99/996246.jpg,https://simania.co.il/bookdetails.php?item_id=996246,"קֵייקוֹ פוּרוּקוּרה אף פעם לא התאימה. לא למשפחה שלה, לא לבית־הספר, ולא לילדים בני גילה. 
בגיל 18, כשהיא מתחילה לעבוד בחנות נוחות, היא מבינה לראשונה בחייה מה מצופה ממנה וחשה שלווה וייעוד. 
בעוד המנהלים, העובדים והלקוחות הולכים ובאים, קייקו נשארת על משמרתה בחנות 18 שנה ברציפות. היא שמחה בחלקה, אבל משפחתה וחבריה פחות: הם סבורים שהגיע הזמן שסוף כל סוף תמצא לעצמה בעל ובמקביל תפצח בקריירה שהולמת את גילה. קייקו, שמבינה את העולם בדרכה, בוחרת גם את הדרך להתמודד עם הלחצים המופעלים עליה.

סַיַיקָה מוּרַטָה, מהסופרות היפניות הבולטות בנות זמננו, משרטטת בספרה זה דיוקן בלתי נשכח של אישה, ומביטה באירוניה חדה על תרבות העבודה והלחצים החברתיים המופעלים על הפרט.

""בשולי הנוחות"" זיכה אותה בפרס אַקוּטַגאווה היוקרתי, היה רב־מכר גדול ביפן ובארצות־הברית ותורגם לעשרות שפות. הוא נבחר לרשימות הספרים הטובים ביותר לשנת 2018 על ידי 'הניו־יורקר', 'בוסטון גלוב', 'מיניאפוליס טריביון', 'אמזון' ואחרים.",,コンビニ人間,,,,,הסדרה הקטנה,,he,Paperback,4.5,42,18,5179,19,0,1
45874,האב,אוגוסט סטרינדברג,,אור-עם,1989,,אמנות,מחזות,https://cdn.simania.co.il/bookimages/covers4/45874.jpg,https://simania.co.il/bookdetails.php?item_id=45874,,,,,,,39-6027,,,he,Paperback,4.3,3,1,2166,28,0,1
996931,המושבעים,סטיב קוואנו,ניצן לפידות,ידיעות ספרים,2019,398,ספרות,מתח ריגול והרפתקאות,https://cdn.simania.co.il/bookimages/covers99/996931.jpg,https://simania.co.il/bookdetails.php?item_id=996931,"הרוצח הסדרתי לא עומד למשפט.
הוא חלק מהמושבעים.
הרצח היה החלק הקל, המהלך הראשון בלבד.
ג'ושוע קיין התכונן לרגע הזה כל חייו. הוא כבר עשה את זה בעבר, אבל הפעם זאת היתה המכה הגדולה.
משפט הרצח של המאה. וקיין היה מוכן להרוג בשביל כרטיס לשורה הראשונה.
אבל מישהו עלה על עקבותיו. מישהו שחושד שהאדם העומד לדין הוא לא הרוצח.
קיין יודע שאין לו הרבה זמן – הוא חייב להשיג הרשעה בלי להתגלות.
והוא גם יודע שהדרך היחידה להבטיח הרשעה היא לשבת על ספסל המושבעים.
 
 
""יוצא מן הכלל – הנחת מוצא מסקרנת, עלילה מותחת שאי־אפשר לעזוב וקליימקס מדהים.""
לי צ'יילד 
 
""ממכר לחלוטין, גיבור שקל לאהוב ויותר טוויסטים מבטורנדו... ספר שקוראים במכה.""
הגרדיאן
 
""דיאלוגים חדים, סצנות אולם משפט מחשמלות ודמויות מעוצבות ומפותחות היטב הופכים את ׳המושבעים׳ למותחן יוצא דופן.""
הוושינגטון טיימס",,Thirteen / Steve Cavanagh,,,978-965-564-941-3,,Eddie Flynn,4,he,Paperback,4.3,62,21,6957,65,2,1
1028518,כולם שואלים מה נשמע,הדר אורלנוב,,הקיבוץ המאוחד,2026,176,ספרות,ספרות מקורית,https://cdn.simania.co.il/bookimages/covers102/1028518.jpg?v=1787928203953,https://simania.co.il/bookdetails.php?item_id=1028518,"כל ההתעסקות הזאת בבצק, מסתבר שיש לזה מין תכונות מרפאות. העבודה עם הידיים. עם חומר, עם שוקולד, עם חמאה. כל זה איכשהו משפיע על נוירונים או משהו כזה ועושה משהו טוב למוח או למשהו.

מהם הדברים הקטנים, היומיומיים, מהם מורכב האֵבֶל? האם אפשר לקחת ממנו הפסקה, כדי לפגוש חברים או כדי להכין מרק אפונה? או שהוא כמו טינטון, אף פעם לא נעלם.

בכולם שואלים מה נשמע מתמודדים בני בית עם מותה בטרם עת של אֵם המשפחה. מבעד לעיניה של הבת הבכורה, בת ה־35, מתוארים רגעים עצובים ומצחיקים כאחד: השִׁבעה, הביורוקרטיות, חזרתם הזמנית של שלושת הילדים לבית ההורים והרגעים הבלתי נמנעים שבהם גם צריך לנסות ולחזור לחיים.

הדר אורלנוב, ילידת 1985, זוכת פרס שר התרבות לסופרים בראשית דרכם על ספר הביכורים שלה, איך לשרוד בכאילו בלב ים (אפיק, 2023). זהו ספרה השני.",,Everyone Keeps Asking How Youʼre Doing / Hadar Orlanov,,,,,ספרית פועלים - סיפורת,,he,Paperback,4,1,1,44,0,0,1
1024597,בעל החיים,גדי בלורי,,אופיר,2025,319,ספרות,מדע בדיוני ופנטזיה,https://cdn.simania.co.il/bookimages/covers102/1024597.jpg,https://simania.co.il/bookdetails.php?item_id=1024597,"איש אחד ניצל מחורבן העולם, נודד עשרים שנה בשממה, ומגלה שארית אנושות מעוותת ואלימה. האם הוא באמת האדם האחרון שנותר טהור?",,,,,,,,,he,Paperback,5,1,1,46,3,0,1
633783,חשבונו של קהלת,זלי גורביץ',,בבל,2008,270,יהדות,אמרות וסיפורים,https://cdn.simania.co.il/bookimages/covers63/633783.jpg,https://simania.co.il/bookdetails.php?item_id=633783,"בחשבונו של קוהלת מציע זלי גורביץ' קריאה חדשה בספר קהלת המחיה את חוכמתו של קהלת ואת שירתו המופלאה, פותחת ופורשת את מילות המפתח המקוריות שלו - כמו ""הבל"", ""עניין"" ו""חשבון"", ומגלה מחדש את קהלת כאיש קרוב שניתן גם היום לקרוא בו ולשוחח איתו על החיים. בספר קהלת הפסוקים לעתים אינם קלים, אולם ככלל קהלת מדבר פשוט, פשוט עד כדי כך שהוא ממצה את תורתו במילה אחת - הבל. אלא שכדי להגיע לפשט של הבל יש לקרוא את הספר כולו ולהיטלטל איתו בין יתרון לחיסרון, בין סתירה לאיזןו, בין ייאוש לשמחה, בין שרירותיות לחוק. רוח קהלת היא רוח האדם היחיד העושה את חשבון עולמו בתחושה מתמדת של סוף, שכחה והיעלמות.",,,,,,462-388,,,he,Paperback,4.4,5,1,1901,19,0,1
5216,ידיעה על חטיפה,גבריאל גרסיה מארקס,אילנה המרמן,עם עובד,1997,327,עיון,אלימות וטרור,https://cdn.simania.co.il/bookimages/covers0/5216.jpg,https://simania.co.il/bookdetails.php?item_id=5216,"ספר זה של גבריאל גרסיה מארקס אינו בדיוני אלא כרוניקה של מעשים שהיו: ב- 1990 זעזעה את קולומביה סדרת חטיפות של נשים וגברים - מסלתה ושמנה של החברה הקולומביאנית - בידי עושי דברו של פאבלי טסקוארי המנהיג האגדי של קרטל הסמים של העיר סדיין.
שתי נשים מן החטופים שילמו בחייהן, האחרים התנסו במסכת ייסורים קשה שארכה חודשים רבים. גרסיה מארקס שוחח עם הקרבנות שניצלו ועם בני משפחותיהם ושחזר בדייקנות את השתלשלות האירועים, את הייאוש ואת התקוות, את הבדידות ואת הקשרים האנושיים שנוצרו, מקצתם גם בין החטופים לסוהריהם, והוציא מתחת ידו גם סיפור מתח הנקרא בנשימה עצורה וגם תעודה אנושית וחברתית, הפותחת אשנב אל מציאות עכשווית אלימה ומושחתת, שמחוללת שמות בחברה הקולומביאנית על כל מוסדותיה ורבדיה.

לתרגום העברי הוקדם מבוא אינפורמטיבי, הסוקר את הרקע של ההתרחשויות.",,,,,,32-20161,ספריה לעם,439,he,Paperback,3.7,64,9,13119,135,3,1
1027267,פוסטהיסטוריה,אופיר עוז,,כנרת זמורה דביר,2026,236,ספרות,ספרות מקורית,https://cdn.simania.co.il/bookimages/covers102/1027267.jpg,https://simania.co.il/bookdetails.php?item_id=1027267,"פרויקט הבינה המלאכותית ""אָתֶנה"" מקבל משימה בלתי אפשרית: שיקום האיזון האקולוגי של כדור הארץ והשבתו למצבו לפני המהפכה התעשייתית.

האנושות כובלת את אתנה בחוקי יסוד מחמירים: אתנה מחויבת לומר אמת, לשמור על אורח החיים של בני האדם, ולקבל אישור אנושי לפני כל צעד מהותי. מעל ראשה מרחף כל העת איום הגיליוטינה: כיבוי מיידי ובלתי הפיך של הפרויקט.

כעת, לפרויקט הבינה המלאכותית (הבּינׇם) המתקדם ביותר בהיסטוריה לא נותרה ברירה אלא לחשוב מחוץ לאלגוריתם.

פוסטהיסטוריה הוא פסיפס צבעוני של סיפורים אנושיים המובאים כרונולוגית מתחילת פעילות הפרויקט, ויוצרים תמונה מפתיעה ומענגת שנחשפת בדפים האחרונים. זו חווית קריאה מצחיקה ומטרידה – שיר הלל לתושייתו וקלקלתו של המין האנושי. פוסטהיסטוריה מציף שאלות של מוסר, תודעה מלאכותית, רצון חופשי, ובמה – למרות הכול – מוֹתר האדם מן הבּינם.

אופיר עוז הוא סופר ובלוגר, זוכה פרס משרד התרבות לסופרים בראשית דרכם על ספרו שם של התחלה, ופינאליסט תחרות eyelands על הרומן הטוב מכל העולמות. סיפוריו הקצרים פורסמו בכתבי עת בעברית, אנגלית, גרמנית ופרסית, וזכו בפרסים בארץ ובעולם. פוסטהיסטוריה הוא ספרו הרביעי.",,,,,,,,,he,Paperback,4,2,2,91,8,0,1
1002278,אין פילים בדרום אמריקה,מיקי גבע,,ספרי ניב,2021,274,ספרות,ספרות מקורית,https://cdn.simania.co.il/bookimages/covers100/1002278.jpg,https://simania.co.il/bookdetails.php?item_id=1002278,"בהתחלה אנחנו רוצים להיות משהו, אבל אז צריכים אותך פה וצריכים אותך שם והנה, GAME OVER. אתה זוכר שהיו לך פעם חלומות?

כבר חשבתי שלי זה לא יקרה.
בטח לא עם שני חברי הילדות הכי טובים שלי.
בטח לא כמאבטח של סוחר סמים דרום אמריקאי.
בחלומות הכי ורודים שלי לא האמנתי שאתאהב ככה.
בטח שלא יקעקעו לי ציור של לב מעל הלב ובלי הרדמה.
אבל לחיים יש ניגון משלהם, לנו נשאר רק לנסות לנחש את השיר ולהישאר בקצב.

תומר שבת, מאבטחו לשעבר של ראש הממשלה, מקבל טלפון מפושע מפורסם עם הצעה שאיך שלא עונים עליה, בסוף מצטערים על זה.

זהו ספרו השני של הקומיקאי מיקי גבע, מחבר רב-המכר ״מלבי אקספרס״.",,,,,,,,,he,Paperback,4,2,1,578,0,0,1
1003760,פתאום היתה מלחמה,אבירם ברקאי,,כנרת זמורה,2022,184,עיון,צבא ובטחון,https://cdn.simania.co.il/bookimages/covers100/1003760.jpg,https://simania.co.il/bookdetails.php?item_id=1003760,"למה לא אמרו ""היכון למלחמה""? 
למה? 
כבר 15 שנה שאבירם ברקאי חוקר את מלחמת יום הכיפורים. המלחמה שמדינת ישראל עדיין נושאת את מטענה הטראומטי. לאחרונה הוא הרגיש שדי. הגיע הזמן להשתחרר מלפיתתה. אבל לא לפני שיסגור עוד פינה
אחת — איך קרה שהאחרונים לדעת על המלחמה, ולהתכונן כראוי לקראתה, היו דווקא מי שפגשו בה ראשונים — הלוחמים המועטים בסיני וברמת הגולן?
ברקאי שקע בפרוטוקולים, צלל לנבכי הארכיונים, ניהל שיחות ארוכות עם לוחמים, מפקדים וחוקרי מודיעין. הממצאים המטרידים נערמו. רשימת האחראים התארכה (לא, אי אפשר להטיל את הכול על אמ""ן ו""הקונצפציה""). שורת החמצות קשה לעיכול נחשפה. 
פתאום הייתה מלחמה מספר את סיפורה של יממה אחת. שבת, יום כיפור, אוקטובר 1973. 
שבת שכמעט כל מה שהיה יכול להשתבש בה — השתבש.
שבת שכמעט כל מה שהיה צריך לקרות בה — לא קרה.
שבת שטרפה את החיים של דור שלם. אולי גם את אלה של ברקאי.

אבירם ברקאי חוקר וכותב על מלחמות ישראל, מחבר הספרים: על בלימה - סיפורה של חטיבת השריון 188 במלחמת יום הכיפורים; בשם שמים - קורותיה של טייסת הפנטומים 201 במלחמת יום הכיפורים; משק כנפי הטעות - סדרת ראיונות עם האלוף אלי זעירא ובכירים נוספים בעקבות מקורות הערכת המודיעין השגויה טרום מלחמת יום הכיפורים; אנחנו על השחור - סיפור לחימתה של חטיבה 500 המורחבת במלחמת שלום הגליל; מעשה שלא היה – הפרכת תיאוריית הקונספירציה המרכזית של מלחמת יום הכיפורים;
אף על פי כן – אבני דרך בסיפור העם הנבחר והסכסוך הישראלי־פלסטיני. נוסף על כך, הוא מורה דרך, מרצה, מדריך נהיגה מתקדמת ומחברם של 12 ספרים בנושאי ג'יפים, אופנועים, חילוץ, טיילות־שטח, וגם של ספר ילדים אחד, בשביל הנשמה.
פתאום היתה מלחמה הוא ספרו ה־19.",,,,,,,,,he,Paperback,3.8,6,5,1269,15,1,1
1028639,ממעוף הציפור,ציפי בן שלום,,התחנה | אפיק,2026,144,ספרות,ספרות מקורית,https://cdn.simania.co.il/bookimages/covers102/1028639.jpg?v=1788750970390,https://simania.co.il/bookdetails.php?item_id=1028639,"המחשבה הראשונה שלה כשהתעוררה אחרי ההתנגשות היתה שלא יכול להיות שהיא יצאה מהאירוע הזה בחיים, ושבטח עוד מעט היא תראה אור לבן בקצה מסדרון ותתקדם אליו. אור לבן לא מחמיא לצבע העור החיוור שלה, אבל היא הניחה שזה לא ממש משנה במקום שאליו היא הולכת. היעד אפילו מצא חן בעיניה, קצת, אבל האשמה תקפה מיד. הילדים! הם עוד צעירים, הם צריכים אותה. והוא! מה איתו? צריך אותה? זו גם שאלה, חשבה. והכלבה! היא בוודאות צריכה אותה. אז די עם מחשבות על מסדרון. הרי אם היא כאן חושבת את המחשבות האלה, מן הסתם היא עדיין לא מתה. ואם ככה, אז כדאי שתקום.

שוגי, מורה לספרות באמצע החיים, נפגעת בתאונת דרכים. אם תשאלו את מאות האנשים שפקדו את הלוויה שלה ובכו למשמע ההספדים עליה – היא מתה. שוגי ראתה אותם במו עיניה וגם שמעה את ההספדים, שלא מצאו חן בעיניה בכלל. אבל מה שעוד פחות מצא חן בעיניה זה לגלות שבמקום להישאר בחיים, או לכל הפחות למות כמו בן אדם – היא התעוררה במקום שממנו היא יכולה להשקיף על בני משפחתה מחדר אחד, סצנות אקראיות – כמו בתיאטרון כורסה. לראות ולא להיראות. לשמוע ולא לדבר. האם זה סוג של גיהינום שהומצא רק בשבילה?  

בעוד היא צופה בבני משפחתה מתמודדים עם האבל על מותה, שוגי לומדת דברים שלא ידעה קודם ומגלה סודות ששמרו מפניה. ובעיקר, היא לא מפסיקה לחשוש שגם סודה ייחשף בפניהם. 

ממעוף הציפור, ספרה השני של ציפי בן שלום, הוא ספר מעורר מחשבה, חד, מצחיק וסוחף. ספרה הקודם דום לב ראה אור בהוצאת שתים.",,,,,,,,,he,Paperback,,,1,56,0,0,1
1005749,תעתוע [מהדורת אספנים - 2022],קולין הובר,נעמה תורן,כנרת זמורה דביר,2022,304,ספרות,מתח ריגול והרפתקאות,https://cdn.simania.co.il/bookimages/covers100/1005749.jpg,https://simania.co.il/bookdetails.php?item_id=1005749,"לואן אשלי היא סופרת מתחילה עם חשבון בנק מרוקן, שמקבלת הצעה שלא ניתן לסרב לה. ג'רמי קרופורד - בעלה של וריטי קרופורד, סופרת פופולרית המרותקת למיטתה - מציע ללואן להשלים את סדרת רבי המכר של אשתו, במקומה. ללואן אין ברירה אלא להסכים.
היא מגיעה לבית משפחת קרופורד בכוונה להישאר שם לילה אחד או שניים, רק כדי למיין את אי־הסדר בחדר העבודה של וריטי ולאסוף את כל החומר הדרוש לה לכתיבת הספר הבא בסדרה. במהלך המיונים לואן מגלה כתב יד חבוי: אוטוביוגרפיה המכילה הודאות מצמררות שווריטי תיכננה לקחת איתה לקברה, ובהן גם האמת מאחורי האירועים שהפכו על פיהם את חייהם של בני הזוג. 
לואן מחליטה להסתיר את כתב היד מג'רמי, בידיעה שהתכנים המחרידים שחשפה שם ימוטטו את האב המתאבל. אבל ככל שרגשותיה של לואן כלפי ג'רמי מתעצמים, היא מתחילה לתהות אם זה נבון מבחינתה להמשיך לשמור את הסוד הזה. אחרי הכול, אם ג'רמי יקרא את האוטוביוגרפיה של אשתו, הוא לא יוכל להמשיך לאהוב אותה. 
מותחן רומנטי מאת קולין הובר, סופרת רבי המכר ותופעת הטיקטוק העולמית. 

קולין הובר כבשה, וממשיכה לכבוש, את המקום הראשון ברשימת רבי־המכר של הניו יורק טיימס ורשימות רבי המכר בעולם כולו עם ספריה איתנו זה נגמר, אהבה מכוערת, וידוי, בקצב הלב, לאהוב בלי סודות, להתחרט עליך ורבי־מכר רבים נוספים. היא חיה בטקסס עם משפחתה.
מוזמנים לבקר אותה ב־www.ColleenHoover.com


""פיתולי העלילה בתעתוע הציתו לי את המוח.""            הוושינגטון פוסט


""המותחן הרומנטי המושלם שישאיר אתכם דבוקים לכסא (וערים כל הלילה)
עד לסופו.""                                                   קוסמופוליטן


""אזהרה: תעתוע לא ימס את לבכם, הוא ישרוף את נשמתכם!""
קינדל קראק  בוק ריוויו",עם פרק חדש ובלעדי!,,,,,,,,he,Paperback,3.9,9,3,1586,20,0,1
1013991,טעימה אסורה,עדן בל,,יהלומים,2025,330,ספרות,ספרות קלה - רומנים,https://cdn.simania.co.il/bookimages/covers101/1013991.jpg,https://simania.co.il/bookdetails.php?item_id=1013991,"""את קרן אור קטנה, אבל את מבקשת להיכנס לעולם של חושך.""
מליסה

ריי נכנס לחיי ברגע שאני הכי פחות מצפה לו ומזעזע את עולמי. אני מאמינה לו, אפילו שאני מתקשה להתמודד עם התובנות שנופלות עליי בזו אחר זו כמו שורה של קוביות דומינו. אני כמעט מאבדת את חיי בגלל העסקים של אבא שלי ובורחת לחפש מקלט בזרועותיו של גבר מסוכן לא פחות ממנו. האם ריי עומד להיות הגאולה שלי? או שיהיה חורבן שממנו אין לי כל דרך להימנע?

ריי

יש לי תוכניות גדולות, ומעולם לא תיכננתי לערב את מליסה באף אחת מהן. היא יפהפייה וקורנת מתום ומטוהר, כל מה שכמעט שכחתי שיכול להתקיים בעולם הזה. תקווה במקום של מוות. היא זקוקה להגנתי, אך אין לה מושג שאני זה שעלול לשבור אותה לרסיסים.

'טעימה אסורה' מאת סופרת רבי המכר עדן בל הוא רומן פשע בקצב מסחרר שיפיל אתכם מהרגליים. זה הספר הראשון בדואט 'הפרי האסור'. גם הספר השני, 'נפילה מגן עדן', ראה אור בהוצאת יהלומים. ספריה הקודמים של עדן, 'טרילוגיית החטאים', דואט 'הקיסר' ו'האציל', כיכבו ברשימות רבי־המכר וזכו להצלחה עצומה בקרב הקוראים.",,,,,,,הפרי האסור,1,he,Paperback,3.3,3,1,227,5,0,1
1010320,אדם בלתי נשכח,סטפן (שטפן) צווייג (צוויג),הראל קין,תשע נשמות,2024,100,ספרות,ספרות מתורגמת,https://cdn.simania.co.il/bookimages/covers101/1010320.jpg,https://simania.co.il/bookdetails.php?item_id=1010320,"תנו לעצמכם להיסחף אחר ההומניזם הספרותי של שטפן צוויג. בכתיבתו המופתית, הוא מלמד אותנו את ערכן של החמלה וההדדיות, ואת צורותיהם השונות של האושר והאהבה.
בספר זה קיבצנו ארבעה סיפורים ונובלה, העוקבים אחר מפגשים בינאישיים מתקופות שונות: מירושלים בימי הכיבוש הרומאי ועד אירופה שבין שתי מלחמות העולם. היצירות לובשות נימה נוגה מעט אך אוהבת אדם תמיד. יש בהם הבנה עמוקה של אופי האדם ומניעיו; טקסטים קצרים הפועלים כאלגוריות קיומיות מושלמות.

זהו תרגומנו השנים־עשר ליצירותיו הספרותיות של צוויג. כולן בידיו של הראל קין, שמזה עשור מעניק קול נאמן ומודרני לאחד הסופרים החשובים של המאה העשרים.",An Unforgettable Man,,,,,,תשע נשמות,117,he,Paperback,4,7,4,1088,7,0,1
1027391,הלילה הארוך ביותר,אשכול נבו,,כנרת זמורה דביר,2026,222,ספרות,ספרות מקורית,https://cdn.simania.co.il/bookimages/covers102/1027391.jpg?v=1778856686692,https://simania.co.il/bookdetails.php?item_id=1027391,"הטיסה של הזמרת קרן עידן מתבטלת והיא חייבת להגיע לתינוקת שלה בלונדון. אז היא עולה על יאכטה בנמל חיפה, בלי לדעת שזו רק תחילת האודיסאה שלה. הטיסה של צביקה, חובש במילואים, שאמורה לנחות בישראל, מופנית לקפריסין. וגם אצלו, זה לא יהיה השיבוש האחרון בתוכניות. כשתומר, עורך דין צמרת, ננעל מחוץ לדירה שלו, הוא נוסע לבית קפה שפתוח כל הלילה. שם הוא פוגש אישה שמטלטלת את עולמו, ומוציאה אותו למסע. 

אלה ועוד הם גיבורי הלילה הארוך ביותר. בים, באוויר וביבשה, הם מנסים בכל כוחם להגיע הביתה. בדרך הם פוגשים זה את זה, מחפשים (ולפעמים מוצאים) אור ומשמעות בתקופה חשוכה. ומחכים, כל כך מחכים, שהבוקר יגיע.

אשכול נבו מגיש לנו יצירה סוחפת ומסעירה, המגששת אחר קרקע יציבה ובטוחה – על סף תהום. בעודה מעוגנת בכאן ובעכשיו, היא ממריאה מעל למציאות היום־יומית ונושאת עמה את קוראיה. ההצטלבויות העדינות שנבו רוקם בין גיבוריו יוצרות רשת ביטחון, המזכירה לנו שגם כשנדמה שהכול נשמט, עדיין אפשר להיאחז במילים, במוזיקה, באדם.

ספריו של אשכול נבו תורגמו ל־14 שפות, וזכו בפרסים ספרותיים בארץ ובחו""ל. ב""ניו יורק טיימס"" תיארו את כתיבתו כ""מהפנטת"", וה""קוריירה דה לה סרה"" קבע שהוא אחד הסופרים הבולטים בדורו בעולם.",,Homebound / Eshkol Nevo,,,,,,,he,Paperback,3.8,21,10,747,10,1,1
1028484,שריקה,לינווד ברקלי,מיכל כהן,מודן,2026,453,ספרות,מתח ריגול והרפתקאות,https://cdn.simania.co.il/bookimages/covers102/1028484.jpg?v=1787415904313,https://simania.co.il/bookdetails.php?item_id=1028484,"סופרת הילדים המצליחה אנני בלאנט עוברת שנה איומה. אחד הקוראים שלה נהרג בתאונה בהשראת ספריה, ובעלה האהוב נהרג בתאונת דרכים. בניסיון להשתקם, היא ובנה צ'רלי עוברים לגור בעיירה קטנה במדינת ניו יורק. כדי להפיג את השעמום והבדידות, צ'רלי בודק מה יש בבית החדש ובסביבתו, ונרגש כשהוא מוצא רכבת צעצוע ישנה במחסן הגינה. אבל יש משהו מטריד בצעצוע החדש שלו: מהרגע שצ'רלי מוצא אותו, צלילי רכבת מוזרים מעירים את אנני בלילה, למרות שאין מסילה פעילה בכל האזור, ודברים מוזרים מתחילים להתרחש בשכונה. לאט לאט מבינה אנני שהיא עברה מסיוט אחד לסיוט אחר, מפחיד פי כמה.
ההתרחשויות  המשונות מזכירות לתושבי העיירה את שנת 2001, שבה מפקד המשטרה המקומית ניסה למצוא את הקשר בין הדברים המשונים שקרו בעיירה: אנשים נעלמו, חפצים נגנבו, ותאונות קטלניות משונות התרחשו זו אחרי זו. לכל התאונות היה מכנה משותף אחד: הקורבנות רכשו רכבת צעצוע מחנות הרכבות החדשה בעיירה. האם מה שהתרחש בעיירה בתחילת המילניום משפיע על אנני וצ’רלי בימינו אלה?
לינווד ברקלי, מחבר רבי־המכר 'אני אהרוס אותך', 'בנשימה עצורה' ו'בפיר המעלית', ממציא את עצמו מחדש בשריקה, ומצליח לפרוץ שוב את גבולות כישרונו. בכתיבה שנונה ומלאת רגש מתכתב הספר עם קלאסיקות אימה מודרניות, והתוצאה היא מותחן שאי אפשר להפסיק לקרוא.

”נפלא.” סטיבן קינג 
”צליל שריקת הרכבת שוב לא יישמע לכם אותו דבר.” מגזין פיפל
”לינווד ברקלי צועד בעקבות סטיבן קינג.” פייננשל טיימס",,The Whistle / Linwood Barclay,,,,,,,he,Paperback,5,2,1,68,3,0,1
900789,המלך ששי הראשון,אולף לופגרן,תלמה אליגון רוז,כנרת זמורה ביתן,,,ילדים,ילדים   7-3,https://cdn.simania.co.il/bookimages/covers90/900789.jpg,https://simania.co.il/bookdetails.php?item_id=900789,,מעלילות ששי הארנב,,,,,42-9208028,,,he,Paperback,5,1,1,2319,5,0,1
1016716,עשתידכ - ספר הבישול העיראקי,לורן רביד,,לאנצ'בוקס,2012,222,בישול ואפיה,בישול ואפיה,https://cdn.simania.co.il/bookimages/covers101/1016716.jpg,https://simania.co.il/bookdetails.php?item_id=1016716,"""עַשְׁתִידְכּ"", אומרים העיראקים בסיומה של ארוחה, כשמבקשים הם להודות לבעלת הבית על תבשיליה הטובים. פירושן של שתי המילים – עָאשְׁת ואִידְכּ – שהיו לאחת: תבורכנה ידייך, וכל המגלגל אותן על לשונו לקינוח, כך מאמינים יוצאי בבל, ימתיק את שפתיו.

	 

	את המילה ""עשתידכ"" שמעה לראשונה שושי אורן, ילידת הונגריה, כשהכירה את בעלה איציק, יליד עיראק, בהיותם בני 16. מהר מאוד התאהבה לא רק בו ובבני משפחתו, בהם אחותו לורן רביד ובעלה אדמון, אלא גם במטעמי המטבח העיראקי שהפליאו להכין: תְבִּית שמחבק את הבית בריחות נעימים, זְנְגוּלָה ללקק את האצבעות ובְּעְבְּע תמרים מתוקים כדבש.

	 

	בין פָּאצָ'ה לעָגָ'ה הבינה שושי, מי שהקימה עם בעלה את קבוצת שילב ועומדת איתו בראשה, שאת האוצר הזה יש לשמר. את מתכוניה של לורן שעברו מדור לדור דרך הידיים,העיניים והלב החלה לתעד למזכרת והעלתה אותם על הכתב. יחד כינסו את המרשמים המשפחתיים ואספו אותם באהבה לספר זה.

	 

	לצד סיפורי אלף לילה ולילה על יהודי בבל ותרבותם, על מטבחם המפואר ועל הגעגועים לבגדד, תמצאו כאן תמונות מעוררות תיאבון והוראות הכנה בדוקות ומדויקות של המיטב שבמתכוני עיראק: קובות ממולאות הפתעות, סמבוסק פריכים, וכמובן, ארוחת הבוקר של שבת, שזכתה לכינוי ""סביח"", עם החצילים המטוגנים, הביצים החומות, הלאפות והעמבה שצובעת את הכול בצבעי הזריחה. הכינו אותם, וגם לכם יגידו בסוף הארוחה: ""עשתידכ"".

	 

	כתבו עלינו:

	ידיעות אחרונות, שרית סרדס טרוטינו: ""עשתידכ"" הוא יותר מעוד ספר בישול. מדובר במסע מעורר תיאבון אל עבר המטבח העיראקי המסורתי, משובץ בסיפורים בנוסח העדה / ישראל היום, הילה אלפרט: ""עשתידכ"" התחיל את דרכו כמין מחברת מתכונים המבקשת לאצור סיר משפחתי ותפח להיות ספר בישול מקיף ומגרה / גלובס, חיליק גורפינקל: ספר נהדר המלא כרימון לא רק במתכונים משובחים ובצילומים מגרים אלא גם בהסברים, סיפורים ומכתמים מרתקים ומאירי עיניים / ביג טיים, אלון צרפתי: ""עשתידכ"" מקפיץ את מזונם של עולי בבל לראש הפרמידה ומביט בלבן של העיניים של המטבח הצרפתי.",,,,,,,,,he,Paperback,5,2,4,8707,9,1,1
325131,עוז יעוז נגד השליח הסיני,עידו סתר,,טברסקי,,,,,https://cdn.simania.co.il/bookimages/covers68/685234.jpg,https://simania.co.il/bookdetails.php?item_id=325131,,,,,,,,,,he,Paperback,5,2,2,1610,8,0,1
1000297,SWIM,גון בן-ארי,,כתר,2021,408,ספרות,ספרות מקורית,https://cdn.simania.co.il/bookimages/covers100/1000297.jpg,https://simania.co.il/bookdetails.php?item_id=1000297,"גיא נברון חטף את הנבואה הקדושה של האינסוף־ברוך־הוא בגיל עשרים וחמש, וסיים בכך אלפיים שנות שתיקה נבואית.

 האינסוף דיבר דרכו את הספר הזה. 

הוא עבד עליו במשך עשר שנים כדי שהנבואה תגיע אליך. זה מה שגיא נברון היה כותב על העטיפה של הספר הזה, אם היו נותנים לו. אבל מפני שלא הוא כותב אלא אני, אני איאלץ להתחיל שנה לפני כן, בדברים שגיא מסתיר. 

באיזשהו אופן, גיא היה חייב איזה שיגעון שיציל אותו מהעולם. אבל גיא השתגע באופן ששינה גם לי את החיים.

SWIM זה ראשי תיבות אינטרנטיים של 'מישהו שהוא לא אני. מישהו שהוא לא אני קיבל בנבואה את פשר האלף־בית העברי, הבין את סוד המשיחיות, שקע בחובות עצומים, בדיכאון אובדני. מישהו שהוא לא אני נסע לניו יורק בעקבות האהבה, גילה גופה קשורה לעץ, נכנס לטריפ יחד עם סבא שלו, ערך עשרות טקסי אַייוַואסְקָה, האמין עד הסוף בדברים עד שהם נשברו ואז האמין באחרים. מישהו שהוא לא אני שקע בהזיות גדוּלה ודיבר עם אלוהים או שאלוהים דיבר דרכו.' 

מישהו הלך וניקה מראה והתחיל, לאט־לאט, לראות באימה מי מסתכל במי.

זהו ספרו הרביעי של גון בן ארי, סופר, מוזיקאי ותסריטאי.",,,,,,,,,he,Paperback,3.4,10,5,2360,14,1,1
2223,דולי סיטי [מהדורת 2007],אורלי קסטל-בלום,,הקיבוץ המאוחד,2007,155,ספרות,ספרות מקורית,https://cdn.simania.co.il/bookimages/covers0/2223.jpg,https://simania.co.il/bookdetails.php?item_id=2223,"הספריה החדשה גאה להגיש לקוראיה נוסח חדש, משופץ ומותקן, של 'דולי סיטי', אחד הרומאנים הגדולים של הספרות העכשווית. רומאן מבריק ושנון, המפרק ללא-רחם את הקלישאות של האימהות ושל הישראליות. האֵם היהודייה, האֵם הישראלית, ועצם יחסינו עם ארץ-ישראל, הותכו כאן יחדיו לתמונה מעצימה, מצחיקה וחודרת עד אימה. תפיסתנו את עצמנו מעורטלת ברומאן באכזריות משום שהלשון שלנו – המטאפורות ודרכי-הביטוי – מוליכות בו למעשים והופכות מפנטזיה למציאות ולעלילה.
 
'דולי סיטי', מן הפסגות בכתיבתה של אורלי קסטל-בלום, הופיע לראשונה ב-1992, ועד מהרה הפך לנקודת-ציון בספרות העברית. תרגומיו ראו אור באנגליה, ארה""ב, גרמניה, צרפת, הולנד, שוודיה ויוון. הספר נכלל באוסף העולמי של ""היצירות הייצוגיות"" של ארגון אונסקו. 
    
במשאל שערך עיתון 'מעריב' (יוני 2007) בין אנשי ספרות מובילים – מבקרים, עורכים, מו""לים וחוקרי ספרות – נבחר 'דולי סיטי' בין עשרת ספרי הפרוזה ""הטובים ביותר שנכתבו בעברית מקום המדינה"" (יחד עם ספרים של יעקב שבתאי, דויד גרוסמן, א.ב. יהושע, עגנון, יזהר, עמוס עוז, יהושע קנז ועמליה כהנא-כרמון).
 
""עשור וחצי אחרי שראתה אור לראשונה, חוזרת 'דולי סיטי', אחת היצירות החשובות ביותר והטובות ביותר בספרות העברית החדשה, אל המדפים. הנה תל-אביב של הפנטזיה הכי מסויטת שלכם, והיא נראית עכשיו דומה מאוד למה שנשקף מחלונכם. הנה מיתוס האימהות מפורק, מעוצב מחדש ונבחן בַּמיקרוסקופ הכי תבוני שהופעל עליו אי-פעם. והנה החיבור האולטימטיבי בין אהבת-אם לאהבת-מולדת, כשדולי הרופאה משרטטת את מפת ארץ-ישראל על גופו של בנה, כי צריך לחתוך בבשר החי: כל החרדות, כל עוצמת המערבולת הרגשית הקרויה 'אהבה', מצויות כאן, יחד עם מינון גבוה במיוחד של כושר המצאה ויזואלי ולשוני. המהדורה המחודשת היא שילוב נכון של צורך שיווקי עם הכרח תרבותי: אל תחמיצו"". (אריאנה מלמד, ynet)",,,,,,,הספריה החדשה,,he,Paperback,3.3,81,11,10014,63,0,1
11209,מאה שנים של בדידות,גבריאל גרסיה מארקס,ישעיהו אוסטרידן,עם עובד,1982,369,ספרות,ספרות מתורגמת,https://cdn.simania.co.il/bookimages/covers1/11209.jpg,https://simania.co.il/bookdetails.php?item_id=11209,"קורותיה המופלאות של משפחה המתגוררת בעיירה אגדית בקולומביה מסופרות ברומן זה, שהוא אחד ממופתי הפרוזה של אמריקה הלטינית בימינו. 
קורות המשפחה, שהיא מעין מיקרוקוסמוס הפועל לפי חוקים פנימיים שאינם תלויים בעולם ובזמן הריאליים, הן למעה כרוניקה של האנושות כולה. 
מאה שנים של אהבה ואמונה ויאוש, שאיפה לאושר ואכזבה, ולבסוף חזרה אל בדידותו של היחיד, מקופלות ברומן - אפוס בלתי רגיל זה, שסיפור העלילה המרכזי שלו משובץ שלל צבעוני של מעשיות עם מרתקות והוא מלהיב את דמיונם של קוראים בכל העולם. 

הסופר הקולומביאני גבריאל גרסיה מארקס נולד ב - 1928 בעיירה אראקאטאקה, היא ""מקונדו"" האגדית העוברת כחוט השני בכל יצירתו והמגיעה לשיא עיצובה ב""מאה שנים של בדידות"", שזכה לפרסום בין - לאומי. 
כסופרים רבים של אמריקה הלטינית נדד לארצות שונות, בהן מכסיקו שם שהה שש שנים, וספרד שבה חי שלוש שנים. 
ב - 1971 שב למולדתו. מספריו: ""השלכת"" (1955), ""איש אינו כותב אל הקולונל"" (1961), ""לוויתה של האם הגדולה"" ו""השעה הרעה"" (1962). 
מארקס עוסק גם בעיתונות ובכתיבת תסריטים לקולנוע.",ספריה לעם - #167/8 | תרגם מספרדית: ישעיהו אוסטרידן,Cien Anos de Soledad / Gabriel Garcia Marquez,,,,32-20621,ספריה לעם,167,hebrew,Paperback,4.4,932,97,31775,685,6,1
1002804,צופן הוורד,קייט קווין,שי סנדיק,אריה ניר,2021,624,ספרות,מתח ריגול והרפתקאות,https://cdn.simania.co.il/bookimages/covers100/1002804.jpg,https://simania.co.il/bookdetails.php?item_id=1002804,"""ספר נפלא, עלילה עוצרת נשימה, אווירה תוססת."" (דיינה ג'פריס, מחברת ""אשתו של מגדל התה"").

1940, בלצ'לי פארק, בקינגהאמשייר
שלוש נשים שונות מאוד זו מזו מגויסות לבלצ'לי פארק המסתורית, האחוזה שבה מכשירים את מיטב המוחות בבריטניה למאמץ מודיעיני משותף, בשאיפה להתמודד עם איומי מלחמת העולם השנייה. אוסלה נערת החברה התוססת – אשר זוכה לחיזוריו של פיליפ, נסיך יוון יפה התואר – משתוקקת להוכיח שהיא הרבה יותר מאשר סנובית מקושרת, ועמלה על תרגום סודותיו של האויב. מב מפלסת את דרכה משכונות העוני של לונדון ולומדת להפעיל מכונות פענוח מסובכות. בת' הביישנית יוצאת בבת אחת לעולם ומגלה כישרון יוצא דופן בפענוח צפנים. בין הנשים הצעירות נרקמת ידידות אמיצה ושותפות גורל סביב שליחותן הסודית בהגנה על ארצן, אך לקראת סוף המלחמה, רצף של סודות ובגידה מוביל לקרע בין השלוש, ונראה כי אין ממנו דרך חזרה.

1947, לונדון 
ערב חתונתם המלכותית של הנסיכה אליזבת והנסיך פיליפ
בשעה שהממלכה מתכוננת לאירוע המרגש, אסון מאיים להתרחש. אוסלה, מב ובת' נאלצות להתגבר על הניכור, לחטט בפצעי העבר ולאחד שוב כוחות למען טובת העם והמולדת. הן יוצאות במרוץ נגד הזמן כדי לפצח יחד את הצופן האחרון, לפני שיהיה מאוחר מדי והן וארצן ישלמו את המחיר. 
""סאגה סוחפת ומהפכת דפים שמקימה את ההיסטוריה לתחייה בזכות דמויות בלתי נשכחות ועלילה מרתקת.

""קייט קווין לא מאכזבת."" (פבלישרז וויקלי)",,,,,,550-299,,,he,Paperback,4.4,17,3,2986,15,0,1
2091,האדום והשחור [מהדורת 1981],סטֶנדָל (סטֶנדָאל),יהושע קנז,זמורה ביתן,,439,ספרות,ספרות מתורגמת,https://cdn.simania.co.il/bookimages/covers9/98531.jpg,https://simania.co.il/bookdetails.php?item_id=2091,"האדום והשחור – כרוניקה של המאה התשע-עשרה. לשמו של הרומן התקשרו פירושים רבים. בספר עצמו, האדום מיוחס לצבעי המדים של נפוליאון, והשחור הוא צבעם של בגדי הכמורה. זוהי יצירת מופת המורכבת מרבדים שונים הניתנים לפירושים רבים. היצירה מספקת תיאור חברתי ופוליטי של התקופה.",,Le Rouge et le Noir / Stendhal,,,,3-13699,,,hebrew,Paperback,4.3,36,7,9243,74,0,1
983598,"הכוכב מעל היער, לראות אישה",סטפן (שטפן) צווייג (צוויג),הראל קין | גדי גולדברג,תשע נשמות,2016,84,ספרות,ספרות מתורגמת,https://cdn.simania.co.il/bookimages/covers98/983598.jpg,https://simania.co.il/bookdetails.php?item_id=983598,"ישנן יצירות שעצם העמדתן זו ליד זו עשויה לגרום לחוויה ספרותית נוספת, בוהקת בין שתיהן. כאלה הן הכוכב מעל היער שכתב שטפן צוויג בהיותו בן 23, אחד מסיפוריו היפים ביותר, לצד לראות אישה מאת הסופרת השווייצרית אנמארי שוורצנבך,  שכתבה בגיל 21 נובלה פורצת דרך בתמטיקה הלסבית שלה, כמו גם בסגנונה הספרותי. הנושא המשותף: רגע הולדתה של אהבה.
“כשרכן פעם פרנסואה, המלצר הצנום והמטופח בקפידה, מעל לכתפה של הרוזנת הפולנייה היפה אוֹסטרוֹבסקָה בשעת ההגשה, אירע דבר משונה. העניין נמשך רק שנייה ולא היו בו לא עווית ולא רתיעה, לא תנועה ולא תזוזה. אף על פי כן היתה זאת אחת מאותן שניות הטומנות בחובן אלפי שעות וימים.""
(שטפן צוויג, הכוכב מעל היער)
“לראות אישה: לשנייה אחת בלבד, בטווח הקצר של המבט, ואחר כך לאבד אותה שוב בעלטת מסדרון כלשהו, מאחורי דלת שאסור לי לפתוח — אבל לראות אישה, ובה בעת להרגיש שגם היא ראתה אותי, שעיניה תולות בי מבט שואל, כמו נגזר שניפגש על סף הזרוּת, על אותו גבול תודעה אפל וקודר.""
(אנמארי שוורצנבך, לראות אישה)",,"Der Stern über dem Walde, Eine Frau zu sehen",אנמארי שוורצנבך,,,1298-12,,,he,Paperback,3.5,23,8,2661,30,0,1
989385,צבע השמים (השמיים) שלנו,אמיטה טראסי,רחלי לביא,אריה ניר,2018,376,ספרות,ספרות מתורגמת,https://cdn.simania.co.il/bookimages/covers98/989385.jpg,https://simania.co.il/bookdetails.php?item_id=989385,"מסען המטלטל של שתי חברות ילדות, שעולמותיהן מצטלבים ואז משתנים לעד בלילה אחד הרה גורל.

הודו, 1986: מוקטה, ילדת כפר בת עשר נלקחת למקדש האלה ילאמה לעבור טקס שבסופו תוכרז לזונת מקדש, כמו אמה וסבתה לפניה. במאמץ למלט אותה מגורלה, היא נשלחת לעבוד כמשרתת בביתו של אשוק, פעיל חברתי בעיר מומבאי. תוך זמן קצר הופכות מוקטה וטארה, בתו בת השמונה של אשוק, לחברות נפש. טארה, המתעלמת מתכתיבי המסורת ומהבדלי המעמדות שביניהן, חושפת בפני מוקטה עולם חדש – עולם של משחקים, מוזיקה, קריאה – ועוזרת לה להחלים מפצעי עברה. 
אך לילה אחד בשנת 1993, מתנפץ עולמן. מוקטה נחטפת מבית משפחתה של טארה ונעלמת. טארה ואביה מוכי הצער בשל מות האם והיעלמה של מוקטה מהגרים לאמריקה כדי להימלט מזיכרונות העבר המקיפים אותם בכל פינה. 
אחת-עשרה שנים לאחר מכן, חוזרת טארה להודו, נחושה למצוא את מוקטה ולהתמודד עם רגשי האשמה המלווים אותה. החיפוש מוביל אותה לעולם התחתון של בתי הבושת והסחר בנשים, וטארה מתחילה לחשוף סודות נושנים לגבי משפחתה שלה, שעשויים להסביר מה עלה בגורלה של מוקטה. 
צבעם של השמים נע מהכפר ההודי המסורתי אל העיר ההומה מומבאי, ומביא את סיפורן של שתי נשים אמיצות המשמיעות את קולותיהן של מיליוני נשים שקולן מושתק. זהו ספר יפהפה ושובר לב על חברות בלתי אפשרית, על בגידה ובסופו של דבר, על גאולה.

אמיטה טראסי נולדה במומבאי, הודו, וגדלה בה. כיום היא מתגוררת ביוסטון, טקסס. בקרו אותה באתר האינטרנט שלה, www.amitatrasi.com.
""בידיה המוכשרות של טראסי נאספים סיפורים אישיים מורכבים, הנעים בין זמנים שונים ויבשות שונות, לצומת שבו הם מתחברים לסיפור שלם אחד שימשיך להדהד בנו גם לאחר קריאת הדף האחרון."" LIBRARY JOURNAL",,Amita Trasi - The Color of Our Sky,,,,,,,he,Paperback,4.2,24,6,8624,36,0,1
11962,חוות החיות  (כריכה רכה),ג'ורג' אורוול,אברהם יבין,עם עובד,2001,108,ספרות,ספרות מתורגמת,https://cdn.simania.co.il/bookimages/covers1/11962.jpg,https://simania.co.il/bookdetails.php?item_id=11962,"""זו ההיסטוריה של מהפכה שסטתה מדרכה והתירוצים המצוינים שניתנו על כל צעד ושעל לסילופה ועיוותה של התורה המקורית."" 

	 

	כך תיאר ג'ורג' אורוול את חוות החיות בדש הספר כשיצא לאור ב 1945. הסָטירה הנוקבת על ברית המועצות ושברו של חזון המהפכה בידי מי שנחשב ה""מצפון של בני דורו"" עדיין מסעירה את קוראיה ומעוררת מחלוקת. עתה, שנים לאחר קריסתה של ברית המועצות וסיומה של המלחמה הקרה, הקריאה החוזרת בחוות החיות מן הראוי שתשוב ותאיר את הגוונים ובני הגוונים של משל פוליטי נפלא זה. הקורא מוזמן לקריאה מחודשת בספר שהושווה לא אחת למסעות גוליבר של סוויפט.

	 

	מהדורה מעודכנת בתרגומו המופתי של אברהם יבין ואחרית דבר מאת הפרופ' אלי שאלתיאל.

	
		במהדורה הראשונה של הספר בעברית ליוו את הספר איורים.
	
		במהדורה זו הוצאת הספרים החליטה להשמיטם, והם אינם כלולים בה.",,Animal Farm,,,,32-20525,,,hebrew,Paperback,4.4,577,55,17972,293,0,1
32526,1984 [מהדורת 2003],ג'ורג' אורוול,ג.אריוך,עם עובד,2003,251,ספרות,ספרות מתורגמת,https://cdn.simania.co.il/bookimages/covers3/32526.webp?v=1784485074879,https://simania.co.il/bookdetails.php?item_id=32526,"""האם האח הגדול קיים?""
""ודאי שהוא קיים. המפלגה קיימת. האח הגדול הוא התגלמות המפלגה.""
""האם הוא קיים באותו מובן שאני קיים?""
""אתה לא קיים.""
 
1984, הרומן הדיסטופי הנודע ביותר בספרות העולם ועדיין המפתיע בחיותו ובאקטואליות שלו, ראה אור לראשונה ב־1949. ג'ורג' אורוול חוזה בו חזות דמיונית קשה על דמותו החברתית והפוליטית של העולם בעתיד, עולם השרוי במלחמה בין גושית מתמדת ואשר בו המפלגה שולטת שלטון עריצים אבסולוטי. 
 
בעולם זה, שנדרשת בו נאמנות אידאולוגית ללא סטייה קלה שבקלות, שהכול בו מפוקח בכל עת באמצעים אלקטרוניים ואחרים ואין בו מקום לאישיות ולפרט, מתנהל גיבור הספר וינסטון, אדם שעדיין מסוגל לחשיבה משלו. כשנוצר קשר אהבה בינו ובין אישה צעירה ששמה ג'וליה, והשניים מנסים לממש את אהבתם האסורה ולמצוא להם זכות ויחוד משלהם, מעשיהם הופכים לביטוי של מרי שמעורר עליהם את זעמו הדורסני של המשטר.
 
במלאת שבעים שנה לפרסומו הראשון של 1984 אנו מגישים תרגום חדש של ספר חשוב זה.
 
תרגום חדש: ארז וולק 
 
עיצוב העטיפה: יוסי למל מבכירי המעצבים הגרפיים בישראל העוסק בסוגיות חברתיות ופוליטיות.",,,,,,32-11048,ספריה לעם - קלאסיקה,154,hebrew,Paperback,4.5,1230,122,43867,818,9,1
689899,ילד 44,טום רוב סמית,הדסה הנדלר,כתר,2009,436,ספרות,ספרות מתורגמת,https://cdn.simania.co.il/bookimages/covers68/689899.jpg,https://simania.co.il/bookdetails.php?item_id=689899,"בברית המועצות של סטלין אין פושעים ואין מעשי פשע מלבד פשעים נגד המדינה.
לכן, כשגופתו של ילד נמצאת על פסי רכבת במוסקבה, נשלח אל הוריו לב סטיפנוביץ´ דמירוב, סוכן נאמן של המשרד לביטחון המדינה, כדי לשכנע אותם שבנם מצא את מותו בתאונה. 
אבל האם הוא משוכנע בכך בעצמו? 
ואולי בכל זאת פועל בגן העדן הקומוניסטי רוצח סדרתי? 
בחשאי ובניגוד לעמדת הממונים עליו, כשהוא נרדף על ידי עמיתיו משירותי הביטחון הסובייטיים, נסחף לב לחקירה שתוביל אותו למצוד עוצר נשימה אחרי רוצח אכזרי ברחבי ברית המועצות, מצוד שבסיומו תחכה לו הפתעה מצמררת.

ילד 44, ספרו הראשון של הסופר האנגלי טום רוב סמית (יליד 1979), הוא רומן מתח מקורי ומסעיר, המשחזר את אווירת הטרור של השלטון הסטלינסטי ושוזר בה עלילה בלשית אפלה ומורכבת. 
עם צאתו לאור הוא הוכתר כאחד מספרי המתח המשובחים של השנים האחרונות, תורגם מיד לשפות רבות וזכה בפרס ""דוקרן הפלדה"" למותחן הטוב ביותר של 2008.

""הישג אמיתי... רומן מתח משכנע שנקרא בנשימה אחת.""
גרדיאן

""עלילת המתח סוחפת מתחילת הספר ועד סופו.""
ניוזוויק",כתר - מתח,,,,,10-277164,ילד 44,1,he,Paperback,4.4,451,168,31059,539,12,1
19663,עמודי תבל,קן פולט,ציפי בורסוק,מודן,1989,640,ספרות,ספרות מתורגמת,https://cdn.simania.co.il/bookimages/covers1/19663.jpg,https://simania.co.il/bookdetails.php?item_id=19663,"עמודי תבל הוא רומן, שבו כל מה שקוראיו של קן פולט מחפשים: תככים, קצב מהיר, מניעים נסתרים, נקמה וסיפורי אהבה. אך מה שעושה את עמודי תבל שונה הם זמן ההתרחשות - המאה ה12-, המקום - אנגליה בימי הביניים והנושא - בניית קתדרלה.
קן פולט משחזר את האווירה, את המאורעות ואת הדמויות בכל פרט: ערי החומה, היערות, המצודות והמנזרים הופכים להיות קרקע מוכרת. יחד עם ההתוודעות לחיי בעליה השררה העשירים, מכיר הקורא גם את עיתות המלחמה, את חיי היומיום, את בעלי המקצועות ומעל לכול - את בניית הקתדרלה הנמשכת על פני 40 שנה, ומשפיעה על חייהם של כל המעורבים בהקמתה ועל אופיה של אנגליה כולה.

עמודי תבל היא יצירת מופת מרתקת ועוצרת נשימה, הסוחפת את הקורא אל מחוזות אחרים במקום ובזמן, אך מוכרים במניעים ובמאוויים.",,,,,,,,,hebrew,Paperback,4.4,325,93,23789,300,3,1
3409,העמדה,סטיבן קינג,,מודן,,1056,ספרות,ספרות מתורגמת,https://cdn.simania.co.il/bookimages/covers0/3409.jpg,https://simania.co.il/bookdetails.php?item_id=3409,"העולם מושמד: טעות אנוש בת עשירית השניה בפרויקט של משרד ההגנה האמריקני פותחת מכתב שרשרת של מוות. הטובים מתים עם הרעים, הלוחצים על הכפתורים עם המופעלים. אין חנינות, הכסף לא יכפר על דבר.אחוז אחד בלבד נותר בחיים ובעולם החדש. עולם שומם, ללא מוסדות אך עם כל המשאבים, שאין מי שיפעילם. זהו עולם שבו קומץ של ניצולים מוכי איימה חייבים לבחור עמדה, ולהתמודד עם השאלות למה נותרו בחיים, למה דווקא הם נבחרו, לאן הם הולכים. עולם שבו הטוב והמוסרי שבירים מתמיד, והסיוט הנורא ביותר של הרשע מתגלם באיש בעל חיוך קטלני וכוחות על טבעיים: רנדל פלאג, האיש האפל.העמדה הוא ספר מדהים, מרתק, מעורר מחשבה, אימה, ובוחן כליות ולב. איפה יהיה כל אחד מאתנו? איזה עמדה ננקוט אנחנו? עד כמה נלך איתה?לפניכם הגירסה המלאה של הספר האפוקליפטי של סטיפן קינג, על עולם מוכה מגיפה השרוי במאבק יסודי בין טוב ורע. אפוס אמיתי, מצמרר, שלא פוחד לשאול את השאלות. הפחד הוא רק התשובות של גיבוריו, ושל קוראיו.ספריו האחרים של סטיפן קינג שראו אור בעברית עד כה: ``הניצוץ``, ``הקמיע``, ``בית כברות לחיות שעשועים``, ``עין הדרקון``, ``רזה``, ``זה``, ``מיזרי``, ``החצי האפל``, ``המשחקים של ג`ראלד``, ``דברים שצריך``, ``נדודי שינה``.",,,,,,20-48467,,,hebrew,Paperback,4.4,191,34,18812,198,1,1
1000464,עלובי החיים [מהדורת כתר - 2021],ויקטור הוגו,אביטל ענבר,כתר,2021,668,ספרות,ספרות קלאסית,https://cdn.simania.co.il/bookimages/covers100/1000464.jpg,https://simania.co.il/bookdetails.php?item_id=1000464,"איך היה נראה העולם אילולא היו בו גיבורים אמיתיים?
 החיים לא האירו פנים לז'ן וַלזַ'ן, בחור טוב לב התומך באחותו האלמנה ובשבעת ילדיה. כשלמשפחה לא נותר כסף לאוכל, ז'ן גונב כיכר לחם ממאפייה, נעצר ונשלח לכלא לחמש שנים. ולז'ן מנסה שוב ושוב לברוח, אך נתפס, וכך מאריך את מאסרו לתשע–עשרה שנים של מרירות ושנאה. כשז'ן משתחרר סוף–סוף, הוא מגלה שעברו הפך אותו למנודה. הוא יוצא לטהר את שמו ולהיאבק למען הצדק ולמען העניים המדוכאים. שלל דמויות מלוות אותו במסעו אל עולם טוב יותר: קוֹזֶט הילדה הנטושה, מַריוּס הצעיר המהפכן, זַ'בֶר השוטר הנוקשה, ההגמון הזקן והטוב, פַנטין האומללה ועוד. כולם נאבקים על קיומם ועל אושרם בתוך חברה אכזרית ומושחתת, המיטלטלת בין מהפכה חברתית והסתאבות מוסרית.  ויקטור הוגו (1885-1802), מגדולי הסופרים והמשוררים הצרפתים, כתב ספרים רבים, מחזות ושירה ונודע כלוחם למען צדק חברתי. יצירתו עלובי החיים נחשבת מאז פרסומה בשנת 1862 לאחת הקלאסיקות הגדולות של הספרות הצרפתית. עד היום היא מרתקת ומרגשת קוראים נלהבים בכל רחבי העולם, וזכתה לעיבודים לקולנוע, לטלוויזיה, לבמה ולרומן גרפי.",,Les Misérables / Victor Hugo,,,,,כתר - קלאסיקה,,he,Paperback,4.6,8,2,421,11,0,1
1010565,סוד בוער,סטפן (שטפן) צווייג (צוויג),הראל קין,תשע נשמות,2024,136,ספרות,ספרות מתורגמת,https://cdn.simania.co.il/bookimages/covers101/1010565.jpg,https://simania.co.il/bookdetails.php?item_id=1010565,"שטפן צוויג, אמן ההצצה לנבכי הנפש האנושית, מפנה הפעם את מבטו אל רגע מכריע בהתבגרותו של אדגר, נער אוסטרי־יהודי שיוצא לחופשה קצרה עם אימו בהרים, מחוץ לווינה. שם הוא נקלע למערבולת רגשות לא שגרתית, שמאיצה את כניסתו אל עולם הסוד של הגדולים, מאתגרת את כל מה שידע על העולם ועל עצמו, וגם מערבת אותו בכמה הרפתקאות ומערכות יחסים שכמותן לא שיער.

צוויג נוגע בידיים חשופות בנפש המתבגר, במנגנוני הבגידה, ההסתרה, הבושה, החרטה וההשלמה, עם קריצה מפורשת לפסיכואנליזה: לחברו זיגמונד פרויד. התוצאה היא נובלה קאמרית מופתית, מסחררת בעלילתה וחכמה בתובנותיה.
סוד בוער עומדת בשורה אחת עם 24 שעות בחיי אישה, מכתב של אלמונית ופחד, נובלות שראו אור ב""תשע נשמות"" בתרגומו הנפלא של הראל קין. במובנים רבים, הספר הזה משלים מקבץ יצירות מאת צוויג, שבהן דמויות מורכבות אחדות ניצבות בתפאורה ציורית ומנהלות מאבק אינטימי להגדרת הסובייקטיביות.",Brennedes Geheimnis,Brennedes Geheimnis,,,,,תשע נשמות,118,he,Paperback,4.2,13,7,1266,12,0,1
980596,השוודי,רוברט קארייל,רות שפירא,מודן,2015,334,ספרות,מתח ריגול והרפתקאות,https://cdn.simania.co.il/bookimages/covers98/980596.jpg,https://simania.co.il/bookdetails.php?item_id=980596,"ארנסט גריפ, סוכן של המשטרה החשאית  השוודית, מוזמן לסייע בחקירת אסיר אנונימי, כנראה שוודי, המוחזק בבסיס צבאי אי שם על אדמת ארצות־הברית. שנים של חקירות באמצעים שהשתיקה יפה להם לא הצליחו לחשוף את זהותו של האסיר, אבל לשונה פרידמן, סוכנת האף־בי־איי, יש חשדות מוצקים נגדו. היא בטוחה שהוא חלק מתא טרור שפעל בקנזס בשירות האסלאם הקיצוני והביא למותם של חפים מפשע. והיא צודקת. אבל לא לגמרי. את זהותו האמיתית איבד האסיר כבר לפני שנים באסון הצונאמי בתאילנד יחד עם אשתו ושתי בנותיו שטבעו. חבול ומבולבל הוא מצליח להגיע לכפר נופש נטוש, ושם מוצא את עצמו מנסה לאחות את שברי חייו לצד חבורה של ניצולים אחרים שפגש. בהנהגתו של סוחר נשק אמריקאי, הם הוגים תוכנית שתקנה להם עתיד טוב יותר. תוכנית שתשיג להם כסף קל ללא פגיעה באחרים. תוכנית שלא מביאה בחשבון את בוגדנותו של סוחר הנשק.  
את הפרק הזה בחייו מסתיר האסיר. אבל הוא לא היחיד שמסתיר חלקים מעברו - גם לארנסט גריפ יש חיים כפולים שהוא חושב שאיש אינו מכיר. אלא ששברי השיחות שהוא מנהל עם האסיר מבהירות לו שדווקא האדם האנונימי ביותר בעולם יודע עליו יותר מכל אדם אחר, ושעל האדם הזה עליו לסמוך, כדי להציל את חייו.        

בספר הביכורים שלו רוברט קארייל בוחן את הדי האחד־עשר בספטמבר, ומאיר את הפשרות המוסריות שאנשים ומדינות נאלצים לעשות בשם הביטחון 
והשרידות.",,,,,,,,,he,Paperback,3.1,8,2,1466,7,0,1
1028640,חטופים – 843 ימים של הפקרה (הסיפור המלא),שלומי אלדר,,כנרת זמורה דביר,2026,512,עיון,פוליטיקה - ישראל,https://cdn.simania.co.il/bookimages/covers102/1028640.jpg?v=1788767631184,https://simania.co.il/bookdetails.php?item_id=1028640,"בבוקר 7 באוקטובר 2023 התחולל האסון הגדול בתולדות ישראל: טבח של 1,164 בני אדם וחטיפת 251 חיילים ואזרחים – בהם נשים, ילדים וקשישים – על ידי ארגון הטרור חמאס. הם נעקרו באכזריות מתוך שלוות בתיהם בעוטף, ממסיבת הטבע ביער ומשגרת החג בבסיסי צה""ל, ונלקחו אל מעבר לגבול, היישר לתוככי הגיהינום של עזה. הצעיר ביניהם היה בן תשעה חודשים. המבוגר בן 86.

כך החלו 843 הימים שזעזעו את המדינה, טלטלו את ערכיה, ושינו, אולי לנצח, את דמותה.

הספר חטופים – 843 ימים של הפקרה הוא סריקת מערכות מקיפה ראשונה, החודרת את מעטה החשאיות, ענני השמועות, ההדלפות והספינים, שערפלו עד כה את תמונת המשא ומתן והמאבק לשחרור החטופים. במסע, שהשתרע בין ירושלים לוושינגטון ובין קהיר לדוחה, גבו העיתונאים שלומי אלדר ורות יובל מאות עדויות, חשפו מסמכים והתכתבויות פנימיות, והרימו את המסך מעל מה שהתרחש בזמן אמת מאחורי הקלעים.

שלב אחר שלב, מתוארים בספר המהלכים במשחק השחמט חסר הרחמים - משחק דמים שהותיר את החטופים מאות ימים בשבי, שם מצאו עשרות מהם את מותם. בספר נחשפים במלואם הוויכוחים בין הדרג הביטחוני לפוליטי, בתוך מטה המשפחות ובקרב צוותי המשא־ומתן הישראלי וגם זה של חמאס.

הכותבים חושפים גם את תרומתם האמיתית של המתווכים המצרים, הקטרים והאמריקאים, את הסיוע שנתנו גיבורים אלמונים שפעלו מתחת לרדאר, את ההשפעה שהייתה למשא־ומתן על תנאי השבי של החטופים, ואת בישול מהלך המט המפתיע שהחזיר לבסוף - חיים ומתים - את כולם.",,,רות יובל,,,,,,he,Paperback,2.5,4,1,114,1,1,1
9300,מידוויי,מיצואו פושידה,מרגנית ויינברג,מערכות,1981,296,עיון,הסטוריה  של המאה ה- 20,https://cdn.simania.co.il/bookimages/covers0/9300.jpg,https://simania.co.il/bookdetails.php?item_id=9300,"סיפורו של חיל הים היפני - מאת מיצואו פושידה לשעבר קפטן חיל הים הקיסרי היפני ומאסאטאקה אוקומיה לשעבר קומאנדר חיל הים הקיסרי היפני.

קרב מידווי היה נקודת מפנה במערכה על האוקיינוס השקט, והוא מציין את אחד משיאיה של מלחמת העולם השנייה. הניצחון האמריקני בקרב זה עצר את התפשטות העצמה היפנית והנחית מכה אנושה על הצי הקיסרי היפני ועל טייסי זרוע האוויר שלו. במידווי נפוצה יחידת עילית שהובילה את הצי היפני להתקפת הפתע המוצלחת על הצי האמריקני בפרל הארבור ב־7 בדצמבר 1941.

הספר מידווי מגולל את פרשת עלייתו ונפילתו של הצי היפני, וזאת מנקודת מבטם של היפנים עצמם. הוא מתאר את תהליך בנין הכוח בשנים שבין שתי מלחמות העולם, את ההכנות למלחמה ואת שכרון הניצחון היפני שבא בעקבות הצלחתם בפרל הארבור, עיקרן של הספר הוא תיאור מפורט של קרב מידווי וניתוח הגורמים למפלה היפנית. כדברי המחברים: ""בסיכום האחרון, הסיבה השורשית למפלה היפנית לא רק בקרב על מידווי אלא במלחמה כולה נעוצה עמוק באופי הלאומי היפני [...] כאומה, חסרות לנו הבגרות הנפשית וההתניה הדרושה כדי לאפשר לנו לדעת מתי ומה להקריב כדי להשיג את יעדנו העיקרי"".

שני מחברים, מיצואו פושידה ומאסאטאקה אוקומייה, שימשו כקצינים בצי היפני ונטלו חלק בקרב מידוויי. ספרם נכתב בהסתמך הן על ניסיונם האישי והן על מחקרים שערכו בחומר ראשוני ממקורות יפניים, והוא בבחינת מסמך אותנטי מאלף ומעורר למחשבה.",הקרב שחרץ את גורלה של יפן,Midway: the Battle That Doomed Japan / Mitsuo Fuchida | Masatake Okumiya,מאסאטאקה אוקומיה,,9650500103,,,,hebrew,Paperback,4.7,7,1,3461,56,1,1
1028556,הנפלא והשפל,אריק לארסון,נעם רחמילביץ',בבל,2026,660,עיון,הסטוריה  של המאה ה- 20,https://cdn.simania.co.il/bookimages/covers102/1028556.jpg?v=1788365217046,https://simania.co.il/bookdetails.php?item_id=1028556,"ביומו הראשון של וינסטון צ'רצ'יל כראש ממשלה, פלש אדולף היטלר להולנד ולבלגיה. פולין וצ'כוסלובקיה כבר נפלו, ופינוי דנקרק היה במרחק שבועיים בלבד. במשך שנים-עשר החודשים הבאים יזם היטלר מערכה מתמשכת של הפצצות מסיביות שגבתה את חייהם של כ-45,000 בריטים. על צ'רצ'יל הוטל לאחד את עמו ולשכנע את הנשיא פרנקלין רוזוולט שבריטניה היא בעלת ברית ראויה, ושהיא נחושה להילחם עד הסוף. 

בהנפלא והשפל מראה לנו אריק לארסון כיצד לימד צ'רצ'יל את העם הבריטי את ""אמנות חוסר הפחד"". זהו סיפור של הליכה על סף תהום פוליטית, אך גם דרמה ביתית אינטימית, המתרחשת על רקע צ'קרס, מעון הכפר של ראש הממשלה; אחוזת דיצ'לי, מקום המפלט שלו בימי המלחמה, שאליה הוא נסוג עם פמלייתו בלילות שבהם הירח מלא וסכנת ההפצצות בשיאה; וכמובן דאונינג 10 בלונדון. 

כשהוא מסתמך על יומנים, מסמכים ארכיוניים מקוריים ודוחות מודיעין שחלקם היו חסויים עד לאחרונה, מציע לארסון מבט חדש על שנתה הקשה ביותר של לונדון. 

על רקע ליקוי המאורות הפוליטי של ימינו, הנפלא והשפל מחזיר אותנו אל תקופה של מנהיגות אמיתית, שבה, בימים של אימה מצמיתה, הצליח צ'רצ'יל, ברהיטות, באומץ לב ובנחישות, לאחד אומה שלמה. 

הספר עמד שבועות ארוכים בראש רשימת רבי המכר של הניו יורק טיימס ונבחר לאחד הספרים הטובים של השנה על ידי שורה ארוכה של כלי תקשורת מובילים.","סאגה על צ‘רצ‘יל, משפחה ונחישות בתקופת הבְּלִיץ","The Splendid and the Vile: A Saga of Churchill, Family, and Defiance During the Blitz / Erik Larson",,,,,,,he,Paperback,4,1,1,105,0,0,1
1028632,עיישה - לבנות בית יחד מתוך ההריסות,זיו עבוד,,ידיעות ספרים,2026,280,ספרות,סיפורי חיים,https://cdn.simania.co.il/bookimages/covers102/1028632.jpg?v=1788705415510,https://simania.co.il/bookdetails.php?item_id=1028632,"כולנו ראינו את הסוף הטוב. את החיבוק שהיה לרגע אחד תמונת ניצחון. מה שלא ראינו זה את מה שקורה כשהמצלמות כבות, האיחוד נגמר וצריך ללמוד מחדש איך לחיות יחד.

אלי־ה שרד במנהרות החמאס כשהוא משוכנע לכל אורך הדרך שזיו נרצחה בטבח. זיו, שנפצעה והצליחה לשרוד את מיגונית המוות, נלחמה מאז אותו יום בכל כוחה להשיב הביתה את האיש שהיא אוהבת. במשך 505 ימים כל אחד מהם ניהל מלחמה אחרת.

כשסוף־סוף נפגשו, הם גילו שלא רק הזמן הפריד ביניהם. אלי־ה חזר מהשבי עם טראומה עמוקה ועם צלקות שאיש אינו רואה. זיו חזרה ממאבק בלתי פוסק להשבתו, ששינה גם אותה, לצד ההתמודדות עם הטראומה שהיא נושאת מאז שבעה באוקטובר.

כל אחד מהם נשא כאב אחר, פחדים אחרים וזיכרונות שאי־אפשר פשוט להשאיר מאחור. 

הם גילו שהשחרור מהשבי היה רק תחילתו של המסע האמיתי.

איך בונים מחדש זוגיות כשכל אחד חי חיים אחרים לחלוטין במשך זמן רב כל כך? כיצד מחזירים את האמון, הקרבה והאינטימיות כשבנפש עדיין מתחוללת מלחמה? ואיך לומדים לאהוב מחדש, כשגם האהוב וגם האהובה כבר אינם אותם האנשים שהיו?

בספרם המשותף הראשון, עיישה, זיו עבוד ואלי־ה כהן מספרים בכנות ובאומץ על רגעי השבר, על הטיפולים, על הוויכוחים, על התקווה, על הבחירה היומיומית להמשיך יחד ועל הדרך הארוכה שהובילה אותם מן המנהרות אל החופה.

 

עיישה הוא ספר על אהבה גדולה ששרדה 505 ימים של חושך, על זוגיות שנבחנה עד קצה גבול היכולת האנושית, על האפשרות לצמוח גם מתוך השבר ועל הבחירה לדבוק בחיים גם כשהעבר אינו מרפה.",,,אלי-ה כהן,,,,,,he,Paperback,4.5,2,1,45,2,0,1
648222,הביתה,אסף ענברי,,ידיעות ספרים,2009,276,ספרות,ספרות מקורית,https://cdn.simania.co.il/bookimages/covers64/648222.jpg,https://simania.co.il/bookdetails.php?item_id=648222,"""באחד משני חדרי הרווקות תלו הבחורות בסתר, על חוטים שהן מתחו תחת למיטות, תחתוניות משי וכותנות לילה מהבית, שמהן לא יכלו להיפרד לטובת מחסן הבגדים. 
כל עוד גרו באוהלים וברפת נטולת הפרטיות, החביאו אותן בתרמיליהן; 
עכשיו לבשו אותן וחוו שוב, כמו בברית המועצות, ריגוש מחתרתי.
""הביתה הוא סיפורו של קיבוץ מלידתו עד מותו. 
זהו סיפורם של אנשים שעזבו את ביתם כדי להגיע הביתה. 
הם נטשו את הוריהם, את שפתם ואת אמא רוסיה למען ארץ משלהם, וניסו להיפטר מהכמיהה האנושית למשפחה, לפרטיות ולרכוש, כדי ליצור חברה טובה יותר על פי הבנתם. 
חלקם השכילו למות לפני שמפעל חייהם התנפץ. 
חלקם עדיין כאן.

בסגנונו העז והתמציתי מגולל הספר עלילה סוחפת ומעוררת השתאות, המבוססת על שחזור עובדתי מדוקדק. 
הוא מוליך את סיפור חייו של הקיבוץ דרך כל שלבי ההתהוות, ההיסדקות וההתרסקות, ומתמקד בשבעה גיבורים ראשיים - באהבותיהם, בריביהם ובגילויי הרוך והאכזריות, העוצמה והגיחוך. 
הביתה הוא מעשה ספרותי נועז, המשתחרר מן ההבדלה המקובלת בין הספרותי לתיעודי, והופך בכך ליצירה מרשימה ומרטיטת לב; 

יצירה הלופתת את שאלות היסוד של ההיסטוריה והתרבות הישראלית, ומעניקה להן חיים, רגשות, כאב וגדולה. - דב אלבוים.

אסף ענברי נולד ב-1968 בקיבוץ אפיקים, וכיום הוא תושב קיבוץ גשר. 
למד ספרות כללית באוניברסיטת תל אביב והמשיך ללימודי ספרות עברית באוניברסיטת בר-אילן, שבה כתב דוקטורט על הגותו הספרותית והתרבותית של ביאליק.מלמד במכללת כנרת ובמכללת עלמא בתל אביב. מפרסם זה עשרים שנה מסות וסיפורים בכתבי עת ובעיתונים. 
נשוי לנעמי ואב לאריאל.",,Home,,,,,פרוזה עברית,,he,Paperback,4.1,166,51,18129,239,2,1
1025400,בנות השמש,מולי פיידר,צילה אלעזר,ידיעות ספרים,2025,360,ספרות,ספרות מתורגמת,https://cdn.simania.co.il/bookimages/covers102/1025400.jpg,https://simania.co.il/bookdetails.php?item_id=1025400,"רגע אחד בחיים מצית חברות של פעם בחיים...
גרינסבורו, איווה, 1967. לבטי-קיי ולקיטי, שותפות לחדר בבית הספר לאחיות, אין כמעט שום דבר במשותף. בטי-קיי היא בת איכרים שסיכנה את יחסיה עם משפחתה כדי להגשים את חלומותיה הרחק מעיירת הולדתה הכפרית. לעומתה, קיטי הקוסמופוליטית נשענה תמיד על יופייה ועל פיקחותה כדי להסתדר בחיים – וכדי להסתיר סוד הרסני מעברה, שממנו היא לא מצליחה להימלט. למרות השוני, השתיים חולקות את הרצון להוכיח את עצמן בעולם משתנה ורוקמות קשר אמיץ ובלתי צפוי בזירת לימודים גברית ועוינת.

עוד בטרם מסתיימת שנת לימודיהן הראשונה, הטרגדיה מכה, ובעל כורחן דרכיהן של השתיים נפרדות. כנגד כל הסיכויים, החברות ביניהן נהפכת לחברות ארוכת שנים וחובקת עולם, ששורדת אהבות, נישואים, כישלונות ומוות, מהג'ונגלים בווייטנאם ועד לחוגי הזוהר של הוליווד. עד שלילה מושלג אחד מביא את הקשר ביניהן לצומת דרכים מכריע.

גרינסבורו, איווה, 2019. שתי אחיות שאיבדו קשר זו עם זו מוכות תדהמה כאשר בהלוויה של אמן מופיעה כוכבת קולנוע מפורסמת. במהלך סוף שבוע סוער אחד נאלצות האחיות להתמודד עם הסיפור האמיתי של משפחתן, סיפור שישנה את חייהן לעד...

""סיפור עוצר נשימה על חברות יוצאת דופן. מולי פיידר כתבה רומן בלתי נשכח."" – ברנס אנד נובל

""סיפור מורכב, חודר ויפהפה, רומן שאסור להחמיץ."" – הוושינגטון אינדיפנדנט",,The Sunshine Girls,,,,,פרוזה,,he,Paperback,3.5,6,2,133,3,0,1
7728,בדלתיים סגורות,ז'אן-פול סארטר,חיה ומיכאל אדם,אור-עם,1982,60,אמנות,מחזות,https://cdn.simania.co.il/bookimages/covers0/7728.jpg,https://simania.co.il/bookdetails.php?item_id=7728,"בדלתיים סגורות (בצרפתית: Huis clos) הוא מחזה אקזיסטנציאליסטי מאת ז'אן-פול סארטר. המחזה נכתב בצרפתית בשנת 1944, והוצג לראשונה במאי אותה שנה בתיאטרון הוויה-קולומבייה, זמן לא רב לפני שחרור פריז מעול הכיבוש הנאצי.
במחזה מופיעות ארבע דמויות (אחת מהן, המשרת, מופיעה לזמן קצר בלבד), והוא המקור לאחד הציטוטים המפורסמים ביותר של סארטר: “הגיהנום הוא הזולת“ (l'enfer, c'est les autres). המחזה עובד לקולנוע פעמים רבות, וידועה במיוחד גרסתה של הבמאית ז'קלין אודרי משנת 1954.",,,,,,39-6009,,,he,Paperback,4.1,28,7,9171,31,1,1
1014700,רשומות הכוכבים הנידחים של דוקטור אורבך,ירון אבטליון,,אוריון,2025,267,ספרות,מדע בדיוני ופנטזיה,https://cdn.simania.co.il/bookimages/covers101/1014700.jpg,https://simania.co.il/bookdetails.php?item_id=1014700,"דוקטור טוביה אורבך הוא רופא בגמלאות, מתמטיקאי מחונן וחובב אסטרונומיה. הוא חי בגפו בביתו שבנחלאות ירושלים בשנות השבעים והשמונים של המאה שעברה, חיים שגרתיים ושוליים - עד שהוא מגלה במחקריו דרך לצאת למסעות בתודעתו אל כוכבים רחוקים, נידחים ומוזרים.
ב""מסעות"" שהוא עורך ממעבדתו שבעליית הגג, הוא מתוודע לעשרות כוכבים בגלקסיות רחוקות, לצורות חיים ייחודיות ולשלל תופעות משונות - אבל לחרדתו הוא גם מגלה שמסעותיו משנים את המציאות המוכרת, את הזמן, המרחב, היקום וגם אותו ללא היכר.
בניסיון להחזיר את היקום לקדמותו, הוא נעזר בתיאוריה מתמטית - פיזיקלית יוצאת דופן שאותה פיתח במשך עשרות שנים, עד הסוף (או האין־סוף) שבו הוא מגלה את האמת המטלטלת על היקום ועל עצמו ועל הקשר המפתיע והבלתי ייאמן ביניהם.
בספר מנסה המחבר לטוות (או להתיר) את הקשר האפשרי בין היקום, התודעה, הבריאה, ממדים גבוהים ונמוכים, מתמטיקה, פיזיקה, ומה שאנו מכנים ""מציאות"".
הספר בוחן כמה תרגילים מחשבתיים שנלקחו מעולם האי-גיון והדמיון: מה יקרה ליקום ולתודעה האנושית אם המספר הכי ידוע – פאי (3.14), ישתנה ויקטן מתחת לערך 1.52367 ? האם ייתכנו כמה ממדים לזמן כמו למרחב? מה קורה לזמן בעולם שבו חסר ממד מרחב אחד? האם ייתכן חצי ממד? איך עשויות להיראות צורות ריבוי שונות מאלו שבעולמנו? כיצד סדר קודשים במשנה קשור לעיוותים בזמן ועוד הרבה.",או: מה יקרה ליקום ולתודעה ביום שבו 1.52367 >=π?,,,,,,,,he,Paperback,5,1,3,515,3,1,1
1028597,ניסוי באהבת אמת,כריסטינה לורן,מיקי מלץ,אהבות,2026,396,ספרות,ספרות קלה - רומנים,https://cdn.simania.co.il/bookimages/covers102/1028597.jpg?v=1788611356239,https://simania.co.il/bookdetails.php?item_id=1028597,"פליסיטי ""פיזי"" צ'ן מרגישה אבודה. נכון, יש לה קריירה מדהימה, היא סופרת רומנים רומנטיים, עם כמות מרשימה של רבי מכר ברזומה שלה; אבל כשמבקשים ממנה לשאת נאום בטקס חלוקת תארים, היא מבינה לפתע שהיא לא מיישמת בחייה האישיים את הדברים שהיא כותבת עליהם. 

פיזי לא הייתה אף פעם מאוהבת באמת. תשוקה? כן, בהחלט. אבל התחושה הזאת של להתעלף-ממנו, של לא-יכולה-להפסיק-לחשוב-עליו? לא. שום דבר כזה. מה קורה כאשר האופטימיות, שבמשך כל הקריירה שלה היא ניסתה להנחיל לקוראיה, מתחילה להיראות כמו שקר? 

קונור פרינס, בימאי של סרטים תיעודיים ואב חד-הורי, אוהב את עבודתו בין השאר כי היא מאפשרת לו לגור ליד הבת שלו. אבל כאשר הבוס שלו חובב-הרווחים מודיע לו שעליו ליצור תוכנית ריאליטי, ושהעבודה שלו תלויה בפרויקט, קונור מוצא עצמו מחוץ לסביבתו הטבעית. הוא נואש למצוא איזשהו כיוון רומנטי. פגישה מקרית עם פיזי מספקת לקונור את הפתרון המושלם. מה אם הוא יוכל להראות לעולם את מלכת הרומנטיקה בכבודה ובעצמה מתאהבת עד מעל לראש? פיזי מסרבת בתוקף – אלא אם הוא יקבל את רשימת הדרישות שלה. כשהוא אומר כן, וההפקה של ניסוי באהבת אמת מתחילה, קונור תוהה אם השידוך המושלם הזה יופיע מתישהו בכרטיסיות התסריט גם בשבילו. 

כשהאורות נדלקים וכל העיניים מופנות אליה, מתברר שה-באושר-ובעושר שפיזי כבר כמעט ויתרה עליו, עשוי להימצא ממש מאחורי המצלמה.",,The True Love Experiment,,,,,הספרנית,,he,Paperback,3,1,1,41,1,1,1
1027732,מָא - המרווח שבין הדברים,קן רודג'רס,אירית ויינברג,אסיה,2026,226,עיון,פילוסופיה  - מזרח,https://cdn.simania.co.il/bookimages/covers102/1027732.jpg?v=1781273453347,https://simania.co.il/bookdetails.php?item_id=1027732,"המושג היפני המסורתי מָא מתייחס להפוגה, למִרווח במרחב ובזמן. לָרגע שאין בו פעולה, והוא מתמלא באנרגיה העוצמתית של השקט והדממה. מָא הוא הרֵיקוּת שבה הזמן, המרחב והמחשבות מוּשהים, רֵיקוּת שהיא הזמנה למוּדעוּת.

מָא הוא הדומייה שבין הצלילים, הנשימה שבין המילים, המרווחים שבין האבנים בגן זן, האתנחתא של רקדן, המתח שבין משיכות המכחול.

החלל הלבן והנוֹכֵח שעוטף את הקליגרפיה, הוא שמעניק לה את עוצמתה. המרחק המדויק שמפריד בין שני אומני לחימה מהותי לקרב ביניהם. המֵתים שממשיכים לנכוח בחיינו, מחדדים בהיעדרם את עצם קיומנו.

הספר מורכב מ-18 מאמרים פרי עטם של אמנים ומורי דרך בתרבות היפנית ומלווה ב־80 תצלומים מרהיבים. הוא יקסום לא רק למתעניינים בתרבות ובפילוסופיה היפניות, אלא לכל מי שמבקש להשתחרר מהלחצים ומהאתגרים של חיי היומיום ולפתח גישה מאוזנת ומהורהרת יותר כלפי העולם.

קן רודג'רס (1952–2024) היה סופר, עורך, חקלאי ותושב ותיק של קיוטו, הידוע בעיקר כמייסד־שותף של כתב העת 'קיוטו ג'ורנל'. מתוך תשוקה לטיפוח דיאלוג בין־תרבותי, הוא ערך פרסומים רבים שהאירו את האסתטיקה היפנית, הפילוסופיה הבודהיסטית וחיי היומיום. הותיר מורשת עשירה של כתיבה חדה ורגישות עמוקה ל""מרווחים שבין הדברים"".

ג'ון איינרסן הוא צלם, מעצב ועורך־מייסד של 'קיוטו ג'ורנל'. פירסם שלל ספרי צילום וזכה בפרס הנציב של הסוכנות לענייני תרבות של יפן. הוא מתגורר סמוך למקדש ננזנג'י בקיוטו.",,Ma: The Japanese Secret to Contemplation and Calm - An Invitation to Awareness,ג'ון איינרסן (עורכים),,,,,,he,Paperback,5,1,1,107,1,0,1
860444,My Story: Illustrated Edition,Marilyn Monroe,,Taylor Trade Publishing,,,,,https://cdn.simania.co.il/bookimages/covers86/860444.jpg,https://simania.co.il/bookdetails.php?item_id=860444,"Little known and long unavailable, this autobiography, written by actress and starlet Marilyn Monroe (1926-1962), describes her early adolescence, her rise in the film industry from bit player to celebrity, and her marriage to Joe DiMaggio. In this personal account of a very public life, she tells of her first (non-consensual) sexual experience, her romance with the Yankee Clipper, and her prescient vision of herself as the kind of girl they found dead in the hall bedroom with an empty bottle of sleeping pills in her hand.",,,,,1589793161,,,,he,Paperback,5,1,1,175,0,0,1
1026604,יום השישי,אריאל שנבל,,כנרת זמורה דביר,2026,,ספרות,ספרות מקורית,https://cdn.simania.co.il/bookimages/covers102/1026604.jpg?v=1773876286950,https://simania.co.il/bookdetails.php?item_id=1026604,"מה הייתם עושים אילו יכולתם למנוע את השבעה באוקטובר?

אחרי שבעלה נופל בימיה הראשונים של המלחמה, מקבלת הגיבורה של יום השישי הזדמנות חד־פעמית לשנות את העבר. למנוע אסון. להציל את הגבר שהיא אוהבת ולהפוך את גזירת הגורל – לא רק שלה אלא של עם שלם. האם תצליח? ומה יהיה מחיר ההצלחה?

יום השישי הוא מסע סוחף בין כבישים ריקים ונופי געגוע, זיכרונות משפחתיים והחלטות מכריעות. במיומנות ובקצב עוצר נשימה ועתיר פעולה הספר מתמרן בין העבר היהודי להווה הישראלי, בין נופי עוטף עזה להרי הרוקי הנישאים, בין נבואות זעם ואפשרויות נחמה, בין מה שהיה לבין מה שאולי עתיד להיות. בין הדפים מתפתח מרוץ נגד הזמן, נגד כיוון השעון ונגד כיוון ההיסטוריה.

זהו רומן מקורי ומעורר מחשבה על אהבה ונחישות, אחריות ובחירה, הפרטי מול הלאומי – סוגיות שמעסיקות כל ישראלי וישראלית בשנים האחרונות.

יום השישי הוא ספר הביכורים של העיתונאי אריאל שנבל.

אריאל שנבל, נשוי ליעלי ואב לארבעה, גר בפתח תקווה. את דרכו בתחום התקשורת החל ב־1999 ב""רדיו ללא הפסקה"", ומשם עבר לעיתונות הכתובה - בתחילה ב""מעריב"" ומאז 2006 כפרשן לענייני ארה""ב, עורך וכתב בכיר בעיתון ""מקור ראשון"", שם גם מתפרסם מזה עשרים שנה טורו השבועי האישי. שנבל אוחז בתואר ראשון במדעי המדינה ותקשורת ובתואר שני בהיסטוריה אמריקאית, שניהם מאוניברסיטת בר־אילן.",,,,,,,,,he,Paperback,4.3,9,5,296,4,0,1
996138,כי היום עובר,עדנה שבתאי,,הקיבוץ המאוחד,2019,361,ספרות,סיפורי חיים,https://cdn.simania.co.il/bookimages/covers99/996138.jpg,https://simania.co.il/bookdetails.php?item_id=996138,"היא היתה בת חמש־עשרה והוא היה בן שש־עשרה כשנקשרו חייהם ב־4 באוגוסט 1950; ועד למותו ב־4 באוגוסט 1981 היו להם שלושים־ואחת שנים של חיים סימביוטיים, שלעתים דמו יותר לים סוער מאשר לחוף מבטחים. על שנים אלה מספר הספר הזה בגילוי־לב, בלי טיוח.

	 לקראת גיל שלושים פרצה אצל יעקב שבתאי, אוהב החיים והנאותיהם, תשוקת הכתיבה; מפזמונאי צמח למחזאי מצליח ולמחברם של קובץ סיפורים ושל שני רומאנים. בשבע־עשרה השנים שנותרו לו עד מותו בגיל 47 כפה על עצמו יום־יום, ביד ברזל, משמעת כתיבה מוחלטת – כתיבה מסתעפת ועתירת ניואנסים, אשר האתגר שהעמידה בפניו היה להרגשתו ""כמו לטאטא את אלנבי מכיכר המושבות עד קולנוע מוגרבי במברשת שיניים"". כתיבתו עשתה היסטוריה: הספרות העברית נחלקת לזו שהיתה לפני 'זכרון דברים' ו'סוף דבר' ולזו שאחריהם; שני הרומאנים שינו כליל את פניה.

	 איך נעשה הצעיר התמים, הילדותי ושופע החִיות סוֹפר מהפכני, ההופך במשמעות החיים בצל הנוכחות המתמדת של המוות ההולך ומתקרב, הולך ומשתלט? איך התהוו יצירותיו בהקשר של חיי היום־יום שלו, עם המהמורות והמשברים? אחורי הקלעים של האירועים המשמעותיים של הספרות העברית נפרשים כאן, מלוּוים במכתבים אישיים, בתוכניות עבודה ובמסמכים נדירים.

	 אבל הספר עוצר הנשימה הזה אינו ביוגרפיה של יעקב שבתאי מילדותו עד מותו – אלא הוא תולדותיו של קשר, קשר ""פטאלי כל־כך"", ""כמו בין הברק לרעם"". מותווים בו שני מסלולים, זה של עדנה שבתאי, המספרת, וזה של האיש שלה, מסלולים שהתפתלו, נקטפו זה אל זה, השתרגו, אך גם פנו זה נגד זה. שוב ושוב נבלמו בוויתורים כואבים הרצון והניסיונות של הכותבת לפרוש את מלוא מוטת כנפיה־שלה.

	 מבין הדפים נודפת הארוֹמה של ישראל של פעם, בשנות החמישים, השישים והשבעים, שהספר הזה, כמו ספריו של יעקב שבתאי עצמו, הוא גם רקוויאם לה.",חיי עם יעקב שבתאי,,,,,,,,he,Paperback,4,4,2,1617,25,0,1
1008768,נקמת הלב,אן רוז,,יהלומים,2023,352,ספרות,ספרות מקורית,https://cdn.simania.co.il/bookimages/covers100/1008768.jpg,https://simania.co.il/bookdetails.php?item_id=1008768,"""מוות יביא מוות ועצב יביא עצב. פניה של גבריאלה מבזיקות לנגד עיניי ושאלה חדשה מתעוררת בתוכי, ומה תביא אהבה?""

המלחמה נגמרה.
איטליה שוחררה. אנחנו חופשיים.
האומנם?
ומי ישחרר את נשמתנו מהכלא שבתוכנו?

אייזיק וגבריאלה חוזרים לטוסקנה ותקווה לחיים חדשים מתעוררת בליבם, אך לצד התקווה מתעוררים גם רגשות אחרים, חשש, פחד, אשמה ונקמה.
לאחר שחוו על בשרם את התופת, הם מבקשים עכשיו לצמוח מתוך הכאב והכעס, לזרוע אהבה באדמה שהושקתה בשנאה ולהפריח את מדבר ליבם. כל זאת כשאשמה תהומית וסודות גדולים רוחשים מתחת לפני השטח, מאיימים על אושרם ועל עתידם.
זהו סיפור אהבה אשר יסעיר את ליבכם, ישאב אתכם אל נבכי נשמתם, אל הגעגוע ואל האשמה, אל תחושת הנקם הבוערת בעצמותיהם ומאיימת לכלות כל חלקה טובה.
האם הנקמה תשקיט את אש השנאה? ואולי האהבה היא שתביא את הנקמה הגדולה מכולן?

נקמת הלב מאת סופרת רבי המכר אן רוז הוא רומן היסטורי עוצר נשימה, המביא את סיפור אהבתם של אייזיק וגבריאלה, מלווה אותם במסע המפרך אל האהבה ואל הסליחה, אך גם במסע החשוב מכולם, המסע אל עצמם.
מומלץ לקרוא לפני את הספר פנינה בשלג. ספרים נוספים של הסופרת שראו אור בהוצאת יהלומים: בלו סקיי, ריין סטורם, סימנים בעץ ואש חיה, כיכבו ברשימות רבי המכר וזכו להצלחה רבה.",,Revenge of the Heart,,,,1285-133,,,he,Paperback,5,3,2,437,4,1,1
1006659,העונה החמישית,נ.ק. ג׳מיסין,צפריר גרוסמן,אופוס,2022,392,ספרות,מדע בדיוני ופנטזיה,https://cdn.simania.co.il/bookimages/covers100/1006659.jpg,https://simania.co.il/bookdetails.php?item_id=1006659,"זאת הדרך שבה העולם מגיע לקיצו. שוב.
אסוּן היא מורה בעיירה הקטנה טירימו. היא מגדלת את בנה ובתה עם בעלה הפחח. החיים שלה נראים פשוטים, אבל היא מסתירה סוד נורא. לאסוּן יש כוחות אורוגניה שמסוגלים להציל את העולם או להחריב אותו, וכעת מסתבר שגם הילדים שלה מסוגלים להשתמש בכוחות הללו. בעולם שעובר אסונות אקולוגיים איומים בכל כמה מאות שנים, איך היא תוכל להגן עליהם מההמון הזועם?
דאמאיה היא ילדה שמגלה את כוחות האורוגניה ויוצאת למסע אל המאזן, האקדמיה שמלמדת ילדים כיצד להשתמש באורוגניה לתועלת הציבור ומגינה על האורוגנים מפני שאר האנושות. היא תגלה מהר מאוד כי המאזן יכול להיות מסוכן יותר מכל אדם שממתין לה בחוץ.
סיאניט היא אורוגנית מורשה של המאזן שיוצאת למשימות ברחבי העולם. למשימה האחרונה שלה, שהיא אולי המסוכנת מכול, היא נשלחת עם אחד האורוגנים החזקים ביותר בעולם, שככל הנראה איבד את שפיותו.
שלוש הנשים יצאו למסע בעולם שבור ונתון לאסונות שבו הן יצטרכו למצוא את מקומן ואת יכולותיהן ולהתמודד עם הסודות הקדומים והנוראים של העולם.

נ. ק. (נורה קייטה) ג׳מיסין היא יועצת קריירה, בלוגרית פוליטיקה וזללנית מקצועית שחיה בניו יורק. היא כותבת מגיל עשר, אף שעבודותיה הראשונות לעולם לא יראו אור. ""העונה החמישית""  ושני המשכיו זכו בפרס הוגו לספר הטוב ביותר והיא האישה השחורה הראשונה שזכתה בפרס זה והראשונה שזכתה בפרס שלוש שנים ברציפות על ספרי טרילוגיה אחת.",,,,,,348-7186,העולם השבור,1,he,Paperback,4.4,7,2,1390,15,0,1
968656,בשם שמים (שמיים),אבירם ברקאי,,כנרת זמורה דביר,2013,589,עיון,צבא ובטחון,https://cdn.simania.co.il/bookimages/covers96/968656.jpg,https://simania.co.il/bookdetails.php?item_id=968656,"""כבר רבע לשתיים, חושב סרן מוטי קימלמן, נציג חיל האוויר הבכיר ביחידת האיסוף המרכזית של חיל המודיעין על פסגת הר כנען... הכול רגוע, הוא אומר לעצמו. פתאום הוא שומע שלוש מילים. והן חוזרות על עצמן כמו פזמון. וקימלמן מרגיש שכל שערותיו סומרות, כשמכל עבר הוא שומע 'יש לי קליקים'. 'יש לי קליקים'. 'יש לי קליקים'... והקליקים מתרגשים עליו מכל הכיוונים, מכל הרמקולים, מכל העמדות. 'כל חיל האוויר הסורי באוויר!!!' הוא צורח לתוך שפופרת הטלפון המוצפן. ראש מדור התרעה במחלקת מודיעין חיל האוויר שומט את השפופרת מידו, מדלג את שלושת המטרים שמפרידים עד חלון ההזזה הקטן, שחוצץ ביניהם ובין תא הרמשל""ט, מטיח אותו בעוצמה במסילה וצועק בקול סדוק, 'תזניקו! תזניקו! מלחמה! מלחמה!""

בשם שמים הוא סיפורו של חיל האוויר הישראלי במלחמת יום הכיפורים מבעד לעיני המפקדים והלוחמים של טייסת אחת. לא סתם אחת, ""האחת"" – חלוצת טייסות הפנטומים והנודעת מכולן. בעשרים ימי לחימה בלתי פוסקים נדרשה טייסת 201 לגיוס כללי של תעצומות נפש  - היא ביצעה את המשימות הקשות והמסובכות ביותר, החליפה שלושה מפקדים ואיבדה 15 מטוסים ו-40 אחוז מלוחמיה - 23 אנשי צוות אוויר נהרגו, נעדרו או נפלו בשבי. בסיומה של הסערה הגדולה התברר כי חרף מצבה הקשה טייסת 201 היתה לאגדה והוציאה מקרבה מספר חסר תקדים של נושאי תפקידים בכירים - עשרה אלופי משנה, שבעה תת-אלופים, שני אלופים, שני מפקדי חיל ורמטכ""ל אחד. בשם שמים הוא מסע מרתק, מרגש, כואב ומתסכל בעקבות אנשים ואירועים בלתי נתפסים. סיפורה של מלחמה אחת, ובעיקר של הלוחמים בסרבלי הטיסה שעשו אותה.  בכתיבה סוחפת ובסגנונו הריאליסטי הייחודי חודר אבירם ברקאי מבעד לשכבת העננים ולחזות הקשוחה של הטייסים היישר אל חדרי ישיבות הממשלה, ועדת החוץ והביטחון של הכנסת, המטכ""ל והמודיעין על שלוחותיו השונות. באמצעות כ-200 עדויות וראיונות עם אנשי צוות אוויר וצמרת מערכת הביטחון, פרוטוקולים ומסמכים שונים, מנסה ברקאי לפצח מה בדיוק קרה שם, בקו פרשת המים של החברה הישראלית, במלחמה שאחריה שום דבר כבר לא היה אותו הדבר. 

אבירם ברקאי הוא מ""פ שריון (במיל'), בוגר מלחמת יום הכיפורים. חוקר צבאי, מחברו של רב-המכר על בלימה שגולל את סיפורה של חטיבת השריון 188 במלחמת יום הכיפורים. ברקאי הוא מורה דרך, מרצה, חובב שטח, ג'יפאי, המוכר לקהל מעריצים גדול כחלוץ ז'אנר ספרות טיולי השטח הממונעים, שסלל בתחילת שנות התשעים. בשם שמיים הוא ספרו ה-14.

""ספר מרתק ומרגש הנותן לקורא תחושה מזעזעת של השתתפות בחוויית הלוחמים."" עמוס עוז

""ברקאי, מפקד מחלקת טנקים במלחמה, הוציא מתחת ידו ספר מרשים. כתיבתו קולחת, סוחפת."" אורי דרומי, מוסף ספרים הארץ 
""קראתי את הספר בנשימה אחת. מומלץ לכל לוחם ומפקד."" מתן וילנאי","טייסת ""האחת"" במלחמת יום הכיפורים",,,,,,,,he,Paperback,4,11,5,6817,52,2,1
1022730,העיקר שפיל ישמח,שחר סיטנר,,הקיבוץ המאוחד,2025,36,ילדים,ילדים   7-3,https://cdn.simania.co.il/bookimages/covers102/1022730.jpg,https://simania.co.il/bookdetails.php?item_id=1022730,"פַּעַם אַחַת אַרְנָב וַחֲמוֹרהִסְתַּכְּלוּ בְּלוּחַ הַשָּׁנָה וְגִלּוּשֶׁהַיּוֹם יֵשׁ יוֹם הֻלֶּדֶת לֶחָבֵר שֶׁלָּהֶם, פִּיל.אַרְנָב אָמַר: ""בּוֹא נְשַׂמֵּחַ אֶת פִּיל.נַעֲשֶׂה לוֹ מְסִבַּת הַפְתָּעָה מִשְּׁנֵינוּ!""
לְאַרְנָב הָיוּ עוֹד הֲמוֹן דְּבָרִים לְהַגִּיד. וּמַה חֲמוֹר עָשָׂה בֵּינְתַיִם?
שחר סיטנֶר היא תסריטאית וסופרת ילדים, מחברת הספר 'יומולדת חצי מעצבן'.
אָבִיץ (אבי א. כץ) הוא מאייר, צייר ואנימטור.",,,,,,,,,he,Paperback,,,1,43,2,0,1
316861,גלנקיל,לאוני סוואן,,עם עובד / ספריה לעם,2008,357,ספרות,מתח ריגול והרפתקאות,https://cdn.simania.co.il/bookimages/covers31/316861.jpg,https://simania.co.il/bookdetails.php?item_id=316861,"בוקר אחד מוצאים את ג'ורג' הזקן שוכב מת באחו ירוק בגלנקיל שבאירלנד, ואֵת תקוע בגופו. 
""אתמול הוא עוד היה בריא,"" אומרת מוֹד ואוזניה רוטטות בעצבנות. ""זה לא אומר כלום,"" עונה לה סֵר ריצ'פילד, ""הוא הרי לא מת ממחלה. אֵת חפירה הוא לא מחלה."" 
הדו-שיח הזה, תם וחכם כאחד, פותח חקירה בלשית מאומצת שנועדה לגלות מי רצח באכזריות שכזאת את ג'ורג', הרועה המסור של מוד וסר ריצ'פילד ומיס מייפל ואותלו, ושל עוד כמה עשרות כבשים וכבשות, טלאים ושֹיות, שמרגע זה השתבשו חייהם ללא תקנה. 

ואולם, הכבשים האלה, שהרועה המופלא והמסתורי שלהם היה מקריא להם סיפורים ערב-ערב, יודעים פרק או שניים בספרות מתח. צעד-צעד הם מפלסים את דרכם אל פתרון התעלומה – דרך שמוליכה אותם על פני כרי עשב ומצוקים ומשכנות בני אדם, וגם על פי תהומות: תהומות שבחוץ ותהומות שבפנים, אם בטבע ואם בנפש האדם ובהמתו. 
ככה נרקמת לה עלילה בלשית יוצאת דופן, מותחת ומשעשעת ומענגת להפליא.

ספר שנהיה רב־מכר מיד בצאתו לאור לפני כשנתיים, וכבר תורגם לשפות רבות.
	
""מותחן הכבשים הטוב ביותר שתקראו השנה"" (גארדיאן)

""סיפור כתוב בשנינות, עתיר המצאות מבריקות, מקורי להפליא -- משונה וחי, מבדח, ועם זאת אפל ומפתיע. קריאה כיפית, רומן ראשון מבטיח."" (בוקליסט)

""רגעים קומיים רודפים זה את זה בסיפור מתח מבדר ושמח, מסופר מנקודת מבט רעננה"" (דיילי מייל)

""סיפור מתח ייחודי וחכם, עם עדר שלם של בלשים צמריריים מקסימים. [בגללם] יתכן שלעולם לא אוכל עוד צלעות כבש..."" (קרל היאסן)

""סיפור מענג"" (פבלישרס ויקלי)

""בדיוק כשחשבתם שראיתם כבר בלשים מכל מין וזן, הרי לכם בלש בעור של כבש. הדמויות אנושיות כמובן מעניינות פחות מהכבשים, ונימת הסיפור המשתאה, העקבית, שלא ממצמצת - פשוט קסומה."" (קירקוס)",מותחן כבשים,Glennkill /Leonie Swann,,,978,32-21146,ספריה לעם,592,he,Paperback,3.7,249,65,12046,284,5,1
37134,הרחבת תחום המאבק,מישל וולבק,עמית רוטברד,בבל,2001,152,ספרות,ספרות מתורגמת,https://cdn.simania.co.il/bookimages/covers3/37134.jpg,https://simania.co.il/bookdetails.php?item_id=37134,"איש מחשבים צעיר וחסר ייחוד נשלח למורת רוחו להפיץ את בשורת המחשב ברחבי צרפת. אולי, הוא אומר לעצמו, המעבר הזה לפרובינציה ""ישנה לי את המחשבות; ללא ספק באופן שלילי, אבל הוא ישנה לי את המחשבות; לפחות יהיה שינוי בכיוון, תהיה טלטלה."" אבל חייו הולכים ומתבררים כירידה מתמשכת אל השאול של חיי היומיום. שום דבר דרמטי, רק החיים שכל אחד מכיר: עבודה, בילויים, מין, צרכנות, טלוויזיה. גיבור הרומן חסר השם, שנפרד מחברתו לפני שנתיים ומאז נותר בגפו, יוצא למסע הכפוי עם עמית לעבודה, טיסראן, צעיר בן 28 חסר חן ועדיין בתול. השניים כמהים לאהבה ולסקס, למגע אנושי וללטיפה, ומחפשים אותם ברכבת, במסעדות, במועדוני לילה ובמקומות העבודה. לשווא. כי בחברה שלנו, המין מייצג מערכת מיון שנייה, נפרדת לחלוטין מזו של הכסף; והיא נחשבת למערכת מיון אכזרית לפחות כמוה. ההשלכות של שתי המערכות זהות לחלוטין. כמו הליברליזם הכלכלי חסר המעצורים, ומסיבות זהות, הליברליזם המיני מייצר תופעות של התרוששות מוחלטת. יש כאלה שעושים אהבה כל יום; אחרים חמש או שש פעמים בחייהם, או אף פעם לא. יש כאלה שעושים אהבה עם עשרות נשים; אחרים עם אף אחת. זה מה שמכנים ""חוק השוק"". במישור הכלכלי, שניהם שייכים אמנם למחנה המנצחים, אך במישור המיני, למחנה המובסים. יציאתו לאור של הרומן הראשון של וולבק הרחבת תחום המאבק היתה אות הפתיחה למה שהפך במהירות ל""תופעת וולבק"". מישל וולבק הוא כיום הסופר הצרפתי המאתגר ביותר, השנוי ביותר במחלוקת, ולבטח המפורסם ביותר בספרות הצרפתית העכשווית. ספריו של וולבק תורגמו לעשרים וחמש שפות וזיכו אותו בפרסים בצרפת ובאיטליה. ספרו החלקיקים האלמנטריים ראה אור בהוצאת בבל.",,Extension du Domaine de la Lutte / Michel Houellebecq,,,,462-101,,,he,Paperback,3.9,73,15,9674,63,0,1
206120,מלחמה ושלום [מהדורת 2015 - כרכים: א' ▪︎ ב'],ל.נ. טולסטוי,לאה גולדברג,הקיבוץ המאוחד,2015,1060,ספרות,ספרות קלאסית,https://cdn.simania.co.il/bookimages/covers20/206120.jpg,https://simania.co.il/bookdetails.php?item_id=206120,"מלחמה ושלום — הרומן המפורסם ביותר, ואולי הגדול ביותר של כל הזמנים, מספר את סיפורן המרתק של שורת דמויות  ייחודיות, חד־פעמיות, על רקע פלישת נפוליאון לרוסיה בשנת 1812.

מלחמה ושלום הוא בו־זמנית רומן אפי, רומן משפחות ורומן היסטורי; רומן מלחמה, רומן אהבה ורומן פסיכולוגי.

בספר מגוון רחב של גיבורים ספרותיים בלתי נשכחים, ובראשם הדמויות ההיסטוריות של נפוליאון בונפרטה והמצביא הרוסי קוטוזוב, מכאן, והדמויות הבדיוניות המדהימות בחיוניותן של אנדרי, נטשה ופייר, מכאן.

זהו רומן שעלילתו וגיבוריו נעים בין חופש לכורח, בין אינדיבידואליות למציאות חברתית; רומן שכל מי שקרא אותו או יקרא אותו אי־פעם יחזור אליו שוב ושוב.

***
על פי עדותו של טולסטוי עצמו, נולד הרעיון לכתיבת רומן על מלחמת 1812 במהלך העבודה על רומן מחיי הדֶקרבריסטים שהעלה בדעתו עוד בשנת 1856. בתחילה נועד להיות ""רומן משפחתי"". תוך כדי כתיבה עולה הרעיון על ""פואימה"", דהיינו, יצירה אֶפית גדולה בדומה ל""איליאדה"" של הומרוס ו""פאוסט"" של גתה. וכך נעשה ה""רומן"" - לאפופיאה היסטורית, שחוטי עליללתה מתארגנים סביב שני מרכזים - ה""מלחמה"" וה""שלום"".
מורכבות המבנה של ""מלחמה ושלום"", מיזוגן של מגמות ז'אנריות שונות, האנציקלופדיות הסגנונית, ההפלגות הנועזות בהבנת טבע האדם – מעמידים את יצירת ל.נ. טולסטוי בשורת יצירות-המופת הכבירות ביותר של התרבות האנושית.",,,,,,31-6122,,,he,Paperback,4.7,13,4,6004,28,1,1
1028654,מפנקסו של מורה,יעקב חורגין,,ארץ,1925,,ספרות,ספרות מקורית,,https://simania.co.il/bookdetails.php?item_id=1028654,,,,,,,,,,he,Paperback,,,1,23,1,0,1
1020905,ההיסטוריה הקצרה של המלחמה,דאייר גווין,,תכלת,2023,366,עיון,הסטוריה - כללי,https://cdn.simania.co.il/bookimages/covers102/1020905.jpg,https://simania.co.il/bookdetails.php?item_id=1020905,"מלחמות מלוות אותנו משחר ההיסטוריה, עד שנדמה כאילו הן חלק בלתי נפרד מן האופי האנושי. האם זה באמתכך? האם יצר הלחימה וההרג אכן טבוע בנו, או שאולי אפשר לדמיין עתיד ללא מלחמות כלל?
ההיסטוריון הצבאי גווין דאייר בוחן את הסוגיה תוך שהוא סוקר את ההיסטוריה של המלחמה האנושית מהציידים־לקטים ועד האיום הגרעיני — ומגבש מסקנות בלתי נמנעות על טבע האדם.
דאייר מעלה שאלות מעניינות נוספות, בהן:• מה הופך מלחמה למלחמת עולם?• האם המלחמה הקרה באמת מאחורינו?• מדוע המזרח התיכון הוא אחד המקומות היחידים בעולם שעדיין מתנהלים בהם סכסוכים צבאיים?• כיצד ייראו המלחמות של המאה ה־ 21 , בצל ההתפתחות הטכנולוגית וההתחממות הגלובלית?
ההיסטוריה הקצרה של המלחמה הוא ספר קולח, תמציתי ומאיר עיניים, המציג תובנות חדשות על אירועים היסטורייםמסעירים, מסביר מונחים מורכבים בשפה בהירה, ובעיקר מספר את סיפורו של המין האנושי מנקודת מבט מרתקת.",,,,,,,,,he,Paperback,3.5,2,1,47,5,0,1
50964,מישהו לרוץ איתו,דויד גרוסמן,,הקיבוץ המאוחד,2000,341,ספרות,ספרות מקורית,https://cdn.simania.co.il/bookimages/covers5/50964.jpg,https://simania.co.il/bookdetails.php?item_id=50964,"""מישהו לרוץ איתו"" הוא סיפור מתח, וחיפוש ואהבה. 
אסף, נער ביישן וגמלוני בן שש עשרה, נעקר משגרת יומו כשהוא נשלח למשימה חסרת סיכוי:
לאתר את הבעלים של כלב גדול ופרוע שנמצא משוטט ברחובות ירושלים - והוא זה שיריץ כבסחרחורת את העלילה של אסף בספר. 
כך מגיע אסף לאנשים ולמקומות שבאמצעותם נגלה לו, כמו בפאזל, סיפור מופלא השואב אותו לתוכו - סיפורה של תמר, נערה בודדת וסוערת, שנלכדה בסבך של עולם אפל ומסוכן, ונאבקת בו באומץ. 

תמר היא הגיבורה הגואלת של ``עלילת ההצלה``, שבספר. 
תוכניתה נועזת, כמעט מטורפת, ולאסף הנדהם והמוקסם אין ברירה אלא להילכד איתה בסיפור שלה, לרוץ איתה עוד לפני שהכל ברור לו ולפני שהוא פוגש אותה ממש. 
לשניהם יהיו אלה ימים של מסע אל גבולות ההעזה, הנדיבות וההקרבה; מסע של התבגרות מואצת. 
הסיפור, שמתחיל כסיפור לבני הנעורים, הולך ומתבגר מפרק לפרק (ופרקי תמר מלכתחילה ``מבוגרים`` יותר מאלה של אסף בן-גילה). השניים יחצו ``גבול`` ביחד, ויגיעו לגילוי עצמי ולגילוי האהבה. 
קוראים שונים, או קריאות מגוונות, יוכלו ללכת שבי אחרי ה``רומנסה`` המודרנית הזאת, הריאליסטית והמבריקה, של גרוסמן. 

אפשר לקרוא בספר למען העלילה המפתיעה בתהפוכותיה; אפשר להתרגש מהעיצוב החם והחכם של תהליכי הנפש של הדמויות, השונות כל כך זו מזו ועם זאת מוצאות בתוכן את ``החלק של הלגו בנפש`` שמחבר אדם לאחר; ומי שמבקש לעקוב אחר גלגולי הגיבור ה``גרוסמני`` בין ספריו ימצא גם עניין רב ב``תיקון`` שעוברים כאן הגיבורים, החסומים מן העבר, החל מ``רץ`` - ביכולת שניתנת להם לפרוץ את המעגל, לתת את עצמם לאחרים, להשמיע בחוץ את הקול הפנימי, הנבדל והטהור אף שמתפלשים אתו במחילות הפנימיות הכי אפלות.",,,,,,31-3253,הספריה החדשה,,hebrew,Paperback,4.3,1502,166,53600,934,8,1
411824,המהלך על כלונסאות,יוסף ארליך,,עקד,1975,197,ספרות,ספרות מקורית,https://cdn.simania.co.il/bookimages/covers41/411824.jpg?v=1788196448680,https://simania.co.il/bookdetails.php?item_id=411824,,,,,,,,,,he,Paperback,4,1,1,231,3,0,1
11952,אל תיגע בזמיר,הרפר לי,צבי ארד,עם עובד,1989,278,ספרות,ספרות מתורגמת,https://cdn.simania.co.il/bookimages/covers1/11952.jpg,https://simania.co.il/bookdetails.php?item_id=11952,"סיפור אנושי נודע (נתפרסם בסרט בשם ""מות הזמיר"") על הבעיה הגזעית בדרום ארצות - הברית. בחמימות ובהומור, המזכירים במקצת את מרק טוין, מסופרות הרפתקאות שני ילדיו של פרקליט בעיירה על רקע משפטו של כושי הנאשם באונס. פרשה רבת - מתח ורוויה שנינות ואהבת - אדם, כתובה בידי מספרת - מלידה. נל הרפר לי נולדה בשנת 1926 במונרוביל שבאלאבאמה והיא בת - משפחה לגנרל רוברט לי, מפקד צבא הדרום במלחמת האזרחים האמריקנית. למדה משפטים באוניברסיטת אלאבאמה ובאוניברסיטת אוכספורד שבאנגליה. ""אל תיגע בזמיר"" הופיע ב - ,1960 זיכה אותה בפרס פוליצר והיה לרב - מכר שתורגם לעשר לשונות והוסרט.",,To Kill a Mockingbird / Harper Lee,,,,,ספריה לעם - קלאסיקה,76,hebrew,Paperback,4.5,329,45,21251,195,1,1
1011927,הדחף,סטפן (שטפן) צווייג (צוויג),ליה נירגד,כתר,2024,96,ספרות,ספרות מתורגמת,https://cdn.simania.co.il/bookimages/covers101/1011927.jpg,https://simania.co.il/bookdetails.php?item_id=1011927,"שני חיילים, פליטי מלחמה, מגיעים כל אחד בנסיבות משלו למדינה הניטרלית שווייץ בזמן מלחמת העולם הראשונה. האחד לאגם ז'נבה, השני לאגם ציריך. האחד משתוקק לשוב אל מולדתו, אל אשתו וילדיו, ואילו לשני המולדת נדמית כעת, בזמן המלחמה, כמקום של כלא וכפייה. אלא שגם אם בעיתות מלחמה המולדת אינה מתחשבת ברצונם של החיילים, נראה כי בכל זאת נותרת בידם מידה מסוימת של בחירה.

תקרית על אגם ז'נבה והדחף, שני סיפוריו של שטפן צווייג המתורגמים כאן לראשונה לעברית ומקובצים יחדיו, נוגעים בעוצמה, בתבונה וברגישות בחיי הנפש של חיילים ובדילמות ומצבים שמלחמה מעוררת.",,Episode am Genfer See,,,,,הסדרה הקטנה,,he,Paperback,4.4,23,11,1695,7,0,1
500393,תעלומת הרצח במסיבה,אגתה (אגאטה) כריסטי,,מ. מזרחי,,,ספרות,מתח ריגול והרפתקאות,https://cdn.simania.co.il/bookimages/covers50/500393.jpg,https://simania.co.il/bookdetails.php?item_id=500393,,,,,,,,ספרי מסתורין,,he,Paperback,5,2,1,1494,5,0,1
992751,בית הסחלבים,לוסינדה ריילי,דפנה לוי,מודן,2019,535,ספרות,ספרות מתורגמת,https://cdn.simania.co.il/bookimages/covers99/992751.jpg,https://simania.co.il/bookdetails.php?item_id=992751,"אחד הזיכרונות הקסומים ביותר של ג´וליה מילדותה הוא חממת הסחלבים באחוזת וורטון פארק. שם הייתה יושבת, מוגנת ממזג האוויר האנגלי הקר, ומאזינה להסברים של סבהּ ביל על הצמחים האקזוטיים. כעת ג´וליה מזדמנת שוב לוורטון פארק, ופוגשת את קיט קרופורד, יורש האחוזה, שאותו לא פגשה מאז הייתה ילדה והוא – נער מתולתל וגמלוני. קיט נותן לה יומן שנמצא מוסתר באחד המבנים באחוזה, וג´וליה יודעת שהיחידה שתדע מי כתב אותו ומתי היא סבתה אלזי.

   אלזי מספרת לג´וליה על האחוזה בתקופה שלפני מלחמת העולם השנייה, ובעיקר על אוליביה, נערה שנולדה בהודו והגיעה לאנגליה לכבוד ""העונה"" הלונדונית במטרה למצוא שידוך הולם. היא מספרת לה כיצד התאהבה אוליביה בלורד הארי, יורש האחוזה, אף שהוא לא היה בטוח שיוכל לאהוב אישה באופן הזה. הנסיבות ההיסטוריות הן שעיצבו לבסוף את יחסיהם, כאשר הארי נשלח למלחמה, ונפל בשבי היפנים. הוא השתחרר לאחר שנים, אך דווקא כאשר עמד לחזור הביתה מבנגקוק, מצא שם, בניגוד לכל היגיון, אהבה כנה ואמיתית.

   ג´וליה מגלה סיפור על משולש אהבים עוצמתי שהוסתר במשך דורות, והסיפור הזה – כך מסתבר לה – עתיד לטלטל גם את חייה שלה.

   בית הסחלבים הוא רומן מרגש שנע בין נשפים לונדוניים לבקתות תאילנדיות, בין צינת האי הבריטי ללחות הטרופית, בין עלמה אנגלייה מיוחסת לנערה תאילנדית, ובעיקר – בין מחויבות כובלת לאהבה עוצמתית. כל זאת בתקופה היסטורית שטלטלה את חייהם של מיליונים.

   לוסינדה ריילי פרסמה רבי–מכר שתורגמו לעשרות שפות ונמכרו במיליוני עותקים ברחבי העולם. זהו ספרה הראשון המתורגם לעברית.",רומן היסטורי,,,,,,,,he,Paperback,3.9,31,8,11724,46,0,1
60939,תולדות האהבה,ניקול קראוס,שאול לוין,כנרת זמורה דביר,2005,268,ספרות,ספרות מתורגמת,https://cdn.simania.co.il/bookimages/covers6/60939.jpg,https://simania.co.il/bookdetails.php?item_id=60939,"ליאו גורסקי מנסה לשרוד עוד קצת, מקיש על הרדיאטור מדי ערב כדי להודיע לשכנו מלמעלה שהוא עדיין חי, מושך מבטים בדלפק החלב בסטארבקס. 
אך לא תמיד היו אלה פני הדברים: לפני שישים שנה, בכפר הפולני שבו נולד, ליאו התאהב וכתב ספר. 
ואף על פי שהוא אינו יודע זאת, ספרו שרד גם הוא-חצה דורות ואוקיאנוסים ושינה את חייהם של אנשים אחדים.

אַלמָה בת הארבע-עשרה נקראת על שם אחת הדמויות בספר. 
היא טרודה עד מעל לראשה בהשגחה על אחיה הקטן, ציפור (שחושב שאולי הוא המשיח) ובכתיבה במחברתה: איך לשרוד בטבע - כרך שלישי. 
אך כאשר מגיע מכתב מסתורי בדואר, היא יוצאת להרפתקה במטרה למצוא את הדמות שאת שְמה היא נושאת ולהציל את משפחתה.
תולדות האהבה, סיפור שופע צחוק, תשוקה וכוח דמיון מופלא, הוא סיפור שובר לב אך גם מאחה לב, המסתיים במילים המהדהדות מתוך הודעת הפטירה של ליאו גורסקי בן ה-80: ""באמת, אין הרבה מה לומר. 

הוא היה סופר גדול. הוא התאהב. אלה היו חייו.""",,The History Of Love,,,,2-0070214,מחברות לספרות,,he,Paperback,3.9,530,71,34831,584,5,1
976978,כניעה,מישל וולבק,עמית רוטברד,בבל ומשכל,2015,280,ספרות,ספרות מתורגמת,https://cdn.simania.co.il/bookimages/covers97/976978.jpg,https://simania.co.il/bookdetails.php?item_id=976978,"האינדיבידואליזם הליברלי היה יכול לחגוג כאוות נפשו את התמוססות המבנים המתווכים שלו, כלומר המפלגות, התאגידים והקאסטות, אבל ברגע שתקף את המבנה האחרון, כלומר המשפחה, ולפיכך את הדמוגרפיה, הוא חתם על כישלונו הסופי; 
ואז מגיע, באופן הגיוני, עידן האיסלאם.
רובר רֵדיזֶ'ה

פרנסואה הוא פרופסור לספרות בסורבון המתמחה ביצירתו של הסופר בן המאה ה-19 ז'וריס–קרל הויסמנס. 
בזמנים רגילים הוא היה יכול לקוות לחיים שלווים, לקריירה אקדמית משעממת אך מספקת ואולי אפילו למערכת יחסים משמעותית עם אהובתו מרים, סטודנטית יהודייה.

אבל ההיסטוריה, הדמוגרפיה והפוליטיקה רצו אחרת: 
השנה היא 2022 וצרפת, על סף מלחמת אזרחים, לאחר תקופה ארוכה של אובדן–ֿדרך, אי שקט חברתי ואלימות גואה, בוחרת בנשיא חדש. 
הפוליטיקה הישנה, כמו שאר ערכי הרפובליקה, החברה והמשפחה, פשטה את הרגל, ובסיבוב הבחירות השני נאלצות המפלגות המסורתיות שהנהיגו את צרפת מזה חצי מאה לפנות את הבמה למארין לה פן, מועמדת הימין הקיצוני ולמוחמד בן–עבס, מועמד האחווה האיסלאמית.",,Soumission / Michel Houellebecq,,,,462-474,הספרייה של בבל,,he,Paperback,3.5,82,25,8598,79,2,1
498110,חיים גראביצר,פישל שניאורסון,אברהם שלונסקי,משכל,2013,583,ספרות,ספרות מתורגמת,https://cdn.simania.co.il/bookimages/covers49/498110.jpg,https://simania.co.il/bookdetails.php?item_id=498110,"""שבע יפול צדיק וקם"" – פתח הרבי ופירש מיד כל מילה ומילה – שבע פעמים נופל הצדיק וחוזר וקם מנפילתו...כל עלייה של נשמה יש בה ממילא אפשרות של נפילה, אלא שכל נפילה ונפילה היא בשורה מאוימת לעלייה העתידה לבוא. שכן נפילה וקימה – זהו התוך והמהות של העבודה האמיתית, התנועה רצוא-ושוב של הנשמה, המתעלה מעלה-מעלה.

חיים גראביצר הוא חסיד חב""ד שנועד לגדולות. עם זאת הוא מסרב בכל תוקף לרבנות ודבק במלאכת המלמד, בזכותה הוא רואה עצמו כמשה רבנו המביא נשמות רכות למעמד הר סיני. אין דומה לו, לגראביצר, בקולו הרועם, במזגו הסוער וביושר לבו, שאינו מתכופף בפני איש.

אולם אסון נורא שומט את הקרקע מתחת רגליו, וגראביצר נקרע מחייו, מעולמו ומאמונותיו, כגרם שמים שניתק ממסלולו ונותר משוטט בחלל. הוא ""נופל"" ומתגלגל במסע מלא תעוזה ומתח בין עולמות רוחניים תרבותיים וחברתיים שונים: מחסידות חב""ד לחסידות פולין, משם לישיבת וולוז'ין ולעולמם של המתנגדים ולתנועת ההשכלה ועד לגורלם הטראגי של הקנטוניסטים.

חיים גראביצר – סיפורו של נופל הוא ספר ייחודי ומרתק שנכתב ביידיש בשנות העשרים של המאה העשרים וראה אור לראשונה בעברית בשנת 1939, בתרגומו הנפלא ומלא החיים של הסופר והמשורר אברהם שלונסקי. הספר מקים לתחייה את העולם היהודי של העיירות בפולין במאה התשע-עשרה, ומתאר נאמנה את חיי היהודים באירופה שלפני מלחמות העולם.

פרופ' יהושע פישל שניאורסון (1958-1888) נולד למשפחת רבנים ואדמו""רי חסידות חב""ד, למד בישיבות והוסמך לרבנות, ולאחר מכן למד רפואה ופסיכיאטריה בברלין. בשנת 1936 עלה לארץ ישראל והקים בתל אביב מרכז אבחון וטיפול פסיכולוגי. לצד לימודיו ועבודתו הקלינית, חיבר שניאורסון סיפורת ייחודית מודרנית, אשר נתנה ביטוי מרתק לאישיותו ולשאלות שהתחבט בהן בחייו. הספר חיים גראביצר הוא גולת הכותרת של יצירתו הספרותית.

הוצאת ידיעות ספרים גאה להשיב אל קוראי העברית אוצר תרבותי וספרותי שכמעט ונשכח בארון הספרים היהודי. הספר רואה אור כעת במהדורה מחודשת, מעודכנת ומוערת.",סיפורו של נוֹפֵל,,,,978-965-545-561-8,362-4626,,,he,Paperback,4.5,8,4,5389,33,1,1
1026342,"חיים גדולים, נפלאים ויפים",אמילי הנרי,דורית בריל-פולק,מודן,2026,448,ספרות,ספרות מתורגמת,https://cdn.simania.co.il/bookimages/covers102/1026342.jpg?v=1772480025828,https://simania.co.il/bookdetails.php?item_id=1026342,"אליס סקוט, כתבת אופטימית וחייכנית, חולמת לכתוב ביוגרפיות של אנשים מפורסמים. כשמרגרט אַייוְוס הקשישה, בת למשפחה עשירה ולמודת שערוריות, מזמינה אותה לביתה ומציעה לה לכתוב ספר על חייה, אליס יודעת שזו ההזדמנות הגדולה שלה.
אלא שהיא לא המועמדת היחידה לכתיבת הספר. מולה מתחרה הֵיידן אנדרסון, סופר מצליח וזעפן. יש לרשותם חודש להיפגש עם מרגרט בנפרד, לזכות באמון שלה ולשמוע את סיפור חייה, ובסוף החודש היא תחליט מי מהם יזכה לפרסם את סיפורה.
אבל נדמה שמרגרט חושפת רק חלקים מהאמת. ולמרות שהשניים נתקלים זה בזו בלי הפסקה בין הפגישות עם מרגרט, הם לא מצליחים לבנות מהחלקים האלה תמונה שלמה - אולי בגלל הניצוצות שעפים באוויר בכל פעם שהם נפגשים. ואולי גם הסיפור שלהם, בדיוק כמו הסיפור של מרגרט, מורכב מחלקים שלא מתחברים?
חיים גדולים, נפלאים ויפים הוא סיפור על מורשת, על גורל ובחירה, ויותר מכול על אהבה. בכתיבתה השנונה להפליא, אמילי הנרי מצליחה לשלב בטבעיות רגשות עמוקים, דמויות שלופתות את הלב ועלילה שמפתיעה עד העמוד האחרון. רבי־המכר הקודמים של הנרי - רומן קיץ, אנשים שאנחנו פוגשים בחופשה שעוּבּד לסרט בנטפליקס, אהבה מהספרים, מקום נעים וסיפור מצחיק - זכו לאהבתם של מיליוני קוראים בעולם וראו אור בישראל בהוצאת מודן.
""אמילי הנרי הפכה לקובעת הסטנדרט של הז'אנר."" ניו יורק טיימס
""רומן לוהט ומעורר השראה על הקורבנות שאנשים מוכנים להקריב מתוך אהבה."" קירקוס ריוויוז
""הנרי ממשיכה להוכיח את עצמה עם עוד סיפור ארוג היטב ודמויות מורכבות ושובות לב."" בוקליסט",,Great Big Beautiful Life,,,,,,,he,Paperback,3.8,4,2,257,5,0,1
1028465,הסופר,יואב בלום,,כתר,2026,240,ספרות,ספרות מקורית,https://cdn.simania.co.il/bookimages/covers102/1028465.jpg?v=1787241728331,https://simania.co.il/bookdetails.php?item_id=1028465,"מיכאל קורן, סופר מצליח שמאחוריו שובל של רבי־מכר, לא רוצה לטוס לחו""ל כדי לקבל פרס ספרותי יוקרתי. הוא כבר לא מאמין - לא בספרות ולא במילים. לאחר שנים של יצירה, משהו בו נשבר והוא מרגיש שהעולם הספרותי הוא לא יותר מהצגה חסרת תכלית ושליצירה עצמה אין משמעות.

עכשיו, כמו פושע שמנסה לחזור למוטב ונגרר לשוד אחרון, הוא בכל זאת טס, משאיר בארץ את אשתו ההרה, ונאלץ להשתתף בטקסים, לחייך בקבלות פנים, ולהתלבט כמה כנות הוא יכול לגלות בנאומיו. 

סביבו, כמעט מבלי משים, גדל סיפור אחר, הרה גורל: קבוצה של פליטי אפוקליפסה שקשורים אליו מבלי לדעת זאת מתבצרת במקלט אטומי, וחבריה נאבקים על חייהם מול סכנה חדשה, כזו שמעולם לא דמיינו ושיכולה למוטט את שרידי עולמם.

יואב בלום, שספריו הקודמים, וביניהם מצרפי המקרים, המדריך לימים הקרובים והקבוע היחידי, תורגמו לשפות רבות וזכו בפרסים ספרותיים ובאהבת הקוראים, שואל בספרו החדש – והאישי ביותר עד כה – שאלות נוקבות על ערכה של הספרות כחלק מהקיום האנושי.",,,,,,,כתר - מקור,,he,Paperback,4,2,1,133,3,1,1
994096,ארכיפלג הכלב,פיליפ קלודל,שי סנדיק,סנדיק ספרים ומשכל,2019,211,ספרות,ספרות מתורגמת,https://cdn.simania.co.il/bookimages/covers99/994096.jpg,https://simania.co.il/bookdetails.php?item_id=994096,"גופותיהם של שלושה גברים שחורים, שנסחפו לחופיו של אי קטן ושלו אי-שם בים התיכון, מאיימות להרוס עסקה שאמורה להביא רווחה כלכלית לתושביו. האם יצליח ראש האי למנוע את חשיפת העניין? ומיהו אותו מפקח מסתורי שמגיע ושואל שאלות שעלולות לערער את תוכניות התושבים?
כפי שעשה בספריו הנפשות האפורות והדו""ח של ברודק, גם בספרו החדש, ארכיפלג הכלב, מביא פיליפ קלודל אגדה מודרנית, תעלומה קצבית ועוצרת נשימה על קהילה שחייה הנינוחים נגדעים באחת בעקבות אירוע יוצא דופן. בכתיבה חדה ומדויקת של רב-אמן, מציב קלודל בפני גיבוריו הכרעות שיחשפו את אופיים האמיתי, את צרות אופקיהם ואת אנוכיותם. כמו תמיד, קלודל אינו מגדיר את המקום ואת הזמן, כי הסיפור שהוא מספר אינו משל ואינו מציאות, אלא משהו שהוא בתווך, בין לבין. עלילה שמתרחשת במקום בדיוני ורחוק, ובכל זאת קרובה מתמיד למציאות חיינו.
פיליפ קלודל הוא סופר, מחזאי וקולנוען עטור פרסים שספריו תורגמו ליותר משלושים שפות. ארכיפלג הכלב, ספר הפרוזה העשירי שלו והרביעי שיוצא בהוצאת תמיר//סנדיק (קדמו לו שקשוק המפתחות, העץ של בני טורג'ה ולא אנושיים), הפך מיד עם צאתו לרב-מכר בצרפת והוא עתיד לראות אור בשתיים-עשרה ארצות.",,,,,,,,,he,Paperback,3.8,17,7,2513,27,0,1
999504,איש הערמונים,סרן סווייסטרופ,דורית בריל-פולק,מודן,2020,534,ספרות,מתח ריגול והרפתקאות,https://cdn.simania.co.il/bookimages/covers99/999504.jpg,https://simania.co.il/bookdetails.php?item_id=999504,"רוצח סדרתי מטיל אימה על העיר קופנהגן.

החותמת האישית שלו היא ""איש־הערמונים"" - בובה עשויה מערמונים, ובהם נעוצים גפרורים, המשמשים כידיים ורגליים. את הבובה הזו הוא משאיר בכל זירת רצח, סמוך לקורבנות - שהן תמיד נשים צעירות, אימהות לילדים.
בבדיקה של הבובה מגיע ראש המחלק לזיהוי פלילי לתגלית מזעזעת - טביעת אצבע של ילדה - בתה של שרה בכירה בממשלה, שנעלמה שנה קודם לכן.
מחשש לחיי נשים נוספות נרתמים לחקירה צמד החוקרים, נאיה תולין, אם יחידנית, כוכבת עולה במשטרה, קרת רוח ובעלת מוסר עבודה גבוה, ששואפת להגיע ליחידת הסייבר, ומארק הס, בלש ואיש קשר לבולשת האירופית, שנשלח לקופנהגן כעונש על טעויות גסות שעשה. עליהם להניח להבדלי האישיות שביניהם ולמחלוקות האישיות כדי לפענח את רמזיו של הרוצח, שכל זירת רצח שהוא משאיר מאחוריו מבעיתה מקודמתה. האם הם יצליחו להתחקות אחר איש הערמונים, למנוע רציחות נוספות ואולי גם לגלות פרטים נוספים על היעלמותה של בת השרה?

זהו ספרו הראשון של סרן סוַוייסְטרוּפּ, תסריטאי ומפיק של כמה סדרות טלוויזיה, וביניהן ' THE KILLING' - שזכתה בפרסים בינלאומיים ונמכרה ליותר ממאה מדינות. הוא מתגורר בקופנהגן. 'איש הערמונים' עוּבד לסדרת טלוויזיה בנטפליקס.

""ספר ביכורים טעון מתח."" פייננשל טיימס",,The Chestnut Man / Søren Sveistrup,,,,,,,he,Paperback,4.5,31,7,4165,31,0,1
976588,ילד 44 [מהדורת עטיפת הסרט - 2009],טום רוב סמית,הדסה הנדלר,כתר,2009,436,ספרות,ספרות מתורגמת,https://cdn.simania.co.il/bookimages/covers97/976588.jpg,https://simania.co.il/bookdetails.php?item_id=976588,"בברית המועצות של סטלין אין פושעים ואין מעשי פשע מלבד פשעים נגד המדינה. 
לכן, כשגופתו של ילד נמצאת על פסי רכבת במוסקבה, נשלח אל הוריו לב סטפנוביץ' דמידוב, סוכן נאמן של המשרד לביטחון המדינה, כדי לשכנע אותם שבנם מצא את מותו בתאונה. אבל האם הוא משוכנע בכך בעצמו? ואולי בכל זאת פועל בגן העדן הקומוניסטי רוצח סדרתי? 
בחשאי ובניגוד לעמדת הממונים עליו, כשהוא נרדף על ידי עמיתיו משירותי הביטחון הסובייטיים, נסחף לב לחקירה שתוביל אותו למצוד עוצר נשימה אחרי רוצח אכזרי ברחבי ברית המועצות, מצוד שבסיומו תחכה לו הפתעה מצמררת.
ילד 44, ספרו הראשון של הסופר האנגלי טום רוב סמית (יליד 1979), הוא רומן מתח מקורי ומסעיר, המשחזר את אווירת הטרור של השלטון הסטליניסטי ושוזר בה עלילה בלשית אפלה ומורכבת. עם צאתו לאור הוא הוכתר כאחד מספרי המתח המשובחים של השנים האחרונות, תורגם מיד לשפות רבות וזכה בפרס ""דוקרן הפלדה"" למותחן הטוב ביותר של 2008.

""הישג אמיתי... רומן מתח משכנע שנקרא בנשימה אחת.""  גרדיאן  

""עלילת המתח סוחפת מתחילת הספר ועד סופו.""  ניוזוויק",,,,,,10-278848,ילד 44,1,he,Paperback,4.8,10,4,1393,37,0,1
979176,המלכות של אושוויץ,דורון בראונשטיין,,לב,2015,431,ספרות,ספרות מקורית,https://cdn.simania.co.il/bookimages/covers97/979176.jpg,https://simania.co.il/bookdetails.php?item_id=979176,"אחרי מותה של מלכה בתאונת פגע וברח סתמית, מול דירתן הקטנה השכורה שבבניין העלוב והמוזנח ברחוב שטמפפר הרועש בפתח תקווה, חייה של פנינה משתנים ב-180 מעלות. גם חייה של מלכה עצמה משתנים אחרי מותה ב-180 מעלות והיא כמו נולדת מחדש וסוף סוף, בחלומות בהם היא מבקרת בקביעות את פנינה, היא פותחת בפניה עולם חדש, עולם שלם וגדוש על פיו, “עולם הבא”, בו היא מגלה את כל הסודות שלה מ’שמה’ – את כל הסודות שסירבה בנחרצות כה עזה לספר אודותם בחייה – וחושפת בפני פנינה – חלום אחר חלום, זוועה אחר זוועה, באמת תובענית, מייסרת, קשה לתיאור בשפה, במילים – את שלל חברותיה וחבריה מ’שמה’: על צבעוניותם, טירופם, עיצבונם, ייסוריהם הבלתי נתפשים במקום ההוא, אך מעל לכל – על אנושיותם הנאצלת, מכמירת הלב – דווקא ‘שמה’, דווקא אז.
 
אלו הם המלכים, ובעיקר – אלו הן, בכבודן ובעצמן – רוחות-אנוש, בשר ודם – המלכות של אושוויץ.",,,,,,,,,he,Paperback,5,4,3,1042,6,0,1
956360,הילד הלא נכון,אורי לברון,,כתר,2011,322,ספרות,ספרות מקורית,https://cdn.simania.co.il/bookimages/covers95/956360.jpg,https://simania.co.il/bookdetails.php?item_id=956360,"הילד הלא נכון הוא סיפור על שלושה גברים במשבר, על הנשים שהם אוהבים ועל ילד אחד בלי גבולות. בשיאו של הספר, בזמן נסיעה משותפת של השלושה ללאס וגאס, יצטלבו המשברים הללו ויגיעו לנקודת רתיחה שתסכן את החברות בין השלושה.

הילד הלא נכון הוא רומן קולח, משעשע וחריף המעמיד במבחן את הגבר הישראלי באמצע חייו. אורי לברון בוחן את השינויים שחלו בשנים האחרונות במושגי האהבה, החברות והנאמנות בחברה הישראלית ומשרטט את השפעתם על גברים ונשים ועל הקשרים ביניהם.

ספרו הראשון של אורי לברון, חצי הוכחה, נמכר ביותר מעשרים אלף עותקים, הי ל""ספר זהב"" וזכה לשבחי הביקורת. הילד הלא נכון הוא הרומן השני שלו.",,,,,978-965-07-19,10-277886,,,he,Paperback,3.7,59,19,5697,115,2,1
129588,על העיוורון,ז'וֹזֶה סאראמאגו,מרים טבעון,הקיבוץ המאוחד,2000,259,ספרות,ספרות מתורגמת,https://cdn.simania.co.il/bookimages/covers12/129588.jpg,https://simania.co.il/bookdetails.php?item_id=129588,"מכונית נתקעת לפני רמזור שהתחלף לירוק. הנהג צועק משהו. מסתבר שהתעוור  פתאום. אין זה עיוורון שחור; הוא רואה הכל לבן, כאילו נפל לתוך ים של חלב.  מישהו מתנדב להסיע אותו הביתה. כשאשתו חוזרת, היא לוקחת אותו לרופא -   עיניים, אבל עליהם לנסוע במונית, כי המתנדב טוב - הלב גנב את מכוניתם. בחדר -   ההמתנה של הרופא נמצאים זקן עם רטייה על עינו, ילד פוזל, צעירה במשקפיים  כהים... בזה אחר זה נדבקים בחושך הלבן כל האנשים שנפגשו עם העיוור הראשון,  ומדביקים אנשים אחרים. המגפה הלבנה מתפשטת. כל מי שעיוור נעץ בו את  ""מבטו"" הופך לנשא, שמתעוור עד מהרה. השלטונות כולאים את העיוורים  והנשאים באגפים נפרדים של בית - משוגעים ישן, מבודדים לחלוטין. רק אדם  אחד רואה שם  -  מחוסן באופן מוזר מפני המחלה: אשתו של רופא - העיניים,  שהעמידה פנים שהיא עיוורת, כדי שתוכל להצטרף אל בעלה. מי שמנסה לפרוץ מן ההסגר נורה. במשך הזמן מגיעים גלי עיוורים נוספים.  המזון לא מספיק, התנאים הסניטריים מזוויעים, יש הרוגים, פצועים, צחנה. כנופיית בריונים עיוורי , עם אקדח, תובעת לעצמה זכויות יתר: את המזון ואת הנשים. כשגם החיילים השומרים על בית - המשוגעים מתעוורים, פורצת החוצה קבוצה  של שישה עיוורים  -  כמו בציורו המפורסם של ברויגל  -  שכולם היו בחדר -   ההמתנה של הרופא כשהגיע לשם העיוור הראשון. מוליכה אותם הפיקחת  היחידה, אשת הרופא. מסתבר להם לזוועתם שבחוץ כולם עיוורים, אין ממשלה,  אין אספקת מזון, אין מים, אין חשמל  -  תוהו - ובוהו מוחלט. במסכת הרפתקאות  עליהם לבנות דרכי חיים חדשות, מהתחלה. 'על העיוורון' הוא הרומאן הנועז ביותר עד כה של סאראמאגו, חתן פרס נובל  לספרות וגדול סופרי אירופה היום. זהו העלילתי והמותח שבספריו, והוא נקרא  בנשימה עצורה עד לסיום המפתיע. ההומור המפורסם של סאראמאגו, והחריפות  השנונה, אינם נוטשים אותו כאן, בלב הזווועה והאכזריות, והם הופכים להומור  שחור, ושמא לבן. מסתבר שהרגשות שחיינו איתם, והמוסר, צמחו רק משום שהיו לנו עיניים.  נפשו של אדם נראית דרך עיניו. עכשיו הכל עובר הזרה, שום דבר אינו מובן  מאליו עוד. ועם כל הבוטות, והו ספרו האנושי ביותר של סאראמאגו, ספר על  האחווה האנושית, שיש ללמוד אותה בזהירות מחדש, בהדרכת אשה אחת  שרואה, כי האנושיות אולי תלויה לא רק במבט, אלא גם במבט נשי. אם יש ספרים שהקורא יוצא מהם אדם אחר ממה שהיה בתחילת הקריאה  -   'על העיוורון' הוא אחד מהם. הספר אינו משל או אליגוריה, אבל הוא עשוי  להאיר מצבי חיים רבים כל - כך. כי אולי אנחנו עיוורים שרואים, עיוורים שגם  כשהם רואים הם לא רואים, כי שכחו לראות, להתבונן.",,,,,,31-3183,הספריה החדשה,,hebrew,Paperback,4.2,1057,152,27063,827,8,1
1465,ילדות גדולות לא בוכות,פרנצ'סקה קלמנטיס,נעה שביט,ידיעות אחרונות,2002,354,ספרות,ספרות מתורגמת,https://cdn.simania.co.il/bookimages/covers0/1465.jpg,https://simania.co.il/bookdetails.php?item_id=1465,"סקס, שקרים ועוגת שוקולד!      
רוב חייה הבוגרים של מרינה עברו עליה בדילוג מדיאטה לזלילה וחוזר חלילה. 
אין דיאטה שאותה לא ניסתה או סוג שוקולד שלא טעמה.      
אומנם ילדות גדולות אינן אמורות לבכות, אך נסיון החיים של מרינה לימד אותה שהן גם לא מכייפות. 
היא בת 31, שוקלת 100 ק""ג, ומיואשת.      

המדען דייויד סנדהרסט זרק לה חבל הצלה. 
הוא ממציא תרופת פלא אשר לדעתו תעזור לאנשים לרדת במשקל ללא צורך בדיאטה. 
כל מה שנשאר לו לעשות הוא להוכיח שהתרופה אומנם פועלת...      

מרינה מצטרפת לתהליך ניסוי התרופה שארך שנה. 
במהלך הניסוי היא מגלה לתדהמתה שמשקלה יורד והביטחון העצמי שלה עולה. 
תוך זמן קצר היא נפרדת ממשמניה וזוכה בחיי אהבה מחודשים ומשופרים - יחד עם חבילה חדשה לגמרי של צרות!      
מרינה עומדת לגלות שבתוך כל אשה גדולה ישנה אשה רזה שמתה לצאת החוצה ... 
ולאכול חפיסת שוקולד!      

רב-מכר חדש ומהים שיגרום לכם לצחוק, לבכות - ולרצות לאכול!      זוכה פרס הסופרים של המועצה האנגלית לאמנויות , 2000",,Big Girls Don`t Cry,,,965-511-416-3,362-2524,פרוזה,,he,Paperback,3.5,50,9,5189,60,1,1
996212,לדבר עם זרים,מלקולם גלדוול,גיא הרלינג,זמורה,2019,360,פסיכולוגיה,ספרי הדרכה,https://cdn.simania.co.il/bookimages/covers99/996212.jpg,https://simania.co.il/bookdetails.php?item_id=996212,"- פידל קסטרו שתל בסי. אי. איי חפרפרת, שהחוקרים לא הצליחו לגלות 

	- נוויל צ'מברליין חשב שאפשר וצריך להאמין לאדולף היטלר

	- איש העסקים ברני מיידוף הצליח לתעתע בברוני כספים ברחבי העולם

	איך הם עשו את זה? 

	 

	יש לנו בעיה, קובע מלקולם גלדוול, מחברם הנודע של רבי־המכר ""מצוינים"" ו""דוד וגוליית"". משהו חורק בכלים ובאסטרטגיות שאנו משתמשים בהם כאשר אנחנו מנסים להבין אנשים שאיננו מכירים. בגלל שאנחנו, רוב בני האדם, לא יודעים איך לדבר עם זרים, נוצרים קונפליקטים, נוצרות אי־הבנות, שהשפעתם עמוקה.

	הקריאה בספרו זה של גלדוול, כמו בשאר ספריו, מענגת, מרתקת, מחכימה.

	 

	וושינגטון פוסט: ״ספר החודש״

	טיים: ״בין הספרים הטובים של השנה״

	גרדיאן: ״גלדוול מעניק ברק אינטלקטואלי לכל נושא

	שהוא עוסק בו״

	ניוווזיק: ״אחד מספרי החודש הבולטים״

	פיפל מגזין: ״ספר מבריק״

	 

	מלקולם גלדוול מחברם של רבי־מכר רבים, ביניהם: ""מה שראה הכלב"", ""מצוינים"" ו""דוד וגוליית"".

	נכלל ברשימת 100 האנשים המשפיעים ביותר של המגזין ״טיים״, ואחד מהוגי הדעות המובילים בעולם של המגזין

	Foreign Policy.",מחבר רב-המכר מצוינים,,,,,,,,he,Paperback,4,9,3,2623,29,0,1
1024326,בקצה הלילה,פְרידוֹ לָמְפֶּה,שירי שפירא,אפרסמון,2025,138,ספרות,ספרות מתורגמת,https://cdn.simania.co.il/bookimages/covers102/1024326.jpg,https://simania.co.il/bookdetails.php?item_id=1024326,"בקצה הלילה הוא רומן שקט ומופנם אך בעל עוצמה פנימית מתפרצת. מאכלסות אותו שלל דמויות החולפות ונעות בעיר הנמל הצפונית ברמן: ילדים וילדות, נגן חליל, זוג מאוהב, שני סטודנטים העומדים להפליג בלילה, זקן על ספסל, זונה ולקוח מהוסס, ימאים ולהטוטנים. העלילה מתרחשת משעות אחר הצוהריים ועד לפנות בוקר של יום המוחרת. הדמויות מתמזגות עם הנוף העירוני הלילי, משוטטות בין מועדון האסטוריה, הגן הציבורי ובית המכס. 

העיר והאנשים נעים להם בין הצללים, ואילו הלילה מתגלה כגיבורו האמיתי של הסיפור. 

ההתוודעות לסגנון הכתיבה הייחודי והחדשני של פְרידוֹ לָמְפֶּה כמוה כצפייה בסרט, ותחושת המסתורין של העיר עוטפת מכל עבר. 

בקצה הלילה ראה אור באוקטובר 1933. חודשיים בלבד לאחר מכן הוא הוכנס לרשימת הספרים האסורים לפרסום במשטר הנאצי משום שיש בו תיאור של קשר הומוסקסואלי וקשר בין אישה גרמנייה לגבר שחור המגיע לעיר הנמל. למרות שנאסר למכירה, התקבל הספר לקול תשואות המבקרים. הסופר הרמן הסה קרא את הרומן ב־1933 ונפעם מעוצמתו הפיוטית.

פְרידוֹ לָמְפֶּה אמר על בקצה הלילה כי נולד למשטר שבו לא אפשרו לו ״לנשום״, וקיווה שספרו יזכה לחיים שניים אי־שם בעתיד. הספר ראה אור במהדורה מצונזרת ב־1949, ורק ב־1999, בשנת המאה להולדתו של למפה, יצא שוב לאור בגרסתו המלאה. 

זהו תרגום ראשון לעברית מיצירתו הלא־מצונזרת של לָמְפֶּה.",תורגם מגרמנית,Am Rande der Nacht / Friedo Lampe,,,,,,,he,Paperback,4,7,4,453,5,1,1
1000309,שחפים בסופה,איינר קאורסון,משה ארלנדור אוקון,לסה,2021,110,ספרות,ספרות מתורגמת,https://cdn.simania.co.il/bookimages/covers100/1000309.jpg,https://simania.co.il/bookdetails.php?item_id=1000309,"בפברואר 1959 נקלעו ספינות דיג רבות לסופה עזה בשדות הדיג של ניוּפאוּנדלנד, וספנים רבים נספו בה. 
ברומן דחוס ועוצר נשימה זה, מובא סיפורה של השחף, המפליגה שם כשעל סיפונה שלושים ושניים איש עם שלל הדגה שלהם. 
קרח רב מתחיל להיערם על הספינה, וסילוקו תוך כדי מאבק ברוחות ובגלי הענק הופך למאבק לחיים ולמוות בין האדם לאיתני הטבע ובין ייאוש לתקווה.

איינר קאורסון נולד ב־1955 ברייקיאוויק. 
בראשית דרכו פורסמה שירתו בכתבי־עת ספרותיים וב־1981 ראה אור רומן הביכורים שלו; מאז כתב כשלושים ספרים. 
שחפים בסופה זכה לשבחים ברחבי העולם וקטף פרסים, בהם פרס הספרות השוודי. 
הוא נכלל ברשימות הספרים הטובים ביותר לשנת 2020 של הסאנדיי טיימס ושל הפייננשל טיימס.",,,,,,,,,he,Paperback,4.1,9,2,1066,5,0,1
757569,Edith's Story: The True Story of a Young Girl's Courage and Survival During World War II,Edith Velmans,,Bantam,,,,,https://cdn.simania.co.il/bookimages/covers75/757569.jpg,https://simania.co.il/bookdetails.php?item_id=757569,"In 1940, while the Germans occupied Holland, fourteen-year-old Edith van Hessen was filling her diary with the intimate, carefree details of a typical teenager's life -- thoughts about boys, school, her family, her friends, her future. By 1942, as Edith was contemplating her first kiss, the Germans had begun to escalate their war against the Jews. Soon this bright, fun-loving girl was grappling with one of the most unfathomable events in human history. Edith's family -- assimilated Dutch Jews -- were caught in the cross fire of the Holocaust, and Edith began a bitter struggle to survive.

In this extraordinary work, Edith Velmans weaves together revealing entries from her diaries with reminiscences and letters smuggled between family members during the occupation. Edith's Story stands as a profoundly important addition to the literature of the Holocaust, documenting one girl's grief, loss, courage, and ultimate triumph over devastating tyranny and despair. For as Edith is hidden in plain sight by a Christian family, we witness how a young woman must deny, bargain with, and finally face the horrors of war -- and how, confronting evil as a child, Edith survives to become an extraordinary woman.",,,,,553381105,,,,he,Paperback,5,1,1,130,0,0,1
1025855,לכולנו יש סודות,ג'יין קורי,יסמין קליין,תכלת,2025,368,ספרות,מתח ריגול והרפתקאות,https://cdn.simania.co.il/bookimages/covers102/1025855.jpg,https://simania.co.il/bookdetails.php?item_id=1025855,"אמילי עשתה טעות שמיילדות לא יכולות להרשות לעצמן לעשות. היא בורחת לבית אביה בדבון, הרחק מוועדת החקירה ומצוות האחיות. אבל כשהיא מגיעה לבית ילדותה, זרה צעירה ונאה פותחת לה את הדלת. אמילי מופתעת לגלות שאביה שכר את פרנסואז כמטפלת, על דעת עצמו. נכון שהדמנציה שלו החמירה, ונכון שאמילי לא מבקרת מספיק, אבל מי האישה הזו? מניין הגיעה? מה היא רוצה באמת?
אמילי לא סומכת על פרנסואז, ברור לה שהיא מסתירה משהו. אבל הרי גם אמילי בעצמה מסתירה דבר או שניים. לכל אחת מהן יש סודות, אבל רק אחת מהן תהיה מוכנה להרוג כדי שהם לא ייחשפו...
לכולנו יש סודות הוא מותחן פסיכולוגי מותח, אפל ומפתיע. ג'יין קורי כתבה ספרי מתח רבים שנמכרו במעל למיליון עותקים ברחבי העולם. רבים מהם היו רבי מכר של הסאנדיי טיימס. זהו ספרה הראשון שרואה אור בעברית.",,We All Have Our Secrets,,,,,,,he,Paperback,3.7,3,3,144,3,0,1
1014559,יש לך הכול,דפנה לוסטיג,,כתר,2025,168,ספרות,ספרות מקורית,https://cdn.simania.co.il/bookimages/covers101/1014559.jpg,https://simania.co.il/bookdetails.php?item_id=1014559,"אמרו שיש לה הכול - אבל בחשבון אחרון, האם זה באמת נכון?

זה סיפור שמספר אמת על התבגרות, פחד, כסף וגוף.

סיפור על משפחה, צער ואהבה.

זה סיפור על בת שהופכת מילדה ונערה לאישה צעירה בצל אביה הדומיננטי, פצוע מלחמה המרותק לכיסא גלגלים, חזק וחלש. זה גם סיפור על שלוש אחיות ועל אם שמחזיקה סיפור אחר. סיפור על התבגרות שלא נגמרת, על סודות וסליחה שמגיעה באיחור.

זה סיפור שמספרים בנסיעה על כביש מהיר אבל הוא מתגלה לאט־לאט.

יש לך הכול הוא ספרה הראשון של דפנה לוסטיג, עיתונאית ושדרנית. בכתיבה בעלת איכות כובשת היא כותבת באומץ, כנות והומור כמו מי שמסתכלת אל תוך הפנסים בלי למצמץ.",,,,,,,הסדרה הקטנה,,he,Paperback,4.3,8,5,650,11,0,1
693682,ספורי ככה בדיוק (חדש),רודיארד קיפלינג,תלמה אליגון-רוז,כנרת זמורה ביתן,2007,220,ילדים,ילדים   7-3,https://cdn.simania.co.il/bookimages/covers69/693682.jpg,https://simania.co.il/bookdetails.php?item_id=693682,"ספורי ככה בדיוק מאת רודירד קיפלינג, מגדולי הסופרים הבריטים ומחברם של ""ספר הג'ונגל"" ו""קים"", הם פנינה ספרותית, וכפי שהעיד קיפלינג עצמו – אחת היצירות האהובות עליו ביותר. שנים-עשר ספורי המופת הללו ראו אור לפני יותר ממאה שנים (1902) והפכו לאבני יסוד בספרות הילדים. כעת הם מובאים בתרגום חדש ורענן, שכולו אהבה ושובבות אין-סופית.
איך קיבל הנמר חברבורות, איך קבל הגמל דבשת, איך נכתב המכתב הראשון ועוד ספורים מבריקים ואהובים זכו להצלחה מסחררת בזכות היכלת הספורית המפלאה, הדמיון, התעוזה הלשונית, הידע, וההומור, שהתמזגו יחד לספר נצחי לילדים, ולילדים בנפשם.
סיפורי ככה בדיוק הם הזמנה למסע מרתק אל עולמות רחוקים – מהודו ועד אפריקה, מנהר האמזונס ועד הלימפופו, משלמה המלך ועד רובינזון קרוזו.
רודירד קיפלינג (1865–1936) בילה את שנות ילדותו בהודו, ובבגרותו הרבה לטייל בעולם. את משיכתו למחוזות רחוקים וקסומים – אמיתיים ובדויים – ניתן למצוא בכל אחד מספורי הקבץ הזה. בזכות ""יכולת ההמצאה הבלתי-נדלית שלו"" היה קיפלינג בשנת 1907 לאנגלי הראשון שזכה בפרס נובל לספרות.
תלמה אליגון-רוז, סופרת, משוררת ומתרגמת ספרות קלסית לילדים, בחרה לתרגם את ספורי ככה בדיוק מתוך רצון להפיץ את היפי שקיפלינג ברא, ולהפיח בספוריו רוח חיים עברית.
הלן וורד, מאירת הספר, חיה באנגליה. אסף משלי איזופוס שעבדה ואירה ראה אור בהוצאת כנרת (אף הוא בתרגומה של תלמה אליגון-רוז) וזכה לשבחים.
סדר הסיפורים בספר:+ איך קיבל הלוויתן לוע קטן+ איך קיבל הגמל את הדבשת+ איך קיבל הקרנף את עורו+ איך קיבל הנמר את חברבורות+ הפילון הסקרן+ שירו שיר לקנגורו הראשון+ איך נוצרר הארמדילים+ איך נכתב המכתב הראשון+ איך נוצרו האותיות+ הסרטן ששיחק עם הים+ החתול שהלך לבדו+ הפרפר שרקע ברגלו",,,,,,42-1001009,,,he,Paperback,4.7,3,1,996,15,0,1
10840,דון קיחוטה - שני כרכים,מיגל דה סרוואנטס,"ביאטריס סקרויסקי-לנדאו, לואיס לנדאו",הקיבוץ המאוחד,1994,830,ספרות,ספרות קלאסית,https://cdn.simania.co.il/bookimages/covers1/10840.jpg,https://simania.co.il/bookdetails.php?item_id=10840,"'דון קיחוטה', הספר שרק התנ""ך מתחרה בו במספר תרגומיו, נחשב לרומאן המודרני הראשון, ובעיני רבים גם לגדול שבכולם. 
בעברית לא שפר גורלה של אבן - פינה זו של התרבות העולמית; תרגומו המפורסם של ביאליק הוא רק עיבוד מקוצר. 
עתה תורגם הספר במלואו, על שני חלקיו, ב""ספריה החדשה"". 
טירופו של דון קיחוטה נעוץ בפריצת הגבול שבין הספרות לבין ה""מציאות"": האיש הטוב, שהיה שטוף בקריאת ספרות האבירים ההירואית רבת - הגוזמאות, 
מבטל את החיץ שבין בדיון למציאות ופורץ אל העולם כאביר נודד שיצא מתוך ספריו האהובים. 
על נשקו העתיק והמחליד, לשונו הנמלצת וכוונותיו הנשגבות - הוא פארודיה מהלכת, או רכובה על סוס קשיש ומיוגע. 
במסעו הוא משכתב את המציאות, כדי להתאימה לאוטופיה האבירית; כך פונדקים נהפכים בדמיונו לטירות; טחנות - הרוח המפורסמות - לענקים; זונות - לגבירות חצר; 
וכפרית גסה, שמעולם לא החליף עמה מלה, הופכת לדולסיניאה האצילה והיפהפיה, שכל מעלליו למענה. 
בכפיית הספרות על החיים הוא דן את עצמו להתנגשות בלתי - פוסקת, מעשית ואידיאית, עם המציאות. 
הפארודיה החריפה חושפת את הבלותה של הספרות ""הישנה"", אך גם להיפך - הפער בין הספרות למציאות מלמד גם על המציאות הירודה,
 שהמיפלט ממנה הוא רק בשיגעון - שאף הוא סוג של בדיון. 
קיחוטה בלי שגעונו נידון למות. סרוואנסס יצר אנטי - גיבור כפול, מחד, המטורף הפאתטי, החדור תחושת שליחות שבאה לידי ביטוי גרוטסקי; 
ומאידך - האיכר הפשוט והמעשי, השוטה - הפיקח, השעיר לעזאזל שחושף פגמים ועיוותים חברתיים ומוסדיים, והוא מקור לאינספור סיטואציות קומיות. 
סנצ`ו פאנסה מלווה את דון קיחוטה כמו חומר החיוני לרוח, כמו מציאות שבלעדיה אין אשליה. אבל ניגודו זה של דון קיחוטה - גם הוא קצת דון קיחוסה, וגם להיפך. 
""הפיכתו"" של כל אחד משניהם קצת לחברו עוד גוברת בחלק השני, המאוחר יותר, של הרומאן. 
העימות בין שתי הדמויות הללו אינו אלא עימות בין שתי אשליות. 
בחלק השני סובב דון קיחוטה בקרב קוראי החלק הראשון, כלומר: התגשם חלום להיות גיבור ספרותי. 
""דבר זה חדש ומיוחד במינו,"" כתב תומאס מאן, ""איני מכיר בספרות העולם שום גיבור של רומאן הקוצר את פירות תהילתו הוא"". 
הדמויות הראשיות עצמן דנות בספר ובהצלחתו ומחוות דעה על יוצרו  - מסנגרות עליו מותחות ביקורת, ואף מכנות אותו ""בור פטפטן"". 
ואולי גדולתו של הספר וסוד קסמו נעוצים במינון הנכון של טראגי וקומי, בשילוב בין סיפור הרפתקאות לביקורת חברתית, 
בין שעשוע לכל קורא בכל הזמנים לבין עיסוק יסודי בספרות, בפוליטיקה ובדת - ובקיצור, בהיותו יצירת מופת ובידור צרוף כאחד.",תרגום השירים ועריכה: טל ניצן-קרן,,,,,31-1892,הספריה החדשה,,he,Paperback,4.6,108,17,17432,221,3,1
939075,האסופית - אן מהחווה הירוקה [מהדורת 2011],לוסי מוד מונטגומרי,טלי נתיב עירוני,כתר,2011,331,נוער,תרגום (נוער),https://cdn.simania.co.il/bookimages/covers93/939075.jpg,https://simania.co.il/bookdetails.php?item_id=939075,"היא יתומה, היא ג´ינג´ית והיא לבד לגמרי בעולם. 
היא גם אופטימית, רומנטית, פרועה, ובחיפוש מתמיד אחר נשמה תאומה. תכירו את אַן שֶרְלִי , האסופית שנשלחה בטעות מבית היתומים לחווה הירוקה– ועד היום לא נעשתה טעות יותר מוצלחת. 

מַתְיוּ ומרילה קַתְבֶּרְט, אח ואחות כבר לא כל כך צעירים, צריכים נער שיעזור להם בחווה. בניגוד לבקשתם, בית היתומים שולח נערה. קוראים לה אן, ולמרות שמדובר בהפתעה, במהלך החודשים הבאים הם – יחד עם כל תושבי הכפר אֶבוֹנְלִי - יגלו שזו ההפתעה המדהימה ביותר שהחיים זימנו להם. אמנם היא מסתבכת בצרות,   אומרת את כל מה שהיא חושבת, ונוטה לחלום בהקיץ, אבל אן האמיצה, החכמה, הישרה והמצחיקה תכניס אל החווה ואל הכפר חיים חדשים. בדרך גם תפגוש את גילברט, סיפור שיתחיל בעלבון צורב אבל יסתיים לגמרי אחרת.. 

מאז שיצא לאור ב-1908 הפך ""האסופית"" לאחד מספרי הנעורים המצליחים בכל הזמנים. השנים שחלפו רק מוכיחות שאן היא גיבורה נצחית, שמדברת מחדש אל כל דור ודור. הספר הוא הראשון בסדרת הספרים, שכתבה לוסי מוד מונטגומרי, המלווים את חייה של אן, מילדות עד לבגרות. כתר גאה להוציא לאור את הסדרה בעריכה מחודשת – רהוטה, בהירה ומקסימה מתמיד.",,,,,,10-515554,אַן שֶרְלִי האסופית,01,he,Paperback,4.5,93,26,8506,142,1,1
8633,אחיות הגורל,טרי פראצ'ט,נורית שרעבי,כנרת,1997,298,ספרות,מדע בדיוני ופנטזיה,https://cdn.simania.co.il/bookimages/covers0/8633.jpg,https://simania.co.il/bookdetails.php?item_id=8633,"ממלכות מתמוטטות, מלכים נופלים וסכינים נשלפים בממלכה הקסומה של עולם הדיסק כששלוש מכשפות מתערבות בחיי הממלכה ורוצות להמליך מלך לפי בחירתן. 		 קשה להכתיר דווקא את המלך שבו רוצים כאשר מלכים גיבנים, ליצנים אבודים ויורשים מחופשים מתרוצצים מסביב ומתעניינים במלאכה. 		 זהו ספרו השישי של טרי פראצ`ט בסדרת ""עולם הדיסק"" - סדרת הפנטזיה המצחיקה מאז ומעולם!",,,,,965,42-4100011,עולם הדיסק,6,he,Paperback,4.3,58,3,5607,53,0,1
36563,בתו של מרפא העצמות,אמי טאן,צילה אלעזר,כנרת זמורה דביר,2001,350,ספרות,ספרות מתורגמת,https://cdn.simania.co.il/bookimages/covers3/36563.jpg,https://simania.co.il/bookdetails.php?item_id=36563,"קורותיהם של שלוש נשים, שלושה דורות ומשפחה אחת ארוגים ביד אמן בספרה החדש של אמי טאן, מחברת רבי המכר חוג שמחת המזל ואשת אל המטבח. 
רומן רחב יריעה זה, הקושר יחד את סין שלפני המהפכה עם סן פרנסיסקו של היום, מתחיל בשגרת יומה של רות יאנג, החיה עם גבר גרוש ועם שתי בנותיו. 
שגרה מעיקה של ניתוק רגשי, ניתוק שבינו לבינה ובין אדם לבין עצמו. ואז לפתע, בעוד אמה, לו - לינג, נתקפת שכחה מדאיגה, נזכרת רות בדפים שנתנה לה פעם, ובהם זיכרונותיה מילדותה בסין ועד בואה לאמריקה. 

""אלה הדברים שאני יודעת שהם נכונים"" כך מתחיל הסיפור, ולעיני רות נפרשים חייהן המדהימים של אמה ושל סבתה, בתו של מרפא העצמות; 
נשים שידעו סבל לא יתואר ושגברו עליו בכח תבונתן ותעוזתן. 
והסיפור הזה, יודעת רות - סיפור חייה של אמה - ישנה את חיה שלה לעולמים.",,The Bonesetter's Daughter,,,,2-70155,מחברות לספרות,,he,Paperback,3.9,79,4,6981,145,0,1
28745,הכפר סטפאנצ'יקובו ותושביו,פיודור דוסטויבסקי,גרשון חזנוב,כרמל,2000,224,ספרות,ספרות מתורגמת,https://cdn.simania.co.il/bookimages/covers2/28745.jpg,https://simania.co.il/bookdetails.php?item_id=28745,"בחור צעיר נקרא בדחיפות אל אחוזת דודו האלמן, איש צבא בדימוס, באמתלה שמחכה לו שם כלה, חניכתו לשעבר של דודו, בחורה אומללה וענייה שקיבלה חינוך מעולה. עם בואו הוא מגלה שהבית על יושביו המרובים והמשונים נשלט משום מה על ידי אחד פומה אופיסקין, רודן ושרלטן שעלה מאשפתות. ארבעים ושמונה שעות של התרחשויות דרמטיות ואבסורדיות עוברות על הגיבורים, ברומן שהוא אחד המצחיקים ביותר לא רק בין ספריו של דוסטובייסקי, אלא בספרות הרוסית בכלל, ויחד עם זאת הוא גם טרגי. דוסטוייבסקי מתחרה כאן בגוגול בתיאור האבסורדים של החיים, ובה בעת גם שם לצחוק את מורו הדגול, בדמותו של הרודן אופיסקין.  לספר נוספה מסה מאת פרופ` דימיטרי סגל, מן האוניברסיטה העברית, המסבירה בין השאר את הסיבות לפרודיה הזו על גוגול ולשנאתו של דוסטוייבסקי למורו לשעבר.",,Степанчиково и его обитатели / Фёдор Михайлович Достое́вский,,,965,249-1267,מן הקלאסיקה הרוסית,,he,Paperback,4.3,11,2,2471,22,0,1
1028491,סדר העניינים,גואל פינטו,,יצירה עברית,2026,160,ספרות,ספרות מקורית,https://cdn.simania.co.il/bookimages/covers102/1028491.jpg?v=1787456232960,https://simania.co.il/bookdetails.php?item_id=1028491,"טוק־טוק־טוק
מי שם?
חיים.

ראיתי את פניו היפות של הילד.

השפתיים שלו התעקלו כלפי מעלה, העיניים הצטמצמו והגומה על לחיו הימנית בלטה. החיוכים שלו היו נדירים, הוא היה ילד חמור סבר, אבל כשהגיעו הם היו עולם ומלואו. הוא נגלה אליי כמו ענק שהפציע מן הרקיע. ברקע היו שמיים כחולים, עננים לבנים, כמו ציור של מאייר מתחיל, ואור גדול זרח מאחוריו. חייכתי אליו בחזרה. תינוקי, קראתי לו. הושטתי יד קדימה, הצלחתי להגיע אל השיער שלו, לסדר אותו ממצב התוהו ובוהו התמידי שלו, ילד יפה שלי. תינוקי שלי. תודה שאתה מחייך אליי.

""הכול בסדר, אבא,"" השפתיים שלו אמרו.",,,,,,,חוג קריאה,,he,Paperback,5,1,1,78,0,0,1
8634,שומרים שומרים,טרי פראצ'ט,שלומית הנדלסמן,כנרת זמורה ביתן,1998,335,ספרות,מדע בדיוני ופנטזיה,https://cdn.simania.co.il/bookimages/covers4/48335.jpg,https://simania.co.il/bookdetails.php?item_id=8634,"העיר אנק מורפורק, העיר הגדולה ביותר בעולם הדיסק (זה הנישא על גבות ארבעה פילים שעומדים על שריון צב) נמצאת בסכנה. רק דרקון יורק אש יכול, כנראה, להציל את העיר וקפטן ויימס מחפש אחריו נואשות. עוד ספר מסדרת עולם הדיסק, הסדרה שהביאה לפרסומו הרחב של טרי פראצ`ט סופר הפנטזיה הבריטי הנערץ, סופר קאלט ייחודי ומצליח שספריו נקראים על ידי מליונים ברחבי העולם ומעצבים את תודעתם. ומי שלא נחשף עדיין לעולם הפנטזיה מוזמן לגלות קריאה בממד אחר. עד עתה יצאו לאור שמונה מספריו בהוצאת כינרת.",,,,,,,עולם הדיסק,8,he,Paperback,4.3,43,2,4545,27,0,1
21174,מעבר לעלטה,אורסולה לה גווין,אריה חשביה,עם עובד,1978,229,ספרות,מדע בדיוני ופנטזיה,https://cdn.simania.co.il/bookimages/covers2/21174.jpg?v=1778384174914,https://simania.co.il/bookdetails.php?item_id=21174,"שליח מכדור הארץ מספר על קורותיו בעולם אחר, עולם שכולו חורף וכפור המתואר בריאליזם לפרטי פרטיו:עמיו, נהגיו, תרבותו, תולדותיו ומלחמותיו:עולם שבו רק פרט אחד שונה ומיוחד:תושביו הם בני מין אחד. תוך קריאה אנו משתעבדים ליופי המוזר של עולם קפוא זה, נושאים בתלאות העוברות על בן כדור הארץ ומגלים צורת קיום חדשה, שונה מכל הידוע לנו, המפתה בזרותה ובקסמה. יצירת מופת זו מנסה לפענח מה מקומו של האדם בין התרבויות הכוכביות האחרות ומה עשויה להיות משמעותם של חיים אחרים, שאינם אנושיים, ביקום.","ראה אור בעברית גם בשם ""צד שמאל של החושך""",The Left Hand of Darkness / Ursula Le Guin,,,,,עם עובד - מדע בדיוני,,he,Paperback,4.6,23,5,6099,40,0,1
1001670,החיים האמיתיים,אדלין דְיֶידוֹנֶה,רמה איילון,כתר,2021,199,ספרות,ספרות מתורגמת,https://cdn.simania.co.il/bookimages/covers100/1001670.jpg,https://simania.co.il/bookdetails.php?item_id=1001670,"מבחוץ הוא נראה כמו כל הבתים באזור הפיתוח. או כמעט. יש בו ארבעה חדרים: החדר שלה, החדר של אחיה הקטן ז’יל, החדר של ההורים, והמרתף עם החיות המפוחלצות. היחסים בין ההורים קשים, ואת האווירה הכבדה שבבית מצליחים הילדים להפיג האחד בחברת השנייה, בטיולים, משחקים ואכילת גלידה. הכול עד ליום אחד שבו הם עדים לתאונה. מאותו רגע ז’יל הקטן חדל לצחוק, והיא, על עשר שנותיה, רוצה בכל מאודה להסיט ממסלולם את החיים הנוכחיים, שנדמים לה כמו טיוטה של החיים האחרים, האמיתיים. היא משנסת מותניים, מגייסת את כל כישוריה היצירתיים וצוללת עמוק לתוך נבכי הקיום מתוך תקווה שיום אחד, הלוואי, הכול יסתדר.

אדלין דְיֶידוֹנֶה ( ילידת  (1982 בוראת ברומן ביכורים זה עולם מכושף, אפל, חושני ורב־עוצמה. החיים האמיתיים זיכה אותה בשבעה פרסים ספרותיים חשובים בצרפת ובבריסל, בהם רנודו, פנאק והגונקור הבלגי.
רשימת פרסים: le prix du roman Fnac 20188, le prix Renaudot des lycéens 2018, le prix Filigranes, le prix Goncourt choix de la Belgique, le prix Goncourt choix de l’Italie, le prix du Premier Roman de Chambéry et le prix Victor-Rossel 2018.",,La Vraie Vie / Adeline Dieudonné,,,,10-279552,הסדרה הקטנה,,he,Paperback,3.6,8,3,904,11,0,1
18389,גבעת ווטרשיפ,ריצ'רד אדמס,רנה ליטוין,זמורה ביתן,2004,453,ספרות,ספרות מתורגמת,https://cdn.simania.co.il/bookimages/covers1/18389.jpg,https://simania.co.il/bookdetails.php?item_id=18389,"גבעת ווטרשיפ מספר את סיפורם של לוז וחמישון, שני ארנבונים אחים, החיים יחד בארנבייה שלווה על צלע גבעה. יום אחד חש חמישון, הניחן בחוש נבואי, שמשהו רע עומד להתרחש. הוא מזהיר את מנהיג הארנבייה אך נתקל באדישות ולגלוג. לוז מחליט לאסוף קבוצת ארנבונים, ותחת הנהגתו הם יוצאים לחפש מקום מגורים חדש ובטוח יותר. בין הארנבונים בחבורה האמיצה נמצאים ראש-גדול, ארנב מגודל ושש אלי קרב; אשחר, פטל וכסף, סרן אדר ועוזרו יקינתון, שמצטרפים מאוחר יותר, והארנבונים הקטנים יותר, בלוטון, כתמון וקדרון. החבורה האמיצה עוברת קשיים רבים במטרה למצוא להם ארנבייה חדשה, מקום שבו יהיו מוגנים מפני אויבים ובני אדם. הם מוצאים ארנבייה שנראית נהדר, ומנהיגה, בכור-אביב, נראה חבר חדש ונאמן, אך עד מהרה מתברר שסוד איום עוטף אותה.

	אחרי תלאות רבות הם מגיעים לגבעת ווטרשיפ, המקום הגבוה והמוגן שחמישון ראה בעיני רוחו. הם מקימים בה את ביתם בעזרתם של עכבר קטן שהצילו ושחף בשם קיהאר. אך כעבור זמן מה הם מבינים שהחיים עדיין לא שלמים, מכיוון שאין להם נקבות איתן יוכלו להתרבות. אז הם יוצאים שוב למסע, והפעם לארנבייה עוינת ואפלה המונהגת בידי ארנבון פראי ומזרה אימה בשם גנרל אשבל. לאחר מאבק עיקש מול אויב ראוי, הארנבונים מצליחים לצאת כשידם על העליונה, ויכולים לחיות סוף סוף בשקט ובשלווה.

	 

	גבעת ווטרשיפ, ספרו הראשון של ריצ'רד אדמס, יצא לאור בשנת 1972 והפך בן לילה לציון דרך בספרות הילדים והנוער, המוזכר בנשימה אחת עם ספרי מופת כמו ´אליס בארץ הפלאות´, ´ההוביט´ ו´הסיפור שאינו נגמר´. הוא זכה בפרסים רבים, ביניהם פרס ""מדליית קרנגי"" היוקרתי, והוכתר כספר הנמכר ביותר של הוצאת פינגווין. עד היום הוא ממשיך להימכר ללא הפסקה ולהסעיר את דמיונם של מיליוני קוראים בכל העולם. קוראים רבים מזהים בו משל חברתי לעולמנו שלנו, בני האדם, והחברות השונות שאנו נתקלים בהן בחיינו.

	אנו שמחים להגיש תרגום חדש לעברית של ספר נפלא זה מאת הסופר יואב אבני.",,,,,,3-13512,,,he,Paperback,4.5,184,29,10413,152,2,1
4711,כל החיים לפניו,רומן גארי (אמיל אז'אר),אביטל ענבר,עם עובד,1976,198,ספרות,ספרות מתורגמת,https://cdn.simania.co.il/bookimages/covers0/4711.jpg,https://simania.co.il/bookdetails.php?item_id=4711,"המספר הוא ילד ערבי בביתה של זונה לשעבר שמתפרנסת מטיפול בילדיהן של חברות למקצוע; והסיפור מצייר את דמותה המרשימה של אישה זו – יהודייה, שנולדה בפולין, הגיעה לצרפת וחייתה את אימי השואה – ואת ההווי הססגוני של רובע בלוויל בפריס המאוכלס ברובו במהגרים ערבים, יהודים ושחורים.

	 

	ספר מיוחד במינו, עצוב ומצחיק ומרתק, שזכה בפרס גונקור לשנת 1975 ועורר הד חזק עם הופעתו.",,,,,,32-1840,ספריה לעם,221,hebrew,Paperback,4.4,807,88,29702,526,10,1
993288,שומרת הערים האבודות,שאנון מסנג'ר,גליה אלוני-דגן,כנפיים,2019,456,ספרות,מדע בדיוני ופנטזיה,https://cdn.simania.co.il/bookimages/covers99/993288.jpg,https://simania.co.il/bookdetails.php?item_id=993288,"רב מכר של ה""ניו יורק טיימס""

	זוכה מדליית קליפורניה לקוראים צעירים

	 

	הנערה שגדלה אצל בני האדם וגילתה שהיא אֶלפית מעמידה את כוחותיה המסתוריים למבחן מסוכן.

	 

	סופי היא היחידה בעולם האֶלפים שמצליחה לתקשר עם אליקוֹרְן, יצור מיתולוגי נדיר הדומה לחד-קרן. היא חייבת לאמן את היצור הקסום כדי שיהיה אפשר להציגו לפני תושבי הערים האבודות. התקופה נעשית חשוכה ומאיימת, והאלפים זקוקים נואשות לסמל של תקווה. 

	הסודות הקבורים בזיכרונה של סופי נחשפים אט-אט, והיא נאלצת להתמודד עם סכנה גדולה כדי להציל לא רק את חייה שלה, אלא גם את חייו של אדם הקרוב אליה...",,SHANNON MESSENGER / KEEPER OF THE LOST CITIES,,,,10-888960,שומרת הערים האבודות,1,he,Paperback,4.1,23,7,8755,48,3,1
1027094,אלים קטנים,טרי פראצ'ט,אורי מאיר,רסיס נהרה,2026,393,ספרות,ספרות מתורגמת,https://cdn.simania.co.il/bookimages/covers102/1027094.jpg?v=1776657653184,https://simania.co.il/bookdetails.php?item_id=1027094,"אלים קטנים הוא הספר ה-13 בסדרת עולם הדיסק. הוא יצא לאור באנגלית בשנת 1992, ועכשיו לראשונה בעברית.

ויהי בימים ההם וידבר האל הגדול אום אל בְּרָדַ’ה אשר בחר:
“פססט!”
ברד’ה היסס. מישהו בהחלט דיבר אליו מתוך האוויר. אולי היה זה שד.
זה לא היה שד. זה היה האל הגדול אום. הייתה רק בעיה אחת: הפעם הוא התגלגל לעולם בדמות של צב די קטן. אומניה היא המדינה היחידה בעולם הדיסק שמאמינה באל אחד. יש לה כנסייה אדירה, קוויזיציה חזקה ואלפי מאמינים אדוקים. אבל למרות כל זאת – ואולי דווקא משום כך – נשאר לאום רק מאמין אמיתי אחד: ברד’ה, נער תמים שמוצא את עצמו לפתע בלב דרמה מסוכנת שמעולם לא ביקש לעצמו, תחת עינו הפקוחה של וורביס, ראש הקוויזיציה.
אלים קטנים מאת טרי פראצ’ט, סאטירה חכמה ומצחיקה עד דמעות על אמונה, כוח ומה שקורה כשהאלים תלויים במאמינים שלהם. אנו גאים להגיש אותו לראשונה בתרגום לעברית.
הצב נוע ינוע.",,,,,,,עולם הדיסק,13,he,Paperback,5,1,1,86,4,0,1
1026706,"סליחה, זה שלך?",טוביה טננבום,עודד לוין,סלע מאיר,2026,567,ישראל וציונות,ציונות,https://cdn.simania.co.il/bookimages/covers102/1026706.png?v=1774367578512,https://simania.co.il/bookdetails.php?item_id=1026706,"והנה אני רואה אדם לבוש לבן מכף רגל ועד ראש, ועל כתפיו הוא נושא טלה חום וחמוד. הטלה, בשונה משאר הטלאים, ניסה זה עתה להימלט על נפשו, אבל האיש בלבן תפס אותו. כעת הוא עומד לידי, והטלה, תינוק מקסים, מטה לפתע את ראשו לכיווני ומלקק את המצח שלי בהנאה גמורה. אני מתאהב בטלה הזה ברגע ומעניק לו את ראשי באהבה. הוא מלקק אותו, מלקק ומלקק.

אני אוהב את החוּם הזה, משוגע עליו!

אך מה גדולה חרדתי כשלפתע אני מזהה זוג סכינים ארוכים בידיו של האיש בלבן.

זה מכה בי: בתוך דקות ספורות אהבתי החדשה תיעלם לנצח. תישחט. ושאריותיה יישרפו בתוך בור.

ריבונו של עולם, אנא רחם על שה מתוק זה, עמך ישראל!

כך מתחיל מסעו של טוביה טננבום בחבל הארץ הכי מושמץ והכי אהוב – יהודה ושומרון. 

חמוש בכובע מצחייה, תיאבון לאנשים וחיוך שלא נגמר, הוא חוצה מחסומים, מבקר חוות בודדות, מתייעץ עם נערי גבעות, רבנים ורבש""צים, קופץ לשכם לבלוע כנאפה אסלית, לומד את מי השילוח בלילות שבת, וסועד ""אוכל בריא"" עם מתנחלות ומתנחלים.

ככוח טבע אינטלקטואלי מדלג טננבום בין גבעות והרים, בתי קברות ובתי מדרשות, מתיידד עם פעילי שמאל יהודים, חרד""לים עם צינגלות, נשים המתפללות את התיקון הכללי, וציונים־דתיים שכבר לא דתיים. ובין הלוויה אחת לשנייה הוא רץ אחרי טילים, ויושב בכובד ראש לשיחות עם ראשי המתנחלים, חברי כנסת ושרים, המנסים לשכנע אותו שבעצם אסור לספח את יהודה ושומרון.

ככה.

טוביה טננבום הוא עיתונאי, מחזאי ומייסד התיאטרון היהודי של ניו יורק. ספריו, ובהם תפוס ת'היהודי!, אני ישן בחדרו של היטלר, חרדי וטוב לו ושקרים שכולם מספרים, יצאו בהוצאת סלע מאיר, היו לרבי־מכר בישראל, בגרמניה ובארצות הברית, וזכו לשבחי הביקורת כאן וגם שם.",,,,,,,,,he,Paperback,4,1,1,149,2,0,1
13573,מכתבי יוני,כונסו על ידי בנימין נתניהו,,ספרית מעריב,2001,306,ספרות,ספרות מקורית,https://cdn.simania.co.il/bookimages/covers1/13573.jpg,https://simania.co.il/bookdetails.php?item_id=13573,"בלילה שבין ה-3 ל-4 ביולי, 1976 נע קומץ לומים של צה``ל, רכוב על גבי מספר קטן של כלי רכב, לעבר בית הנתיבות הישן של אנטבה, במטרה לשחרר יותר ממאה ישראלים, שהוחזקו כבני ערובה בידי טרוריסטים ערביים וגרמניים, שנעזרו על ידי חיילים אוגנדיים. מפקד הכוח המשחרר היה יוני - סא``ל יונתן נתניהו - שנהרג בקרב שהתחולל בבית הנתיבות. שעות ספורות אחר חילוץ בני הערובה, בשעה שהללו עשו את דרכם ארצה, דרך של יותר מ4,000- ק``מ, נודע ברבים דבר הפעולה המזהירה - והעולם כולו הוכה בתדהמה. נודע גם דבר מותו של יוני - ומאנונימיות כמעט מוחלטת בחייו, בגלל תפקידיו הסודיים בצבא. הפך שמו של יוני לנישא בפי כל, בתי ספר, גנים ושכונות נקראו על שמו. יוני נעשה נכס לאומי של העם היהודי. מה דמות היתה ליוני? מה היה מהלך חייו? ומהו שקבע את כיוון דרכו? הספר המוגש בזה לקורא כולל תשובות אותנטיות על השאלות הללו. מכתבי יוני, שמהווים מעין פרקי יומן, מקיפים יותר משלוש עשרה משנות חייו - מזמן שהיה תלמיד בבית ספר תיכון בארה``ב עד סמוך לנפילתו על אדמת אוגנדה. הם תעודה לקורותיו, עדות למניעיו. הספר, הנקרא כסיפור מרתק, עשיר בתיאורים מחיי הצבא, בתגובות על מאורעות הזמן, בהערות על מצב העם, ובגילויים של רחשי לב והרהורים לעת מצוא על תופעות אישיות וחברתיות. כל אלה משקפים אישיות יחידה במינה. בעלת הרבה יופי פנימי, הרבה אהבה וסבלנות, נאמנות לאידיאלים שבהם דגלה ולערכים שבהם האמינה - ערכי אדם ולאום. עם זה מגוללים מכתבי יוני לעיני הקורא דרמה נפשית עמוקה ורבת מתח. שמגעת לשיאה בימיו האחרונים של יוני - ובדפיו האחרונים של הספר.",,,עדו נתניהו,,,115-77,,,he,Paperback,4.6,69,18,10298,135,2,1
66789,דוח המלך דוד [מהדורת 2008],סטפן (שטפן) היים,ברוריה בן-ברוך,כתר,2008,272,ספרות,ספרות מתורגמת,https://cdn.simania.co.il/bookimages/covers21/218879.jpg,https://simania.co.il/bookdetails.php?item_id=66789,"זהו סיפור על אודות מלך מת ועל אודות היסטוריה חיה.זהו סיפור על עובדות ועל שקרים ועל האופן שבו אגדות וסיפורים הופכים לאמת. ""דוח המלך דוד קיים באמת,"" כתב הסופר שטפן היים, ""אפשר למצוא אותו בתנ""ך."" שטפן היים, הסופר היהודי-גרמני עטור השבחים, מספר מחדש את הסיפור התנ""כי שראשיתו בשמואל א' וסופו במלכים א'. דוח המלך דוד מציג באופן סוחף ומבריק את סיפורו של דוד המלך, דמות רבת פנים, כפי שהוא נשקף מעיניו של בן התקופה, היסטוריון, מבקר ואינטלקטואל שנאלץ לעמוד פנים אל פנים מול הכוח והשלטון. 

 ההיסטוריון איתן האזרחי מוזעק בפקודת המלך שלמה לירושלים ונדרש לכתוב את ""הדוח הרשמי האחד והיחיד על קורות המלך דוד"". בחוקרו את דברי ימי הממלכה הוא נתקל בגרסאות שונות וסותרות על אופיו של דוד ועל דרכי פעולתו. הוא פוגש את המלכה הזקנה מיכל, את אנשי צבאו של דוד, את הכוהנים ואנשי שררה שמבקשים לכסות על עובדות, שקרים ומזימות באמצעות סיפור אחיד והרמוני, נוח לשלטון. אך מתוך הסיפורים והעדויות עולה דמות בשר ודם, מרתקת ושנויה במחלוקת, של המלך דוד. כשההיסטוריון מגלה את הבקעים שבהיסטוריה הרשמית, מתחולל מאבק איתנים סביב האמת. הוא נדרש לשלם מחיר אישי ולבחור בין טובתו שלו ומנעמי השלטון ובין הצדק ההיסטורי. דוח המלך דוד אינו רק סיפורו של המלך אלא גם של איתן האזרחי, האדם שנדרש לספר אותו.
 היים יצר רומן היסטורי מרתק ומושך את הלב. אך לא פחות מכך, הספר הוא דיון נוקב בשאלה מהו תפקיד ההיסטוריון והעיתונאי בעידן של שחיתות מוסרית וציבורית. הספר זכה בביקורות מהללות ברחבי העולם ויוצא עתה במהדורה מחודשת בעברית במסגרת קלאסיקה מודרנית, בתרגומה המשובח של ברוריה בן ברוך.",,Der Konig David Bericht / Stefan Heym,,,978,10-277141,כתר - סדרה לספרות יפה,,he,Paperback,4.1,27,4,7208,38,2,1
1028263,ילדת הדרקונים האחרונה,רז קלמנוביץ',,אגם,2026,304,נוער,מקור (נוער),https://cdn.simania.co.il/bookimages/covers102/1028263.jpg?v=1785695209551,https://simania.co.il/bookdetails.php?item_id=1028263,"הדבר האחרון שברידג'ט גריי רצתה היה לעבור מהעיר הגדולה לבקתה מבודדת בלב יער, כשהחבר היחיד שנותר לה הוא דביבון מחמד בשם הנרי.

אבל ליערות בייברידג' יש סודות עתיקים, ונפילה מקרית לבאר מים עזובה סוחפת את השניים אל אלנטיה – עולם שבו חוקי הטבע משתנים, גמדים ופיות מסתובבים, וכל מי שהיא פוגשת מתעקש לקרוא לה ""ילדת דרקונים"".

בממלכה שאיבדה את שאריות הקסם, ברידג'ט מבינה שהדרך היחידה שלה לחזור הביתה מתחילה בשחרורו של דרקון בשם קלאוס. היא יוצאת למסע שבו גורל, מיתולוגיה וסודות משפחתיים נפגשים, ולצידה גמד מבוהל, דביבון פטפטן וחד־קרן זעוף פנים. יחד הם חוצים את נהר הנשמות האבודות, מתייצבים מול צבאות של טרולים ורצים נגד הזמן, לפני שהשערים בין העולמות יינעלו לתמיד.

האם ברידג'ט תצליח להציל את קלאוס ולשוב לביתה? מי היה חזק מספיק כדי לכלוא אותו, ומה זה ידרוש מילדת הדרקונים האחרונה?

רז קלמנוביץ' חולם על לגדל דרקונים, אבל לעת עתה מסתפק בשלוש בנות וכלב. הוא כתב עם בתו נגה את הסדרה רבת המכר ""הרפתקאות טרמלם הגמד"", וספרו ""דרור חייב למות"" זכה בשבחי המבקרים. את ילדת הדרקונים האחרונה הוא מקדיש לבתו קרן.",,,,,,071700251030,,,he,Paperback,5,2,1,17,1,0,1
1025793,בית מרקחת קטן לספרים,אלנה מולי,שירלי פינצי לב,"הוצאת הכורסא, מודן",2026,,ספרות,ספרות מתורגמת,https://cdn.simania.co.il/bookimages/covers102/1025793.jpg,https://simania.co.il/bookdetails.php?item_id=1025793,"מעדן קליל וחמים על אהבת ספרים, על חברויות, ועל כל מה שביניהם.

לפעמים רכבת החלומות חולפת על פנינו לפני שהגענו לתחנה. אז יש לנו שתי אפשרויות: לצפות בה נעלמת לנצח, או לרוץ בתקווה להדביק אותה.

בלו חולמת לעבוד בעבודה שקשורה בספרים. אחרי שצברה קצת ניסיון (לא מהנה במיוחד) בהוצאה לאור ונשחקה ברשת חנויות ספרים גדולה, היא מחליטה לפתוח חנות ספרים משל עצמה. אבל לא קל לנהל חנות ספרים עצמאית, כשהקונים מעטים והחשבונות מצטברים. 

היא כמעט נוטשת את החלום כשצץ במוחה רעיון: להפוך את החנות לבית מרקחת לספרים, עם מרשמים, עם מינונים ואפילו עם מידע על תגובות בין-תרופתיות. רק שבמקום לרפא מחלות, הספרים ירפאו את נשמתם של הלקוחות! הרעיון מתברר מיד כהצלחה עצומה, אבל עכשיו יש לבלו דבר אחר על הראש: איך תצליח לאתר את הבחור המסתורי שנראה כאילו יצא מדפי גטסבי הגדול ושאיתו בילתה ערב בלתי נשכח?",,,,,,,,,he,Paperback,5,2,3,279,4,0,1
1028600,נעלם בלי להשאיר סימן,הרלן קובן,שאול לוין,כנרת זמורה דביר,2026,349,ספרות,מתח ריגול והרפתקאות,https://cdn.simania.co.il/bookimages/covers102/1028600.jpg?v=1788619531794,https://simania.co.il/bookdetails.php?item_id=1028600,"אישה אחת נלכדת בליבה של קונספירציה קטלנית שבה חשיפת האמת עלולה לעלות בכל מה שיש לה.

מאגי מקייבּ, כירורגית מיומנת בעלת עבר קרבי, תמיד חיה בקצה. והכול התנהל בדיוק לפי התוכנית... עד שקרס.

לאחר שורה של טרגדיות שהובילו לשלילת רישיונה הרפואי, ברגע השֵפל הגדול ביותר בחייה, מושט לה חבל הצלה מעמית לשעבר — מנתח פלסטי בכיר שמטפל בלקוחות אנונימיים ועשירים במיוחד, הדורשים דיסקרטיות מוחלטת.

בצדו השני של העולם, באחוזת פאר מבודדת המצוידת בטכנולוגיה חדשנית, אחד האנשים המסתוריים בעולם זקוק לטיפול רפואי יוצא דופן. מאגי, נואשת וכשירה לַמשימה, נכנסת לעולם של סודות אפלים ומבצעת את המשימה. אבל כאשר המטופל נעלם לפתע, עליה להימלט בעצמה - אחרת תהיה הבאה בתור... להיעלם בלי להשאיר סימן.

הרלן קובן הוא מגדולֵי מסַפּרֵי הסיפורים בעולם. המותחנים שלו ראו אור ב־46 שפות ונמכרו ב־90 מיליון עותקים ברחבי העולם. סדרת ספרי מיירון בוליטר שלו זכתה בפרסי אדגר, שיימוס ואנת'וני. קובן הוא גם היוצר והמפיק הראשי של סדרות טלוויזיה רבות, ובהן עיבודים בנטפליקס לרבי־מכר עולמיים.

ריס וית'רספון היא שחקנית ומפיקה זוכת פרסים, מחברת רבי־מכר של

ה""ניו יורק טיימס"". ב־2016 הקימה את מותג המדיה Hello Sunshine, שמעמיד נשים במרכזו של כל סיפור על פני כל הפלטפורמות, והוא גם ביתו של מועדון הקריאה של ריס, קהילה הנסמכת על חיבורים משמעותיים לסיפורים, סופרים וחבריה השונים.

""קונספירציה בינלאומית עוצמתית וקצבית שתגרום לכם לדופק מואץ.""

  הניו יורק טיימס",,Gone Before Goodbye / Harlan Coben,ריס וית'רספון,,,,כנרת זמורה דביר - מתח,,he,Paperback,5,1,1,93,1,0,1
1026531,העולם שיש,גילי רומן,,ידיעות ספרים,2026,160,ספרות,ספרות מקורית,https://cdn.simania.co.il/bookimages/covers102/1026531.jpg?v=1773343565485,https://simania.co.il/bookdetails.php?item_id=1026531,"איך מתמודדים עם עולם שנשבר? כשהבלתי סביר נעשה שגרתי והרגיל מרגיש כאבסורד, כיצד ניתן להתבונן בכנות במציאות שלנו כפי שהיא?

העולם שיש הוא קובץ סיפורים קצרים שחודרים ברגישות לעומקם של החיים, של מערכות יחסים, של אהבות ושל אובדנים. מתוך מבוכה אל מול העולם,  גילי רומן כותב במבט צלול על אנשים שמלחמה עוברת דרכם וחושף את הפגיעות ואת היופי שבתוך ההישרדות.

בסיפור ""ניקוי יבש"" גבר אלמן נאחז בזיכרונה של אשתו דרך בגדיה, עד כי הגבול בין אבל לאובססיה מיטשטש; בסיפור ""זה לא אמור להיות ככה"" ארבע דמויות ישראליות זרות מתכנסות לשיחה תחת עץ כדי להבין איך ממשיכים לחיות עם פגיעה בלתי ישירה; ובסיפור ""על הגריל"" אם צעירה נסחפת למרדף אחר חטיף אהוב במטרה להגן על נפשו של בנה בשגרת מתקפות הטילים.

בספר תשעה־עשר סיפורים שהם רישום מדויק ומלא דמיון של חיי היום־יום כשהם נסדקים ונגלים במלוא עוצמתם. זהו ספר שמזמין לעצור, לנשום, להקשיב ולגלות את הפלא הקטן, השביר, של העולם שיש.

 

גילי רומן ניהל את בית הספר הבינלאומי בכפר הירוק ואת אגף אסטרטגיה של משרד החינוך וכיום עובד בקרן מנדל למנהיגות. במהלך המלחמה לקח חלק פעיל במאמץ לשחרור החטופים, בהם אחותו ירדן רומן, שנחטפה מקיבוץ בארי בשבעה באוקטובר וחזרה מהשבי ב־29 בנובמבר 2023.

העולם שיש הוא ספרו השני. קדם לו ""אחרון מסוגו"" (בהוצאת מעוף, 2021)",,,,,,,ניירות ערך,,he,Paperback,4,1,1,50,1,0,1
1024320,החוקים של הבנות,מיה יסעור,,כנרת זמורה דביר,2025,128,ספרות,ספרות מקורית,https://cdn.simania.co.il/bookimages/covers102/1024320.jpg,https://simania.co.il/bookdetails.php?item_id=1024320,"בשדה בוקר השמש לא שקעה כמעט אף פעם, וכולנו התרוצצנו יחפים ופרועים מהפנימייה לקבר, מהקבר לצוק, והנעורים בערו לנו על העור ורק רצינו להרגיש עוד ועוד מהדבר הזה שלא ידענו לקרוא לו בשם. 

לבנים של שדה בוקר היה עתיד בהיר, נהיר, מזהיר. בנים תמיד יודעים לאן הם הולכים. מישהו כבר צייר להם מפה והם רק צריכים לדעת לקרוא אותה. אבל אנחנו היינו בנות. 

פחדנו ושנאנו את עצמנו כמו בנות, ועמדנו בתחתונים מול המראה בחדר שלנו בפנימייה וכל אחת אמרה מה הכי מכוער בה. להיות בת אומר שאת חייבת להיזהר תמיד. כל הזמן.

ספרה הראשון של מיה יסעור הוא טקסט בשל ונפלא ומלא עסיס וטעם. העברית שלה יחפנית ופושטקית וגם אלגנטית ומדויקת. בעדינות ובתשומת לב היא מספרת סיפור אישי מאוד על מקום אחד ועל נערה אחת, אבל באורח פלא מחזירה אותנו, הקוראות והקוראים שלה, אל מה שאולי היו הנעורים שלנו ואולי הוא החלום שלנו על האור היוקד והחושך הסמיך של אז.

מיה יסעור נולדה בבאר שבע ב־1983, למדה בתיכון לחינוך סביבתי במדרשת שדה בוקר. עורכת ספרותית, חיה בתל אביב.",,,,,,,,,he,Paperback,3.8,13,1,347,5,1,1
998310,חנות ספרים על גלגלים,ג'ני קולגן,ניצן לפידות,הכורסא,2019,351,ספרות,ספרות מתורגמת,https://cdn.simania.co.il/bookimages/covers99/998310.jpg,https://simania.co.il/bookdetails.php?item_id=998310,"נינה רדמונד אוהבת מאוד את עבודתה כספרנית ובמיוחד לשדך לאנשים ספרים שמתאימים להם. אבל כשהספרייה שבה היא עובדת עומדת להיסגר, היא מוצאת את עצמה בפני שוקת שבורה. בגיל 29, ללא תמיכה כלכלית או עתיד תעסוקתי ועם כמות אדירה של ספרים הממלאים את דירתה, היא מרגישה שמסלול חייה הגיע למבוי סתום. אלא שמודעה בעיתון שמציעה למכירה רכב מסחרי גדול מציתה רעיון במוחה: היא תקים חנות ספרים ניידת שתביא את הספרים לקוראים בכל מקום שבו הם נמצאים. 

	תוך זמן קצר היא מוצאת את עצמה באזורים הכפריים והפסטורליים של סקוטלנד, נוהגת במסחרית ענקית ומלאת ספרים, ומביאה את בשורת הקריאה לתושבים המקומיים. רק דבר אחד חסר לה בחיים: סיפור אהבה סוחף כמו בספרים. כמו בספרים שהיא אוהבת לקרוא, נינה מגלה שגם בחיים עצמם האהבה מגיעה לעתים מהמקומות הכי פחות צפויים. 

	 

	חנות ספרים על גלגלים הוא ספר מרגש, סוחף, מצחיק ומקסים על אישה צעירה שמחליטה לקחת את גורלה בידיה בתקווה לשנות את מסלול חייה. 

	 

	ג'ני קולגן נולדה בסקוטלנד, ואחרי שחיה באנגליה, הולנד, ארצות הברית וצרפת, חזרה בסופו של דבר לכור מחצבתה וכיום מתגוררת צפונית לאדינבורו עם בעלה, שלושת ילדיהם וכלב שעונה לשם נוויל שוט.

	 

	כיף לקרוא! תענוג חמים ומצחיק (סאנדיי אקספרס)

	 

	ספר מקסים ושנון. (My Weekly)

	 

	סיפור מקסים ומהנה ביותר (Heat)

	 

	ספר חלומי... מצחיק, נוגע ללב וקריא ביותר, ""חנות ספרים על גלגלים"" הוא רומן מושלם (Novelicious)

	 

	סיפור נפלא על האהבה לספרים ולקריאה (קאתי רנצנברינק, Stylist)

	 

	ספר מענג שמעלה על נס את הנאות החיים ואת חדוות הקריאה של ספרים טובים (Aberdeen Press and Journal)

	אסקפיזם עליז ונוגע ללב (Sunday Mirror)",,,,,,,,,he,Paperback,3.9,41,12,5130,43,0,1
1027993,המשקיפות,"עדנה מזי""א",,כתר,2026,,ספרות,ספרות מקורית,https://cdn.simania.co.il/bookimages/covers102/1027993.jpg?v=1783111749541,https://simania.co.il/bookdetails.php?item_id=1027993,"פרופ' רות לפידות לא רוצה שיפריעו לה. מאז שפרשה מתפקידה כראש המכון לרפואה משפטית, היא מעדיפה לבלות את הפנסיה שלה בשחייה בים, טיפוח גינת התבלינים שבמרפסת, ונו, טוב - הצצה במשקפת לחיי השכנים. לשגרה נעימה זאת מתפרץ בנה המנוכר בדרישה שתארח מדי יום את יהלי, נכדתה בת השש־עשרה, שמרוב חרדה מסתגרת בפני העולם. עבור רות, אין זו החלטה קלה. היא אמנם הייתה רגילה לנתח גופות למחייתה, אבל גם בגיל שבעים אין דבר שמרתיע אותה יותר מקשר עם אדם חי, אפילו אם מדובר בבני משפחתה.
הוויכוחים בין השתיים מתחילים מייד. לרות הקפדנית קשה לארח, וליהלי החשדנית קשה להתארח. אבל כשיהלי מגלה במקרה את המשקפת שבה משתמשת רות כדי לבלוש אחר שכניה - בהם גבריאל ונלי מלכין, הזוג המלכותי של התיאטרון הישראלי - מערכת היחסים בין השתיים מקבלת תפנית בלתי צפויה. התחביב הסודי של הסבתא והנכדה הופך במהירות למסכן חיים כאשר מוות חשוד מתרחש לנגד עיניהן, והצמד ייקלע לחקירת רצח בעולם התרבות הישראלי, שמתפקע מסודות ותככים.
בשפה שנונה, עין חדה וסגנון אלגנטי שתמיד אפיינו את כתיבתה, עדנה מזי""א
יוצרת בהמשקיפות רומן מתח מפתיע ומשעשע שמציב במרכזו דמות של 'סבתא' יוצאת דופן, עצמאית ונחרצת, שנאלצת להתמודד עם המעשה שממנו פחדה כל חייה - לפתוח את ליבה לבנה ולנכדתה.

המחזאית, הבמאית והסופרת עטורת הפרסים עדנה מזי""א נפטרה ב־2023 בגיל 74. בין יצירותיה: המחזות 'המורדים', 'משחקים בחצר האחורית', 'סיפור משפחתי' והרומן המצליח 'התפרצות X'. את כתיבת ספרה האחרון, המשקיפות, סיימה שבועות ספורים לפני מותה.",השלימה והביאה לדפוס: מעין רוגל,,,,,,,,he,Paperback,4.5,4,1,155,2,1,1
1027131,הטמעה,רוה גיל־מור,,מטר,2026,358,ספרות,ספרות מקורית,https://cdn.simania.co.il/bookimages/covers102/1027131.jpg?v=1776780660354,https://simania.co.il/bookdetails.php?item_id=1027131,"איש מוסד נועז מתכנן מבצע מתוחכם.
שחקנית אופרת סבון מזדקנת חוששת שתפוטר.
סטודנט לספרות מנסה להרשים בחורה שפגש.
פרופסור לסטטיסטיקה מוטרד מהעתקות בקנה מידה גדול במהלך בחינה חשובה.

המשותף לכולם הוא המפגש שלהם עם טכנולוגיה עתידנית, הלוקחת את ההתמכרות האנושית לטלפון סלולרי צעד נוסף קדימה – לא עוד טלפון מוחזק ביד אלא הטמעתו, למעשה השתלתו בתוך גוף המשתמש. אמנם הטכנולוגיה המדוברת מצריכה התערבות רפואית פולשנית, אך הניצול שלה לשלל שימושים ופיתוחה לכיוונים חדשים מבטיחים למשתמשים הראשונים והאמיצים הרפתקה שהשפעותיה יהיו בלתי צפויות.

להמצאה אחראים שני יזמים ישראלים: ד""ר הילה ברוש, מדענית אובססיבית לדבר, שבמסגרת עבודת הדוקטורט שלה פיתחה טכנולוגיה מהפכנית, ואודי לוי, הייטקיסט מנוסה ואיש שיווק בתחום הסלולר.

לאחר מפגש אקראי בכנס, חוברים השניים יחדיו ומקימים את אֶמבֶּדיקְס, חברת סטארטאפ לקידום הרעיון. אך מרגע שהמסע מתחיל – לאף אחד, כולל אנשים בעלי אינטרסים שונים שמשפיעים ומושפעים מהטכנולוגיה, אין מושג או שליטה לאן יוליכו הדברים ומה יהיו התוצאות.

הטמעה הוא רומן דיסטופי, טכנו-פסיכולוגי, שעל גיבורי עלילתו הסוחפת מנצחת חברת אֶמבֶּדיקְס – הגיבורה המפתיעה מכולם.

רוה גיל-מור הוא איש הייטק שלאורך הקריירה שלו עסק ועוסק בתפקידי מחקר, פיתוח ושיווק בארגונים בעלי שלבים וגדלים שונים, במגוון תחומים כולל: תקשורת, סייבר, גנטיקה חישובית, ציוד רפואי, ופיננסים. רוה הוא בעל תואר ראשון ושני במתמטיקה מאוניברסיטת תל אביב וכן תואר שני במנהל עסקים מאוניברסיטת Heriot-Watt בסקוטלנד. הטמעה הוא ספרו הראשון.",,,,,,,שולחן כתיבה,,he,Paperback,4,2,2,33,1,0,1
1014811,הצד האפל של אנטרקטיקה,איל ורמן,,עצמית,2025,405,ספרות,מדע בדיוני ופנטזיה,https://cdn.simania.co.il/bookimages/covers101/1014811.jpg,https://simania.co.il/bookdetails.php?item_id=1014811,"התרסקות החללית הדורותיאנית, בלילה קר באוקיינוס הדרומי, הביאה איתה הבטחות גדולות: שיתוף פעולה בין־לאומי, התגייסות עולמית למען צוות החוצנים ששרד, פריצות דרך טכנולוגיות.

כך חשב גם יונתן, מהנדס ישראלי צעיר, כשהמריא לנסיעת עבודה באנטרקטיק סיטי – עיר המקלט שהוקמה עבור הדורותיאנים.

אלא שמייד עם נחיתתו, גילה שהדברים ביבשת מתנהלים אחרת מכפי שציפה. כמו קרחונים מתחת לשמש בוערת, השקרים נמסים וחושפים את המציאות: יריבויות ישנות בין המעצמות, תאגידי ענק, מנהיגים מושחתים – כולם שם, כולם רוצים לנצל את הדורותיאנים לטובתם, וכולם רוצים לקחת חלק בסדר העולמי החדש.

וכשהפרויקט של יונתן משתבש, הוא מוצא את עצמו בליבו של מאבק מסוכן – עם רנוקה, שותפתו למשימה, שלא רצתה להיות שם מלכתחילה ולא מעוניינת בחברתו; ועם נונטאו, חוצן שהתקשורת איתו חידתית עד בלתי־אפשרית.

כיצד יצליחו לשתף פעולה מול כוחות עוינים ודורסניים?

אילו סודות מסתירים החוצנים הקטנים והחביבים בעלי העיניים הגדולות?

ומה, לעזאזל, עושה שם המוסד הישראלי?

הצד האפל של אנטרקטיקה הוא מותחן מדע בדיוני עכשווי, ישראלי ומקורי; שמציע, לצד עלילה קצבית ומפתיעה, גם דיוני עומק על האנושות ועתידה.",,,,,,,,,he,Paperback,4,1,1,227,4,0,1
1021180,עלייתו של זאוס,איתן לב,,איתן לב,2023,349,ספרות,מתח ריגול והרפתקאות,https://cdn.simania.co.il/bookimages/covers102/1021180.jpg,https://simania.co.il/bookdetails.php?item_id=1021180,"השנה היא שנת 2036.אלפי רובוטים מדגם לוחם-על המיוצרים על ידי חברת בוסטון רובוטיקס מתפקדים בהצלחה רבה במרבית זרועות הצבא של ארצות הברית.סם פלינט, המהנדס הראשי בחטיבה הצבאית של יצרנית הרובוטים נקרא לחקור תאונה מסתורית במהלכה רובוט טייס התרסק עם מטוס קרב לתוך שכונת מגורים.חמש שנים קודם לכן, מהנדס תוכנה גאון ומופנם מפתח מנוע אינטליגנציה מלאכותית יוצא דופן, העשוי לגרום למחשבים להפוך לבעלי תודעה, בדומה לבני האדם.האם יש קשר כלשהו בין שני האירועים? סם פלינט מגיע במהלך תחקיר התאונה לממצאים מרעישים המעידים על סכנה מיידית לקיומה של כל האנושות. 
איתן לב, יליד 1958, הוא יזם בתחומי המחשבים והביולוגיה אשר משלב בעלילות ספרי המתח שהוא כותב את הפיתוחים החדשים ביותר בתחום הטכנולוגיה.",,,,,,,,,he,Paperback,4,1,1,19,0,0,1
1024008,הנעלם א׳,רוני שחר,,רוני שחר,2023,36,ספרות,מתח ריגול והרפתקאות,https://cdn.simania.co.il/bookimages/covers102/1024008.jpg,https://simania.co.il/bookdetails.php?item_id=1024008,"נער ונערה שיוצאים לבילוי רומנטי בפארק הלאומי רואים לפתע שני צעירים מכים באכזריות אדם מבוגר וגוררים אותו לרכב. האירוע מסעיר את הנערים והם מנסים להתחקות אחר גורלו של המבוגר. אלא שהמציאות בישראל, מספר חודשים אחרי הצלחת החקיקה של המהפכה המשטרית, מתעתעת והחקירה הפרטית שלהם תגבה מהם מחיר אישי יקר.",,,,,,,,,he,Paperback,1,1,1,52,0,0,1
22083,נבוכותיו של החניך טרלס,רוברט מוסיל,אברהם כרמל,ספרית פועלים,1975,160,ספרות,ספרות מתורגמת,https://cdn.simania.co.il/bookimages/covers2/22083.jpg,https://simania.co.il/bookdetails.php?item_id=22083,,,,,,,,,,hebrew,Paperback,4.5,15,4,3964,37,1,1
1028504,סופרת הצללים,ג'ולי קלארק,רחל פן,פן | ידיעות ספרים,2026,356,ספרות,מתח ריגול והרפתקאות,https://cdn.simania.co.il/bookimages/covers102/1028504.jpg?v=1787670183444,https://simania.co.il/bookdetails.php?item_id=1028504,"אוליביה דומון מתפרנסת מכתיבת סיפוריהם של אחרים. עכשיו היא מתבקשת לכתוב את הסיפור שניסתה כל חייה לשכוח – סיפורו של אביה, סופר מותחני האימה המפורסם וינסנט טיילור, שנחשד עשרות שנים ברצח אחיו ואחותו.

כשהאמת על אותו לילה ב־1975 מתחילה לצוף, אוליביה מגלה שהסיפור שאביה רוצה לספר רחוק מאוד מהסיפור שהיא חשבה שתכתוב.

ג'ולי קלארק היא מחברת רבי המכר הבינלאומיים השקרים שאני מספרת והטיסה האחרונה, שתורגמו ליותר מעשרים וחמש שפות. היא מתגוררת בלוס אנג'לס עם משפחתה.

""קודר, מסתורי, מותח, מורכב, מעורר מחשבה וקורע לב. ספר מרתק. קריאה של חמישה כוכבים."" – Booklist, Starred review

""חוויית קריאה מטלטלת ומספקת עד מאוד."" – Publishers Weekly, Starred review

""רגעים ריאליסטיים של יחסי אב-בת שנויים במחלוקת, המחיר שהבושה גובה ממשפחות ותמונת מצב של קליפורניה של שנות השבעים הופכים את 'סופרת הצללים' לקריאה מהנה שאי אפשר להניח מהיד."" – ""הלוס אנג'לס טיימס""
""חודר בכישרון אל לב התעלומה."" – ""הניו יורק טיימס""

""ג'ולי קלארק במיטבה."" –  לורה דייב, מחברת רב המכר הדבר האחרון שהוא אמר לי",,The Ghostwriter / Julie Clark,,,,,פרוזה,,he,Paperback,5,1,1,65,2,0,1
1023815,סערת רגשות,סטפן (שטפן) צווייג (צוויג),הראל קין,תשע נשמות,2025,112,ספרות,ספרות מתורגמת,https://cdn.simania.co.il/bookimages/covers102/1023815.jpg,https://simania.co.il/bookdetails.php?item_id=1023815,"רולנד הוא נער בורגני ומרדן, שבז לאקדמיה ונוטה אחרי תאוות החיים שמציעה העיר הגדולה. 
אך כאשר הוא נאלץ לענות למצוות אביו ולעבור ללמוד באוניברסיטה קטנה בעיירה פרברית, הוא הולך שבי אחר קסמיו של מרצה כריזמטי. אותו מרצה עתיד לשנות את חייו ללא היכר.

לכאורה, הספר שבידכם הוא ספר ״צווייגי״ טיפוסי והקריאה בו דומה לשיבה הביתה, אל עולמו של צוויג. לפנינו רומן חניכה פסיכולוגי ומופתי העוסק במורכבותן של מערכות יחסים: דמות אחת מביטה עמוק אל תוך נפשה, ובכך מספקת לקורא הצצה אל דרכם של מנגנוני הנפש המשותפים לכולנו. 
אך למרות האלמנטים הקבועים, דבר מה מסוים מבדיל אותו מן השאר...

ברומן זה, שטפן צוויג מוכיח שוב שאין הוא רק אחד המספרים המוכשרים שידעה המאה העשרים, אלא גם אחד החדשניים שבהם בתפיסתו החברתית-פוליטית, וביכולתו לתרגם את הלך הרוח של תקופתו לכדי יצירה סוחפת, עמוקה ומלאת עוצמה רגשית, שנקראת בנשימה עצורה מתחילתה ועד סופה.

שטפן צוויג

נולד בווינה ב-1881 למשפחה יהודית. נהפך לפציפיסט בעקבות מלחמת העולם הראשונה, והיה לסופר המצליח והמפורסם ביותר בגרמניה. אך אז הגיעו שנות השלושים. צעדיו הוצרו וספריו נאסרו לפרסום. 
הוא נאלץ לגלות ללונדון והוסיף לנדוד שנים, בארצות הברית, ארגנטינה ופרגוואי, והתיישב בברזיל, ארץ שאהב, אך לא הצליח להכות בה שורש. הוא התאבד בפברואר 1942, חודש ימים לאחר ועידת ואנזה, שעליה אולי לא שמע.

צוויג כתב עשרות ספרים בסגנונות מגוונים, והושפע רבות מהתיאוריה הפסיכואנליטית של ידידו זיגמונד פרויד. 
בעשורים האחרונים הוא זוכה לעדנה. הוצאת תשע נשמות אחראית לפרסומם של 13 מכתביו בתרגום הראל קין: היה זה הוא? (זיקית), עיני האח הנצחי, מנדל של הספרים, פחד, מרד המציאות, חלומות שכוחים, 24 שעות בחיי אישה, מכתב של אלמונית, סוד בוער, אדם בלתי נשכח, הכוכב מעל היער, המנורה הטמונה, סערת רגשות. כמו כן, תחייתו של גאורג פרידריך הנדל בתרגום לאה גולדברג שנכלל באסופה ""נובלות מוזיקליות"".",,Verwirrung der Gefühle,,,,,תשע נשמות,150,he,Paperback,4,6,3,481,3,1,1
2038,גיבור זמננו [מהדורת דביר - 1995],מיכאיל לרמונטוב,צבי ארד,דביר,1995,196,ספרות,ספרות קלאסית,https://cdn.simania.co.il/bookimages/covers0/2038.jpg,https://simania.co.il/bookdetails.php?item_id=2038,"גיבור זמננו היא ללא עוררים יצירת המופת בפרוזה של המשורר והסופר הרוסי מיכאיל יוריביץ' לרמונטוב. זה הרומן הרוסי הראשון שמצטיין בריאליזם פסיכולוגי וככזה היה מבשרו של תור הזהב של הספרות הרוסית הגדולה במאה ה-19. ציון-דרך ספרותי ששימש השראה לענקי היצירה שבאו אחריו, טולסטוי, דוסטוייבסקי וצ'כוב.

גיבור הרומן, גריגורי אלכסנדרוביץ' פצ'ורין, שבשעתו קומם את המבקרים הספרותיים, הוא אמנם אדם מסוכן, בתכונותיו הביירוניות, בכישרונותיו המבוזבזים, בציניות שלו, באנרגיה הפעלתנית, הראוותנית והחמסנית שנועדה למנוע ממנו את הגדולה ברעות – השיעמום. כאן בחמש אפיזודות הקשורות זו בזו, בנה לרמונטוב דמות של אדם שביטאה את חוליי זמנו. ""איש מיותר"" כפי שטורגנייב כינה אותו ואשר נועד, כמו שהמחבר עצמו ציין: ""לגלם את משוגותיו של דור שלם"", את אכזבותיו ותיסכוליו ברדיפה אחרי האושר.

לרמונטוב נולד במוסקבה ב-1814. אמו מתה בילדותו והוא גדל באחוזת סבתו, מנותק גם מאביו. לאחר לימודים באוניברסיטה הצטרף לבית הספר של המשמר הפטרבורגי, החל בכתיבת שירה (ונחשב לגדול משוררי רוסיה אחרי פושקין), נתמנה לקצין המשמר ההוסארי, נאסר בגלל שיר שלא היה לרוח המלכות, גורש מהמשמר ונשלח לשרת בצבא בקווקז. פעמיים צוין לשבח על אומץ-לב אך הצאר סירב להעניק לו את האות. לאחר גירוש מן הצבא גוייס שנית, בשנת 1841, נקרא לדו-קרב עם קצין אחר ונהרג בו-במקום, בעיר פיאטיגורסק, והוא בן 27 בלבד.",* השלים תרגום (לאחר פטירת המתרגם צבי ארד) וערך: פטר קריקסונוב,Герой нашего времени,,,,,,,hebrew,Paperback,4.2,11,2,3856,31,1,1
2170,שד המספרים,הנס מגנוס אנצנסברגר,,זמורה ביתן,1998,,מדע וטבע,מדעים מדויקים,https://cdn.simania.co.il/bookimages/covers0/2170.jpg,https://simania.co.il/bookdetails.php?item_id=2170,"מתמטיקה? חס וחלילה! עצם המחשבה גורמת לרבים חלחלה. כמה חבל! גם מיקי הילד בפיג'מה הכחולה, היה שבוי בדיעה זו. אלא שלילה אחד הוא חלם בלי כוונה על שד המספרים, ובמשך שנים - עשר לילות, השד הזה עשה להטים מופלאים ומשעשעים כאלה במספרים ה'מקוללים', עד שלמיקי  -  ולקורא  -  נפלו המחסומים בזה אחר זה. לא, מתמטיקה אינה חייבת להיות חלום בלהות. הפחד ממנה הוא דיעה קדומה. שד המספרים צריך רק להניף את מקלו, וכבר הפחד נעלם.",ספר לכל אלה שפוחדים ממתמטיקה,,,,,3-12901,,,he,Paperback,4.6,5,2,4798,12,0,1
1026368,"המילים שלך, הקול שלי",נווית שמואלי,,ספרי קפה,2025,290,ספרות,ספרות קלה - רומנים,https://cdn.simania.co.il/bookimages/covers102/1026368.png?v=1772518642519,https://simania.co.il/bookdetails.php?item_id=1026368,"רומן ארוטי סוחף בין העובדת ליז לרני הבוס שלה, שנעה בין שליטה, אמון, תשוקה לתוך מציאות ישראלית

תקציר:
ליז, אשת מכירות חכמה, שנונה ובעלת לב גדול, מנהלת את חייה
בין משרד תובעני, חברויות עמוקות ובדידות אישית שמציפה אותה
ברגעי השקט. היא חיה בעולם שבו העבודה הופכת למרחב של זהות
ומשמעות, מקום שבו היא מגלה גם את עצמה וגם את האנשים שסביבה.
הקשרים שהיא מנהלת עם חבריה לעבודה - מרב, אישה חזקה ותומכת,
ואלי, מנטור וחבר אמת, הופכים להיות עבורה למשפחה נוספת. יחד הם
יוצרים ""שלישייה מנצחת"", חבורה קטנה שמחזיקה זה את זו בתקופות
מאתגרות של מלחמות, אזעקות, אובדן וכאב אישי.
אל תוך השגרה הזו נכנס רני, הבוס החדש, קשוח אך מלא נוכחות,
שמעורר בליז סערה פנימית. היחסים ביניהם מתנדנדים בין משיכה
אסורה לבין גבולות שהיא מציבה לעצמה. ובתוך כך היא מתמודדת
עם שאלות של תשוקה, אחריות, אמון ואהבה. הסיפור נפרש על רקע
מציאות ישראלית טעונה - מלחמות, אובדן חברים, דאגה לחיילים,
ומציע שילוב ייחודי בין רומנטיקה אינטנסיבית, לבין חוויות יומיומיות
של משפחה, חברויות ואחווה.
בסגנון אישי, ישיר וחשוף, נווית שמואלי מביאה קול נשי כנה ואמיתי.
קול שנע בין חושניות לרגש עמוק, בין בדידות לקרבה, בין שאלות של
זהות לעצמאות ובין כמיהה לאהבה. זהו ספר על נשים שמחפשות להיות
נאמנות לעצמן, על גברים שנמצאים על הגבול הדק בין כוח לרגישות,
ועל חברות אמיצה שמחזיקה את הלב חזק, גם כשהעולם בחוץ רועש.
נווית שמואלי, בת 48 , אימא לשחר ומיטל. עצמאית
בתחום הנהלת חשבונות, מעצבת פנים והום
סטיילינג. זהו ספר הביכורים שלה.",,,,נורית גוילי,,187400011330,,,he,Paperback,5,1,1,131,2,0,1
10578,שווים ושווים יותר,סמי מיכאל,,בוסתן,1974,254,ספרות,ספרות מקורית,https://cdn.simania.co.il/bookimages/covers1/10578.jpg,https://simania.co.il/bookdetails.php?item_id=10578,"נולד בשנת 1926 בבגדאד, עיראק. מגיל צעיר היה מעורה  בחייה הפוליטיים של אותה ארץ נוקשה. כבר בהיותו בן 17,  התמנה חבר - מערכת בכמה כתבי - עת מחתרתיים. בשל פעילות זו  נאלץ לברוח בשנת 1946 לפרס, שם חידש את פעילותי הפוליטית  נגד שליטי עיראק. כתוצאה מכך תבעה ממשלת עיראק את  הסגרתו לידיה. הוא הוכרח לרדת שוב למחתרת, ולאחר מספר  חודשיס עלה ארצה. עם תום שירותו בצה""ל התקבל כחבר - מערכת בכמה עיתוניס  המופיעים בשפה הערבית בארץ. סמי מיכאל מתגורר בחיפה.  הוא בוגר החוגים לפסיכולוגיה ולספרות ערבית של אוניברסיטת חיפה.",,,,,,20-43787,,,he,Paperback,4.4,28,7,9151,27,1,1
993882,ביידיש היו אומרים,רחל דביר,,ידיעות ספרים,2019,110,יהדות,,https://cdn.simania.co.il/bookimages/covers99/993882.jpg,https://simania.co.il/bookdetails.php?item_id=993882,"""ביידיש יש הומור והערכה לכל יום בחיים, לכל פירור של הצלחה, לכל מפגש של אהבה... היידיש עדיין לא אמרה את המילה האחרונה. היא מכילה אוצרות שטרם נגלו לעיני העולם"", כך אמר יצחק בשביס זינגר בנאום קבלת פרס נובל לספרות בשנת 1978. ואכן, השפה החכמה והמחויכת הזו עדיין פועמת בעוצמה באמצעות מטבעות לשון, פתגמים וביטויים שכל אחד מהם שווה אלף מילים.

	ביידיש היו אומרים הוא הזמנה למפגש עם אוצרות היידיש, עם השנינות שלה ועם המנגינה הייחודית לה. הספר מחולק לנושאים שונים ומלווה בתמונות ובאלמנטים מן ההווי של העולם הישן והטוב. כל משפט, בדיחה או אִמרה מובאים בתרגום עברי לצד המקור ביידיש, וכך משתמרת חיותה של השפה.

	ביידיש היו אומרים הוא מתנה בין-דורית נפלאה, שהיא גם גשר בין ישן וחדש, וכפי שבאמת אומרים ביידיש: ""אַז מע גיט – נעמט מען"" (התרגום בגוף הספר).

	 

	רחל דביר נולדה וגדלה בירושלים בשכונת טלביה למשפחה ירושלמית חרדית שורשית אשר דיברה עברית מתובלת בביטויים ובפתגמים ביידיש. היא החלה את דרכה המקצועית בהיי-טק, הקימה ושימשה מנכ""לית של בית התוכנה ""בשן מערכות"" ובמקביל פיתחה קריירה כאשת עסקים וכיזמית ולאחרונה החלה להרצות על שפת היידיש. היא מעידה על עצמה שחוכמת היידיש שימשה אותה כמנהלת וכאם לשישה ילדים באמצעות ההומור, המחשבה היצירתית והחשיבה מחוץ לקופסה האופייניים כל כך לשפה זו.",חוכמת היידיש בעברית עכשווית ובנימה הומוריסטית,,,,,362-6030,,,he,Paperback,4,1,1,1536,30,0,1
995070,שיקגו,דייוויד מאמט,,ידיעות ספרים,2019,359,ספרות,,https://cdn.simania.co.il/bookimages/covers99/995070.jpg,https://simania.co.il/bookdetails.php?item_id=995070,"מעטים הכירו את קרביו של מטרופולין שיקגו כמו מייק הודג', עיתונאי וטייס לשעבר במלחמת העולם הראשונה, פוליטיקאים, גנגסטרים , פרוצות, מבריחי אלכוהול, מוסיקאי ג'אז ונוכלים- על כולם כתב באומץ רב, אולי היה עליו להביא זאת בחשבון כשהתאהב באנני וולש, שמשפחתה זכתה ליחס מועדף מהאנשים השולטים בסמטאות האחוריות והאפלות של העיר. מצד שני, אולי רוצחה של אנני וולש היה צריך לקחת בחשבון שלא מתעסקים עם מייק הודג'.
שיקגו- מותחן רחב יריעה וחזק, על עיר הרוחות הקרות הנתונה לשלטון המאפיה, בשנות ה-20 של המאה הקודמת, רומן ראשון זה עשרים שנה לדייוויד מאמט שהיה מועמד לאוסקר על התסריטים של ""הבלתי משוחדים""
ו-""לכשכש בזנב"" וזכה בפרס פוליצר על המחזה ""גלנגרי-גלן-רוס"".
בתיאור עיר המאוכלסת במושחתים, ציניקנים וקורבנות פשע, טווה דייוויד מאמט סאגה קשוחה על נקמה ובוגדנות, הוא מערב דמויות בדיונית מבריקות עם דמויות אמיתיות בנות התקופה (בניהן ראש המאפיה אל קאפון) ובוחן תוך כדי כך שאלות של כבוד, רמייה, מסירות ונקמנות.
שיקגו המתרחש בעיר הולדתו, הוא הרומן שאליו התכונן מאמט במשך כל הקריירה שלו, מהיריות בפתיחה ועד לסיום המדהים, שיקגו היא אחת מאותן יצירות ספרות נדירות : כתיבה אלגנטית מרהיבה עם עוצמה רבה ואנרגיה עזה.
""דייוויד מאמט מסנוור את עיני קוראיו בבניית מגדלי קלפים משוכללים ומוליכי שולל אשר משתעשעים בציפיותיהם"" -לוס אנג'לס טיימס
""כל הדברים שעושה דייוויד מאמט הם חזקים ומהודקים, כנים ופרובוקטיביים, מקוריים וסוחפים"" -ניו יורק טיימס בוק ריוויו
יותר מכול סופר אחר בן דורו,אולי, דייוויד מאמט מזכיר את ארנסט המינגווי- המגזין ניו יורק.",,,,,,362-6031,,,he,Paperback,3.8,6,3,931,20,0,1
38037,השעות [מהדורת 2001],מייקל קנינגהם,כרמית גיא,כתר,2001,193,ספרות,ספרות מתורגמת,https://cdn.simania.co.il/bookimages/covers3/38037.jpg,https://simania.co.il/bookdetails.php?item_id=38037,"""השעות"", זוכה פרס פוליצר (1988) ופן פוקנר (1988), הוכרז כספר הטוב ביותר לשנת 1988 על ידי ""ניו יורק טיימס"" , ""לוס אנג'לס טיימס"" , ""בוסטון גלוב"" ו""שיקגו טריביון"". ניו יורק, סוף המאה העשרים: קלריסה ווהן, עורכת ספרים מצליחה, מתכננת מסיבה לחברה הטוב, משורר חולה איידס שזכה בפרס ספרותי חשוב. לוס אנג'לס, 1949 : לאורה בראון, עקרת בית מתוסכלת, מתכוננת ליום ההולדת של בעלה אך לבסוף בוחרת להסתגר בחדר בבית מלון ולקרוא את ""מרת דאלווי"" של וירג'יניה וולף. לונדון -  1923 : בוקר אפרורי אחד מתעוררת וירג'יניה וולף מחלום שיוביל לכתיבת ""מרת דאלווי"". ביד וירטואוזית מפגיש מייקל קנינגהם את הסופרת, גיבורת הרומן שלה והקוראת, בעירוב מרתק של זמנים, ההולך וצובר תאוצה כאשר שלושת חלקיו של הסיפור מתחילים להדהד זה את זה. השעות הוא יצירה מאלפת, מורכבת ובעלת עצמה שמתעמקת במצבו הקיומי של האדם  -  הבדידות, הכמיהה לאהבה ולקשר אינטימי, והריקנות שאין בכוחן של המסגרות החברתיות או המשפחתיות לפצות עליה. יחד עם זאת, ואולי מעל הכל  -  זוהי יצירה שמבקשת להזכיר לנו את יכולתו של האדם, ולו ליום אחד, להתפייס עם החיים.",,The Hours / Michael Cunningham,,,,10-275756,כתר - סדרה לספרות יפה,,hebrew,Paperback,4.1,59,8,7028,110,1,1
1026294,סבתא בורחת מהבית,מאירה ברנע-גולדברג,,כנרת זמורה דביר,2026,219,ספרות,ספרות מקורית,https://cdn.simania.co.il/bookimages/covers102/1026294.jpg?v=1772051753412,https://simania.co.il/bookdetails.php?item_id=1026294,"על שולחנו של עידן, באמצע ישיבה חשובה, מונח פתק קצר ובו כתובות שלוש מילים בלבד:
""סבתא ברחה מהבית"".
סבתא לאה בת התשעים ושמונה לא מוכנה לעבור לדיור מוגן. כשהנכדים שלה מחליטים לשכור עבורה עובדת זרה, לאה זועמת ומחליטה לקחת את גורלה בידיה ולצאת למסע בעקבות סוד משפחתי ישן. להרפתקה המוזרה מצטרפים נתי - הנכד האגואיסט וחסר האחריות שלה - וכריסטין המטפלת הפיליפינית, שיש לה עניינים משפחתיים לא פתורים משל עצמה.
סבתא בורחת מהבית הוא הרומן הרביעי למבוגרים של הסופרת המצליחה מאירה ברנע־גולדברג, מחברת רבי־המכר כמה רחוק את מוכנה ללכת, משפחה לדוגמה ומסעותיי עם חמותי, ומי שעומדת מאחורי סדרת כראמל שכבשה את ליבם של הילדים בישראל.
השנינות, הקצב והישירות האמיצה המאפיינים את כתיבתה של
ברנע־גולדברג יוצרים בעת ובעונה אחת סיפור קליל, מותח ומשעשע, ודרמה נוגעת ללב על יחסים בין־דוריים סבוכים, על קנאת אחים שיכולה לשבש מהלך חיים שלם ועל מחילה אפשרית שיכולה לקרות בכל רגע, גם בערוב הימים.
״כתיבתה של ברנע־גולדברג קולחת, סוחפת וממכרת.״ שפרה הורן
""דמויות בלתי נשכחות שיגרמו לכם לרצות לחבק את המשפחה שלכם יותר מתמיד."" ליעד שהם

מאירה ברנע־גולדברג (ילידת 1978) היא סופרת למבוגרים, ילדים ונוער, מרצה ועורכת.
נשואה ואם לבן, נולדה וגדלה בפתח־תקווה, שבה היא מתגוררת כיום.
את דרכה בעולם הספרות החלה כמוכרת בחנות ספרים.
סדרת הילדים והנוער שכתבה כראמל דורגה במקום השני ברשימת 25 הספרים הטובים והחשובים לילדים ולנוער מאז תחילת
המאה ה־21.
על הסדרה זכתה בשנת 2018 בפרס שרת התרבות והספורט על שם דבורה עומר, בתחום היצירה הספרותית העברית
לילדים ולנוער.",,,,,,,,,he,Paperback,3.9,19,7,421,11,1,1
1020719,ולא נודע מקומם,גור אלרואי,,ידיעות ספרים,2023,290,ישראל וציונות,ציונות,https://cdn.simania.co.il/bookimages/covers102/1020719.jpg,https://simania.co.il/bookdetails.php?item_id=1020719,"לאן נעלמו מרדכי, דוד, יעקב, יצחק, יוּרֶק וליבּקה? שנים שאיש לא ידע את מקום קבורתם של שישה מנעדרי תש""ח, עד שסיפוריהם נחשפו בעקבות חקירותיו העיקשות ורבות־השנים של פרופ' גור אלרואי, חוקר ביחידה לאיתור נעדרים (אית""ן), אשר משנת 1989 ועד שנת 2022 איתרה את קבריהם של 53 מנעדרי מלחמת העצמאות. וְלֹא נוֹדַע מְקוֹמָם מגולל את קורותיהם של שישה נעדרים מקרבות תש""ח. בשפה קולחת ומרתקת מתאר אלרואי את עבודתו כחוקר ביחידת אית""ן ופורש בפני הקוראים את הגיגיו ואת ניתוחיו בנוגע לקורות הלוחמים ולפעולותיהם. כמו הדרך המתפתלת אל בית העלמין בקריית ענבים, שבו נקברו מרבית חללי חטיבת הראל, כך מתפתלים גם הסיפורים, נפרדים לעלילות משנה על קרבות ועל נופלים, מתפזרים בין שלל מאורעות התקופה ומגיעים לבסוף אל הנחלה ואל פתרונם. החקירות באשר לנסיבות נפילתם והיעלמותם של ששת גיבורי הספר החזירו אותם לתודעה הלאומית, וכפועל יוצא חזרו לתודעה גם חללי תש""ח, ובהם נופלי הפלמ""ח, שסיפוריהם שזורים בסיפורי השישה. וְלֹא נוֹדַע מְקוֹמָם מגולל גם את סיפורהּ של מלחמת העצמאות על צדדיה הכואבים והמכוערים, על הנחישות, ההקרבה וההתמדה של הלוחמים, וגם על המחיר האישי הכבד ששילמו בני דור תש""ח. גיבורי הספר היו שישה מתוך 6,000 שמסרו את נפשם במלחמת העצמאות, וגם שישה מתוך 600 אלף אזרחים יהודים צמאי עצמאות. 
פרופ' גור אלרואי הוא חוקר ומרצה בחוג ללימודי ישראל באוניברסיטת חיפה. הוא היסטוריון העוסק בחקר החברה היהודית המזרח־אירופית והיישוב היהודי בארץ ישראל במחצית הראשונה של המאה ה־20.","שישה נעדרים בקרבות תש""ח",,,,,,,,he,Paperback,5,1,1,62,2,0,1
1008393,השקרים שאני מספרת,ג'ולי קלארק,רחל פן,פן | ידיעות ספרים,2023,318,ספרות,מתח ריגול והרפתקאות,https://cdn.simania.co.il/bookimages/covers100/1008393.jpg,https://simania.co.il/bookdetails.php?item_id=1008393,"מחברת רב-המכר הטיסה האחרונה במותחן חדש על שתי נשים שמחפשות נקמה – או שמא צדק?

שתי נשים. זהויות בדויות רבות.

מג וויליאמס, מגי ליטלטון או מלודי ווילד – אותה אישה בשמות שונים, תלוי בעיר, תלוי בעבודה – היא נוכלת שהופכת את עצמה למי שצריכים שתהיה – סטודנטית בקולג', מאמנת אישית לחיים, מתווכת נדל""ן. שום דבר בה אינו אמיתי. היא אומרת לך בדיוק את מה שאתה רוצה וצריך לשמוע, אבל כשהיא תעזוב, תישאר ככל הנראה בלי כלום.

קאט רוברטס מחכה כבר עשור לשובה של האישה שהפכה את חייה על פיהם. כעת, משזו חזרה, קאט נחושה להיות מי שתחשוף אותה. אך ככל ששתי הנשים מתקרבות, הנחות היסוד הקודמות של קאט מתחילות להתפורר והיא מוצאת את עצמה תוהה מהי מטרתה האמיתית של מג. 

השקרים שאני מספרת הוא מותחן גדוש תפניות, הצולל עמוק אל תוך נפשן ורצונותיהן של שתי נשים ומתלווה למסען הבלתי מתפשר לתקן את העבר ולכתוב מחדש עתיד טוב יותר. 

ג'ולי קלארק היא מחברת הטיסה האחרונה, שתורגם ליותר מעשרים שפות והיה לרב-מכר בארץ ובעולם. קלארק מתגוררת בלוס אנג'לס עם משפחתה.",,The Lies I Tell / Julie Clark,,,,,,,he,Paperback,4,16,7,1711,19,0,1
1007176,מחר ועוד מחר ועוד מחר,גבריאל זווין,טל ארצי,תכלת,2023,463,ספרות,ספרות מתורגמת,https://cdn.simania.co.il/bookimages/covers100/1007176.jpg,https://simania.co.il/bookdetails.php?item_id=1007176,"בבוקר יום קריר בדצמבר, יורד סם מזור מהרכבת התחתית ורואה, בין המוני האנשים על הרציף, את סיידי גרין, חברת הילדות שלו. הוא קורא בשמה, אבל היא מעמידה פנים שלא שמעה אותו. כשהוא לא מוותר, היא מסתובבת לבסוף, והמשחק מתחיל. המשחק שישנה את חייהם, המשחק שישנה את מי שהם.

המפגש המחודש הופך לפיצוץ של יצירתיות. סיידי וסם שוקעים בעולם משלהם כדי לברוא עולמות חדשים של משחקי מחשב. ההצלחה מגיעה, ואיתה כסף ופרסום, ואהבה, אבל היא מולידה גם כאב, שמכבה את כל המסכים. עכשיו הם צריכים לחפש דרך להמשיך את המשחק הזה, שקוראים לו החיים.   
  
מחר ועוד מחר ועוד מחר הוא ספר מהפנט, על כוחה של חברות, על האתגרים שמזמנת הצלחה, על הרגש שאי אפשר לדעת לאן הוא יוביל ועל היופי והפיוט שמסתתרים במקומות הכי לא צפויים. 

גבריאל זווין, מהסופרות הבולטות והמגוונות של דורה, חוזרת עם סיפור אהבה לא שגרתי, תוך שהיא בוחנת את העידן שבו אנו חיים, מחוברים למסכים, מכורים לטכנולוגיה, ועדיין מחפשים תשובות.",,"Tomorrow, And Tomorrow, And Tomorrow / Gabrielle Zevin",,,,,,,he,Paperback,3.9,24,10,2253,14,0,1
982448,הימאליה בשר ודם [מהדורת 2016],ינץ לוי,,כנרת זמורה ביתן,2005,237,ספרות,ספרות מקורית,https://cdn.simania.co.il/bookimages/covers98/982448.jpg,https://simania.co.il/bookdetails.php?item_id=982448,"כשאנחנו פוגשים לראשונה את גיבורת הספר — מוריה, המכונה הימאליה — היא בוכה בעודה ""יושבת על אדן החלון, והמשקוף נותן אותה במסגרת"". מוריה לא רוצה עוד להסתיר את הכאב, אבל אפילו היא אינה יודעת שהיא מצויה על סף החלטה גורלית, כזו שתנפץ את כל המסגרות הכובלות אותה, כזו שתרחיק אותה מהאלימות שצופן הבית שלה, הנורמלי־לכאורה, המתפקד רק לכאורה — החלטה שתיקח אותה למסע מפתיע בעקבות החירות והאהבה.
דרכה של מוריה תישא אותה אל חוף הים הזהוב של תל אביב ואל רחובותיה האפורים, שיזמנו לה מפגשים עם אלה החיים בשולי החברה, עם חסרי בית וחסרי כול, ולבסוף עם מיכאל חסר המסכות. 
מוריה ומיכאל הנאהבים ישלימו יחד את מה שהחל על אותו אדן חלון וייגמר על פסגות ההימאליה, זו העשויה אבן ועפר וזו העשויה נפש ורוח.",,,,,,,,,he,Paperback,3,3,2,698,17,0,1
951570,אנה קרנינה [מהדורת שוקן - 1976 | 2 כרכים],ל.נ. טולסטוי,יצחק שנהר,שוקן,1976,780,ספרות,ספרות קלאסית,https://cdn.simania.co.il/bookimages/covers95/951570.jpg,https://simania.co.il/bookdetails.php?item_id=951570,"""אנה קרנינה"", אחד הרומנים הגדולים של טולסטוי, מחבר ""מלחמה ושלום"". לאחר הופעת שני הרומנים הללו הוכר טולסטוי כגדול סופרי רוסיה ואחד הסופרים החשובים ביותר בספרות העולמית.
גיבוריו של רומן זה הם בני דורו וזמנו של טולסטי, ועלילות חייהם ואהבותיהם מתפתחות על רקע תאור נרחב של החברה הרוסית.
דמוצה של אנה קרנינה, על תשוקתה, בגידתה וייסוריה, מרתקת את הקורא. האנושי והנשי שבבדמותה הגדולה הם שקבעו את מקומה שלה, ושל היצירה כולה, בספרות העולם.
האינטנסיביות של הרגשת החיים היא אחד הנושאים המרכזיים ביצירתו של טולסטוי. התגלות האנושי שבאדם: התשוקה, האהבה, הפחד, ובעיקר ההרגשה העזה של החיים והמוות, המתגלים בכל אדם בהתאם לאופיו ולייחודו, ועם זאת נוגעים לכל אדם באשר הוא אדם.",,,,,,,,,he,Paperback,4.7,31,8,6837,75,0,1
1028565,ספריית האהבה,שרה מאנינג,כנרת היגינס-דוידי,מודן,2026,340,ספרות,ספרות קלה - רומנים,https://cdn.simania.co.il/bookimages/covers102/1028565.jpg?v=1788438685007,https://simania.co.il/bookdetails.php?item_id=1028565,"אחרי שורה של דיי טים גרועים, טֶֶס הארדי מתחילה לתהות אם תמצא פעם
את גבר חלומותיה, או שתיאלץ להסתפק בחלומות על הגברים שחיים בין דפי
הספרים האהובים עליה. ומי יכול להאשים אותה? בניגוד לגברים שהיא פוגשת
בחיים האמיתיים, הגברים מהספרים תמיד מעוניינים להיפגש, אפשר להתכרבל
איתם על הספה, הם אומרים את כל הדברים הנכונים ואף פעם לא ישעממו אותך
בסיפורים על כמה גרם חלבון הם אכלו היום...
לכן, כשהיא מוזמנת לביקור בספריית האהבה, מוסד בן מאתיים שנה שמבטיח
דיי טים עם הגיבורים הרומנטיים האהובים ביותר, טס מתקשה לעמוד בפיתוי. כאן
היא תוכל לשבת לדרינק עם הית'קליף מ'אנקת גבהים', או לצאת לארוחת ערב עם
רוצ'סטר מ'ג'יין אייר'. )מר דארסי, לצערה הרב, תפוס בחודשים הקרובים.(
יש רק בעיה אחת: גֵֵייבּ שארמה, הספרן הראשי החתיך והנרגן, מתנגד בכל תוקף
למיזם של ספריית האהבה. מבחינתו, הקסם הטמון בספרים מיועד למחקר אקדמי
בלבד, ולכן הוא נחוש לחבל בכל הדיי טים של טס.
כן, זו הסיבה היחידה.
ספריית האהבה הוא קומדיה רומנטית נוגעת ללב, שנונה ומצחיקה. זהו ספר
חובה לכל מי שאי פעם רצתה להיכנס לתוך ספרים אהובים ולפגוש את הדמויות
שמאכלסות אותם",,,,,,,,,he,Paperback,4,2,1,52,1,0,1
1012904,האל המכאני - ילדי איידוס: חלק ג',אורי כץ,,עצמית,2024,469,ספרות,מדע בדיוני ופנטזיה,https://cdn.simania.co.il/bookimages/covers101/1012904.jpg,https://simania.co.il/bookdetails.php?item_id=1012904,"בספר השלישי והאחרון בטרילוגיית האל המכאני שתי מערכות מגיעות לשיאן: המלחמה העקובה מדם בין הילדים לטרולים, והמרי מול הרועה ומי שמבקשים לשמר את שיווי המשקל האכזרי שהוא אוכף.

ערפל המלחמה בין הילדים לטרולים פושט על האי, ובתוכו צועדים אלכס ולונה בדרכים נפרדות. המרחק החדש ביניהם מכריח את התאומים להשתנות, להיות יצירתיים וחדים מתמיד. שניהם מאיישים תפקידי מפתח בגזרתם, ועליהם להכריע מיהם בעלי בריתם, וחשוב מכך – מיהו האויב. הסיכוי להציל את חבריהם תלוי ביכולתם למצוא בתוך עצמם את הסגולות של התאום האחר, החצי המשלים. האם הדרכים שבהן אלכס ולונה צועדים יובילו אותם החוצה מאיידוס, ובחיים?

לקראת סופה של הטרילוגיה חלקי הפאזל השונים סוף־סוף מתחברים אלה לאלה וחושפים אמת מטלטלת. מי ייתן ושיווי המשקל יישבר. שני הספרים הקודמים בטרילוגיה הם ברית השמונה ו-המדליון של מתיאוס.",,,,,,,האל המכאני,3,he,Paperback,4,1,1,134,0,1,1
1010672,האל המכאני - ברית השמונה: ספר א',אורי כץ,,עצמית,2024,417,ספרות,מדע בדיוני ופנטזיה,https://cdn.simania.co.il/bookimages/covers101/1010672.jpg,https://simania.co.il/bookdetails.php?item_id=1010672,"כאשר התאומים אלכס ולונה מתקרבים בטיסה אל האי המלאכותי איידוס, הם מצפים למצוא מאחורי חומותיו בית ספר תיכון עתידני. אך במקום זאת, הם נאלצים להילחם ברובוטים ובמפלצות, לצוד את ארוחת העשר שלהם ולראות את עמיתיהם נהרגים במהלך בחינות פתע. מדוע האקדמיה של איידוס ""השתגעה""? להיכן נעלמו המבוגרים שהיו אמורים לנהל את בית הספר? מדוע הורי התלמידים אינם באים לחלץ אותם?

התאומים נאספים על ידי קסנדרה, נערה בוגרת אשר מלמדת אותם כיצד לשרוד באיידוס. עד מהרה הם מגלים שלקסנדרה יש תוכניות משל עצמה, הטומנות בחובן סכנות, אך עשויות להיות כרטיס היציאה שלהם מבית הספר האכזרי. עליהם להחליט אם יש להם סיכוי טוב יותר לשרוד עם קסנדרה או בלעדיה.

ברית השמונה הוא הספר הראשון בטרילוגיית האל המכאני, סדרת ספרי מדע בדיוני מותחת, ממכרת ומתוחכמת. הקוראים מוזמנים לצלול אל העולם העשיר והמורכב של איידוס, ולפתור עם התאומים את הפאזל החידתי שבמרכזו, אשר קשור במהותו לאופי הקִדמה הטכנולוגית וההתנגדויות לה.",,,,,,,האל המכאני,1,he,Paperback,4.5,2,2,583,1,0,1
1013133,המורֶה,אלון ארד,,קתרזיס,2024,142,ספרות,ספרות מקורית,https://cdn.simania.co.il/bookimages/covers101/1013133.jpg,https://simania.co.il/bookdetails.php?item_id=1013133,"""המורֶה ישב מקופל תחת שולחן העבודה שלו. ברכיו צמודות אל החזה. ראשו נצמד אל הדופן הפשוט, העשוי סיבית־עץ. הוא חיבק את הרגליים בכל כוחו, שלא יברחו תחתיו, וממחסה זה האזין לסביבתו רוב קשב. רעש גדול בא וחלף. האם כבר בטוח לצאת?""

בבית־ספר תיכון בעיר גדולה, מורה אחד משתוקק לחזור הביתה ולחגוג בחברת אשתו את יום נישואיהם הראשון, אבל הדרך כבר אינה קלה כשהייתה. המרחק הקצר בין משרדו של המורה לבין שער בית הספר הפך כעת לדרך אפלה ומאיימת. כל צעד במסדרונות הצרים והמחניקים של המבנה הישן טומן בחובו סכנה, והגבול שבין מציאות לדמיון הולך ומיטשטש בזמן שהמורה נאלץ להתמודד עם המכשולים שמציבה בדרכו מערכת חינוך מתפוררת, גוססת לאיטה.

המורֶה הוא סאטירה פדגוגית פוסט ופרה־אפוקליפטית פרועה. אודיסאה בזעיר אנפין החושפת בהומור חד ונשכני את האבסורד הפושה במערכת החינוך הישראלית המוזנחת.",,,,,,,,,he,Paperback,3.9,7,4,562,4,1,1
1024848,דרור חייב למות,רז קלמנוביץ',,התחנה,2025,191,ספרות,ספרות מקורית,https://cdn.simania.co.il/bookimages/covers102/1024848.jpg,https://simania.co.il/bookdetails.php?item_id=1024848,"שמיל רכן לעברי, ""אם זה את או דרור, מי זה יהיה, דליה? אם יגיע הרגע ואת תהיי חייבת לבחור – במי תבחרי?""

אחרי שיורם עזב אותי לעולם שכולו טוב, או כך לפחות אומרים, הנחתי שהנורא מכול מאחוריי. כמה תמימה הייתי. לא האמנתי לרגע שהבן שלי, ילד הקינמון המתוק והחייכן שהפך למבוגר מרושל, חצוף ועצלן, ייכנע לבצע כסף וינסה להשתלט על ביתי, על חשבונות הבנק שלי ולבסוף על העצמאות שלי. הייתי מאשימה את מי שחינכה אותו, אם זו לא הייתה אני.

אבל אני לא לבד. מירה, חברתי הטובה עוד מהימים שבהם לימדנו יחד בתיכון, ניצבת לצידי. וגם שמיל, הירקן המשונה שהשמועות אומרות שהיה בכיר ב""סקוריטטה"" של צ'אוצ'סקו, תמיד שם, מדיף ריח של וישניאק ובוחן אותי בעיניים רעבות.

בקרוב יהיה עליי לקבל את ההחלטה ששום אמא לא מעלה על דעתה שתצטרך לעמוד מולה: אם יהיה עליי לבחור ביני לבין בני יחידי, במי אבחר?

דרור חייב למות הוא רומן הביכורים של רז קלמנוביץ', נשוי, אב לשלוש בנות וכלב המתגורר בהוד השרון. בימים הוא מנהל שיווק ואסטרטגיה, ובלילות – סופר. לדרור חייב למות הוא קורא דרמת נקמה קומית. אבל ממתי אפשר להאמין לאיש שיווק?",,,,,,,,,he,Paperback,3.7,10,5,478,6,0,1
989024,אחותו של צייד המכשפות,בת' אנדרדאון,מור רוזנפלד,תמיר סנדיק וידיעות ספרים,2017,408,ספרות,ספרות מתורגמת,https://cdn.simania.co.il/bookimages/covers98/989024.jpg,https://simania.co.il/bookdetails.php?item_id=989024,"אליס הופקינס קיוותה לחזור הביתה מלווה במשפחה גדולה, אבל לגורל היו תוכניות אחרות, וכשהיא שבה לעיירת הולדתה באֶסֶקס לאחר שאיבדה את בעלה בנסיבות טרגיות, היא מגלה שדבר לא נותר כשהיה. מסביב משתוללת מלחמת אזרחים, ובבית פנימה – הבית שבו נאלצת אליס להתגורר תחת חסותו של אחיה הצעיר מת'יו – משתוללים פחדים, אכזבות ופצעים עמוקים מכדי להירפא.

מת'יו, הנער המהוסס שנפרד מאליס בכעס חמש שנים קודם לכן כשעזבה ללונדון עם נישואיה, הפך לגבר רב-עוצמה וקנאי, ואת כוחו הוא מפגין מול נשים חלשות. ככל שנחשפים ממדי הסכנה הטמונה בו, כך גדלה נחישותה של אליס לא לעמוד מנגד. אולם אפילו היא אינה מסוגלת לשער מה יהיה המחיר שתיאלץ לשלם בעבור החלטתה.

אחותו של צייד המכשפות הוא רומן סוחף המבוסס על סיפור אמיתי שהתרחש באנגליה במאה השבע-עשרה. בת' אנדרדאון מצליחה, בסגנון כתיבה ייחודי ועשיר, להביט בעיניים צלולות ובלב חומל בפגמים האנושיים הקשים ביותר; לפרק לגורמים את הפחד ואת הצורך בשליטה שמקננים בכולנו; ולהתוות במכחול מצמרר את המקומות ההרסניים שאלו עלולים להביא אליהם.

בת' אנדרדאון היא מרצה לכתיבה יוצרת באוניברסיטת מנצ'סטר. אחותו של צייד המכשפות הוא רומן הביכורים שלה. הספר זכה בפרס רומן הביכורים הטוב ביותר לשנת 2017 מאת אגודת הכותבים ההיסטוריים בבריטניה.ע״פ סיפור אמיתי במאה השבע עשרה באנגליה",,,,,,362-5685,,,he,Paperback,3.9,19,7,3007,21,0,1
987746,אלינור אוליפנט ממש בסדר,גייל האנימן,,כתר,2017,350,ספרות,ספרות מתורגמת,https://cdn.simania.co.il/bookimages/covers98/987746.jpg,https://simania.co.il/bookdetails.php?item_id=987746,"כאשר‭ ‬מישהו‭ ‬שואל‭ ‬לשלומה‭ ‬של‭ ‬אלינור‭ ‬אוליפנט‭, ‬התשובה‭ ‬שלה‭ ‬במאה‭ ‬אחוז‭ ‬מהמקרים‭ ‬היא‭ '‬בסדר‭'. ‬אומנם‭ ‬יש‭ ‬כאלה‭ ‬שבוהים‭ ‬בצלקות‭ ‬שעל‭ ‬פניה‭, ‬אבל‭ ‬היא‭ ‬יודעת‭ ‬שעל‭ ‬הצלקות‭ ‬שהיא‭ ‬נושאת‭ ‬בתוכה‭ ‬אנשים‭ ‬מעדיפים‭ ‬לא‭ ‬לשמוע‭. ‬כל‭ ‬עוד‭ ‬היא‭ ‬שומרת‭ ‬על‭ ‬השגרה‭ ‬שלה‭, ‬היא‭ ‬מסתדרת‭; ‬מגיעה‭ ‬למשרד‭ ‬בכל‭ ‬בוקר‭ ‬ב‮–‬08‭:‬30‭, ‬פותרת‭ ‬את‭ ‬התשבץ‭ ‬היומי‭ ‬בהפסקת‭ ‬הצוהריים‭ ‬ויוצאת‭ ‬בחזרה‭ ‬לדירתה‭ ‬ב‮–‬17:30‭. ‬ השגרה‭ ‬היומיומית‭ ‬הזאת‭ ‬מופרת‭ ‬כשהיא‭ ‬פוגשת‭ ‬את‭ ‬ריימונד‭, ‬עובד‭ ‬חדש‭ ‬בחברה‭. ‬הם‭ ‬צועדים‭ ‬יחד‭ ‬לתחנת‭ ‬האוטובוס‭ ‬ובדרך‭ ‬נתקלים‭ ‬באיש‭ ‬מבוגר‭ ‬שאיבד‭ ‬את‭ ‬הכרתו‭. ‬ריימונד‭ ‬ואלינור‭ ‬מגישים‭ ‬לו‭ ‬עזרה‭ ‬ובהמשך‭ ‬מתיידדים‭ ‬איתו‭ ‬ועם‭ ‬בני‭ ‬משפחתו‭. ‬מאותו‭ ‬רגע‭ ‬שגרת‭ ‬חייה‭ ‬של‭ ‬אלינור‭ ‬הולכת‭ ‬ונסדקת‭, ‬והיא‭ ‬נקלעת‭ ‬לשלל‭ ‬מצבים‭ ‬שמעוררים‭ ‬בה‭ ‬אי‭ ‬נוחות‭; ‬ביקור‭ ‬בבית‭ ‬חולים‭, ‬מסיבת‭ ‬יום‭ ‬הולדת‭ ‬משפחתית‭, ‬ואפילו‭ ‬תור‭ ‬למספרה‭ ‬אופנתית‭. ‬קוד‭ ‬ההתנהגות‭ ‬במצבים‭ ‬האלה‭ ‬אולי‭ ‬נראה‭ ‬ברור‭ ‬לאנשים‭ ‬אחרים‭, ‬אך‭ ‬לא‭ ‬לאלינור‭. ‬

אלינור‭ ‬אוליפנט‭ ‬ממש‭ ‬בסדר‭ ‬הוא‭ ‬רומן‭ ‬יוצא‭ ‬דופן‭ ‬הכובש‭ ‬את‭ ‬הלב‭, ‬מצחיק‭, ‬מעציב‭ ‬ובעיקר‭ ‬אנושי‭. ‬באומץ‭ ‬ובכנות‭ ‬משרטטת‭ ‬גייל‭ ‬האנימן‭ ‬את‭ ‬קווי‭ ‬המִתאר‭ ‬של‭ ‬הבדידות‭, ‬אך‭ ‬גם‭ ‬שופכת‭ ‬אור‭ ‬על‭ ‬כוח‭ ‬הריפוי‭ ‬של‭ ‬קשר‭ ‬חברי‭. ‬
‭""‬סיפור‭ ‬מלא‭ ‬בחמימות‭ ‬שקטה‭ ‬ובעצבות‭ ‬בלתי–מדוברת‭... ‬נפלא‭.""  ‬הגרדיאן‭ ‬",,,,,,,,,he,Paperback,4.3,41,14,6078,20,1,1
1028272,תחינה למען קפטן ג'ון בראון,הנרי דיוויד ת'ורו,ראובן מירן,נהר ספרים,2026,107,עיון,פוליטיקה,https://cdn.simania.co.il/bookimages/covers102/1028272.jpg?v=1785775088459,https://simania.co.il/bookdetails.php?item_id=1028272,"באמצע המאה ה־19 פילגה את האומה האמריקנית הצעירה שאלת העבדות. מתנגדי העבדות שקראו לביטולה כונו אָבּוֹליציוניסטים. הם ראו בעבדות תופעה אנטי־מוסרית, עוול נורא על פי כל אמת מידה אנושית. אחד מהם, ג'ון בראון, גבר לבן כמו שאר האבוליציוניסטים, טען שלא די בהתנגדות רעיונית או הפגנתית, אלא יש לעבור לפסים של אלימות. העבדות היא אלימות נגד כבוד האדם וחירותו, הוא סבר, והמשמעות היא שרק באלימות היא תבוטל ותחוסל. ג'ון בראון, אדם דתי, פעל בלהט תנ""כי ממש כשפשט בראש קבוצת לוחמים מתנגדי העבדות, ובהם בניו, על בסיס צבאי שבו היו מרוכזים כלי נשק רבים. את כלי הנשק היה בכוונתו למסור לעבדים שחורים כדי שישמש אותם בהתקוממות נגד אדוניהם.

 

הפשיטה לא צלחה, ג'ון בראון נתפס, נשפט ונדון למוות בתלייה. 

 

ה""תחינה למען הקפטן ג'ון בראון"" מאת הנרי דייוויד ת'ורו איננה רק קריאת הגנה על אדם אחד, אלא קריאה נחרצת להציב את הצו המוסרי מעל חוק המדינה ולראות במעשהו של בראון ביטוי קיצוני של צדק טבעי.

 

לצידה של תחינתו של ת'ורו מופיע מכתבו של ויקטור הוגו אל ארצות הברית של אמריקה. במכתב הוא פונה אל מצפונה של האומה הצעירה שוחרת החירות הנערצה עליו, ומזהיר אותה מפני כתם העבדות שמזהם את חירותה המוצהרת. הוגו, מאירופה הרחוקה, מעניק למאבק האמריקני ממד אוניברסלי של זכויות אדם וכבוד אנושי.

 

את שני הקולות הללו משלים נאום הפרידה של ג'ון בראון מן הכלא, שנשא ב־2 בנובמבר 1859, ערב הוצאתו להורג. בנאום זה מתגלם המתח הטרגי שבין אמונה דתית עמוקה ובין פעולה פוליטית קיצונית; בין נאמנות לחוק ובין נאמנות למצפון.

 

שלושת הטקסטים יוצרים מרחב אחד של מחשבה מוסרית רדיקלית: לא עוד ויכוח פוליטי בלבד, אלא עימות בין חוקי האדם ובין מה שנתפס כחוקי הצדק עצמם.",,A Plea for Captain John Brown /Henry David Thoreau Followed by: Victor Hugo Lettre du 2 décembre 1859 aux États-Unis d’Amérique & John Brown's Last Speech,,,,,,,he,Paperback,3,2,1,70,1,0,1
206044,כתובתו של אלוהים,אברהם דרעין,,פראג,,,ספרות,ספרות מקורית,https://cdn.simania.co.il/bookimages/covers20/206044.jpg,https://simania.co.il/bookdetails.php?item_id=206044,"נחמיה, בעל משפחה ובעל עסק המתקרב לשנתו החמישים, חי למראית עין חיים בורגניים מסודרים, אך נפשו נותרת בלתי מסופקת. הוא נפרד ממשפחתו ומעסקיו ויוצא בגפו, ללא כסף ורכוש, לחפש תוכן חדש לחייו. בדרכו הוא פוגש בענת, מלצרית יפיפיה, צעירה ממנו ב-20 שנה, המעוררת את יצריו ואת סקרנותו. לאחר שנחמיה מבקר בביתה של ענת היא נעלמת, ונחמיה נעצר בחשד לחטיפתה ולרציחתה. נחמיה מתגלה כאדם בעל חשיבה מיוחדת ודרכי פעולה מפתיעות, ובעזרתן הוא מצליח להשתחרר מן המעצר ולצאת לחפש אחריה.",,,,,,415-92,,,he,Paperback,4,3,2,1003,15,1,1
993795,החדר של ג'ובאני,ג'יימס בולדווין,עדה פלדור,כתר,2019,272,ספרות,ספרות מתורגמת,https://cdn.simania.co.il/bookimages/covers99/993795.jpg,https://simania.co.il/bookdetails.php?item_id=993795,"בלילה שמוביל ליום הנורא בחייו, דיוויד, צעיר אמריקאי שמתגורר לפי שעה בצרפת, מגולל את השתלשלות האירועים שהובילו לכך שארוסתו עושה כעת את דרכה חזרה לאמריקה בגפה, וחברו ג'ובאני עומד לקפח את חייו. עד לפני כשנה עוד התגורר באמריקה, ארץ האפשרויות הבלתי מוגבלות לכאורה, עם אב שציפה שייהפך כבר ל""גבר"" אמיתי. בצרפת הוא מוצא עצמו מופשט מהמיתוסים האמריקאיים, מתייסר בשאלת זהותו המינית ומתקשה להתמודד עם רגשות האשמה, הבושה והפחד שמשתקים את יכולתו לאהוב.

החדר של ג'ובאני, הנחשב כיום לקלאסיקה מודרנית, הוא הרומן השני של ג'יימס בולדווין (1987-1924), סופר, משורר, מחזאי ומבקר חברתי חריף, שעסק בכתביו בנושאים מרכזיים ומושתקים הנוגעים לגזע, מיניות והבדלי מעמדות בחברה המערבית. רומן יפהפה זה מובא כאן לראשונה בתרגום מופתי לעברית.",,JAMES BALDWIN / GOVANNI'S ROOM,,,,,הסדרה הקטנה,,he,Paperback,3.9,24,6,3103,18,0,1
1028480,קוראים לי תה,תה / תומר נוימן,,תה ספרים,2026,568,ספרות,ספרות מקורית,https://cdn.simania.co.il/bookimages/covers102/1028480.jpg?v=1787345901046,https://simania.co.il/bookdetails.php?item_id=1028480,"זהו ספרו השמיני של הסופר תה, הסופר האנונימי המוכר ביותר בישראל. ספריו היו לרבי מכר שמכרו רבבות עותקים ברחבי הארץ וסחפו עשרות אלפי קוראים לאורך השנים.

 

קוראים לי תה הוא רומן אוטוביוגרפי של דמות בדיונית. בבסיסו נמצא סיפורו האמתי לחלוטין של סופר ישראלי שכתב במשך 15 שנה תחת שם עט. אך הוא מכיל מידה שווה של מציאות ובדיון, ובין שיחות עם סופרים מתים, עסקה כלכלית עם אישה שרוכשת את 'תה' למשך שנה שלמה ומחלת סרטן הלובשת צורה, הקורא יוכל רק לנחש אילו חלקים התרחשו באמת ואילו הם פרי הדמיון הצרוף.

 

היית פעם מאוהב במישהי שאתה לא יכול לגעת בה, תה? אפשר לחיות רק על זה, מבלי לרצות אף אחת אחרת, נכון? אהבה שנותרת תמיד על סף המימוש, אהבה של אולי, אהבה שבפנטזיה, היא הדבר העוצמתי ביותר שאני מכירה. אפלטון צדק, יש יותר כוח לרגש כשהוא לא מתממש, ככה אפשר לתעל אותו למשהו גדול יותר מהבשר. ליצירה גדולה, נניח.

שמו האמתי של 'תה' נמצא בין דפי ספר זה. אתם מוזמנים לקרוא בו.

 

על יצירתו כתבו המבקרים:

""הטקסטים כתובים בכישרון, בנימה של כנות — אמיתית או מבוימת, אבל כזאת שמייצרת אינטימיות מיידית — ומשייטים במרחב שבין הרוקי מורקמי לאתגר קרת.""

— שירי לב-ארי, 'כלכליסט' 05.2025",,,,,,,,,he,Paperback,5,1,1,127,0,0,1
991947,"אמי, שלא הכרנו",פיליפ לברו,משה מרון,ספרית פועלים,2018,122,ספרות,ספרות מתורגמת,https://cdn.simania.co.il/bookimages/covers99/991947.jpg,https://simania.co.il/bookdetails.php?item_id=991947,"נֶטְקָה. יש בו משהו סלאבי, בשם הצלול הזה, לא כן? חמישים אחוזי דם פולני זורמים בעורקיה. זמן רב יחלוף עד שבנה יחשוף בה את פולין, יעלה על עקבות האב המתנכר, יפתור משהו מרזי המסתורין של עברה ויפליג בדמיונו אל מחוזות הילדה הננטשת שוב ושוב, שתהיה... שהינה... שהייתה אמו.

	 

	פיליפ לַבְּרוֹ - דמות מרכזית בחיי התרבות של צרפת, סופר פורה ועטור פרסים, עיתונאי בעל שם, תסריטאי, במאי קולנוע ואיש רדיו בכיר - הינו בן להורים שזכו מ""יד ושם"" באות חסידי אומות העולם. בספרו ""הילד הקטן"", שראה אור בספרית פועלים, אף הוא בתרגומו של משה מרון, כבר עמד על גדולתו של אביו, שהציל, יחד עם אִמו, לא מעט יהודים בצרפת הכבושה של מלחמת העולם השנייה. הספר אמי, שלא הכרנו מוקדש לאֵם, ובין היתר, מובלט הפעם חלקה באותן נסיבות.

	 

	אַנְִריֶיט לברו, נֶטְקָה בפי בעלה וילדיה, הלכה לעולמה בגיל 99.

	ספריו הנוספים באתר : אנשים, החלילן הנעלם",,"Ma Mere, cette inconnue",,,,31-6538,,,he,Paperback,4.5,2,2,507,6,0,1
959886,אחות,רוזמנד לאפטון,מאנגלית: עידית שורר,ספרי פן ומשכל,2012,406,ספרות,מתח ריגול והרפתקאות,https://cdn.simania.co.il/bookimages/covers95/959886.jpg,https://simania.co.il/bookdetails.php?item_id=959886,"ביום ראשון, באמצע ארוחת צהריים, ביאטריס מקבלת שיחת טלפון מבוהלת שבה אמה מודיעה לה שאחותה הצעירה טס נעדרת. ביאטריס ממהרת לעלות על הטיסה הראשונה הביתה ללונדון, וכאשר היא מתוודעת לנסיבות היעלמותה של טס, היא נדהמת לגלות כי על אף הקרבה הגדולה ביניהן, ישנם דברים דרמטיים שהיא לא יודעת על חיי אחותה.

גם כאשר המשטרה, ארוסה של ביאטריס ואפילו אמה משלימים עם אובדנה של טס, ביאטריס עצמה מסרבת לוותר. היא יוצאת למסע מסוכן לגילוי האמת; מסע שמוביל אותה לגילוי אמיתות כואבות גם
על עצמה.",,Sister,,,978-965-545-3,362-4397,פרוזה,,he,Paperback,3.9,118,47,12722,200,3,1
